MSHX1
GROUPS 7
LABEL riser_block
MATERIAL 2
TEXTURE 1
GEOM 26 14
116.2234 4.9814 -101.1779 0 0 -1 0.22365 0.659146
116.2234 -0.0167999 -101.1779 0 0 -1 0.355689 0.659146
116.2234 2.9975 -95.3612 0 0 1 0.303002 0.659146
116.2234 4.9919 -96.9828 0 0.630863 0.775894 0.355689 0.659146
120.7234 4.9814 -101.1779 0 0 -1 0.22365 0.526828
120.7234 -0.0167999 -101.1779 0 0 -1 0.355689 0.526828
120.7234 2.9975 -95.3612 0 0 1 0.303002 0.526828
120.7234 4.9919 -96.9828 0 0.630863 0.775894 0.355689 0.526828
116.2234 4.9814 -101.1779 0 0.999997 -0.00250245 0.355689 0.659146
116.2234 4.9814 -101.1779 -1 0 0 0.355689 0.527107
116.2234 -0.0167999 -101.1779 -1 0 0 0.355689 0.659146
116.2234 -0.0167999 -95.3612 0 0 1 0.223371 0.659146
116.2234 -0.0167999 -95.3612 -1 0 0 0.223371 0.659146
116.2234 2.9975 -95.3612 0 0.630863 0.775894 0.303002 0.659146
116.2234 2.9975 -95.3612 -1 0 0 0.223371 0.579516
116.2234 4.9919 -96.9828 0 0.999997 -0.00250245 0.26026 0.659146
116.2234 4.9919 -96.9828 -1 0 0 0.26026 0.526828
120.7234 4.9814 -101.1779 0 0.999997 -0.00250245 0.355689 0.526828
120.7234 4.9814 -101.1779 1 0 0 0.223371 0.527107
120.7234 -0.0167999 -101.1779 1 0 0 0.223371 0.659146
120.7234 -0.0167999 -95.3612 0 0 1 0.223371 0.526828
120.7234 -0.0167999 -95.3612 1 0 0 0.355689 0.659146
120.7234 2.9975 -95.3612 0 0.630863 0.775894 0.303002 0.526828
120.7234 2.9975 -95.3612 1 0 0 0.355689 0.579516
120.7234 4.9919 -96.9828 0 0.999997 -0.00250245 0.26026 0.526828
120.7234 4.9919 -96.9828 1 0 0 0.318801 0.526828
0 5 1
0 4 5
11 6 2
11 20 6
13 7 3
13 22 7
15 17 8
15 24 17
10 12 14
9 10 14
16 9 14
19 23 21
18 23 19
25 23 18
LABEL tank
MATERIAL 2
TEXTURE 1
GEOM 608 1024
118.4739 90.16299 -100.3409 3.55209e-06 0.989016 -0.14781 0.555653 0.84106
118.8029 90.16299 -100.3085 0.028834 0.989015 -0.144973 0.548453 0.84106
119.1194 90.16299 -100.2125 0.0565672 0.989016 -0.136557 0.54153 0.84106
119.411 90.16299 -100.05659 0.0821265 0.989017 -0.122886 0.53515 0.84106
119.6666 90.16299 -99.8468 0.104523 0.989017 -0.104501 0.529557 0.84106
119.8763 90.16299 -99.5912 0.122898 0.989017 -0.0821123 0.524967 0.84106
120.0322 90.16299 -99.2996 0.136548 0.989017 -0.0565738 0.521557 0.84106
120.1282 90.16299 -98.9832 0.144961 0.989017 -0.0288388 0.519457 0.84106
120.1606 90.16299 -98.6541 0.147802 0.989017 1.80774e-06 0.518748 0.84106
120.1282 90.16299 -98.325 0.144962 0.989017 0.0288359 0.519457 0.84106
120.0322 90.16299 -98.0086 0.136546 0.989017 0.0565744 0.521557 0.84106
119.8763 90.16299 -97.717 0.122898 0.989016 0.0821134 0.524967 0.84106
119.6666 90.16299 -97.4614 0.104525 0.989017 0.104502 0.529557 0.84106
119.411 90.16299 -97.2516 0.0821256 0.989016 0.122895 0.53515 0.84106
119.1194 90.16299 -97.0957 0.0565551 0.989016 0.136558 0.54153 0.84106
118.8029 90.16299 -96.9998 0.0288104 0.989017 0.144965 0.548453 0.84106
118.4739 90.16299 -96.9674 9.61384e-07 0.989017 0.147801 0.555653 0.84106
118.1448 90.16299 -96.9998 -0.0288212 0.989016 0.144972 0.562853 0.84106
117.8284 90.16299 -97.0957 -0.0565515 0.989016 0.136562 0.569776 0.84106
117.5368 90.16299 -97.2516 -0.0821176 0.989016 0.122898 0.576156 0.84106
117.2811 90.16299 -97.4614 -0.104514 0.989016 0.104516 0.581749 0.84106
117.0714 90.16299 -97.717 -0.122899 0.989016 0.0821125 0.586339 0.84106
116.9155 90.16299 -98.0086 -0.136553 0.989016 0.05657 0.589749 0.84106
116.8195 90.16299 -98.325 -0.14497 0.989016 0.0288383 0.591849 0.84106
116.7871 90.16299 -98.6541 -0.14781 0.989016 -1.35856e-06 0.592558 0.84106
116.8195 90.16299 -98.9832 -0.144968 0.989016 -0.0288332 0.591849 0.84106
116.9155 90.16299 -99.2996 -0.136548 0.989017 -0.0565714 0.589749 0.84106
117.0714 90.16299 -99.5912 -0.1229 0.989016 -0.0821171 0.586339 0.84106
117.2811 90.16299 -99.8468 -0.104518 0.989016 -0.104512 0.581749 0.84106
117.5368 90.16299 -100.05659 -0.0821137 0.989016 -0.122901 0.576156 0.84106
117.8284 90.16299 -100.2125 -0.0565779 0.989015 -0.136556 0.569776 0.84106
118.1448 90.16299 -100.3085 -0.0288387 0.989016 -0.14497 0.562853 0.84106
118.4739 89.9206 -101.9628 -3.97288e-07 0.978813 -0.204755 0.555653 0.845527
119.1194 89.9206 -101.8992 0.0399553 0.978814 -0.200817 0.54153 0.845527
119.74 89.9206 -101.7109 0.0783508 0.978814 -0.18917 0.52795 0.845527
120.3121 89.9206 -101.4052 0.113749 0.978813 -0.170255 0.515434 0.845527
120.8135 89.9206 -100.9937 0.14479 0.978814 -0.144775 0.504464 0.845527
121.2249 89.9206 -100.49229 0.170245 0.978815 -0.113748 0.495461 0.845527
121.5307 89.9206 -99.9203 0.189167 0.978813 -0.0783662 0.488771 0.845527
121.719 89.9206 -99.2996 0.200824 0.978812 -0.0399513 0.484652 0.845527
121.7826 89.9206 -98.6541 0.204759 0.978812 -4.18089e-07 0.483261 0.845527
121.719 89.9206 -98.0086 0.200821 0.978813 0.0399496 0.484652 0.845527
121.5307 89.9206 -97.3879 0.189163 0.978814 0.0783635 0.488771 0.845527
121.2249 89.9206 -96.8159 0.170242 0.978814 0.113753 0.495461 0.845527
120.8135 89.9206 -96.3145 0.144795 0.978812 0.144778 0.504464 0.845527
120.3121 89.9206 -95.903 0.113751 0.978813 0.170255 0.515434 0.845527
119.74 89.9206 -95.59731 0.0783487 0.978814 0.189168 0.52795 0.845527
119.1194 89.9206 -95.409 0.0399549 0.978814 0.200817 0.54153 0.845527
118.4739 89.9206 -95.3454 6.08399e-07 0.978814 0.204751 0.555653 0.845527
117.8284 89.9206 -95.409 -0.0399521 0.978814 0.200815 0.569776 0.845527
117.2077 89.9206 -95.59731 -0.0783539 0.978813 0.18917 0.583356 0.845527
116.6357 89.9206 -95.903 -0.113751 0.978813 0.170253 0.595872 0.845527
116.1343 89.9206 -96.3145 -0.144781 0.978814 0.144781 0.606842 0.845527
115.7228 89.9206 -96.8159 -0.170241 0.978814 0.113759 0.615845 0.845527
115.417 89.9206 -97.3879 -0.18917 0.978813 0.0783545 0.622535 0.845527
115.2288 89.9206 -98.0086 -0.200819 0.978814 0.0399354 0.626654 0.845527
115.1652 89.9206 -98.6541 -0.204755 0.978813 7.2029e-07 0.628045 0.845527
115.2288 89.9206 -99.2996 -0.20082 0.978814 -0.0399376 0.626654 0.845527
115.417 89.9206 -99.9203 -0.189172 0.978813 -0.0783515 0.622535 0.845527
115.7228 89.9206 -100.49229 -0.170236 0.978815 -0.113761 0.615845 0.845527
116.1343 89.9206 -100.9937 -0.144782 0.978814 -0.14478 0.606842 0.845527
116.6357 89.9206 -101.4052 -0.113749 0.978814 -0.170248 0.595872 0.845527
117.2077 89.9206 -101.7109 -0.0783541 0.978813 -0.189169 0.583356 0.845527
117.8284 89.9206 -101.8992 -0.039951 0.978813 -0.20082 0.569776 0.845527
118.4739 89.5271 -103.4576 5.75753e-07 0.947793 -0.318886 0.555653 0.852781
119.411 89.5271 -103.3653 0.0622173 0.947793 -0.312758 0.53515 0.852781
120.3121 89.5271 -103.0919 0.122036 0.947794 -0.294609 0.515434 0.852781
121.1425 89.5271 -102.6481 0.177161 0.94779 -0.265157 0.497264 0.852781
121.8704 89.5271 -102.0507 0.225488 0.947792 -0.225489 0.481338 0.852781
122.4678 89.5271 -101.3228 0.265147 0.947793 -0.177162 0.468268 0.852781
122.9117 89.5271 -100.49229 0.294616 0.947792 -0.12203 0.458556 0.852781
123.185 89.5271 -99.5912 0.312757 0.947794 -0.0622026 0.452575 0.852781
123.2773 89.5271 -98.6541 0.318889 0.947792 -3.46202e-06 0.450556 0.852781
123.185 89.5271 -97.717 0.312759 0.947793 0.0622116 0.452575 0.852781
122.9117 89.5271 -96.8159 0.294625 0.94779 0.122025 0.458556 0.852781
122.4678 89.5271 -95.9854 0.265142 0.947793 0.177165 0.468268 0.852781
121.8704 89.5271 -95.2575 0.225478 0.947793 0.225495 0.481338 0.852781
121.1425 89.5271 -94.6602 0.177164 0.947792 0.265147 0.497264 0.852781
120.3121 89.5271 -94.2163 0.122041 0.947793 0.294608 0.515434 0.852781
119.411 89.5271 -93.9429 0.0622218 0.947793 0.312758 0.53515 0.852781
118.4739 89.5271 -93.8506 1.62675e-07 0.947793 0.318886 0.555653 0.852781
117.5368 89.5271 -93.9429 -0.0622181 0.947794 0.312756 0.576156 0.852781
116.6357 89.5271 -94.2163 -0.122038 0.947794 0.294606 0.595872 0.852781
115.8052 89.5271 -94.6602 -0.177159 0.947792 0.265152 0.614042 0.852781
115.0773 89.5271 -95.2575 -0.225481 0.947791 0.225502 0.629968 0.852781
114.4799 89.5271 -95.9854 -0.265143 0.947793 0.177164 0.643038 0.852781
114.036 89.5271 -96.8159 -0.29462 0.947791 0.12203 0.65275 0.852781
113.7627 89.5271 -97.717 -0.312761 0.947793 0.0622044 0.658731 0.852781
113.6704 89.5271 -98.6541 -0.318886 0.947793 -8.56128e-07 0.66075 0.852781
113.7627 89.5271 -99.5912 -0.312763 0.947792 -0.0622069 0.658731 0.852781
114.036 89.5271 -100.49229 -0.294623 0.947791 -0.122023 0.65275 0.852781
114.4799 89.5271 -101.3228 -0.265141 0.947793 -0.17717 0.643038 0.852781
115.0773 89.5271 -102.0507 -0.225492 0.947791 -0.225491 0.629968 0.852781
115.8052 89.5271 -102.6481 -0.17716 0.947791 -0.265153 0.614042 0.852781
116.6357 89.5271 -103.0919 -0.122021 0.947795 -0.294611 0.595872 0.852781
117.5368 89.5271 -103.3653 -0.0622184 0.947793 -0.312757 0.576156 0.852781
118.4739 88.9974 -104.7678 -5.95852e-07 0.893033 -0.449991 0.555653 0.862543
119.6666 88.9974 -104.6503 0.087793 0.893035 -0.441339 0.529557 0.862543
120.8135 88.9974 -104.3024 0.172208 0.893037 -0.415728 0.504464 0.862543
121.8704 88.9974 -103.7374 0.250001 0.893039 -0.374139 0.481338 0.862543
122.7969 88.9974 -102.9771 0.318184 0.893033 -0.318199 0.461068 0.862543
123.5572 88.9974 -102.0507 0.374154 0.893036 -0.249993 0.444433 0.862543
124.1221 88.9974 -100.9937 0.415736 0.893034 -0.172202 0.432072 0.862543
124.4701 88.9974 -99.8468 0.441344 0.893033 -0.0877964 0.42446 0.862543
124.5875 88.9974 -98.6541 0.449977 0.89304 6.40853e-06 0.42189 0.862543
124.4701 88.9974 -97.4614 0.441346 0.893033 0.087788 0.42446 0.862543
124.1221 88.9974 -96.3145 0.41573 0.893036 0.172207 0.432072 0.862543
123.5572 88.9974 -95.2575 0.374165 0.89303 0.249997 0.444433 0.862543
122.7969 88.9974 -94.3311 0.318182 0.893034 0.318198 0.461068 0.862543
121.8704 88.9974 -93.5708 0.25 0.893035 0.37415 0.481338 0.862543
120.8135 88.9974 -93.0058 0.172215 0.893035 0.41573 0.504464 0.862543
119.6666 88.9974 -92.6579 0.0877909 0.893035 0.44134 0.529557 0.862543
118.4739 88.9974 -92.54041 3.89957e-06 0.893033 0.449991 0.555653 0.862543
117.2811 88.9974 -92.6579 -0.0877947 0.893037 0.441336 0.581749 0.862543
116.1343 88.9974 -93.0058 -0.17221 0.893038 0.415725 0.606842 0.862543
115.0773 88.9974 -93.5708 -0.25 0.893037 0.374146 0.629968 0.862543
114.1509 88.9974 -94.3311 -0.31818 0.893036 0.318194 0.650238 0.862543
113.3905 88.9974 -95.2575 -0.374154 0.89303 0.250013 0.666873 0.862543
112.8256 88.9974 -96.3145 -0.415737 0.893036 0.172192 0.679234 0.862543
112.4777 88.9974 -97.4614 -0.441341 0.893035 0.0877867 0.686846 0.862543
112.3602 88.9974 -98.6541 -0.449992 0.893033 3.43393e-06 0.689416 0.862543
112.4777 88.9974 -99.8468 -0.441335 0.893037 -0.0877912 0.686846 0.862543
112.8256 88.9974 -100.9937 -0.41574 0.893034 -0.172191 0.679234 0.862543
113.3905 88.9974 -102.0507 -0.374149 0.893035 -0.250001 0.666873 0.862543
114.1509 88.9974 -102.9771 -0.318173 0.89304 -0.318192 0.650238 0.862543
115.0773 88.9974 -103.7374 -0.250001 0.893037 -0.374144 0.629968 0.862543
116.1343 88.9974 -104.3024 -0.172204 0.893037 -0.41573 0.606842 0.862543
117.2811 88.9974 -104.6503 -0.0877955 0.893035 -0.441338 0.581749 0.862543
118.4739 88.35201 -105.843 3.55126e-06 0.797477 -0.603349 0.555653 0.874438
119.8763 88.35201 -105.7049 0.117708 0.797472 -0.591763 0.524967 0.874438
121.2249 88.35201 -105.2958 0.230885 0.79747 -0.557435 0.495461 0.874438
122.4678 88.35201 -104.6315 0.335204 0.79748 -0.501661 0.468268 0.874438
123.5572 88.35201 -103.7374 0.426638 0.797475 -0.426631 0.444433 0.874438
124.4512 88.35201 -102.6481 0.501677 0.797465 -0.335216 0.424872 0.874438
125.1155 88.35201 -101.4052 0.557414 0.797484 -0.230885 0.410337 0.874438
125.5246 88.35201 -100.05659 0.591747 0.797483 -0.117712 0.401386 0.874438
125.6628 88.35201 -98.6541 0.603358 0.797471 -6.58758e-06 0.398364 0.874438
125.5246 88.35201 -97.2516 0.59174 0.797487 0.117719 0.401386 0.874438
125.1155 88.35201 -95.903 0.557417 0.797478 0.2309 0.410337 0.874438
124.4512 88.35201 -94.6602 0.50168 0.79747 0.335201 0.424872 0.874438
123.5572 88.35201 -93.5708 0.426638 0.797474 0.426632 0.444433 0.874438
122.4678 88.35201 -92.6768 0.335193 0.797486 0.501659 0.468268 0.874438
121.2249 88.35201 -92.01241 0.230907 0.797469 0.557427 0.495461 0.874438
119.8763 88.35201 -91.6033 0.117708 0.797475 0.591759 0.524967 0.874438
118.4739 88.35201 -91.46519 6.05995e-07 0.797478 0.603348 0.555653 0.874438
117.0714 88.35201 -91.6033 -0.117707 0.797472 0.591763 0.586339 0.874438
115.7228 88.35201 -92.01241 -0.230897 0.797476 0.557422 0.615845 0.874438
114.4799 88.35201 -92.6768 -0.335201 0.797489 0.501649 0.643038 0.874438
113.3905 88.35201 -93.5708 -0.426632 0.79748 0.426628 0.666873 0.874438
112.4965 88.35201 -94.6602 -0.501671 0.797473 0.335207 0.686434 0.874438
111.8322 88.35201 -95.903 -0.557421 0.797478 0.230891 0.700969 0.874438
111.4231 88.35201 -97.2516 -0.591756 0.797478 0.117703 0.70992 0.874438
111.285 88.35201 -98.6541 -0.603347 0.797478 -1.00372e-06 0.712942 0.874438
111.4231 88.35201 -100.05659 -0.591759 0.797476 -0.1177 0.70992 0.874438
111.8322 88.35201 -101.4052 -0.557418 0.797481 -0.23089 0.700969 0.874438
112.4965 88.35201 -102.6481 -0.501683 0.797466 -0.335206 0.686434 0.874438
113.3905 88.35201 -103.7374 -0.42663 0.79748 -0.426629 0.666873 0.874438
114.4799 88.35201 -104.6315 -0.335198 0.797483 -0.501661 0.643038 0.874438
115.7228 88.35201 -105.2958 -0.230888 0.797476 -0.557425 0.615845 0.874438
117.0714 88.35201 -105.7049 -0.117706 0.797476 -0.591758 0.586339 0.874438
118.4739 87.6156 -106.642 -3.72561e-07 0.631641 -0.775261 0.555653 0.888009
120.0322 87.6156 -106.48849 0.151255 0.631653 -0.760353 0.521557 0.888009
121.5307 87.6156 -106.03391 0.296679 0.631642 -0.716247 0.488771 0.888009
122.9117 87.6156 -105.2958 0.43071 0.63163 -0.644619 0.458556 0.888009
124.1221 87.6156 -104.3024 0.548195 0.631656 -0.548173 0.432072 0.888009
125.1155 87.6156 -103.0919 0.644605 0.631637 -0.430719 0.410337 0.888009
125.8537 87.6156 -101.7109 0.716237 0.631651 -0.296685 0.394187 0.888009
126.3083 87.6156 -100.2125 0.760363 0.631642 -0.151249 0.384241 0.888009
126.4617 87.6156 -98.6541 0.775251 0.631653 5.7501e-06 0.380883 0.888009
126.3083 87.6156 -97.0957 0.760375 0.63163 0.151241 0.384241 0.888009
125.8537 87.6156 -95.59731 0.716224 0.631662 0.296693 0.394186 0.888009
125.1155 87.6156 -94.2163 0.644602 0.63165 0.430704 0.410337 0.888009
124.1221 87.6156 -93.0058 0.548187 0.631655 0.548182 0.432072 0.888009
122.9117 87.6156 -92.01241 0.430708 0.631646 0.644603 0.458556 0.888009
121.5307 87.6156 -91.2743 0.296672 0.631646 0.716246 0.488771 0.888009
120.0322 87.6156 -90.8197 0.151265 0.631616 0.760382 0.521557 0.888009
118.4739 87.6156 -90.6662 -3.94663e-06 0.631633 0.775268 0.555653 0.888009
116.9155 87.6156 -90.8197 -0.151249 0.631621 0.760381 0.589749 0.888009
115.417 87.6156 -91.2743 -0.296679 0.631645 0.716244 0.622535 0.888009
114.036 87.6156 -92.01241 -0.430712 0.631644 0.644603 0.65275 0.888009
112.8256 87.6156 -93.0058 -0.548196 0.63164 0.54819 0.679234 0.888009
111.8322 87.6156 -94.2163 -0.644607 0.631645 0.430704 0.700969 0.888009
111.094 87.6156 -95.59731 -0.716256 0.631629 0.296686 0.717119 0.888009
110.6395 87.6156 -97.0957 -0.760365 0.631641 0.151242 0.727065 0.888009
110.486 87.6156 -98.6541 -0.775262 0.63164 2.45244e-06 0.730423 0.888009
110.6395 87.6156 -100.2125 -0.76036 0.631647 -0.151246 0.727065 0.888009
111.094 87.6156 -101.7109 -0.71626 0.631628 -0.296678 0.71712 0.888009
111.8322 87.6156 -103.0919 -0.644609 0.631636 -0.430714 0.700969 0.888009
112.8256 87.6156 -104.3024 -0.548205 0.63163 -0.548193 0.679234 0.888009
114.036 87.6156 -105.2958 -0.430719 0.631627 -0.644615 0.65275 0.888009
115.417 87.6156 -106.03391 -0.296684 0.631634 -0.716253 0.622535 0.888009
116.9155 87.6156 -106.48849 -0.151249 0.631647 -0.760359 0.589749 0.888009
118.4739 86.8166 -107.134 -2.02748e-06 0.362224 -0.932091 0.555653 0.902734
120.1282 86.8166 -106.9711 0.181841 0.362244 -0.914173 0.519457 0.902734
121.719 86.8166 -106.48849 0.356705 0.36227 -0.861117 0.484652 0.902734
123.185 86.8166 -105.7049 0.517828 0.362227 -0.775013 0.452575 0.902734
124.4701 86.8166 -104.6503 0.659084 0.362254 -0.659076 0.42446 0.902734
125.5246 86.8166 -103.3653 0.774993 0.362279 -0.517822 0.401386 0.902734
126.3083 86.8166 -101.8992 0.861131 0.362232 -0.356709 0.384241 0.902734
126.7908 86.8166 -100.3085 0.91417 0.362251 -0.181846 0.373683 0.902734
126.9538 86.8166 -98.6541 0.932077 0.362261 6.10779e-06 0.370118 0.902734
126.7908 86.8166 -96.9998 0.914174 0.362243 0.18184 0.373683 0.902734
126.3083 86.8166 -95.409 0.861142 0.362225 0.356689 0.384241 0.902734
125.5246 86.8166 -93.9429 0.774981 0.362283 0.517837 0.401386 0.902734
124.4701 86.8166 -92.6579 0.659086 0.362248 0.659076 0.42446 0.902734
123.185 86.8166 -91.6033 0.517839 0.362236 0.775002 0.452575 0.902734
121.719 86.8166 -90.8197 0.356673 0.362273 0.861129 0.484652 0.902734
120.1282 86.8166 -90.3372 0.18184 0.362254 0.91417 0.519457 0.902734
118.4739 86.8166 -90.1742 9.4254e-06 0.362224 0.932091 0.555653 0.902734
116.8195 86.8166 -90.3372 -0.181843 0.362252 0.91417 0.591849 0.902734
115.2287 86.8166 -90.8197 -0.356687 0.362246 0.861134 0.626654 0.902734
113.7627 86.8166 -91.6033 -0.517844 0.362226 0.775003 0.658731 0.902734
112.4777 86.8166 -92.6579 -0.659087 0.362223 0.659089 0.686846 0.902734
111.4231 86.8166 -93.9429 -0.775001 0.362242 0.517836 0.70992 0.902734
110.6395 86.8166 -95.409 -0.861136 0.362238 0.356691 0.727065 0.902734
110.1569 86.8166 -96.9998 -0.914177 0.362233 0.181844 0.737623 0.902734
109.994 86.8166 -98.6541 -0.932073 0.36227 -5.62208e-06 0.741188 0.902734
110.1569 86.8166 -100.3085 -0.914176 0.362236 -0.181842 0.737623 0.902734
110.6395 86.8166 -101.8992 -0.861132 0.362239 -0.356699 0.727065 0.902734
111.4231 86.8166 -103.3653 -0.775004 0.36224 -0.517833 0.70992 0.902734
112.4777 86.8166 -104.6503 -0.659075 0.362261 -0.65908 0.686846 0.902734
113.7627 86.8166 -105.7049 -0.517842 0.362226 -0.775005 0.658731 0.902734
115.2288 86.8166 -106.48849 -0.356688 0.362252 -0.861131 0.626654 0.902734
116.8195 86.8166 -106.9711 -0.181845 0.362239 -0.914175 0.591849 0.902734
118.4739 85.9857 -107.30009 6.42464e-06 0.0983601 -0.995151 0.555653 0.918048
120.1606 85.9857 -107.134 0.194128 0.0983481 -0.976034 0.518748 0.918048
121.7826 85.9857 -106.642 0.380841 0.0983801 -0.919392 0.483261 0.918048
123.2773 85.9857 -105.843 0.552878 0.0983672 -0.827436 0.450556 0.918048
124.5875 85.9857 -104.7678 0.703661 0.098356 -0.703695 0.42189 0.918048
125.6628 85.9857 -103.4576 0.827446 0.0983962 -0.552858 0.398364 0.918048
126.4617 85.9857 -101.9628 0.919393 0.0983457 -0.380847 0.380883 0.918048
126.9538 85.9857 -100.3409 0.976026 0.0983863 -0.194147 0.370118 0.918048
127.1199 85.9857 -98.6541 0.995151 0.0983564 -7.22301e-06 0.366483 0.918048
126.9538 85.9857 -96.9674 0.976022 0.0983975 0.194162 0.370118 0.918048
126.4617 85.9857 -95.3454 0.919406 0.0983447 0.380817 0.380883 0.918048
125.6628 85.9857 -93.8506 0.827436 0.0983924 0.552873 0.398364 0.918048
124.5875 85.9857 -92.54041 0.703669 0.0983631 0.703686 0.42189 0.918048
123.2773 85.9857 -91.46519 0.552877 0.098364 0.827437 0.450556 0.918048
121.7826 85.9857 -90.6662 0.380832 0.098378 0.919396 0.483261 0.918048
120.1606 85.9857 -90.1742 0.194126 0.098405 0.976028 0.518748 0.918048
118.4739 85.9857 -90.0081 9.02721e-06 0.0983729 0.99515 0.555653 0.918048
116.7871 85.9857 -90.1742 -0.194141 0.0983989 0.976026 0.592558 0.918048
115.1652 85.9857 -90.6662 -0.380821 0.0983734 0.919401 0.628045 0.918048
113.6704 85.9857 -91.46519 -0.552885 0.0983652 0.827431 0.66075 0.918048
112.3602 85.9857 -92.5405 -0.703684 0.0983666 0.703671 0.689416 0.918048
111.285 85.9857 -93.8506 -0.827433 0.098362 0.552883 0.712942 0.918048
110.486 85.9857 -95.3454 -0.919402 0.09838 0.380818 0.730423 0.918048
109.994 85.9857 -96.9674 -0.976027 0.0983513 0.194162 0.741188 0.918048
109.8278 85.9857 -98.6541 -0.995147 0.0983956 -5.74862e-06 0.744823 0.918048
109.994 85.9857 -100.3409 -0.976029 0.0983554 -0.194149 0.741188 0.918048
110.486 85.9857 -101.9628 -0.919394 0.0983825 -0.380834 0.730423 0.918048
111.285 85.9857 -103.4576 -0.827442 0.0983698 -0.552867 0.712942 0.918048
112.3602 85.9857 -104.7678 -0.703673 0.0983904 -0.703678 0.689416 0.918048
113.6704 85.9857 -105.843 -0.552873 0.0983704 -0.827439 0.66075 0.918048
115.1652 85.9857 -106.642 -0.380825 0.0983851 -0.919398 0.628045 0.918048
116.7871 85.9857 -107.134 -0.194143 0.0983573 -0.97603 0.592558 0.918048
118.4739 81.347 -107.3044 -6.04015e-06 -0.267695 -0.963504 0.555807 0.909238
120.1615 81.347 -107.1382 0.187966 -0.267685 -0.944994 0.521047 0.909238
121.7842 81.347 -106.646 0.368713 -0.267692 -0.890164 0.487623 0.909238
123.2797 81.347 -105.8466 0.535299 -0.267682 -0.801125 0.456819 0.909238
124.5906 81.347 -104.7708 0.681294 -0.267698 -0.681305 0.429819 0.909238
125.6664 81.347 -103.46 0.801117 -0.267724 -0.53529 0.40766 0.909238
126.4657 81.347 -101.9645 0.890163 -0.267697 -0.36871 0.391195 0.909238
126.958 81.347 -100.34171 0.944985 -0.267708 -0.187978 0.381056 0.909238
127.1242 81.347 -98.6541 0.963505 -0.267691 7.12444e-06 0.377632 0.909238
126.958 81.347 -96.9665 0.944987 -0.267702 0.187975 0.381056 0.909238
126.4657 81.347 -95.3438 0.890162 -0.267697 0.368714 0.391195 0.909238
125.6664 81.347 -93.84821 0.801129 -0.267723 0.535272 0.40766 0.909238
124.5906 81.347 -92.5374 0.681294 -0.267689 0.681309 0.429819 0.909238
123.2797 81.347 -91.4616 0.535296 -0.267682 0.801127 0.456819 0.909238
121.7842 81.347 -90.6622 0.368718 -0.267693 0.890161 0.487623 0.909238
120.1615 81.347 -90.17 0.187957 -0.26768 0.944997 0.521047 0.909238
118.4739 81.347 -90.0038 8.08717e-06 -0.267696 0.963503 0.555807 0.909238
116.7863 81.347 -90.17 -0.187956 -0.267683 0.944996 0.590567 0.909238
115.1635 81.347 -90.6622 -0.368709 -0.267692 0.890166 0.623992 0.909238
113.668 81.347 -91.4616 -0.535311 -0.267675 0.801119 0.654796 0.909238
112.3572 81.347 -92.5374 -0.681305 -0.267681 0.6813 0.681796 0.909238
111.2814 81.347 -93.84821 -0.801115 -0.267704 0.535303 0.703954 0.909238
110.482 81.347 -95.3438 -0.890161 -0.26769 0.368723 0.720419 0.909238
109.9897 81.347 -96.9665 -0.944989 -0.267693 0.187979 0.730559 0.909238
109.8235 81.347 -98.6541 -0.963506 -0.267687 -9.82781e-07 0.733982 0.909238
109.9897 81.347 -100.34171 -0.944989 -0.267695 -0.187974 0.730559 0.909238
110.482 81.347 -101.9645 -0.890156 -0.267691 -0.368732 0.720419 0.909238
111.2814 81.347 -103.46 -0.801118 -0.267694 -0.535303 0.703954 0.909238
112.3572 81.347 -104.7708 -0.681303 -0.267677 -0.681305 0.681796 0.909238
113.668 81.347 -105.8466 -0.535306 -0.267686 -0.801119 0.654796 0.909238
115.1635 81.347 -106.646 -0.368713 -0.267691 -0.890164 0.623992 0.909238
116.7863 81.347 -107.1382 -0.187947 -0.267675 -0.945 0.590567 0.909238
118.4739 80.532 -106.80251 4.70759e-07 -0.631642 -0.77526 0.555807 0.893209
120.0635 80.532 -106.646 0.151234 -0.631644 -0.760365 0.523064 0.893209
121.5921 80.532 -106.1823 0.296667 -0.631657 -0.716239 0.491579 0.893209
123.0009 80.532 -105.4293 0.430713 -0.631645 -0.644602 0.462562 0.893209
124.2357 80.532 -104.4159 0.548201 -0.631642 -0.548182 0.437129 0.893209
125.249 80.532 -103.1811 0.644587 -0.631671 -0.430697 0.416256 0.893209
126.002 80.532 -101.7724 0.716232 -0.631659 -0.296678 0.400746 0.893209
126.4657 80.532 -100.2438 0.760355 -0.631651 -0.151253 0.391195 0.893209
126.6223 80.532 -98.6541 0.775258 -0.631644 2.13553e-06 0.38797 0.893209
126.4657 80.532 -97.0644 0.760354 -0.631652 0.151253 0.391195 0.893209
126.002 80.532 -95.5358 0.716241 -0.631644 0.296689 0.400746 0.893209
125.249 80.532 -94.12711 0.644597 -0.631667 0.430687 0.416256 0.893209
124.2357 80.532 -92.8923 0.548191 -0.631654 0.548179 0.437128 0.893209
123.0009 80.532 -91.8789 0.430709 -0.631643 0.644606 0.462562 0.893209
121.5921 80.532 -91.1259 0.296674 -0.631657 0.716236 0.491579 0.893209
120.0635 80.532 -90.6622 0.151229 -0.631643 0.760366 0.523064 0.893209
118.4739 80.532 -90.5057 3.72535e-06 -0.631645 0.775257 0.555807 0.893209
116.8842 80.532 -90.6622 -0.151234 -0.631639 0.760369 0.588551 0.893209
115.3556 80.532 -91.1259 -0.296666 -0.631655 0.716242 0.620036 0.893209
113.9468 80.532 -91.8789 -0.430717 -0.631645 0.644599 0.649052 0.893209
112.712 80.532 -92.8923 -0.548211 -0.631637 0.548178 0.674486 0.893209
111.6987 80.532 -94.12711 -0.644595 -0.631656 0.430706 0.695359 0.893209
110.9457 80.532 -95.5358 -0.71624 -0.631648 0.296682 0.710868 0.893209
110.482 80.532 -97.0644 -0.760338 -0.631671 0.151252 0.720419 0.893209
110.3254 80.532 -98.6541 -0.77524 -0.631667 -1.77189e-06 0.723644 0.893209
110.482 80.532 -100.2438 -0.760342 -0.631669 -0.151245 0.720419 0.893209
110.9457 80.532 -101.7724 -0.716229 -0.63166 -0.296683 0.710868 0.893209
111.6987 80.532 -103.1811 -0.644594 -0.631665 -0.430695 0.695359 0.893209
112.712 80.532 -104.4159 -0.548202 -0.631641 -0.548182 0.674486 0.893209
113.9468 80.532 -105.4293 -0.430715 -0.63164 -0.644604 0.649052 0.893209
115.3556 80.532 -106.1823 -0.296674 -0.631656 -0.716237 0.620036 0.893209
116.8842 80.532 -106.646 -0.151229 -0.631637 -0.760372 0.588551 0.893209
118.4739 79.7808 -105.9875 8.96628e-06 -0.797464 -0.603366 0.555807 0.878437
119.9045 79.7808 -105.8466 0.117702 -0.797476 -0.591759 0.526339 0.878437
121.2802 79.7808 -105.4293 0.230889 -0.797475 -0.557425 0.498003 0.878437
122.5481 79.7808 -104.7516 0.335199 -0.797476 -0.501671 0.471889 0.878437
123.6594 79.7808 -103.8396 0.42664 -0.797469 -0.42664 0.448999 0.878437
124.5714 79.7808 -102.7283 0.501701 -0.797456 -0.335203 0.430214 0.878437
125.249 79.7808 -101.46049 0.557427 -0.797469 -0.230906 0.416256 0.878437
125.6664 79.7808 -100.0848 0.591772 -0.797464 -0.117718 0.40766 0.878437
125.8073 79.7808 -98.6541 0.60336 -0.797469 -3.83865e-06 0.404758 0.878437
125.6664 79.7808 -97.2234 0.591775 -0.79746 0.117726 0.40766 0.878437
125.249 79.7808 -95.8477 0.557432 -0.797468 0.230899 0.416256 0.878437
124.5714 79.7808 -94.5799 0.501687 -0.797462 0.335207 0.430214 0.878437
123.6594 79.7808 -93.4686 0.426644 -0.797467 0.42664 0.448999 0.878437
122.5481 79.7808 -92.55659 0.335203 -0.797475 0.50167 0.471889 0.878437
121.2802 79.7808 -91.8789 0.230888 -0.797475 0.557427 0.498003 0.878437
119.9045 79.7808 -91.4616 0.117703 -0.797478 0.591756 0.526339 0.878437
118.4739 79.7808 -91.3207 -8.48899e-07 -0.797473 0.603355 0.555807 0.878437
117.0432 79.7808 -91.4616 -0.117698 -0.797478 0.591757 0.585275 0.878437
115.6675 79.7808 -91.8789 -0.230888 -0.797476 0.557425 0.613611 0.878437
114.3996 79.7808 -92.55659 -0.335212 -0.797475 0.501664 0.639726 0.878437
113.2884 79.7808 -93.4686 -0.426636 -0.797481 0.426621 0.662615 0.878437
112.3764 79.7808 -94.5799 -0.501664 -0.797477 0.335207 0.6814 0.878437
111.6987 79.7808 -95.8477 -0.557429 -0.797471 0.230897 0.695359 0.878437
111.2814 79.7808 -97.2234 -0.591756 -0.797477 0.117707 0.703954 0.878437
111.1405 79.7808 -98.6541 -0.603345 -0.79748 5.04734e-08 0.706857 0.878437
111.2814 79.7808 -100.0848 -0.591754 -0.797479 -0.117702 0.703954 0.878437
111.6987 79.7808 -101.46049 -0.557429 -0.797469 -0.230903 0.695359 0.878437
112.3764 79.7808 -102.7283 -0.501669 -0.797472 -0.335212 0.6814 0.878437
113.2884 79.7808 -103.8396 -0.426639 -0.797482 -0.426617 0.662615 0.878437
114.3996 79.7808 -104.7516 -0.335209 -0.797477 -0.501663 0.639726 0.878437
115.6675 79.7808 -105.4293 -0.230888 -0.797476 -0.557426 0.613611 0.878437
117.0432 79.7808 -105.8466 -0.117708 -0.797476 -0.591757 0.585275 0.878437
118.4739 79.1224 -104.8907 1.97353e-06 -0.893035 -0.449987 0.555807 0.865489
119.6906 79.1224 -104.7708 0.0878012 -0.893035 -0.441338 0.530747 0.865489
120.8605 79.1224 -104.4159 0.1722 -0.893039 -0.415728 0.506649 0.865489
121.9387 79.1224 -103.8396 0.249992 -0.893037 -0.37415 0.48444 0.865489
122.8838 79.1224 -103.064 0.318178 -0.893038 -0.318192 0.464974 0.865489
123.6594 79.1224 -102.119 0.374153 -0.893035 -0.249997 0.448999 0.865489
124.2357 79.1224 -101.0407 0.415741 -0.893033 -0.172195 0.437129 0.865489
124.5906 79.1224 -99.8708 0.441334 -0.893038 -0.0877889 0.429819 0.865489
124.7104 79.1224 -98.6541 0.449976 -0.89304 1.20422e-06 0.42735 0.865489
124.5906 79.1224 -97.4374 0.441328 -0.893042 0.0877823 0.429819 0.865489
124.2357 79.1224 -96.2675 0.415732 -0.893036 0.172205 0.437128 0.865489
123.6594 79.1224 -95.1893 0.374149 -0.893038 0.249991 0.448999 0.865489
122.8838 79.1224 -94.2442 0.318184 -0.893039 0.318182 0.464974 0.865489
121.9387 79.1224 -93.4686 0.24999 -0.893038 0.374149 0.48444 0.865489
120.8605 79.1224 -92.8923 0.172203 -0.893039 0.415724 0.506649 0.865489
119.6906 79.1224 -92.5374 0.0877831 -0.893036 0.44134 0.530747 0.865489
118.4739 79.1224 -92.4176 3.2107e-06 -0.893039 0.449979 0.555807 0.865489
117.2572 79.1224 -92.5374 -0.0877817 -0.893038 0.441336 0.580868 0.865489
116.0872 79.1224 -92.8923 -0.172195 -0.893041 0.415725 0.604966 0.865489
115.009 79.1224 -93.4686 -0.249998 -0.89304 0.374141 0.627174 0.865489
114.064 79.1224 -94.2442 -0.318195 -0.893036 0.318181 0.64664 0.865489
113.2884 79.1224 -95.1893 -0.374146 -0.893035 0.250006 0.662615 0.865489
112.712 79.1224 -96.2675 -0.415738 -0.893034 0.1722 0.674486 0.865489
112.3572 79.1224 -97.4374 -0.441338 -0.893036 0.0877885 0.681796 0.865489
112.2373 79.1224 -98.6541 -0.449996 -0.893031 -4.32374e-06 0.684264 0.865489
112.3572 79.1224 -99.8708 -0.441341 -0.893036 -0.0877801 0.681796 0.865489
112.712 79.1224 -101.0407 -0.41574 -0.893033 -0.172197 0.674486 0.865489
113.2884 79.1224 -102.119 -0.374152 -0.893029 -0.250018 0.662615 0.865489
114.064 79.1224 -103.064 -0.31819 -0.893034 -0.318191 0.64664 0.865489
115.009 79.1224 -103.8396 -0.25 -0.89304 -0.374138 0.627174 0.865489
116.0872 79.1224 -104.4159 -0.172199 -0.893038 -0.415728 0.604966 0.865489
117.2572 79.1224 -104.7708 -0.0877927 -0.893039 -0.441332 0.580868 0.865489
118.4739 78.5821 -103.5541 -4.38599e-06 -0.947791 -0.318891 0.555807 0.854863
119.4298 78.5821 -103.46 0.0622209 -0.947788 -0.312771 0.536117 0.854863
120.349 78.5821 -103.1811 0.122038 -0.94779 -0.294621 0.517184 0.854863
121.1962 78.5821 -102.7283 0.177159 -0.947791 -0.265156 0.499735 0.854863
121.9387 78.5821 -102.119 0.225492 -0.94779 -0.225495 0.48444 0.854863
122.5481 78.5821 -101.3764 0.265146 -0.947792 -0.177164 0.471889 0.854863
123.0009 78.5821 -100.5293 0.29462 -0.947791 -0.122031 0.462562 0.854863
123.2797 78.5821 -99.6101 0.312764 -0.947791 -0.0622172 0.456819 0.854863
123.3739 78.5821 -98.6541 0.318899 -0.947789 5.09113e-06 0.454879 0.854863
123.2797 78.5821 -97.6982 0.312763 -0.947792 0.0622126 0.456819 0.854863
123.0009 78.5821 -96.779 0.294617 -0.947793 0.122026 0.462562 0.854863
122.5481 78.5821 -95.9318 0.265149 -0.947791 0.177168 0.471889 0.854863
121.9387 78.5821 -95.1893 0.225492 -0.947791 0.225488 0.48444 0.854863
121.1962 78.5821 -94.5799 0.177168 -0.947789 0.265154 0.499735 0.854863
120.349 78.5821 -94.12711 0.122037 -0.947791 0.294618 0.517184 0.854863
119.4298 78.5821 -93.84821 0.0622148 -0.94779 0.312769 0.536117 0.854863
118.4739 78.5821 -93.7541 9.08005e-07 -0.947789 0.318898 0.555807 0.854863
117.5179 78.5821 -93.84821 -0.0622147 -0.947788 0.312773 0.575497 0.854863
116.5987 78.5821 -94.12711 -0.122045 -0.947789 0.294621 0.594431 0.854863
115.7516 78.5821 -94.5799 -0.177164 -0.947791 0.265151 0.61188 0.854863
115.009 78.5821 -95.1893 -0.225488 -0.94779 0.225496 0.627174 0.854863
114.3996 78.5821 -95.9318 -0.265158 -0.947788 0.177171 0.639726 0.854863
113.9468 78.5821 -96.779 -0.294624 -0.94779 0.122031 0.649052 0.854863
113.668 78.5821 -97.6982 -0.31277 -0.947789 0.0622125 0.654796 0.854863
113.5738 78.5821 -98.6541 -0.318898 -0.947789 3.32997e-06 0.656735 0.854863
113.668 78.5821 -99.6101 -0.312772 -0.947788 -0.062218 0.654796 0.854863
113.9468 78.5821 -100.5293 -0.294624 -0.94779 -0.122031 0.649052 0.854863
114.3996 78.5821 -101.3764 -0.265154 -0.94779 -0.177167 0.639726 0.854863
115.009 78.5821 -102.119 -0.225489 -0.947786 -0.225511 0.627174 0.854863
115.7516 78.5821 -102.7283 -0.177163 -0.947789 -0.265159 0.61188 0.854863
116.5987 78.5821 -103.1811 -0.122046 -0.94779 -0.294616 0.594431 0.854863
117.5179 78.5821 -103.46 -0.0622119 -0.947788 -0.312775 0.575497 0.854863
118.4739 78.1806 -102.0293 1.52914e-06 -0.978811 -0.204766 0.555807 0.846967
119.1323 78.1806 -101.9645 0.0399436 -0.978811 -0.200834 0.542244 0.846967
119.7655 78.1806 -101.7724 0.0783682 -0.97881 -0.18918 0.529203 0.846967
120.349 78.1806 -101.46049 0.113766 -0.97881 -0.170258 0.517184 0.846967
120.8605 78.1806 -101.0407 0.144791 -0.978811 -0.144789 0.506649 0.846967
121.2802 78.1806 -100.5293 0.170258 -0.978811 -0.113757 0.498003 0.846967
121.5921 78.1806 -99.9457 0.189173 -0.978812 -0.0783633 0.491579 0.846967
121.7842 78.1806 -99.3126 0.200829 -0.978811 -0.0399576 0.487623 0.846967
121.8491 78.1806 -98.6541 0.204768 -0.97881 -4.26296e-07 0.486287 0.846967
121.7842 78.1806 -97.99561 0.200833 -0.97881 0.0399633 0.487623 0.846967
121.5921 78.1806 -97.3625 0.189176 -0.978811 0.0783672 0.491579 0.846967
121.2802 78.1806 -96.779 0.170258 -0.978812 0.113751 0.498003 0.846967
120.8605 78.1806 -96.2675 0.144798 -0.978811 0.144786 0.506649 0.846967
120.349 78.1806 -95.8477 0.113766 -0.978811 0.170254 0.517184 0.846967
119.7655 78.1806 -95.5358 0.0783529 -0.97881 0.189188 0.529203 0.846967
119.1323 78.1806 -95.3438 0.0399466 -0.978812 0.200828 0.542244 0.846967
118.4739 78.1806 -95.2789 -6.10948e-07 -0.978811 0.204766 0.555807 0.846967
117.8154 78.1806 -95.3438 -0.0399387 -0.978812 0.200829 0.56937 0.846967
117.1822 78.1806 -95.5358 -0.0783573 -0.97881 0.189183 0.582412 0.846967
116.5987 78.1806 -95.8477 -0.113769 -0.97881 0.170258 0.594431 0.846967
116.0872 78.1806 -96.2675 -0.144801 -0.97881 0.144787 0.604966 0.846967
115.6675 78.1806 -96.779 -0.170256 -0.978812 0.113757 0.613611 0.846967
115.3556 78.1806 -97.3625 -0.189172 -0.978812 0.0783652 0.620036 0.846967
115.1635 78.1806 -97.99561 -0.200834 -0.978811 0.039945 0.623992 0.846967
115.0987 78.1806 -98.6541 -0.204761 -0.978812 3.09334e-06 0.625328 0.846967
115.1635 78.1806 -99.3126 -0.200831 -0.978811 -0.0399488 0.623992 0.846967
115.3556 78.1806 -99.9457 -0.189176 -0.978812 -0.0783578 0.620036 0.846967
115.6675 78.1806 -100.5293 -0.170255 -0.978812 -0.113759 0.613611 0.846967
116.0872 78.1806 -101.0407 -0.14479 -0.978812 -0.144786 0.604966 0.846967
116.5987 78.1806 -101.46049 -0.113764 -0.978811 -0.170257 0.594431 0.846967
117.1822 78.1806 -101.7724 -0.0783668 -0.97881 -0.18918 0.582412 0.846967
117.8154 78.1806 -101.9645 -0.0399439 -0.97881 -0.200836 0.56937 0.846967
118.4739 77.9334 -100.3748 5.93445e-06 -0.989022 -0.147771 0.555807 0.842105
118.8095 77.9334 -100.34171 0.0288303 -0.989022 -0.144932 0.548893 0.842105
119.1323 77.9334 -100.2438 0.0565432 -0.989022 -0.136522 0.542244 0.842105
119.4298 77.9334 -100.0848 0.0820912 -0.989022 -0.122871 0.536117 0.842105
119.6906 77.9334 -99.8708 0.104496 -0.989021 -0.104488 0.530747 0.842105
119.9045 77.9334 -99.6101 0.122876 -0.989021 -0.0820907 0.526339 0.842105
120.0635 77.9334 -99.3126 0.136518 -0.989021 -0.0565642 0.523064 0.842105
120.1615 77.9334 -98.9898 0.144932 -0.989022 -0.0288297 0.521047 0.842105
120.1945 77.9334 -98.6541 0.147772 -0.989021 -4.37247e-06 0.520366 0.842105
120.1615 77.9334 -98.31841 0.144929 -0.989022 0.0288369 0.521047 0.842105
120.0635 77.9334 -97.99561 0.136519 -0.989021 0.0565724 0.523064 0.842105
119.9045 77.9334 -97.6982 0.122879 -0.989021 0.0820839 0.526339 0.842105
119.6906 77.9334 -97.4374 0.1045 -0.989022 0.10448 0.530747 0.842105
119.4298 77.9334 -97.2234 0.0820934 -0.989021 0.122873 0.536117 0.842105
119.1323 77.9334 -97.0644 0.0565438 -0.989022 0.136525 0.542244 0.842105
118.8095 77.9334 -96.9665 0.0288107 -0.989021 0.144938 0.548893 0.842105
118.4739 77.9334 -96.9335 6.98132e-06 -0.989022 0.147771 0.555807 0.842105
118.1382 77.9334 -96.9665 -0.0288136 -0.989022 0.144933 0.562721 0.842105
117.8154 77.9334 -97.0644 -0.0565417 -0.989022 0.136526 0.56937 0.842105
117.5179 77.9334 -97.2234 -0.0821031 -0.989022 0.122863 0.575497 0.842105
117.2572 77.9334 -97.4374 -0.104498 -0.989021 0.104482 0.580868 0.842105
117.0432 77.9334 -97.6982 -0.122867 -0.989022 0.0820983 0.585275 0.842105
116.8842 77.9334 -97.99561 -0.136523 -0.989022 0.0565502 0.588551 0.842105
116.7863 77.9334 -98.31841 -0.144929 -0.989022 0.0288341 0.590567 0.842105
116.7532 77.9334 -98.6541 -0.14777 -0.989022 -3.50364e-06 0.591248 0.842105
116.7863 77.9334 -98.9898 -0.144931 -0.989022 -0.0288281 0.590567 0.842105
116.8842 77.9334 -99.3126 -0.136524 -0.989022 -0.0565438 0.588551 0.842105
117.0432 77.9334 -99.6101 -0.122865 -0.989021 -0.0821018 0.585275 0.842105
117.2572 77.9334 -99.8708 -0.104492 -0.989021 -0.10449 0.580868 0.842105
117.5179 77.9334 -100.0848 -0.0821008 -0.989022 -0.122864 0.575497 0.842105
117.8154 77.9334 -100.2438 -0.056544 -0.989022 -0.136526 0.56937 0.842105
118.1382 77.9334 -100.34171 -0.028833 -0.989022 -0.144929 0.562721 0.842105
118.4739 83.77209 -107.3022 -2.01098e-05 0.00093312 -1 0.555653 0.958846
119.2792 83.77209 -107.2229 0.0980437 0.000963197 -0.995182 0.538032 0.958846
120.161 83.77209 -107.136 0.195107 0.000930803 -0.980782 0.521056 0.956929
120.9354 83.77209 -106.9011 0.290271 0.00091618 -0.956944 0.501796 0.958846
121.7833 83.77209 -106.64391 0.382685 0.000939584 -0.923879 0.48764 0.956929
122.497 83.77209 -106.26241 0.471398 0.000901831 -0.88192 0.467629 0.958846
123.2785 83.77209 -105.8447 0.555581 0.000943926 -0.831462 0.456844 0.956929
123.904 83.77209 -105.3313 0.634385 0.00090998 -0.773017 0.436844 0.958846
124.589 83.77209 -104.7692 0.707069 0.000923803 -0.707144 0.429851 0.956929
125.1024 83.77209 -104.1437 0.773017 0.000951947 -0.634385 0.410625 0.958846
125.66451 83.77209 -103.45869 0.831485 0.00093629 -0.555546 0.407699 0.956929
126.04601 83.77209 -102.745 0.881937 0.000935154 -0.471367 0.38998 0.958846
126.4636 83.77209 -101.9636 0.923879 0.000922629 -0.382684 0.391238 0.956929
126.6986 83.77209 -101.1892 0.956931 0.000953116 -0.290315 0.375702 0.958846
126.9558 83.77209 -100.3413 0.980788 0.0009288 -0.195073 0.381102 0.956929
127.0351 83.77209 -99.5359 0.995188 0.000920557 -0.0979759 0.368338 0.958846
127.1219 83.77209 -98.6541 1 0.000944941 1.64479e-05 0.377679 0.956929
127.0426 83.77209 -97.8488 0.995188 0.000891991 0.0979806 0.368174 0.958846
126.9558 83.77209 -96.967 0.980792 0.000912844 0.195055 0.381102 0.956929
126.7209 83.77209 -96.1925 0.956928 0.000951715 0.290324 0.375214 0.958846
126.4636 83.77209 -95.3446 0.923874 0.000920517 0.382696 0.391238 0.956929
126.0822 83.77209 -94.63091 0.881929 0.000950856 0.471381 0.389188 0.958846
125.66451 83.77209 -93.8495 0.831463 0.000938381 0.55558 0.407699 0.956929
125.1511 83.77209 -93.2239 0.773009 0.000917395 0.634395 0.409559 0.958846
124.589 83.77209 -92.539 0.707096 0.000933821 0.707117 0.429851 0.956929
123.9634 83.77209 -92.0256 0.634396 0.000912107 0.773008 0.435545 0.958846
123.2785 83.77209 -91.4635 0.555588 0.000925518 0.831457 0.456844 0.956929
122.5648 83.77209 -91.082 0.471393 0.000940757 0.881923 0.466146 0.958846
121.7833 83.77209 -90.6643 0.382666 0.000939757 0.923886 0.48764 0.956929
121.0089 83.77209 -90.4294 0.290276 0.000911431 0.956943 0.500187 0.958846
120.161 83.77209 -90.1722 0.195079 0.000931207 0.980787 0.521056 0.956929
119.3557 83.77209 -90.0929 0.0980437 0.000903164 0.995182 0.536359 0.958846
118.4739 83.77209 -90.006 3.90621e-05 0.000901461 1 0.555807 0.956929
117.6685 83.77209 -90.0853 -0.0980385 0.000965681 0.995182 0.573273 0.958846
116.7867 83.77209 -90.1722 -0.195109 0.000928383 0.980781 0.590558 0.956929
116.0123 83.77209 -90.4071 -0.290275 0.000917849 0.956943 0.60951 0.958846
115.1644 83.77209 -90.6643 -0.382686 0.000941638 0.923878 0.623974 0.956929
114.4507 83.77209 -91.0458 -0.471396 0.000919122 0.881921 0.643677 0.958846
113.6692 83.77209 -91.4635 -0.555583 0.000934548 0.831461 0.65477 0.956929
113.0437 83.77209 -91.9769 -0.634386 0.000910351 0.773016 0.674462 0.958846
112.3587 83.77209 -92.539 -0.707108 0.000931989 0.707105 0.681763 0.956929
111.8454 83.77209 -93.1646 -0.772999 0.000907044 0.634406 0.70068 0.958846
111.2832 83.77209 -93.8495 -0.831459 0.000931991 0.555585 0.703916 0.956929
110.9018 83.77209 -94.5632 -0.881927 0.000924603 0.471385 0.721326 0.958846
110.4841 83.77209 -95.3446 -0.923871 0.000936746 0.382703 0.720376 0.956929
110.2492 83.77209 -96.119 -0.956949 0.000932593 0.290254 0.735604 0.958846
109.992 83.77209 -96.967 -0.980783 0.000945769 0.1951 0.730513 0.956929
109.9126 83.77209 -97.7723 -0.995183 0.000954133 0.0980263 0.742967 0.958846
109.8258 83.77209 -98.6541 -1 0.000942257 -1.62708e-05 0.733936 0.956929
109.9051 83.77209 -99.4595 -0.995182 0.000923401 -0.0980439 0.743132 0.958846
109.992 83.77209 -100.3413 -0.980779 0.000956013 -0.19512 0.730513 0.956929
110.2269 83.77209 -101.1157 -0.956943 0.000920428 -0.290273 0.736092 0.958846
110.4841 83.77209 -101.9636 -0.923877 0.000941638 -0.382689 0.720376 0.956929
110.8656 83.77209 -102.6773 -0.881935 0.000908849 -0.471371 0.722118 0.958846
111.2832 83.77209 -103.45869 -0.83149 0.000905274 -0.55554 0.703916 0.956929
111.7966 83.77209 -104.0843 -0.773007 0.000955042 -0.634397 0.701747 0.958846
112.3587 83.77209 -104.7692 -0.707102 0.000912994 -0.707111 0.681763 0.956929
112.9843 83.77209 -105.2826 -0.634394 0.000912932 -0.773009 0.675761 0.958846
113.6692 83.77209 -105.8447 -0.555583 0.000929029 -0.831461 0.65477 0.956929
114.3829 83.77209 -106.2262 -0.4714 0.000936528 -0.881919 0.64516 0.958846
115.1644 83.77209 -106.64391 -0.382666 0.000934553 -0.923886 0.623974 0.956929
115.9388 83.77209 -106.8788 -0.290273 0.00092633 -0.956943 0.611119 0.958846
116.7867 83.77209 -107.136 -0.195077 0.000925394 -0.980787 0.590558 0.956929
117.5921 83.77209 -107.2153 -0.0980387 0.000897157 -0.995182 0.574946 0.958846
118.4739 83.772 -107.3022 -3.50667e-05 0.000904054 -1 0.555807 0.956929
119.2792 83.772 -107.2229 0.0980273 0.000905573 -0.995183 0.539219 0.956929
120.161 83.772 -107.136 0.195095 0.000937452 -0.980784 0.518739 0.958846
120.9354 83.772 -106.9011 0.290271 0.000932673 -0.956944 0.505105 0.956929
121.7833 83.772 -106.64391 0.382684 0.000917267 -0.923879 0.483244 0.958846
122.497 83.772 -106.26241 0.471404 0.000934065 -0.881917 0.47294 0.956929
123.2785 83.772 -105.8447 0.5556 0.000928604 -0.831449 0.450531 0.958846
123.904 83.772 -105.3313 0.634406 0.000954816 -0.773 0.44396 0.956929
124.589 83.772 -104.7692 0.70707 0.000918618 -0.707143 0.421858 0.958846
125.1024 83.772 -104.1437 0.773 0.000917496 -0.634406 0.419277 0.956929
125.66451 83.772 -103.45869 0.831471 0.000934485 -0.555568 0.398327 0.958846
126.04601 83.772 -102.745 0.881927 0.000917738 -0.471385 0.399841 0.956929
126.4636 83.772 -101.9636 0.92387 0.000937386 -0.382706 0.380841 0.958846
126.6986 83.772 -101.1892 0.956923 0.000891696 -0.290341 0.386399 0.956929
126.9558 83.772 -100.3413 0.980786 0.000936821 -0.195083 0.370074 0.958846
127.0351 83.772 -99.5359 0.995188 0.000938451 -0.0979799 0.379468 0.956929
127.1219 83.772 -98.6541 1 0.000910155 7.96612e-06 0.366438 0.958846
127.0426 83.772 -97.8488 0.995187 0.000931579 0.0979872 0.379313 0.956929
126.9558 83.772 -96.967 0.980793 0.000912821 0.195048 0.370074 0.958846
126.7209 83.772 -96.1925 0.956938 0.000890208 0.290291 0.38594 0.956929
126.4636 83.772 -95.3446 0.923881 0.000944214 0.382678 0.380841 0.958846
126.0822 83.772 -94.63091 0.881941 0.000915241 0.471359 0.399095 0.956929
125.66451 83.772 -93.8495 0.831474 0.00093287 0.555562 0.398327 0.958846
125.1511 83.772 -93.2239 0.773012 0.000921694 0.63439 0.418273 0.956929
124.589 83.772 -92.539 0.707095 0.000926719 0.707118 0.421858 0.958846
123.9634 83.772 -92.0256 0.634389 0.000927787 0.773014 0.442736 0.956929
123.2785 83.772 -91.4635 0.555582 0.000929782 0.831461 0.450531 0.958846
122.5648 83.772 -91.082 0.471402 0.000928793 0.881918 0.471545 0.956929
121.7833 83.772 -90.6643 0.382676 0.00092602 0.923882 0.483244 0.958846
121.0089 83.772 -90.4294 0.290274 0.000929224 0.956943 0.503591 0.956929
120.161 83.772 -90.1722 0.195076 0.000921281 0.980788 0.518739 0.958846
119.3557 83.772 -90.0929 0.0980273 0.000918226 0.995183 0.537644 0.956929
118.4739 83.772 -90.006 2.8573e-05 0.000935398 1 0.555653 0.958846
117.6685 83.772 -90.0853 -0.0980197 0.000898782 0.995184 0.572395 0.956929
116.7867 83.772 -90.1722 -0.1951 0.000941597 0.980783 0.592567 0.958846
116.0123 83.772 -90.4071 -0.290278 0.000938312 0.956942 0.606509 0.956929
115.1644 83.772 -90.6643 -0.382689 0.000928381 0.923877 0.628062 0.958846
114.4507 83.772 -91.0458 -0.471403 0.000933563 0.881917 0.638674 0.956929
113.6692 83.772 -91.4635 -0.555592 0.000932092 0.831455 0.660775 0.958846
113.0437 83.772 -91.9769 -0.634404 0.000928307 0.773001 0.667655 0.956929
112.3587 83.772 -92.539 -0.707135 0.000938929 0.707078 0.689448 0.958846
111.8454 83.772 -93.1646 -0.773027 0.000956952 0.634373 0.692337 0.956929
111.2832 83.772 -93.8495 -0.831478 0.000933156 0.555557 0.712979 0.958846
110.9018 83.772 -94.5632 -0.88194 0.000946945 0.471361 0.711773 0.956929
110.4841 83.772 -95.3446 -0.923877 0.000924688 0.382689 0.730465 0.958846
110.2492 83.772 -96.119 -0.956947 0.000961307 0.290261 0.725215 0.956929
109.992 83.772 -96.967 -0.980777 0.000927162 0.195129 0.741232 0.958846
109.9126 83.772 -97.7723 -0.99518 0.000904887 0.0980636 0.732147 0.956929
109.8258 83.772 -98.6541 -1 0.000928703 8.61621e-06 0.744868 0.958846
109.9051 83.772 -99.4595 -0.995184 0.000940615 -0.0980228 0.732302 0.956929
109.992 83.772 -100.3413 -0.980782 0.000927248 -0.195106 0.741232 0.958846
110.2269 83.772 -101.1157 -0.956944 0.000932438 -0.29027 0.725674 0.956929
110.4841 83.772 -101.9636 -0.923876 0.000930232 -0.382692 0.730465 0.958846
110.8656 83.772 -102.6773 -0.881926 0.000927038 -0.471387 0.712519 0.956929
111.2832 83.772 -103.45869 -0.831487 0.000936103 -0.555543 0.712979 0.958846
111.7966 83.772 -104.0843 -0.773014 0.000886837 -0.634388 0.693341 0.956929
112.3587 83.772 -104.7692 -0.707105 0.000935372 -0.707108 0.689448 0.958846
112.9843 83.772 -105.2826 -0.634392 0.000926542 -0.773011 0.668878 0.956929
113.6692 83.772 -105.8447 -0.555578 0.000929808 -0.831464 0.660775 0.958846
114.3829 83.772 -106.2262 -0.471406 0.000928622 -0.881916 0.64007 0.956929
115.1644 83.772 -106.64391 -0.382673 0.000937536 -0.923883 0.628062 0.958846
115.9388 83.772 -106.8788 -0.29027 0.000917843 -0.956944 0.608023 0.956929
116.7867 83.772 -107.136 -0.195074 0.000923357 -0.980788 0.592567 0.958846
117.5921 83.772 -107.2153 -0.0980194 0.00092113 -0.995184 0.57397 0.956929
0 33 32
0 1 33
1 34 33
1 2 34
2 35 34
2 3 35
3 36 35
3 4 36
4 37 36
4 5 37
5 38 37
5 6 38
6 39 38
6 7 39
7 40 39
7 8 40
8 41 40
8 9 41
9 42 41
9 10 42
10 43 42
10 11 43
11 44 43
11 12 44
12 45 44
12 13 45
13 46 45
13 14 46
14 47 46
14 15 47
15 48 47
15 16 48
16 49 48
16 17 49
17 50 49
17 18 50
18 51 50
18 19 51
19 52 51
19 20 52
20 53 52
20 21 53
21 54 53
21 22 54
22 55 54
22 23 55
23 56 55
23 24 56
24 57 56
24 25 57
25 58 57
25 26 58
26 59 58
26 27 59
27 60 59
27 28 60
28 61 60
28 29 61
29 62 61
29 30 62
30 63 62
30 31 63
31 32 63
31 0 32
32 65 64
32 33 65
33 66 65
33 34 66
34 67 66
34 35 67
35 68 67
35 36 68
36 69 68
36 37 69
37 70 69
37 38 70
38 71 70
38 39 71
39 72 71
39 40 72
40 73 72
40 41 73
41 74 73
41 42 74
42 75 74
42 43 75
43 76 75
43 44 76
44 77 76
44 45 77
45 78 77
45 46 78
46 79 78
46 47 79
47 80 79
47 48 80
48 81 80
48 49 81
49 82 81
49 50 82
50 83 82
50 51 83
51 84 83
51 52 84
52 85 84
52 53 85
53 86 85
53 54 86
54 87 86
54 55 87
55 88 87
55 56 88
56 89 88
56 57 89
57 90 89
57 58 90
58 91 90
58 59 91
59 92 91
59 60 92
60 93 92
60 61 93
61 94 93
61 62 94
62 95 94
62 63 95
63 64 95
63 32 64
64 97 96
64 65 97
65 98 97
65 66 98
66 99 98
66 67 99
67 100 99
67 68 100
68 101 100
68 69 101
69 102 101
69 70 102
70 103 102
70 71 103
71 104 103
71 72 104
72 105 104
72 73 105
73 106 105
73 74 106
74 107 106
74 75 107
75 108 107
75 76 108
76 109 108
76 77 109
77 110 109
77 78 110
78 111 110
78 79 111
79 112 111
79 80 112
80 113 112
80 81 113
81 114 113
81 82 114
82 115 114
82 83 115
83 116 115
83 84 116
84 117 116
84 85 117
85 118 117
85 86 118
86 119 118
86 87 119
87 120 119
87 88 120
88 121 120
88 89 121
89 122 121
89 90 122
90 123 122
90 91 123
91 124 123
91 92 124
92 125 124
92 93 125
93 126 125
93 94 126
94 127 126
94 95 127
95 96 127
95 64 96
96 129 128
96 97 129
97 130 129
97 98 130
98 131 130
98 99 131
99 132 131
99 100 132
100 133 132
100 101 133
101 134 133
101 102 134
102 135 134
102 103 135
103 136 135
103 104 136
104 137 136
104 105 137
105 138 137
105 106 138
106 139 138
106 107 139
107 140 139
107 108 140
108 141 140
108 109 141
109 142 141
109 110 142
110 143 142
110 111 143
111 144 143
111 112 144
112 145 144
112 113 145
113 146 145
113 114 146
114 147 146
114 115 147
115 148 147
115 116 148
116 149 148
116 117 149
117 150 149
117 118 150
118 151 150
118 119 151
119 152 151
119 120 152
120 153 152
120 121 153
121 154 153
121 122 154
122 155 154
122 123 155
123 156 155
123 124 156
124 157 156
124 125 157
125 158 157
125 126 158
126 159 158
126 127 159
127 128 159
127 96 128
128 161 160
128 129 161
129 162 161
129 130 162
130 163 162
130 131 163
131 164 163
131 132 164
132 165 164
132 133 165
133 166 165
133 134 166
134 167 166
134 135 167
135 168 167
135 136 168
136 169 168
136 137 169
137 170 169
137 138 170
138 171 170
138 139 171
139 172 171
139 140 172
140 173 172
140 141 173
141 174 173
141 142 174
142 175 174
142 143 175
143 176 175
143 144 176
144 177 176
144 145 177
145 178 177
145 146 178
146 179 178
146 147 179
147 180 179
147 148 180
148 181 180
148 149 181
149 182 181
149 150 182
150 183 182
150 151 183
151 184 183
151 152 184
152 185 184
152 153 185
153 186 185
153 154 186
154 187 186
154 155 187
155 188 187
155 156 188
156 189 188
156 157 189
157 190 189
157 158 190
158 191 190
158 159 191
159 160 191
159 128 160
160 193 192
160 161 193
161 194 193
161 162 194
162 195 194
162 163 195
163 196 195
163 164 196
164 197 196
164 165 197
165 198 197
165 166 198
166 199 198
166 167 199
167 200 199
167 168 200
168 201 200
168 169 201
169 202 201
169 170 202
170 203 202
170 171 203
171 204 203
171 172 204
172 205 204
172 173 205
173 206 205
173 174 206
174 207 206
174 175 207
175 208 207
175 176 208
176 209 208
176 177 209
177 210 209
177 178 210
178 211 210
178 179 211
179 212 211
179 180 212
180 213 212
180 181 213
181 214 213
181 182 214
182 215 214
182 183 215
183 216 215
183 184 216
184 217 216
184 185 217
185 218 217
185 186 218
186 219 218
186 187 219
187 220 219
187 188 220
188 221 220
188 189 221
189 222 221
189 190 222
190 223 222
190 191 223
191 192 223
191 160 192
192 225 224
192 193 225
193 226 225
193 194 226
194 227 226
194 195 227
195 228 227
195 196 228
196 229 228
196 197 229
197 230 229
197 198 230
198 231 230
198 199 231
199 232 231
199 200 232
200 233 232
200 201 233
201 234 233
201 202 234
202 235 234
202 203 235
203 236 235
203 204 236
204 237 236
204 205 237
205 238 237
205 206 238
206 239 238
206 207 239
207 240 239
207 208 240
208 241 240
208 209 241
209 242 241
209 210 242
210 243 242
210 211 243
211 244 243
211 212 244
212 245 244
212 213 245
213 246 245
213 214 246
214 247 246
214 215 247
215 248 247
215 216 248
216 249 248
216 217 249
217 250 249
217 218 250
218 251 250
218 219 251
219 252 251
219 220 252
220 253 252
220 221 253
221 254 253
221 222 254
222 255 254
222 223 255
223 224 255
223 192 224
224 481 480
545 482 257
225 483 546
547 484 258
226 485 548
549 486 259
227 487 550
551 488 260
228 489 552
553 490 261
229 491 554
555 492 262
230 493 556
557 494 263
231 495 558
559 496 264
232 497 560
561 498 265
233 499 562
563 500 266
234 501 564
565 502 267
235 503 566
567 504 268
236 505 568
569 506 269
237 507 570
571 508 270
238 509 572
573 510 271
239 511 574
575 512 272
240 513 576
577 514 273
241 515 578
579 516 274
242 517 580
581 518 275
243 519 582
583 520 276
244 521 584
585 522 277
245 523 586
587 524 278
246 525 588
589 526 279
247 527 590
591 528 280
248 529 592
593 530 281
249 531 594
595 532 282
250 533 596
597 534 283
251 535 598
599 536 284
252 537 600
601 538 285
253 539 602
603 540 286
254 541 604
605 542 287
255 543 606
607 544 256
256 289 288
256 257 289
257 290 289
257 258 290
258 291 290
258 259 291
259 292 291
259 260 292
260 293 292
260 261 293
261 294 293
261 262 294
262 295 294
262 263 295
263 296 295
263 264 296
264 297 296
264 265 297
265 298 297
265 266 298
266 299 298
266 267 299
267 300 299
267 268 300
268 301 300
268 269 301
269 302 301
269 270 302
270 303 302
270 271 303
271 304 303
271 272 304
272 305 304
272 273 305
273 306 305
273 274 306
274 307 306
274 275 307
275 308 307
275 276 308
276 309 308
276 277 309
277 310 309
277 278 310
278 311 310
278 279 311
279 312 311
279 280 312
280 313 312
280 281 313
281 314 313
281 282 314
282 315 314
282 283 315
283 316 315
283 284 316
284 317 316
284 285 317
285 318 317
285 286 318
286 319 318
286 287 319
287 288 319
287 256 288
288 321 320
288 289 321
289 322 321
289 290 322
290 323 322
290 291 323
291 324 323
291 292 324
292 325 324
292 293 325
293 326 325
293 294 326
294 327 326
294 295 327
295 328 327
295 296 328
296 329 328
296 297 329
297 330 329
297 298 330
298 331 330
298 299 331
299 332 331
299 300 332
300 333 332
300 301 333
301 334 333
301 302 334
302 335 334
302 303 335
303 336 335
303 304 336
304 337 336
304 305 337
305 338 337
305 306 338
306 339 338
306 307 339
307 340 339
307 308 340
308 341 340
308 309 341
309 342 341
309 310 342
310 343 342
310 311 343
311 344 343
311 312 344
312 345 344
312 313 345
313 346 345
313 314 346
314 347 346
314 315 347
315 348 347
315 316 348
316 349 348
316 317 349
317 350 349
317 318 350
318 351 350
318 319 351
319 320 351
319 288 320
320 353 352
320 321 353
321 354 353
321 322 354
322 355 354
322 323 355
323 356 355
323 324 356
324 357 356
324 325 357
325 358 357
325 326 358
326 359 358
326 327 359
327 360 359
327 328 360
328 361 360
328 329 361
329 362 361
329 330 362
330 363 362
330 331 363
331 364 363
331 332 364
332 365 364
332 333 365
333 366 365
333 334 366
334 367 366
334 335 367
335 368 367
335 336 368
336 369 368
336 337 369
337 370 369
337 338 370
338 371 370
338 339 371
339 372 371
339 340 372
340 373 372
340 341 373
341 374 373
341 342 374
342 375 374
342 343 375
343 376 375
343 344 376
344 377 376
344 345 377
345 378 377
345 346 378
346 379 378
346 347 379
347 380 379
347 348 380
348 381 380
348 349 381
349 382 381
349 350 382
350 383 382
350 351 383
351 352 383
351 320 352
352 385 384
352 353 385
353 386 385
353 354 386
354 387 386
354 355 387
355 388 387
355 356 388
356 389 388
356 357 389
357 390 389
357 358 390
358 391 390
358 359 391
359 392 391
359 360 392
360 393 392
360 361 393
361 394 393
361 362 394
362 395 394
362 363 395
363 396 395
363 364 396
364 397 396
364 365 397
365 398 397
365 366 398
366 399 398
366 367 399
367 400 399
367 368 400
368 401 400
368 369 401
369 402 401
369 370 402
370 403 402
370 371 403
371 404 403
371 372 404
372 405 404
372 373 405
373 406 405
373 374 406
374 407 406
374 375 407
375 408 407
375 376 408
376 409 408
376 377 409
377 410 409
377 378 410
378 411 410
378 379 411
379 412 411
379 380 412
380 413 412
380 381 413
381 414 413
381 382 414
382 415 414
382 383 415
383 384 415
383 352 384
384 417 416
384 385 417
385 418 417
385 386 418
386 419 418
386 387 419
387 420 419
387 388 420
388 421 420
388 389 421
389 422 421
389 390 422
390 423 422
390 391 423
391 424 423
391 392 424
392 425 424
392 393 425
393 426 425
393 394 426
394 427 426
394 395 427
395 428 427
395 396 428
396 429 428
396 397 429
397 430 429
397 398 430
398 431 430
398 399 431
399 432 431
399 400 432
400 433 432
400 401 433
401 434 433
401 402 434
402 435 434
402 403 435
403 436 435
403 404 436
404 437 436
404 405 437
405 438 437
405 406 438
406 439 438
406 407 439
407 440 439
407 408 440
408 441 440
408 409 441
409 442 441
409 410 442
410 443 442
410 411 443
411 444 443
411 412 444
412 445 444
412 413 445
413 446 445
413 414 446
414 447 446
414 415 447
415 416 447
415 384 416
416 449 448
416 417 449
417 450 449
417 418 450
418 451 450
418 419 451
419 452 451
419 420 452
420 453 452
420 421 453
421 454 453
421 422 454
422 455 454
422 423 455
423 456 455
423 424 456
424 457 456
424 425 457
425 458 457
425 426 458
426 459 458
426 427 459
427 460 459
427 428 460
428 461 460
428 429 461
429 462 461
429 430 462
430 463 462
430 431 463
431 464 463
431 432 464
432 465 464
432 433 465
433 466 465
433 434 466
434 467 466
434 435 467
435 468 467
435 436 468
436 469 468
436 437 469
437 470 469
437 438 470
438 471 470
438 439 471
439 472 471
439 440 472
440 473 472
440 441 473
441 474 473
441 442 474
442 475 474
442 443 475
443 476 475
443 444 476
444 477 476
444 445 477
445 478 477
445 446 478
446 479 478
446 447 479
447 448 479
447 416 448
545 257 544
544 257 256
224 546 481
224 225 546
547 258 482
482 258 257
225 548 483
225 226 548
549 259 484
484 259 258
226 550 485
226 227 550
551 260 486
486 260 259
227 552 487
227 228 552
553 261 488
488 261 260
228 554 489
228 229 554
555 262 490
490 262 261
229 556 491
229 230 556
557 263 492
492 263 262
230 558 493
230 231 558
559 264 494
494 264 263
231 560 495
231 232 560
561 265 496
496 265 264
232 562 497
232 233 562
563 266 498
498 266 265
233 564 499
233 234 564
565 267 500
500 267 266
234 566 501
234 235 566
567 268 502
502 268 267
235 568 503
235 236 568
569 269 504
504 269 268
236 570 505
236 237 570
571 270 506
506 270 269
237 572 507
237 238 572
573 271 508
508 271 270
238 574 509
238 239 574
575 272 510
510 272 271
239 576 511
239 240 576
577 273 512
512 273 272
240 578 513
240 241 578
579 274 514
514 274 273
241 580 515
241 242 580
581 275 516
516 275 274
242 582 517
242 243 582
583 276 518
518 276 275
243 584 519
243 244 584
585 277 520
520 277 276
244 586 521
244 245 586
587 278 522
522 278 277
245 588 523
245 246 588
589 279 524
524 279 278
246 590 525
246 247 590
591 280 526
526 280 279
247 592 527
247 248 592
593 281 528
528 281 280
248 594 529
248 249 594
595 282 530
530 282 281
249 596 531
249 250 596
597 283 532
532 283 282
250 598 533
250 251 598
599 284 534
534 284 283
251 600 535
251 252 600
601 285 536
536 285 284
252 602 537
252 253 602
603 286 538
538 286 285
253 604 539
253 254 604
605 287 540
540 287 286
254 606 541
254 255 606
607 256 542
542 256 287
255 480 543
255 224 480
LABEL bridge
MATERIAL 1
TEXTURE 0
GEOM 1519 769
109.4699 0.1357 -66.87621 1 0 0
109.4699 -0.0572014 -66.64639 1 0 0
109.4699 3.1998 -64.30505 1 0 0
109.4699 3.007 -64.07524 1 0 0
109.3699 0.1357 -66.87621 -1 0 0
109.3699 -0.0572014 -66.64639 -1 0 0
109.3699 3.1998 -64.30505 -1 0 0
109.3699 3.007 -64.07524 -1 0 0
108.5764 2.9 -64.55495 0 1 0
109.3864 2.9 -64.55495 0 1 0
108.5764 2.9 -64.25495 0 1 0
109.3864 2.9 -64.25495 0 1 0
108.5764 2.85 -64.55495 0 -1 0
109.3864 2.85 -64.55495 0 -1 0
108.5764 2.85 -64.25495 0 -1 0
109.3864 2.85 -64.25495 0 -1 0
108.5764 2.65 -64.75495 0 1 0
109.3864 2.65 -64.75495 0 1 0
108.5764 2.65 -64.45495 0 1 0
109.3864 2.65 -64.45495 0 1 0
108.5764 2.6 -64.75495 0 -1 0
109.3864 2.6 -64.75495 0 -1 0
108.5764 2.6 -64.45495 0 -1 0
109.3864 2.6 -64.45495 0 -1 0
108.5764 2.4 -64.95495 0 1 0
109.3864 2.4 -64.95495 0 1 0
108.5764 2.4 -64.65495 0 1 0
109.3864 2.4 -64.65495 0 1 0
108.5764 2.35 -64.95495 0 -1 0
109.3864 2.35 -64.95495 0 -1 0
108.5764 2.35 -64.65495 0 -1 0
109.3864 2.35 -64.65495 0 -1 0
108.5764 2.15 -65.15534 0 1 0
109.3864 2.15 -65.15534 0 1 0
108.5764 2.15 -64.85534 0 1 0
109.3864 2.15 -64.85534 0 1 0
108.5764 2.1 -65.15534 0 -1 0
109.3864 2.1 -65.15534 0 -1 0
108.5764 2.1 -64.85534 0 -1 0
109.3864 2.1 -64.85534 0 -1 0
108.5764 1.9 -65.35525 0 1 0
109.3864 1.9 -65.35525 0 1 0
108.5764 1.9 -65.05525 0 1 0
109.3864 1.9 -65.05525 0 1 0
108.5764 1.85 -65.35525 0 -1 0
109.3864 1.85 -65.35525 0 -1 0
108.5764 1.85 -65.05525 0 -1 0
109.3864 1.85 -65.05525 0 -1 0
108.4699 0.1357 -66.87621 -1 0 0
108.4699 -0.0572014 -66.64639 -1 0 0
108.4699 3.1998 -64.30505 -1 0 0
108.4699 3.007 -64.07524 -1 0 0
108.5699 0.1357 -66.87621 1 0 0
108.5699 -0.0572014 -66.64639 1 0 0
108.5699 3.1998 -64.30505 1 0 0
108.5699 3.007 -64.07524 1 0 0
108.5764 1.65 -65.55559 0 1 0
109.3864 1.65 -65.55559 0 1 0
108.5764 1.65 -65.25559 0 1 0
109.3864 1.65 -65.25559 0 1 0
108.5764 1.6 -65.55559 0 -1 0
109.3864 1.6 -65.55559 0 -1 0
108.5764 1.6 -65.25559 0 -1 0
109.3864 1.6 -65.25559 0 -1 0
108.5764 1.4 -65.75569 0 1 0
109.3864 1.4 -65.75569 0 1 0
108.5764 1.4 -65.45569 0 1 0
109.3864 1.4 -65.45569 0 1 0
108.5764 1.35 -65.75569 0 -1 0
109.3864 1.35 -65.75569 0 -1 0
108.5764 1.35 -65.4557 0 -1 0
109.3864 1.35 -65.4557 0 -1 0
108.5764 1.15 -65.95603 0 1 0
109.3864 1.15 -65.95603 0 1 0
108.5764 1.15 -65.65603 0 1 0
109.3864 1.15 -65.65603 0 1 0
108.5764 1.1 -65.95603 0 -1 0
109.3864 1.1 -65.95603 0 -1 0
108.5764 1.1 -65.65603 0 -1 0
109.3864 1.1 -65.65603 0 -1 0
108.5764 0.899998 -66.15495 0 1 0
109.3864 0.899998 -66.15495 0 1 0
108.5764 0.899998 -65.85495 0 1 0
109.3864 0.899998 -65.85495 0 1 0
108.5764 0.849998 -66.15495 0 -1 0
109.3864 0.849998 -66.15495 0 -1 0
108.5764 0.849998 -65.85495 0 -1 0
109.3864 0.849998 -65.85495 0 -1 0
108.5764 0.649998 -66.41495 0 1 0
109.3864 0.649998 -66.41495 0 1 0
108.5764 0.649998 -66.11495 0 1 0
109.3864 0.649998 -66.11495 0 1 0
108.5764 0.599998 -66.41495 0 -1 0
109.3864 0.599998 -66.41495 0 -1 0
108.5764 0.599998 -66.11495 0 -1 0
109.3864 0.599998 -66.11495 0 -1 0
108.5764 0.399998 -66.62995 0 1 0
109.3864 0.399998 -66.62995 0 1 0
108.5764 0.399998 -66.32995 0 1 0
109.3864 0.399998 -66.32995 0 1 0
108.5764 0.349998 -66.62995 0 -1 0
109.3864 0.349998 -66.62995 0 -1 0
108.5764 0.349998 -66.32995 0 -1 0
109.3864 0.349998 -66.32995 0 -1 0
108.5764 0.149998 -66.81334 0 1 0
109.3864 0.149998 -66.81334 0 1 0
108.5764 0.149998 -66.51334 0 1 0
109.3864 0.149998 -66.51334 0 1 0
108.5764 0.0999985 -66.81334 0 -1 0
109.3864 0.0999985 -66.81334 0 -1 0
108.5764 0.0999985 -66.51334 0 -1 0
109.3864 0.0999985 -66.51334 0 -1 0
128.47141 0.1357 -66.87621 1 0 0
128.47141 -0.0572014 -66.64639 1 0 0
128.47141 3.1998 -64.30506 1 0 0
128.47141 3.007 -64.07525 1 0 0
128.3714 0.1357 -66.87621 -1 0 0
128.3714 -0.0572014 -66.64639 -1 0 0
128.3714 3.1998 -64.30506 -1 0 0
128.3714 3.007 -64.07525 -1 0 0
127.5779 2.9 -64.55495 0 1 0
128.38791 2.9 -64.55495 0 1 0
127.5779 2.9 -64.25495 0 1 0
128.38791 2.9 -64.25495 0 1 0
127.5779 2.85 -64.55495 0 -1 0
128.38791 2.85 -64.55495 0 -1 0
127.5779 2.85 -64.25495 0 -1 0
128.38791 2.85 -64.25495 0 -1 0
127.5779 2.65 -64.75495 0 1 0
128.38791 2.65 -64.75495 0 1 0
127.5779 2.65 -64.45495 0 1 0
128.38791 2.65 -64.45495 0 1 0
127.5779 2.6 -64.75495 0 -1 0
128.38791 2.6 -64.75495 0 -1 0
127.5779 2.6 -64.45495 0 -1 0
128.38791 2.6 -64.45495 0 -1 0
127.5779 2.4 -64.95495 0 1 0
128.38791 2.4 -64.95495 0 1 0
127.5779 2.4 -64.65495 0 1 0
128.38791 2.4 -64.65495 0 1 0
127.5779 2.35 -64.95495 0 -1 0
128.38791 2.35 -64.95495 0 -1 0
127.5779 2.35 -64.65495 0 -1 0
128.38791 2.35 -64.65495 0 -1 0
127.5779 2.15 -65.15534 0 1 0
128.38791 2.15 -65.15534 0 1 0
127.5779 2.15 -64.85534 0 1 0
128.38791 2.15 -64.85534 0 1 0
127.5779 2.1 -65.15534 0 -1 0
128.38791 2.1 -65.15534 0 -1 0
127.5779 2.1 -64.85534 0 -1 0
128.38791 2.1 -64.85534 0 -1 0
127.5779 1.9 -65.35525 0 1 0
128.38791 1.9 -65.35525 0 1 0
127.5779 1.9 -65.05525 0 1 0
128.38791 1.9 -65.05525 0 1 0
127.5779 1.85 -65.35525 0 -1 0
128.38791 1.85 -65.35525 0 -1 0
127.5779 1.85 -65.05525 0 -1 0
128.38791 1.85 -65.05525 0 -1 0
127.47141 0.1357 -66.87621 -1 0 0
127.47141 -0.0572014 -66.64639 -1 0 0
127.47141 3.1998 -64.30506 -1 0 0
127.47141 3.007 -64.07524 -1 0 0
127.5714 0.1357 -66.87621 1 0 0
127.5714 -0.0572014 -66.64639 1 0 0
127.5714 3.1998 -64.30506 1 0 0
127.5714 3.007 -64.07524 1 0 0
127.5779 1.65 -65.55559 0 1 0
128.38791 1.65 -65.55559 0 1 0
127.5779 1.65 -65.25559 0 1 0
128.38791 1.65 -65.25559 0 1 0
127.5779 1.6 -65.55559 0 -1 0
128.38791 1.6 -65.55559 0 -1 0
127.5779 1.6 -65.25559 0 -1 0
128.38791 1.6 -65.25559 0 -1 0
127.5779 1.4 -65.7557 0 1 0
128.38791 1.4 -65.7557 0 1 0
127.5779 1.4 -65.45569 0 1 0
128.38791 1.4 -65.45569 0 1 0
127.5779 1.35 -65.7557 0 -1 0
128.38791 1.35 -65.75569 0 -1 0
127.5779 1.35 -65.4557 0 -1 0
128.38791 1.35 -65.4557 0 -1 0
127.5779 1.15 -65.95603 0 1 0
128.38791 1.15 -65.95603 0 1 0
127.5779 1.15 -65.65604 0 1 0
128.38791 1.15 -65.65604 0 1 0
127.5779 1.1 -65.95604 0 -1 0
128.38791 1.1 -65.95603 0 -1 0
127.5779 1.1 -65.65604 0 -1 0
128.38791 1.1 -65.65604 0 -1 0
127.5779 0.899998 -66.15495 0 1 0
128.38791 0.899998 -66.15495 0 1 0
127.5779 0.899998 -65.85495 0 1 0
128.38791 0.899998 -65.85495 0 1 0
127.5779 0.849998 -66.15495 0 -1 0
128.38791 0.849998 -66.15495 0 -1 0
127.5779 0.849998 -65.85495 0 -1 0
128.38791 0.849998 -65.85495 0 -1 0
127.5779 0.649998 -66.41495 0 1 0
128.38791 0.649998 -66.41495 0 1 0
127.5779 0.649998 -66.11495 0 1 0
128.38791 0.649998 -66.11495 0 1 0
127.5779 0.599998 -66.41495 0 -1 0
128.38791 0.599998 -66.41495 0 -1 0
127.5779 0.599998 -66.11495 0 -1 0
128.38791 0.599998 -66.11495 0 -1 0
127.5779 0.399998 -66.62995 0 1 0
128.38791 0.399998 -66.62995 0 1 0
127.5779 0.399998 -66.32995 0 1 0
128.38791 0.399998 -66.32995 0 1 0
127.5779 0.349998 -66.62995 0 -1 0
128.38791 0.349998 -66.62995 0 -1 0
127.5779 0.349998 -66.32995 0 -1 0
128.38791 0.349998 -66.32995 0 -1 0
127.5779 0.149998 -66.81334 0 1 0
128.38791 0.149998 -66.81334 0 1 0
127.5779 0.149998 -66.51334 0 1 0
128.38791 0.149998 -66.51334 0 1 0
127.5779 0.0999985 -66.81334 0 -1 0
128.38791 0.0999985 -66.81334 0 -1 0
127.5779 0.0999985 -66.51334 0 -1 0
128.38791 0.0999985 -66.51334 0 -1 0
109.4699 0.1357 -66.87621 0 -0.765947 -0.642904
109.4699 0.1357 -66.87621 0 0.642798 -0.766036
109.4699 -0.0572014 -66.64639 0 -0.765947 -0.642904
109.4699 -0.0572014 -66.64639 0 -0.642784 0.766048
109.4699 3.1998 -64.30506 0 0.642798 -0.766036
109.4699 3.007 -64.07525 0 -0.642784 0.766048
109.3699 0.1357 -66.87621 0 -0.765947 -0.642904
109.3699 0.1357 -66.87621 0 0.642798 -0.766036
109.3699 -0.0572014 -66.64639 0 -0.765947 -0.642904
109.3699 -0.0572014 -66.64639 0 -0.642784 0.766048
109.3699 3.1998 -64.30506 0 0.642798 -0.766036
109.3699 3.007 -64.07525 0 -0.642784 0.766048
108.5764 2.9 -64.55495 0 0 -1
109.3864 2.9 -64.55495 0 0 -1
108.5764 2.9 -64.25495 0 0 1
109.3864 2.9 -64.25495 0 0 1
108.5764 2.85 -64.55495 0 0 -1
109.3864 2.85 -64.55495 0 0 -1
108.5764 2.85 -64.25495 0 0 1
109.3864 2.85 -64.25495 0 0 1
108.5764 2.65 -64.75495 0 0 -1
109.3864 2.65 -64.75495 0 0 -1
108.5764 2.65 -64.45495 0 0 1
109.3864 2.65 -64.45495 0 0 1
108.5764 2.6 -64.75495 0 0 -1
109.3864 2.6 -64.75495 0 0 -1
108.5764 2.6 -64.45495 0 0 1
109.3864 2.6 -64.45495 0 0 1
108.5764 2.4 -64.95495 0 0 -1
109.3864 2.4 -64.95495 0 0 -1
108.5764 2.4 -64.65495 0 0 1
109.3864 2.4 -64.65495 0 0 1
108.5764 2.35 -64.95495 0 0 -1
109.3864 2.35 -64.95495 0 0 -1
108.5764 2.35 -64.65495 0 0 1
109.3864 2.35 -64.65495 0 0 1
108.5764 2.15 -65.15534 0 0 -1
109.3864 2.15 -65.15534 0 0 -1
108.5764 2.15 -64.85534 0 0 1
109.3864 2.15 -64.85534 0 0 1
108.5764 2.1 -65.15534 0 0 -1
109.3864 2.1 -65.15534 0 0 -1
108.5764 2.1 -64.85534 0 0 1
109.3864 2.1 -64.85534 0 0 1
108.5764 1.9 -65.35525 0 0 -1
109.3864 1.9 -65.35525 0 0 -1
108.5764 1.9 -65.05525 0 0 1
109.3864 1.9 -65.05525 0 0 1
108.5764 1.85 -65.35525 0 0 -1
109.3864 1.85 -65.35525 0 0 -1
108.5764 1.85 -65.05525 0 0 1
109.3864 1.85 -65.05525 0 0 1
108.4699 0.1357 -66.87621 0 -0.765947 -0.642904
108.4699 0.1357 -66.87621 0 0.642798 -0.766036
108.4699 -0.0572014 -66.64639 0 -0.765947 -0.642904
108.4699 -0.0572014 -66.64639 0 -0.642784 0.766048
108.4699 3.1998 -64.30506 0 0.642798 -0.766036
108.4699 3.007 -64.07525 0 -0.642784 0.766048
108.5699 0.1357 -66.87621 0 -0.765947 -0.642904
108.5699 0.1357 -66.87621 0 0.642798 -0.766036
108.5699 -0.0572014 -66.64639 0 -0.765947 -0.642904
108.5699 -0.0572014 -66.64639 0 -0.642784 0.766048
108.5699 3.1998 -64.30506 0 0.642798 -0.766036
108.5699 3.007 -64.07525 0 -0.642784 0.766048
108.5764 1.65 -65.55559 0 0 -1
109.3864 1.65 -65.55559 0 0 -1
108.5764 1.65 -65.25559 0 0 1
109.3864 1.65 -65.25559 0 0 1
108.5764 1.6 -65.55559 0 0 -1
109.3864 1.6 -65.55559 0 0 -1
108.5764 1.6 -65.25559 0 0 1
109.3864 1.6 -65.25559 0 0 1
108.5764 1.4 -65.7557 0 -0.00015259 -1
109.3864 1.4 -65.7557 0 -0.00015259 -1
108.5764 1.4 -65.4557 0 0 1
109.3864 1.4 -65.4557 0 0 1
108.5764 1.35 -65.75569 0 -0.00015259 -1
109.3864 1.35 -65.75569 0 -0.00015259 -1
108.5764 1.35 -65.4557 0 0 1
109.3864 1.35 -65.4557 0 0 1
108.5764 1.15 -65.95603 0 0.00015259 -1
109.3864 1.15 -65.95603 0 0.00015259 -1
108.5764 1.15 -65.65603 0 0 1
109.3864 1.15 -65.65603 0 0 1
108.5764 1.1 -65.95604 0 0.00015259 -1
109.3864 1.1 -65.95604 0 0.00015259 -1
108.5764 1.1 -65.65603 0 0 1
109.3864 1.1 -65.65603 0 0 1
108.5764 0.899998 -66.15495 0 0 -1
109.3864 0.899998 -66.15495 0 0 -1
108.5764 0.899998 -65.85495 0 0 1
109.3864 0.899998 -65.85495 0 0 1
108.5764 0.849998 -66.15495 0 0 -1
109.3864 0.849998 -66.15495 0 0 -1
108.5764 0.849998 -65.85495 0 0 1
109.3864 0.849998 -65.85495 0 0 1
108.5764 0.649998 -66.41495 0 0 -1
109.3864 0.649998 -66.41495 0 0 -1
108.5764 0.649998 -66.11495 0 0 1
109.3864 0.649998 -66.11495 0 0 1
108.5764 0.599998 -66.41495 0 0 -1
109.3864 0.599998 -66.41495 0 0 -1
108.5764 0.599998 -66.11495 0 0 1
109.3864 0.599998 -66.11495 0 0 1
108.5764 0.399998 -66.62995 0 0 -1
109.3864 0.399998 -66.62995 0 0 -1
108.5764 0.399998 -66.32995 0 0 1
109.3864 0.399998 -66.32995 0 0 1
108.5764 0.349998 -66.62995 0 0 -1
109.3864 0.349998 -66.62995 0 0 -1
108.5764 0.349998 -66.32995 0 0 1
109.3864 0.349998 -66.32995 0 0 1
108.5764 0.149998 -66.81334 0 0 -1
109.3864 0.149998 -66.81334 0 0 -1
108.5764 0.149998 -66.51334 0 0 1
109.3864 0.149998 -66.51334 0 0 1
108.5764 0.0999985 -66.81334 0 0 -1
109.3864 0.0999985 -66.81334 0 0 -1
108.5764 0.0999985 -66.51334 0 0 1
109.3864 0.0999985 -66.51334 0 0 1
128.47141 0.1357 -66.87621 0 -0.765936 -0.642917
128.47141 0.1357 -66.87621 0 0.642798 -0.766036
128.47141 -0.0572014 -66.6464 0 -0.765936 -0.642917
128.47141 -0.0572014 -66.6464 0 -0.642785 0.766047
128.47141 3.1998 -64.30506 0 0.642798 -0.766036
128.47141 3.007 -64.07525 0 -0.642785 0.766047
128.47141 3.007 -64.07525 0 0.766105 0.642715
128.3714 0.1357 -66.87621 0 -0.765936 -0.642917
128.3714 0.1357 -66.87621 0 0.642798 -0.766036
128.3714 -0.0572014 -66.6464 0 -0.765936 -0.642917
128.3714 -0.0572014 -66.6464 0 -0.642785 0.766047
128.3714 3.1998 -64.30506 0 0.766105 0.642715
128.3714 3.1998 -64.30506 0 0.642798 -0.766036
128.3714 3.007 -64.07525 0 -0.642785 0.766047
128.3714 3.007 -64.07525 0 0.766105 0.642715
127.5779 2.9 -64.55496 7.39314e-07 -0.000293203 -1
128.38791 2.9 -64.55495 1.88377e-05 0 -1
127.5779 2.9 -64.25495 0 0 1
128.38791 2.9 -64.25495 0 0 1
127.5779 2.85 -64.55495 0 -0.00030518 -1
128.38791 2.85 -64.55495 1.80984e-05 -1.19773e-05 -1
127.5779 2.85 -64.25495 0 0 1
128.38791 2.85 -64.25495 0 0 1
127.5779 2.65 -64.75495 0 0 -1
128.38791 2.65 -64.75495 0 0 -1
127.5779 2.65 -64.45495 0 -0.00015259 1
128.38791 2.65 -64.45495 0 -0.00015259 1
127.5779 2.6 -64.75495 0 0 -1
128.38791 2.6 -64.75495 0 0 -1
127.5779 2.6 -64.45496 0 -0.00015259 1
128.38791 2.6 -64.45496 0 -0.00015259 1
127.5779 2.4 -64.95495 0 0 -1
128.38791 2.4 -64.95495 0 0 -1
127.5779 2.4 -64.65495 0 0 1
128.38791 2.4 -64.65495 0 0 1
127.5779 2.35 -64.95495 0 0 -1
128.38791 2.35 -64.95495 0 0 -1
127.5779 2.35 -64.65495 0 0 1
128.38791 2.35 -64.65495 0 0 1
127.5779 2.15 -65.15534 0 0 -1
128.38791 2.15 -65.15534 0 0 -1
127.5779 2.15 -64.85534 0 0 1
128.38791 2.15 -64.85534 0 0 1
127.5779 2.1 -65.15534 0 0 -1
128.38791 2.1 -65.15534 0 0 -1
127.5779 2.1 -64.85534 0 0 1
128.38791 2.1 -64.85534 0 0 1
127.5779 1.9 -65.35525 0 0.00030518 -1
128.38791 1.9 -65.35525 0 0.00030518 -1
127.5779 1.9 -65.05525 0 0 1
128.38791 1.9 -65.05525 0 0 1
127.5779 1.85 -65.35526 0 0.00030518 -1
128.38791 1.85 -65.35526 0 0.00030518 -1
127.5779 1.85 -65.05525 0 0 1
128.38791 1.85 -65.05525 0 0 1
127.47141 0.1357 -66.87621 0 -0.765947 -0.642904
127.47141 0.1357 -66.87621 0 0.642798 -0.766036
127.47141 -0.0572014 -66.64639 0 -0.765947 -0.642904
127.47141 -0.0572014 -66.64639 0 -0.642785 0.766047
127.47141 3.1998 -64.30506 0 0.642798 -0.766036
127.47141 3.007 -64.07524 0 -0.642785 0.766047
127.5714 0.1357 -66.87621 0 -0.765947 -0.642904
127.5714 0.1357 -66.87621 0 0.642798 -0.766036
127.5714 -0.0572014 -66.64639 0 -0.765947 -0.642904
127.5714 -0.0572014 -66.64639 0 -0.642785 0.766047
127.5714 3.1998 -64.30506 0 0.642798 -0.766036
127.5714 3.007 -64.07524 0 -0.642785 0.766047
127.5779 1.65 -65.55559 0 0 -1
128.38791 1.65 -65.55559 0 0 -1
127.5779 1.65 -65.25559 0 0 1
128.38791 1.65 -65.25559 0 0 1
127.5779 1.6 -65.55559 0 0 -1
128.38791 1.6 -65.55559 0 0 -1
127.5779 1.6 -65.25559 0 0 1
128.38791 1.6 -65.25559 0 0 1
127.5779 1.4 -65.7557 0 0 -1
128.38791 1.4 -65.7557 0 0 -1
127.5779 1.4 -65.4557 0 0 1
128.38791 1.4 -65.4557 0 0 1
127.5779 1.35 -65.7557 0 0 -1
128.38791 1.35 -65.7557 0 0 -1
127.5779 1.35 -65.4557 0 0 1
128.38791 1.35 -65.4557 0 0 1
127.5779 1.15 -65.95603 0 0.00015259 -1
128.38791 1.15 -65.95603 0 0.00015259 -1
127.5779 1.15 -65.65604 0 0 1
128.38791 1.15 -65.65604 0 0 1
127.5779 1.1 -65.95604 0 0.00015259 -1
128.38791 1.1 -65.95604 0 0.00015259 -1
127.5779 1.1 -65.65604 0 0 1
128.38791 1.1 -65.65604 0 0 1
127.5779 0.899998 -66.15495 0 0 -1
128.38791 0.899998 -66.15495 0 0 -1
127.5779 0.899998 -65.85495 0 0 1
128.38791 0.899998 -65.85495 0 0 1
127.5779 0.849998 -66.15495 0 0 -1
128.38791 0.849998 -66.15495 0 0 -1
127.5779 0.849998 -65.85495 0 0 1
128.38791 0.849998 -65.85495 0 0 1
127.5779 0.649998 -66.41495 0 0 -1
128.38791 0.649998 -66.41495 0 0 -1
127.5779 0.649998 -66.11495 0 0 1
128.38791 0.649998 -66.11495 0 0 1
127.5779 0.599998 -66.41495 0 0 -1
128.38791 0.599998 -66.41495 0 0 -1
127.5779 0.599998 -66.11495 0 0 1
128.38791 0.599998 -66.11495 0 0 1
127.5779 0.399998 -66.62995 0 0 -1
128.38791 0.399998 -66.62995 0 0 -1
127.5779 0.399998 -66.32995 0 0 1
128.38791 0.399998 -66.32995 0 0 1
127.5779 0.349998 -66.62995 0 0 -1
128.38791 0.349998 -66.62995 0 0 -1
127.5779 0.349998 -66.32995 0 0 1
128.38791 0.349998 -66.32995 0 0 1
127.5779 0.149998 -66.81334 0 0 -1
128.38791 0.149998 -66.81334 0 0 -1
127.5779 0.149998 -66.51334 0 0 1
128.38791 0.149998 -66.51334 0 0 1
127.5779 0.0999985 -66.81334 0 0 -1
128.38791 0.0999985 -66.81334 0 0 -1
127.5779 0.0999985 -66.51334 0 0 1
128.38791 0.0999985 -66.51334 0 0 1
119.49 3.1085 -63.10488 -0.70707 0.707144 0
118.5355 2.1541 -63.10488 -0.70707 0.707144 0
117.5811 3.1085 -63.10488 0.707107 0.707107 0
118.4685 2.0091 -63.10488 -0.70718 -0.707033 0
118.4681 -0.0662003 -63.10488 -1 0.000191167 0
118.618 2.0246 -63.10488 1 0 0
119.596 3.0025 -63.10488 0.707068 -0.707145 0
119.49 3.1085 -63.25488 -0.70707 0.707144 0
118.5355 2.1541 -63.25488 -0.70707 0.707144 0
117.5811 3.1085 -63.25488 0.707107 0.707107 0
118.4685 2.0091 -63.25488 -0.70718 -0.707033 0
118.4681 -0.0662003 -63.25488 -1 0.000191167 0
118.618 2.0246 -63.25488 1 0 0
119.596 3.0025 -63.25488 0.707068 -0.707145 0
128.3199 -0.00370026 -64.29859 -1 0 0
128.3199 -0.00370026 -64.14859 -1 0 0
128.3199 3.0963 -64.29859 -1 0 0
128.3199 3.0963 -64.14859 -1 0 0
128.46989 -0.00370026 -64.29859 1 0 0
128.46989 -0.00370026 -64.14859 1 0 0
128.46989 3.0963 -64.29859 1 0 0
128.46989 3.0963 -64.14859 1 0 0
128.3542 1.5863 -64.21211 -1 0 0
128.3542 1.5465 -64.1485 -1 0 0
128.3542 3.0534 -63.29535 -1 0 0
128.3542 3.0137 -63.23174 -1 0 0
128.4292 1.5863 -64.21211 1 0 0
128.4292 1.5465 -64.1485 1 0 0
128.4292 3.0534 -63.29535 1 0 0
128.4292 3.0137 -63.23174 1 0 0
128.3542 0.0363007 -64.21211 -1 0 0
128.3542 -0.00350189 -64.1485 -1 0 0
128.3542 1.5034 -63.29535 -1 0 0
128.3542 1.4637 -63.23174 -1 0 0
128.4292 0.0363007 -64.21211 1 0 0
128.4292 -0.00350189 -64.1485 1 0 0
128.4292 1.5034 -63.29535 1 0 0
128.4292 1.4637 -63.23174 1 0 0
128.3199 -0.00370026 -63.25752 -1 0 0
128.3199 -0.00370026 -63.10752 -1 0 0
128.3199 3.0963 -63.25752 -1 0 0
128.3199 3.0963 -63.10752 -1 0 0
128.46989 -0.00370026 -63.25752 1 0 0
128.46989 -0.00370026 -63.10752 1 0 0
128.46989 3.0963 -63.25752 1 0 0
128.46989 3.0963 -63.10752 1 0 0
128.3542 1.4625 -63.14685 -1 0 0
128.3542 1.5375 -63.14685 -1 0 0
128.3542 1.4625 -64.24685 -1 0 0
128.3542 1.5375 -64.24685 -1 0 0
128.4292 1.4625 -63.14685 1 0 0
128.4292 1.5375 -63.14685 1 0 0
128.4292 1.4625 -64.24685 1 0 0
128.4292 1.5375 -64.24685 1 0 0
108.4714 -0.00370026 -63.25752 -1 0 0
108.4714 -0.00370026 -63.10752 -1 0 0
108.4714 3.0963 -63.25752 -1 0 0
108.4714 3.0963 -63.10752 -1 0 0
108.6214 -0.00370026 -63.25752 1 0 0
108.6214 -0.00370026 -63.10752 1 0 0
108.6214 3.0963 -63.25752 1 0 0
108.6214 3.0963 -63.10752 1 0 0
108.4714 -0.00370026 -64.29859 -1 0 0
108.4714 -0.00370026 -64.14859 -1 0 0
108.4714 3.0963 -64.29859 -1 0 0
108.4714 3.0963 -64.14859 -1 0 0
108.6214 -0.00370026 -64.29859 1 0 0
108.6214 -0.00370026 -64.14859 1 0 0
108.6214 3.0963 -64.29859 1 0 0
108.6214 3.0963 -64.14859 1 0 0
108.5042 0.0363007 -64.21211 -1 0 0
108.5042 -0.00350189 -64.1485 -1 0 0
108.5042 1.5034 -63.29535 -1 0 0
108.5042 1.4637 -63.23174 -1 0 0
108.5792 0.0363007 -64.21211 1 0 0
108.5792 -0.00350189 -64.1485 1 0 0
108.5792 1.5034 -63.29535 1 0 0
108.5792 1.4637 -63.23174 1 0 0
108.5042 1.4625 -63.14685 -1 0 0
108.5042 1.5375 -63.14685 -1 0 0
108.5042 1.4625 -64.24685 -1 0 0
108.5042 1.5375 -64.24685 -1 0 0
108.5792 1.4625 -63.14685 1 0 0
108.5792 1.5375 -63.14685 1 0 0
108.5792 1.4625 -64.24685 1 0 0
108.5792 1.5375 -64.24685 1 0 0
108.5042 1.5863 -64.21211 -1 0 0
108.5042 1.5465 -64.1485 -1 0 0
108.5042 3.0534 -63.29535 -1 0 0
108.5042 3.0137 -63.23174 -1 0 0
108.5792 1.5863 -64.21211 1 0 0
108.5792 1.5465 -64.1485 1 0 0
108.5792 3.0534 -63.29535 1 0 0
108.5792 3.0137 -63.23174 1 0 0
108.4714 3 -64.30496 0 -1 0
128.47141 3 -64.30495 0 -1 0
108.4714 3 -63.10496 0 -1 0
128.47141 3 -63.10496 0 -1 0
108.4714 3.2 -64.30496 0 1 0
128.47141 3.2 -64.30495 0 1 0
108.4714 3.2 -63.10496 0 1 0
128.47141 3.2 -63.10496 0 1 0
119.49 3.1085 -64.14782 -0.70707 0.707144 0
118.5355 2.1541 -64.14782 -0.70707 0.707144 0
117.5811 3.1085 -64.14782 0.707107 0.707107 0
118.4685 2.0091 -64.14782 -0.70718 -0.707033 0
118.4681 -0.0662003 -64.14783 -1 0.000191167 0
118.618 2.0246 -64.14782 1 0 0
119.596 3.0025 -64.14782 0.707068 -0.707145 0
119.49 3.1085 -64.29782 -0.70707 0.707144 0
118.5355 2.1541 -64.29782 -0.70707 0.707144 0
117.5811 3.1085 -64.29782 0.707107 0.707107 0
118.4685 2.0091 -64.29782 -0.70718 -0.707033 0
118.4681 -0.0662003 -64.29783 -1 0.000191167 0
118.618 2.0246 -64.29782 1 0 0
119.596 3.0025 -64.29782 0.707068 -0.707145 0
119.49 3.1085 -63.10488 0 0 1
118.5355 2.1541 -63.10488 0.707107 0.707107 0
118.5355 2.1541 -63.10488 0 0 1
117.5811 3.1085 -63.10488 0 0 1
117.4752 3.0026 -63.10488 -0.70718 -0.707033 0
117.4752 3.0026 -63.10488 0 0 1
118.4685 2.0091 -63.10488 -1 0.000191167 0
118.4685 2.0091 -63.10488 0 0 1
118.4681 -0.0662003 -63.10488 0 0 1
118.618 -0.0661011 -63.10488 1 0 0
118.618 -0.0661011 -63.10488 0 0 1
118.618 2.0246 -63.10488 0.707068 -0.707145 0
118.618 2.0246 -63.10488 0 0 1
119.596 3.0025 -63.10488 0 0 1
119.49 3.1085 -63.25488 0 0 -1
118.5355 2.1541 -63.25488 0.707107 0.707107 0
118.5355 2.1541 -63.25488 0 0 -1
117.5811 3.1085 -63.25488 0 0 -1
117.4752 3.0026 -63.25488 -0.70718 -0.707033 0
117.4752 3.0026 -63.25488 0 0 -1
118.4685 2.0091 -63.25488 -1 0.000191167 0
118.4685 2.0091 -63.25488 0 0 -1
118.4681 -0.0662003 -63.25488 0 0 -1
118.618 -0.0661011 -63.25488 1 0 0
118.618 -0.0661011 -63.25488 0 0 -1
118.618 2.0246 -63.25488 0.707068 -0.707145 0
118.618 2.0246 -63.25488 0 0 -1
119.596 3.0025 -63.25488 0 0 -1
128.3199 -0.00370026 -64.29859 0 0 -1
128.3199 -0.00370026 -64.14859 0 0 1
128.3199 3.0963 -64.29859 0 0 -1
128.3199 3.0963 -64.14859 0 0 1
128.46989 -0.00370026 -64.29859 0 0 -1
128.46989 -0.00370026 -64.14859 0 0 1
128.46989 3.0963 -64.29859 0 0 -1
128.46989 3.0963 -64.14859 0 0 1
128.3542 1.5863 -64.21211 0 0.529927 -0.848043
128.3542 1.5465 -64.1485 0 -0.5299 0.84806
128.3542 3.0534 -63.29535 0 0.529927 -0.848043
128.3542 3.0137 -63.23174 0 -0.5299 0.84806
128.4292 1.5863 -64.21211 0 0.529927 -0.848043
128.4292 1.5465 -64.1485 0 -0.5299 0.84806
128.4292 3.0534 -63.29535 0 0.529927 -0.848043
128.4292 3.0137 -63.23174 0 -0.5299 0.84806
128.3542 0.0363007 -64.21211 0 0.529927 -0.848043
128.3542 -0.00350189 -64.1485 0 -0.529899 0.848061
128.3542 1.5034 -63.29535 0 0.529927 -0.848043
128.3542 1.4637 -63.23174 0 -0.529899 0.848061
128.4292 0.0363007 -64.21211 0 0.529927 -0.848043
128.4292 -0.00350189 -64.1485 0 -0.529899 0.848061
128.4292 1.5034 -63.29535 0 0.529927 -0.848043
128.4292 1.4637 -63.23174 0 -0.529899 0.848061
128.3199 -0.00370026 -63.25752 0 0 -1
128.3199 -0.00370026 -63.10752 0 0 1
128.3199 3.0963 -63.25752 0 0 -1
128.3199 3.0963 -63.10752 0 0 1
128.46989 -0.00370026 -63.25752 0 0 -1
128.46989 -0.00370026 -63.10752 0 0 1
128.46989 3.0963 -63.25752 0 0 -1
128.46989 3.0963 -63.10752 0 0 1
128.3542 1.4625 -63.14685 0 -1 0
128.3542 1.5375 -63.14685 0 1 0
128.3542 1.4625 -64.24685 0 -1 0
128.3542 1.5375 -64.24685 0 1 0
128.4292 1.4625 -63.14685 0 -1 0
128.4292 1.5375 -63.14685 0 1 0
128.4292 1.4625 -64.24685 0 -1 0
128.4292 1.5375 -64.24685 0 1 0
108.4714 -0.00370026 -63.25752 0 0 -1
108.4714 -0.00370026 -63.10752 0 0 1
108.4714 3.0963 -63.25752 0 0 -1
108.4714 3.0963 -63.10752 0 0 1
108.6214 -0.00370026 -63.25752 0 0 -1
108.6214 -0.00370026 -63.10752 0 0 1
108.6214 3.0963 -63.25752 0 0 -1
108.6214 3.0963 -63.10752 0 0 1
108.4714 -0.00370026 -64.29859 0 0 -1
108.4714 -0.00370026 -64.14859 0 0 1
108.4714 3.0963 -64.29859 0 0 -1
108.4714 3.0963 -64.14859 0 0 1
108.6214 -0.00370026 -64.29859 0 0 -1
108.6214 -0.00370026 -64.14859 0 0 1
108.6214 3.0963 -64.29859 0 0 -1
108.6214 3.0963 -64.14859 0 0 1
108.5042 0.0363007 -64.21211 0 0.529927 -0.848043
108.5042 -0.00350189 -64.1485 0 -0.529899 0.848061
108.5042 1.5034 -63.29535 0 0.529927 -0.848043
108.5042 1.4637 -63.23174 0 -0.529899 0.848061
108.5792 0.0363007 -64.21211 0 0.529927 -0.848043
108.5792 -0.00350189 -64.1485 0 -0.529899 0.848061
108.5792 1.5034 -63.29535 0 0.529927 -0.848043
108.5792 1.4637 -63.23174 0 -0.529899 0.848061
108.5042 1.4625 -63.14685 0 -1 0
108.5042 1.5375 -63.14685 0 1 0
108.5042 1.4625 -64.24685 0 -1 0
108.5042 1.5375 -64.24685 0 1 0
108.5792 1.4625 -63.14685 0 -1 0
108.5792 1.5375 -63.14685 0 1 0
108.5792 1.4625 -64.24685 0 -1 0
108.5792 1.5375 -64.24685 0 1 0
108.5042 1.5863 -64.21211 0 0.529927 -0.848043
108.5042 1.5465 -64.1485 0 -0.5299 0.84806
108.5042 3.0534 -63.29535 0 0.529927 -0.848043
108.5042 3.0137 -63.23174 0 -0.5299 0.84806
108.5792 1.5863 -64.21211 0 0.529927 -0.848043
108.5792 1.5465 -64.1485 0 -0.5299 0.84806
108.5792 3.0534 -63.29535 0 0.529927 -0.848043
108.5792 3.0137 -63.23174 0 -0.5299 0.84806
108.4714 3 -64.30496 7.62939e-07 0 -1
108.4714 3 -64.30496 -1 0 0
128.47141 3 -64.30495 7.62939e-07 0 -1
128.47141 3 -64.30495 1 0 0
108.4714 3 -63.10496 0 0 1
108.4714 3 -63.10496 -1 0 0
128.47141 3 -63.10496 1 0 0
128.47141 3 -63.10496 0 0 1
108.4714 3.2 -64.30496 7.62939e-07 0 -1
108.4714 3.2 -64.30496 -1 0 0
128.47141 3.2 -64.30495 7.62939e-07 0 -1
128.47141 3.2 -64.30495 1 0 0
108.4714 3.2 -63.10496 0 0 1
108.4714 3.2 -63.10496 -1 0 0
128.47141 3.2 -63.10496 1 0 0
128.47141 3.2 -63.10496 0 0 1
119.49 3.1085 -64.14782 0 0 1
118.5355 2.1541 -64.14782 0.707107 0.707107 0
118.5355 2.1541 -64.14782 0 0 1
117.5811 3.1085 -64.14782 0 0 1
117.4752 3.0026 -64.14782 -0.70718 -0.707033 0
117.4752 3.0026 -64.14782 0 0 1
118.4685 2.0091 -64.14782 -1 0.000191167 0
118.4685 2.0091 -64.14782 1.54437e-07 -1.55634e-06 1
118.4681 -0.0662003 -64.14783 2.43252e-09 -3.67629e-06 1
118.618 -0.0661011 -64.14783 1 0 0
118.618 -0.0661011 -64.14783 1.96393e-08 -3.67505e-06 1
118.618 2.0246 -64.14782 0.707068 -0.707145 0
118.618 2.0246 -64.14782 1.41409e-07 -1.36364e-06 1
119.596 3.0025 -64.14782 0 0 1
119.49 3.1085 -64.29782 0 0 -1
118.5355 2.1541 -64.29782 0.707107 0.707107 0
118.5355 2.1541 -64.29782 0 0 -1
117.5811 3.1085 -64.29782 0 0 -1
117.4752 3.0026 -64.29782 -0.70718 -0.707033 0
117.4752 3.0026 -64.29782 0 0 -1
118.4685 2.0091 -64.29782 -1 0.000191167 0
118.4685 2.0091 -64.29782 -1.54437e-07 1.55634e-06 -1
118.4681 -0.0662003 -64.29783 -2.43252e-09 3.67629e-06 -1
118.618 -0.0661011 -64.29783 1 0 0
118.618 -0.0661011 -64.29783 -1.96393e-08 3.67505e-06 -1
118.618 2.0246 -64.29782 0.707068 -0.707145 0
118.618 2.0246 -64.29782 -1.41409e-07 1.36364e-06 -1
119.596 3.0025 -64.29782 0 0 -1
127.4742 4.3001 -64.30437 0 1 0
127.4742 4.3001 -64.29237 0 1 0
109.4642 4.3001 -64.30437 0 1 0
109.4642 4.3001 -64.29237 0 1 0
127.4742 4.2481 -64.30437 0 -1 0
127.4742 4.2481 -64.29237 0 -1 0
109.4642 4.2481 -64.30437 0 -1 0
109.4642 4.2481 -64.29237 0 -1 0
126.4703 3.1 -64.30425 -1 0 0
126.4703 3.1 -64.29225 -1 0 0
126.4703 4.3 -64.30425 -1 0 0
126.4703 4.3 -64.29225 -1 0 0
126.5223 3.1 -64.30425 1 0 0
126.5223 3.1 -64.29225 1 0 0
126.5223 4.3 -64.30425 1 0 0
126.5223 4.3 -64.29225 1 0 0
127.4742 3.7 -64.30437 0 1 0
127.4742 3.7 -64.29237 0 1 0
109.4642 3.7 -64.30437 0 1 0
109.4642 3.7 -64.29238 0 1 0
127.4742 3.648 -64.30437 0 -1 0
127.4742 3.648 -64.29237 0 -1 0
109.4642 3.648 -64.30437 0 -1 0
109.4642 3.648 -64.29238 0 -1 0
124.4703 3.1 -64.30437 1 0 0
124.4703 3.1 -64.29237 1 0 0
124.4703 4.3 -64.30437 1 0 0
124.4703 4.3 -64.29237 1 0 0
124.4183 3.1 -64.30437 -1 0 0
124.4183 3.1 -64.29237 -1 0 0
124.4183 4.3 -64.30437 -1 0 0
124.4183 4.3 -64.29237 -1 0 0
122.4703 3.1 -64.30437 1 0 0
122.4703 3.1 -64.29237 1 0 0
122.4703 4.3 -64.30437 1 0 0
122.4703 4.3 -64.29237 1 0 0
122.4183 3.1 -64.30437 -1 0 0
122.4183 3.1 -64.29237 -1 0 0
122.4183 4.3 -64.30437 -1 0 0
122.4183 4.3 -64.29237 -1 0 0
120.4703 3.1 -64.30437 -1 0 0
120.4703 3.1 -64.29237 -1 0 0
120.4703 4.3 -64.30437 -1 0 0
120.4703 4.3 -64.29237 -1 0 0
120.5223 3.1 -64.30437 1 0 0
120.5223 3.1 -64.29237 1 0 0
120.5223 4.3 -64.30437 1 0 0
120.5223 4.3 -64.29237 1 0 0
118.4703 3.1 -64.30438 1 0 0
118.4703 3.1 -64.29238 1 0 0
118.4703 4.3 -64.30438 1 0 0
118.4703 4.3 -64.29238 1 0 0
118.4183 3.1 -64.30438 -1 0 0
118.4183 3.1 -64.29238 -1 0 0
118.4183 4.3 -64.30438 -1 0 0
118.4183 4.3 -64.29238 -1 0 0
116.4703 3.1 -64.30437 -1 0 0
116.4703 3.1 -64.29237 -1 0 0
116.4703 4.3 -64.30437 -1 0 0
116.4703 4.3 -64.29237 -1 0 0
116.5223 3.1 -64.30437 1 0 0
116.5223 3.1 -64.29237 1 0 0
116.5223 4.3 -64.30437 1 0 0
116.5223 4.3 -64.29237 1 0 0
114.4703 3.1 -64.30437 1 0 0
114.4703 3.1 -64.29237 1 0 0
114.4703 4.3 -64.30437 1 0 0
114.4703 4.3 -64.29237 1 0 0
114.4183 3.1 -64.30437 -1 0 0
114.4183 3.1 -64.29237 -1 0 0
114.4183 4.3 -64.30437 -1 0 0
114.4183 4.3 -64.29237 -1 0 0
112.4703 3.1 -64.30437 -1 0 0
112.4703 3.1 -64.29237 -1 0 0
112.4703 4.3 -64.30437 -1 0 0
112.4703 4.3 -64.29237 -1 0 0
112.5223 3.1 -64.30437 1 0 0
112.5223 3.1 -64.29237 1 0 0
112.5223 4.3 -64.30437 1 0 0
112.5223 4.3 -64.29237 1 0 0
110.4703 3.1 -64.30437 1 0 0
110.4703 3.1 -64.29237 1 0 0
110.4703 4.3 -64.30437 1 0 0
110.4703 4.3 -64.29237 1 0 0
110.4183 3.1 -64.30437 -1 0 0
110.4183 3.1 -64.29237 -1 0 0
110.4183 4.3 -64.30437 -1 0 0
110.4183 4.3 -64.29237 -1 0 0
109.4701 3.1 -64.30335 1 0 0
109.4701 3.1 -64.29136 1 0 0
109.4701 4.3 -64.30335 1 0 0
109.4701 4.3 -64.29136 1 0 0
109.3701 3.1 -64.30335 -1 0 0
109.3701 3.1 -64.29136 -1 0 0
109.3701 4.3 -64.30335 -1 0 0
109.3701 4.3 -64.29136 -1 0 0
127.5713 3.1 -64.30435 1 0 0
127.5713 3.1 -64.29235 1 0 0
127.5713 4.3 -64.30435 1 0 0
127.5713 4.3 -64.29235 1 0 0
127.4713 3.1 -64.30435 -1 0 0
127.4713 3.1 -64.29235 -1 0 0
127.4713 4.3 -64.30435 -1 0 0
127.4713 4.3 -64.29235 -1 0 0
127.4742 4.3001 -64.30437 0 0 -1
127.4742 4.3001 -64.29237 0 0 1
109.4642 4.3001 -64.30437 0 0 -1
109.4642 4.3001 -64.29237 0 0 1
127.4742 4.2481 -64.30437 0 0 -1
127.4742 4.2481 -64.29237 0 0 1
109.4642 4.2481 -64.30437 0 0 -1
109.4642 4.2481 -64.29237 0 0 1
126.4703 3.1 -64.30425 0 0 -1
126.4703 3.1 -64.29225 0 0 1
126.4703 4.3 -64.30425 0 0 -1
126.4703 4.3 -64.29225 0 0 1
126.5223 3.1 -64.30425 0 0 -1
126.5223 3.1 -64.29225 0 0 1
126.5223 4.3 -64.30425 0 0 -1
126.5223 4.3 -64.29225 0 0 1
127.4742 3.7 -64.30437 0 0 -1
127.4742 3.7 -64.29237 -4.2362e-07 0 1
109.4642 3.7 -64.30437 0 0 -1
109.4642 3.7 -64.29238 -4.2362e-07 0 1
127.4742 3.648 -64.30437 0 0 -1
127.4742 3.648 -64.29237 -4.2362e-07 0 1
109.4642 3.648 -64.30437 0 0 -1
109.4642 3.648 -64.29238 -4.2362e-07 0 1
124.4703 3.1 -64.30437 0 0 -1
124.4703 3.1 -64.29237 0 0 1
124.4703 4.3 -64.30437 0 0 -1
124.4703 4.3 -64.29237 0 0 1
124.4183 3.1 -64.30437 0 0 -1
124.4183 3.1 -64.29237 0 0 1
124.4183 4.3 -64.30437 0 0 -1
124.4183 4.3 -64.29237 0 0 1
122.4703 3.1 -64.30437 0 0 -1
122.4703 3.1 -64.29237 0 0 1
122.4703 4.3 -64.30437 0 0 -1
122.4703 4.3 -64.29237 0 0 1
122.4183 3.1 -64.30437 0 0 -1
122.4183 3.1 -64.29237 0 0 1
122.4183 4.3 -64.30437 0 0 -1
122.4183 4.3 -64.29237 0 0 1
120.4703 3.1 -64.30437 0 0 -1
120.4703 3.1 -64.29237 0 0 1
120.4703 4.3 -64.30437 0 0 -1
120.4703 4.3 -64.29237 0 0 1
120.5223 3.1 -64.30437 0 0 -1
120.5223 3.1 -64.29237 0 0 1
120.5223 4.3 -64.30437 0 0 -1
120.5223 4.3 -64.29237 0 0 1
118.4703 3.1 -64.30438 0 0 -1
118.4703 3.1 -64.29238 0 0 1
118.4703 4.3 -64.30438 0 0 -1
118.4703 4.3 -64.29238 0 0 1
118.4183 3.1 -64.30438 0 0 -1
118.4183 3.1 -64.29238 0 0 1
118.4183 4.3 -64.30438 0 0 -1
118.4183 4.3 -64.29238 0 0 1
116.4703 3.1 -64.30437 0 0 -1
116.4703 3.1 -64.29237 0 0 1
116.4703 4.3 -64.30437 0 0 -1
116.4703 4.3 -64.29237 0 0 1
116.5223 3.1 -64.30437 0 0 -1
116.5223 3.1 -64.29237 0 0 1
116.5223 4.3 -64.30437 0 0 -1
116.5223 4.3 -64.29237 0 0 1
114.4703 3.1 -64.30437 0 0 -1
114.4703 3.1 -64.29237 0 0 1
114.4703 4.3 -64.30437 0 0 -1
114.4703 4.3 -64.29237 0 0 1
114.4183 3.1 -64.30437 0 0 -1
114.4183 3.1 -64.29237 0 0 1
114.4183 4.3 -64.30437 0 0 -1
114.4183 4.3 -64.29237 0 0 1
112.4703 3.1 -64.30437 0 0 -1
112.4703 3.1 -64.29237 0 0 1
112.4703 4.3 -64.30437 0 0 -1
112.4703 4.3 -64.29237 0 0 1
112.5223 3.1 -64.30437 0 0 -1
112.5223 3.1 -64.29237 0 0 1
112.5223 4.3 -64.30437 0 0 -1
112.5223 4.3 -64.29237 0 0 1
110.4703 3.1 -64.30437 0 0 -1
110.4703 3.1 -64.29237 0 0 1
110.4703 4.3 -64.30437 0 0 -1
110.4703 4.3 -64.29237 0 0 1
110.4183 3.1 -64.30437 0 0 -1
110.4183 3.1 -64.29237 0 0 1
110.4183 4.3 -64.30437 0 0 -1
110.4183 4.3 -64.29237 0 0 1
109.4701 3.1 -64.30335 0 0 -1
109.4701 3.1 -64.29136 0 0 1
109.4701 4.3 -64.30335 0 1 0
109.4701 4.3 -64.30335 0 0 -1
109.4701 4.3 -64.29136 0 0 1
109.4701 4.3 -64.29136 0 1 0
109.3701 3.1 -64.30335 0 0 -1
109.3701 3.1 -64.29136 0 0 1
109.3701 4.3 -64.30335 0 1 0
109.3701 4.3 -64.30335 0 0 -1
109.3701 4.3 -64.29136 0 0 1
109.3701 4.3 -64.29136 0 1 0
127.5713 3.1 -64.30435 0 0 -1
127.5713 3.1 -64.29235 0 0 1
127.5713 4.3 -64.30435 0 1 0
127.5713 4.3 -64.30435 0 0 -1
127.5713 4.3 -64.29235 0 0 1
127.5713 4.3 -64.29235 0 1 0
127.4713 3.1 -64.30435 0 0 -1
127.4713 3.1 -64.29235 0 0 1
127.4713 4.3 -64.30435 0 1 0
127.4713 4.3 -64.30435 0 0 -1
127.4713 4.3 -64.29235 0 0 1
127.4713 4.3 -64.29235 0 1 0
128.4707 1.3355 -66.87602 0 0.655439 -0.755248
128.45869 1.3355 -66.87602 0 0.655439 -0.755248
128.4707 4.3 -64.30329 0 0.655439 -0.755248
128.45869 4.3 -64.30329 0 0.655439 -0.755248
128.4707 1.302 -66.83618 0 -0.655427 0.755259
128.45869 1.302 -66.83618 0 -0.655427 0.755259
128.4707 4.2666 -64.26345 0 -0.655427 0.755259
128.45869 4.2666 -64.26345 0 -0.655427 0.755259
128.4707 0.740299 -66.87602 0 0.655428 -0.755258
128.45869 0.740299 -66.87602 0 0.655428 -0.755258
128.4707 3.7049 -64.30328 0 0.655428 -0.755258
128.45869 3.7049 -64.30328 0 0.655428 -0.755258
128.4707 0.706898 -66.83618 0 -0.655426 0.755259
128.45869 0.706898 -66.83618 0 -0.655426 0.755259
128.4707 3.6715 -64.26345 0 -0.655426 0.755259
128.45869 3.6715 -64.26345 0 -0.655426 0.755259
128.4707 1.4702 -65.70245 0 0 -1
128.45869 1.4702 -65.70245 0 0 -1
128.4707 2.6702 -65.70245 0 0 -1
128.45869 2.6702 -65.70245 0 0 -1
128.4707 1.4702 -65.65045 0 0 1
128.45869 1.4702 -65.65045 0 0 1
128.4707 2.6702 -65.65045 0 0 1
128.45869 2.6702 -65.65045 0 0 1
128.4707 0.135799 -66.87613 0 0 -1
128.45869 0.135799 -66.87613 0 0 -1
128.4707 1.3358 -66.87613 0 0 -1
128.45869 1.3358 -66.87613 0 0 -1
128.4707 0.135799 -66.82413 0 0 1
128.45869 0.135799 -66.82413 0 0 1
128.4707 1.3358 -66.82413 0 0 1
128.45869 1.3358 -66.82413 0 0 1
127.4837 0.135799 -66.87613 0 0 -1
127.47169 0.135799 -66.87613 0 0 -1
127.4837 1.3358 -66.87613 0 0 -1
127.47169 1.3358 -66.87613 0 0 -1
127.4837 0.135799 -66.82413 0 0 1
127.47169 0.135799 -66.82413 0 0 1
127.4837 1.3358 -66.82413 0 0 1
127.47169 1.3358 -66.82413 0 0 1
127.4837 1.3355 -66.87602 0 0.65544 -0.755247
127.47169 1.3355 -66.87602 0 0.65544 -0.755247
127.4837 4.3 -64.30328 0 0.65544 -0.755247
127.47169 4.3 -64.30328 0 0.65544 -0.755247
127.4837 1.302 -66.83618 0 -0.655427 0.755259
127.47169 1.302 -66.83618 0 -0.655427 0.755259
127.4837 4.2666 -64.26345 0 -0.655427 0.755259
127.47169 4.2666 -64.26345 0 -0.655427 0.755259
127.4837 1.4702 -65.70245 0 0 -1
127.47169 1.4702 -65.70245 0 0 -1
127.4837 2.6702 -65.70245 0 0 -1
127.47169 2.6702 -65.70245 0 0 -1
127.4837 1.4702 -65.65045 0 0 1
127.47169 1.4702 -65.65045 0 0 1
127.4837 2.6702 -65.65045 0 0 1
127.47169 2.6702 -65.65045 0 0 1
127.4837 0.740299 -66.87602 0 0.655427 -0.755259
127.47169 0.740299 -66.87602 0 0.655427 -0.755259
127.4837 3.7049 -64.30329 0 0.655427 -0.755259
127.47169 3.7049 -64.30329 0 0.655427 -0.755259
127.4837 0.706898 -66.83618 0 -0.655426 0.755259
127.47169 0.706898 -66.83618 0 -0.655426 0.755259
127.4837 3.6715 -64.26345 0 -0.655426 0.755259
127.47169 3.6715 -64.26345 0 -0.655426 0.755259
128.4584 4.3 -64.30301 0 1 0
128.4704 4.3 -64.30301 0 1 0
128.4584 4.3 -63.11301 0 1 0
128.4704 4.3 -63.11301 0 1 0
128.4584 4.248 -64.30301 0 -1 0
128.4704 4.248 -64.30301 0 -1 0
128.4584 4.248 -63.11301 0 -1 0
128.4704 4.248 -63.11301 0 -1 0
128.4705 3.1 -64.30335 1 0 0
128.4705 3.1 -64.29135 1 0 0
128.4705 4.3 -64.30335 1 0 0
128.4705 4.3 -64.29135 1 0 0
128.3705 3.1 -64.30335 -1 0 0
128.3705 3.1 -64.29135 -1 0 0
128.3705 4.3 -64.30335 -1 0 0
128.3705 4.3 -64.29135 -1 0 0
128.4584 3.7 -64.30301 0 1 0
128.4704 3.7 -64.30301 0 1 0
128.4584 3.7 -63.11301 0 1 0
128.4704 3.7 -63.11301 0 1 0
128.4584 3.648 -64.30301 0 -1 0
128.4704 3.648 -64.30301 0 -1 0
128.4584 3.648 -63.11301 0 -1 0
128.4704 3.648 -63.11301 0 -1 0
128.47141 3.1 -63.11993 1 0 0
128.47141 3.1 -63.10793 1 0 0
128.47141 4.3 -63.11993 1 0 0
128.47141 4.3 -63.10793 1 0 0
128.4194 3.1 -63.11993 -1 0 0
128.4194 3.1 -63.10793 -1 0 0
128.4194 4.3 -63.11993 -1 0 0
128.4194 4.3 -63.10793 -1 0 0
128.4642 3.7 -63.11993 0 1 0
128.4642 3.7 -63.10793 0 1 0
108.4742 3.7 -63.11993 0 1 0
108.4742 3.7 -63.10794 0 1 0
128.4642 3.648 -63.11993 0 -1 0
128.4642 3.648 -63.10793 0 -1 0
108.4742 3.648 -63.11994 0 -1 0
108.4742 3.648 -63.10794 0 -1 0
128.4642 4.3001 -63.11993 0 1 0
128.4642 4.3001 -63.10793 0 1 0
108.4742 4.3001 -63.11994 0 1 0
108.4742 4.3001 -63.10794 0 1 0
128.4642 4.2481 -63.11993 0 -1 0
128.4642 4.2481 -63.10793 0 -1 0
108.4742 4.2481 -63.11994 0 -1 0
108.4742 4.2481 -63.10794 0 -1 0
126.4703 3.1 -63.11993 -1 0 0
126.4703 3.1 -63.10793 -1 0 0
126.4703 4.3 -63.11993 -1 0 0
126.4703 4.3 -63.10793 -1 0 0
126.5223 3.1 -63.11993 1 0 0
126.5223 3.1 -63.10793 1 0 0
126.5223 4.3 -63.11993 1 0 0
126.5223 4.3 -63.10793 1 0 0
124.4703 3.1 -63.11993 1 0 0
124.4703 3.1 -63.10793 1 0 0
124.4703 4.3 -63.11994 1 0 0
124.4703 4.3 -63.10793 1 0 0
124.4183 3.1 -63.11993 -1 0 0
124.4183 3.1 -63.10793 -1 0 0
124.4183 4.3 -63.11994 -1 0 0
124.4183 4.3 -63.10793 -1 0 0
122.4703 3.1 -63.11993 1 0 0
122.4703 3.1 -63.10793 1 0 0
122.4703 4.3 -63.11993 1 0 0
122.4703 4.3 -63.10793 1 0 0
122.4183 3.1 -63.11993 -1 0 0
122.4183 3.1 -63.10793 -1 0 0
122.4183 4.3 -63.11993 -1 0 0
122.4183 4.3 -63.10793 -1 0 0
120.4703 3.1 -63.11993 -1 0 0
120.4703 3.1 -63.10793 -1 0 0
120.4703 4.3 -63.11993 -1 0 0
120.4703 4.3 -63.10793 -1 0 0
120.5223 3.1 -63.11993 1 0 0
120.5223 3.1 -63.10793 1 0 0
120.5223 4.3 -63.11993 1 0 0
120.5223 4.3 -63.10793 1 0 0
118.4703 3.1 -63.11993 1 0 0
118.4703 3.1 -63.10793 1 0 0
118.4703 4.3 -63.11993 1 0 0
118.4703 4.3 -63.10793 1 0 0
118.4183 3.1 -63.11993 -1 0 0
118.4183 3.1 -63.10793 -1 0 0
118.4183 4.3 -63.11993 -1 0 0
118.4183 4.3 -63.10793 -1 0 0
116.4703 3.1 -63.11993 -1 0 0
116.4703 3.1 -63.10793 -1 0 0
116.4703 4.3 -63.11994 -1 0 0
116.4703 4.3 -63.10793 -1 0 0
116.5223 3.1 -63.11993 1 0 0
116.5223 3.1 -63.10793 1 0 0
116.5223 4.3 -63.11994 1 0 0
116.5223 4.3 -63.10793 1 0 0
114.4703 3.1 -63.11993 1 0 0
114.4703 3.1 -63.10793 1 0 0
114.4703 4.3 -63.11994 1 0 0
114.4703 4.3 -63.10793 1 0 0
114.4183 3.1 -63.11993 -1 0 0
114.4183 3.1 -63.10793 -1 0 0
114.4183 4.3 -63.11994 -1 0 0
114.4183 4.3 -63.10793 -1 0 0
112.4703 3.1 -63.11993 -1 0 0
112.4703 3.1 -63.10793 -1 0 0
112.4703 4.3 -63.11994 -1 0 0
112.4703 4.3 -63.10793 -1 0 0
112.5223 3.1 -63.11993 1 0 0
112.5223 3.1 -63.10793 1 0 0
112.5223 4.3 -63.11994 1 0 0
112.5223 4.3 -63.10793 1 0 0
110.4703 3.1 -63.11993 1 0 0
110.4703 3.1 -63.10793 1 0 0
110.4703 4.3 -63.11993 1 0 0
110.4703 4.3 -63.10793 1 0 0
110.4183 3.1 -63.11993 -1 0 0
110.4183 3.1 -63.10793 -1 0 0
110.4183 4.3 -63.11993 -1 0 0
110.4183 4.3 -63.10793 -1 0 0
108.4714 3.1 -63.11993 -1 0 0
108.4714 3.1 -63.10793 -1 0 0
108.4714 4.3 -63.11993 -1 0 0
108.4714 4.3 -63.10793 -1 0 0
108.5234 3.1 -63.11993 1 0 0
108.5234 3.1 -63.10793 1 0 0
108.5234 4.3 -63.11993 1 0 0
108.5234 4.3 -63.10793 1 0 0
108.4714 4.3 -64.30301 0 1 0
108.4834 4.3 -64.30301 0 1 0
108.4714 4.3 -63.11301 0 1 0
108.4834 4.3 -63.11301 0 1 0
108.4714 4.248 -64.30301 0 -1 0
108.4834 4.248 -64.30301 0 -1 0
108.4714 4.248 -63.11301 0 -1 0
108.4834 4.248 -63.11301 0 -1 0
108.4714 3.7 -64.30301 0 1 0
108.4834 3.7 -64.30301 0 1 0
108.4714 3.7 -63.11301 0 1 0
108.4834 3.7 -63.11301 0 1 0
108.4714 3.648 -64.30301 0 -1 0
108.4834 3.648 -64.30301 0 -1 0
108.4714 3.648 -63.11301 0 -1 0
108.4834 3.648 -63.11301 0 -1 0
108.5715 3.1 -64.30334 1 0 0
108.5715 3.1 -64.29135 1 0 0
108.5715 4.3 -64.30335 1 0 0
108.5715 4.3 -64.29135 1 0 0
108.4715 3.1 -64.30334 -1 0 0
108.4715 3.1 -64.29135 -1 0 0
108.4715 4.3 -64.30335 -1 0 0
108.4715 4.3 -64.29135 -1 0 0
109.4699 1.3355 -66.87601 0 0.655438 -0.755249
109.4579 1.3355 -66.87601 0 0.655438 -0.755249
109.4699 4.3 -64.30328 0 0.655438 -0.755249
109.4579 4.3 -64.30328 0 0.655438 -0.755249
109.4699 1.302 -66.83618 0 -0.655427 0.755259
109.4579 1.302 -66.83618 0 -0.655427 0.755259
109.4699 4.2666 -64.26345 0 -0.655427 0.755259
109.4579 4.2666 -64.26345 0 -0.655427 0.755259
109.4699 0.740299 -66.87601 0 0.655426 -0.75526
109.4579 0.740299 -66.87601 0 0.655426 -0.75526
109.4699 3.7049 -64.30328 0 0.655426 -0.75526
109.4579 3.7049 -64.30328 0 0.655426 -0.75526
109.4699 0.706898 -66.83618 0 -0.655426 0.755259
109.4579 0.706898 -66.83618 0 -0.655426 0.755259
109.4699 3.6715 -64.26345 0 -0.655426 0.755259
109.4579 3.6715 -64.26345 0 -0.655426 0.755259
109.4699 1.4702 -65.70245 0 0 -1
109.4579 1.4702 -65.70245 0 0 -1
109.4699 2.6702 -65.70245 0 0 -1
109.4579 2.6702 -65.70245 0 0 -1
109.4699 1.4702 -65.65045 0 0 1
109.4579 1.4702 -65.65045 0 0 1
109.4699 2.6702 -65.65045 0 0 1
109.4579 2.6702 -65.65045 0 0 1
109.4699 0.135799 -66.87613 0 0 -1
109.4579 0.135799 -66.87613 0 0 -1
109.4699 1.3358 -66.87613 0 0 -1
109.4579 1.3358 -66.87613 0 0 -1
109.4699 0.135799 -66.82413 0 0 1
109.4579 0.135799 -66.82413 0 0 1
109.4699 1.3358 -66.82413 0 0 1
109.4579 1.3358 -66.82413 0 0 1
108.4774 0.135799 -66.87613 0 0 -1
108.4654 0.135799 -66.87613 0 0 -1
108.4774 1.3358 -66.87613 0 0 -1
108.4654 1.3358 -66.87613 0 0 -1
108.4774 0.135799 -66.82413 0 0 1
108.4654 0.135799 -66.82413 0 0 1
108.4774 1.3358 -66.82413 0 0 1
108.4654 1.3358 -66.82413 0 0 1
108.4774 1.3355 -66.87601 0 0.655438 -0.755249
108.4654 1.3355 -66.87601 0 0.655438 -0.755249
108.4774 4.3 -64.30328 0 0.655438 -0.755249
108.4654 4.3 -64.30328 0 0.655438 -0.755249
108.4774 1.302 -66.83618 0 -0.655427 0.755259
108.4654 1.302 -66.83618 0 -0.655427 0.755259
108.4774 4.2666 -64.26345 0 -0.655427 0.755259
108.4654 4.2666 -64.26345 0 -0.655427 0.755259
108.4774 1.4702 -65.70245 0 0 -1
108.4654 1.4702 -65.70245 0 0 -1
108.4774 2.6702 -65.70245 0 0 -1
108.4654 2.6702 -65.70245 0 0 -1
108.4774 1.4702 -65.65045 0 0 1
108.4654 1.4702 -65.65045 0 0 1
108.4774 2.6702 -65.65045 0 0 1
108.4654 2.6702 -65.65045 0 0 1
108.4774 0.740299 -66.87601 0 0.655426 -0.75526
108.4654 0.740299 -66.87601 0 0.655426 -0.75526
108.4774 3.7049 -64.30328 0 0.655426 -0.75526
108.4654 3.7049 -64.30328 0 0.655426 -0.75526
108.4774 0.706898 -66.83618 0 -0.655426 0.755259
108.4654 0.706898 -66.83618 0 -0.655426 0.755259
108.4774 3.6715 -64.26345 0 -0.655426 0.755259
108.4654 3.6715 -64.26345 0 -0.655426 0.755259
128.4707 1.3355 -66.87602 1 0 0
128.45869 1.3355 -66.87602 -1 0 0
128.4707 4.3 -64.30329 1 0 0
128.45869 4.3 -64.30329 -1 0 0
128.4707 1.302 -66.83618 1 0 0
128.45869 1.302 -66.83618 -1 0 0
128.4707 4.2666 -64.26345 1 0 0
128.45869 4.2666 -64.26345 -1 0 0
128.4707 0.740299 -66.87602 1 0 0
128.45869 0.740299 -66.87602 -1 0 0
128.4707 3.7049 -64.30329 1 0 0
128.45869 3.7049 -64.30329 -1 0 0
128.4707 0.706898 -66.83618 1 0 0
128.45869 0.706898 -66.83618 -1 0 0
128.4707 3.6715 -64.26345 1 0 0
128.45869 3.6715 -64.26345 -1 0 0
128.4707 1.4702 -65.70245 1 0 0
128.45869 1.4702 -65.70245 -1 0 0
128.4707 2.6702 -65.70245 1 0 0
128.45869 2.6702 -65.70245 -1 0 0
128.4707 1.4702 -65.65045 1 0 0
128.45869 1.4702 -65.65045 -1 0 0
128.4707 2.6702 -65.65045 1 0 0
128.45869 2.6702 -65.65045 -1 0 0
128.4707 0.135799 -66.87613 1 0 0
128.45869 0.135799 -66.87613 -1 0 0
128.4707 1.3358 -66.87613 1 0 0
128.45869 1.3358 -66.87613 -1 0 0
128.4707 0.135799 -66.82413 1 0 0
128.45869 0.135799 -66.82413 -1 0 0
128.4707 1.3358 -66.82413 1 0 0
128.45869 1.3358 -66.82413 -1 0 0
127.4837 0.135799 -66.87613 1 0 0
127.47169 0.135799 -66.87613 -1 0 0
127.4837 1.3358 -66.87613 1 0 0
127.47169 1.3358 -66.87613 -1 0 0
127.4837 0.135799 -66.82413 1 0 0
127.47169 0.135799 -66.82413 -1 0 0
127.4837 1.3358 -66.82413 1 0 0
127.47169 1.3358 -66.82413 -1 0 0
127.4837 1.3355 -66.87602 1 0 0
127.47169 1.3355 -66.87602 -1 0 0
127.4837 4.3 -64.30328 1 0 0
127.47169 4.3 -64.30328 -1 0 0
127.4837 1.302 -66.83618 1 0 0
127.47169 1.302 -66.83618 -1 0 0
127.4837 4.2666 -64.26345 1 0 0
127.47169 4.2666 -64.26345 -1 0 0
127.4837 1.4702 -65.70245 1 0 0
127.47169 1.4702 -65.70245 -1 0 0
127.4837 2.6702 -65.70245 1 0 0
127.47169 2.6702 -65.70245 -1 0 0
127.4837 1.4702 -65.65045 1 0 0
127.47169 1.4702 -65.65045 -1 0 0
127.4837 2.6702 -65.65045 1 0 0
127.47169 2.6702 -65.65045 -1 0 0
127.4837 0.740299 -66.87602 1 0 0
127.47169 0.740299 -66.87602 -1 0 0
127.4837 3.7049 -64.30329 1 0 0
127.47169 3.7049 -64.30329 -1 0 0
127.4837 0.706898 -66.83618 1 0 0
127.47169 0.706898 -66.83618 -1 0 0
127.4837 3.6715 -64.26345 1 0 0
127.47169 3.6715 -64.26345 -1 0 0
128.4584 4.3 -64.30301 -1 0 0
128.4704 4.3 -64.30301 1 0 0
128.4584 4.3 -63.11301 -1 0 0
128.4704 4.3 -63.11301 1 0 0
128.4584 4.248 -64.30301 -1 0 0
128.4704 4.248 -64.30301 1 0 0
128.4584 4.248 -63.11301 -1 0 0
128.4704 4.248 -63.11301 1 0 0
128.4705 3.1 -64.30335 0 0 -1
128.4705 3.1 -64.29135 0 0 1
128.4705 4.3 -64.30335 0 1 0
128.4705 4.3 -64.30335 0 0 -1
128.4705 4.3 -64.29135 0 0 1
128.4705 4.3 -64.29135 0 1 0
128.3705 3.1 -64.30335 0 0 -1
128.3705 3.1 -64.29135 0 0 1
128.3705 4.3 -64.30335 0 1 0
128.3705 4.3 -64.30335 0 0 -1
128.3705 4.3 -64.29135 0 0 1
128.3705 4.3 -64.29135 0 1 0
128.4584 3.7 -64.30301 -1 0 0
128.4704 3.7 -64.30301 1 0 0
128.4584 3.7 -63.11301 -1 0 0
128.4704 3.7 -63.11301 1 0 0
128.4584 3.648 -64.30301 -1 0 0
128.4704 3.648 -64.30301 1 0 0
128.4584 3.648 -63.11301 -1 0 0
128.4704 3.648 -63.11301 1 0 0
128.47141 3.1 -63.11993 0 0 -1
128.47141 3.1 -63.10793 0 0 1
128.47141 4.3 -63.11993 0 0 -1
128.47141 4.3 -63.10793 0 0 1
128.4194 3.1 -63.11993 0 0 -1
128.4194 3.1 -63.10793 0 0 1
128.4194 4.3 -63.11993 0 0 -1
128.4194 4.3 -63.10793 0 0 1
128.4642 3.7 -63.11993 5.72491e-07 0 -1
128.4642 3.7 -63.10793 -5.72491e-07 0 1
108.4742 3.7 -63.11994 5.72491e-07 0 -1
108.4742 3.7 -63.10794 -5.72491e-07 0 1
128.4642 3.648 -63.11993 5.72491e-07 0 -1
128.4642 3.648 -63.10793 -5.72491e-07 0 1
108.4742 3.648 -63.11994 5.72491e-07 0 -1
108.4742 3.648 -63.10794 -5.72491e-07 0 1
128.4642 4.3001 -63.11993 5.72491e-07 0 -1
128.4642 4.3001 -63.10793 -5.72491e-07 0 1
108.4742 4.3001 -63.11994 5.72491e-07 0 -1
108.4742 4.3001 -63.10794 -5.72491e-07 0 1
128.4642 4.2481 -63.11993 5.72491e-07 0 -1
128.4642 4.2481 -63.10793 -5.72491e-07 0 1
108.4742 4.2481 -63.11994 5.72491e-07 0 -1
108.4742 4.2481 -63.10794 -5.72491e-07 0 1
126.4703 3.1 -63.11993 0 -9.53674e-06 -1
126.4703 3.1 -63.10793 0 0 1
126.4703 4.3 -63.11994 0 -9.53674e-06 -1
126.4703 4.3 -63.10793 0 0 1
126.5223 3.1 -63.11993 0 -9.53674e-06 -1
126.5223 3.1 -63.10793 0 0 1
126.5223 4.3 -63.11994 0 -9.53674e-06 -1
126.5223 4.3 -63.10793 0 0 1
124.4703 3.1 -63.11993 0 -9.53674e-06 -1
124.4703 3.1 -63.10793 0 0 1
124.4703 4.3 -63.11994 0 -9.53674e-06 -1
124.4703 4.3 -63.10793 0 0 1
124.4183 3.1 -63.11993 0 -9.53674e-06 -1
124.4183 3.1 -63.10793 0 0 1
124.4183 4.3 -63.11994 0 -9.53674e-06 -1
124.4183 4.3 -63.10793 0 0 1
122.4703 3.1 -63.11993 0 0 -1
122.4703 3.1 -63.10793 0 0 1
122.4703 4.3 -63.11993 0 0 -1
122.4703 4.3 -63.10793 0 0 1
122.4183 3.1 -63.11993 0 0 -1
122.4183 3.1 -63.10793 0 0 1
122.4183 4.3 -63.11993 0 0 -1
122.4183 4.3 -63.10793 0 0 1
120.4703 3.1 -63.11993 0 -9.53674e-06 -1
120.4703 3.1 -63.10793 0 0 1
120.4703 4.3 -63.11994 0 -9.53674e-06 -1
120.4703 4.3 -63.10793 0 0 1
120.5223 3.1 -63.11993 0 -9.53674e-06 -1
120.5223 3.1 -63.10793 0 0 1
120.5223 4.3 -63.11994 0 -9.53674e-06 -1
120.5223 4.3 -63.10793 0 0 1
118.4703 3.1 -63.11993 0 -9.53674e-06 -1
118.4703 3.1 -63.10793 0 0 1
118.4703 4.3 -63.11994 0 -9.53674e-06 -1
118.4703 4.3 -63.10793 0 0 1
118.4183 3.1 -63.11993 0 -9.53674e-06 -1
118.4183 3.1 -63.10793 0 0 1
118.4183 4.3 -63.11994 0 -9.53674e-06 -1
118.4183 4.3 -63.10793 0 0 1
116.4703 3.1 -63.11993 0 -9.53674e-06 -1
116.4703 3.1 -63.10793 0 0 1
116.4703 4.3 -63.11994 0 -9.53674e-06 -1
116.4703 4.3 -63.10793 0 0 1
116.5223 3.1 -63.11993 0 -9.53674e-06 -1
116.5223 3.1 -63.10793 0 0 1
116.5223 4.3 -63.11994 0 -9.53674e-06 -1
116.5223 4.3 -63.10793 0 0 1
114.4703 3.1 -63.11993 0 -9.53674e-06 -1
114.4703 3.1 -63.10793 0 0 1
114.4703 4.3 -63.11994 0 -9.53674e-06 -1
114.4703 4.3 -63.10793 0 0 1
114.4183 3.1 -63.11993 0 -9.53674e-06 -1
114.4183 3.1 -63.10793 0 0 1
114.4183 4.3 -63.11994 0 -9.53674e-06 -1
114.4183 4.3 -63.10793 0 0 1
112.4703 3.1 -63.11993 0 -9.53674e-06 -1
112.4703 3.1 -63.10793 0 0 1
112.4703 4.3 -63.11994 0 -9.53674e-06 -1
112.4703 4.3 -63.10793 0 0 1
112.5223 3.1 -63.11993 0 -9.53674e-06 -1
112.5223 3.1 -63.10793 0 0 1
112.5223 4.3 -63.11994 0 -9.53674e-06 -1
112.5223 4.3 -63.10793 0 0 1
110.4703 3.1 -63.11993 0 -9.53674e-06 -1
110.4703 3.1 -63.10793 0 0 1
110.4703 4.3 -63.11994 0 -9.53674e-06 -1
110.4703 4.3 -63.10793 0 0 1
110.4183 3.1 -63.11993 0 -9.53674e-06 -1
110.4183 3.1 -63.10793 0 0 1
110.4183 4.3 -63.11994 0 -9.53674e-06 -1
110.4183 4.3 -63.10793 0 0 1
108.4714 3.1 -63.11993 0 -9.53674e-06 -1
108.4714 3.1 -63.10793 0 0 1
108.4714 4.3 -63.11994 0 -9.53674e-06 -1
108.4714 4.3 -63.10793 0 0 1
108.5234 3.1 -63.11993 0 -9.53674e-06 -1
108.5234 3.1 -63.10793 0 0 1
108.5234 4.3 -63.11994 0 -9.53674e-06 -1
108.5234 4.3 -63.10793 0 0 1
108.4714 4.3 -64.30301 -1 0 0
108.4834 4.3 -64.30301 1 0 0
108.4714 4.3 -63.11301 -1 0 0
108.4834 4.3 -63.11301 1 0 0
108.4714 4.248 -64.30301 -1 0 0
108.4834 4.248 -64.30301 1 0 0
108.4714 4.248 -63.11301 -1 0 0
108.4834 4.248 -63.11301 1 0 0
108.4714 3.7 -64.30301 -1 0 0
108.4834 3.7 -64.30301 1 0 0
108.4714 3.7 -63.11301 -1 0 0
108.4834 3.7 -63.11301 1 0 0
108.4714 3.648 -64.30301 -1 0 0
108.4834 3.648 -64.30301 1 0 0
108.4714 3.648 -63.11301 -1 0 0
108.4834 3.648 -63.11301 1 0 0
108.5715 3.1 -64.30334 0 -1.27156e-05 -1
108.5715 3.1 -64.29135 0 0 1
108.5715 4.3 -64.30335 0 1 0
108.5715 4.3 -64.30335 0 -1.27156e-05 -1
108.5715 4.3 -64.29135 0 0 1
108.5715 4.3 -64.29135 0 1 0
108.4715 3.1 -64.30334 0 -1.27156e-05 -1
108.4715 3.1 -64.29135 0 0 1
108.4715 4.3 -64.30335 0 1 0
108.4715 4.3 -64.30335 0 -1.27156e-05 -1
108.4715 4.3 -64.29135 0 0 1
108.4715 4.3 -64.29135 0 1 0
109.4699 1.3355 -66.87602 1 0 0
109.4579 1.3355 -66.87602 -1 0 0
109.4699 4.3 -64.30328 1 0 0
109.4579 4.3 -64.30328 -1 0 0
109.4699 1.302 -66.83618 1 0 0
109.4579 1.302 -66.83618 -1 0 0
109.4699 4.2666 -64.26345 1 0 0
109.4579 4.2666 -64.26345 -1 0 0
109.4699 0.740299 -66.87601 1 0 0
109.4579 0.740299 -66.87601 -1 0 0
109.4699 3.7049 -64.30328 1 0 0
109.4579 3.7049 -64.30328 -1 0 0
109.4699 0.706898 -66.83618 1 0 0
109.4579 0.706898 -66.83618 -1 0 0
109.4699 3.6715 -64.26345 1 0 0
109.4579 3.6715 -64.26345 -1 0 0
109.4699 1.4702 -65.70245 1 0 0
109.4579 1.4702 -65.70245 -1 0 0
109.4699 2.6702 -65.70245 1 0 0
109.4579 2.6702 -65.70245 -1 0 0
109.4699 1.4702 -65.65045 1 0 0
109.4579 1.4702 -65.65045 -1 0 0
109.4699 2.6702 -65.65045 1 0 0
109.4579 2.6702 -65.65045 -1 0 0
109.4699 0.135799 -66.87613 1 0 0
109.4579 0.135799 -66.87613 -1 0 0
109.4699 1.3358 -66.87613 1 0 0
109.4579 1.3358 -66.87613 -1 0 0
109.4699 0.135799 -66.82413 1 0 0
109.4579 0.135799 -66.82413 -1 0 0
109.4699 1.3358 -66.82413 1 0 0
109.4579 1.3358 -66.82413 -1 0 0
108.4774 0.135799 -66.87613 1 0 0
108.4654 0.135799 -66.87613 -1 0 0
108.4774 1.3358 -66.87613 1 0 0
108.4654 1.3358 -66.87613 -1 0 0
108.4774 0.135799 -66.82413 1 0 0
108.4654 0.135799 -66.82413 -1 0 0
108.4774 1.3358 -66.82413 1 0 0
108.4654 1.3358 -66.82413 -1 0 0
108.4774 1.3355 -66.87602 1 0 0
108.4654 1.3355 -66.87602 -1 0 0
108.4774 4.3 -64.30328 1 0 0
108.4654 4.3 -64.30328 -1 0 0
108.4774 1.302 -66.83618 1 0 0
108.4654 1.302 -66.83618 -1 0 0
108.4774 4.2666 -64.26345 1 0 0
108.4654 4.2666 -64.26345 -1 0 0
108.4774 1.4702 -65.70245 1 0 0
108.4654 1.4702 -65.70245 -1 0 0
108.4774 2.6702 -65.70245 1 0 0
108.4654 2.6702 -65.70245 -1 0 0
108.4774 1.4702 -65.65045 1 0 0
108.4654 1.4702 -65.65045 -1 0 0
108.4774 2.6702 -65.65045 1 0 0
108.4654 2.6702 -65.65045 -1 0 0
108.4774 0.740299 -66.87601 1 0 0
108.4654 0.740299 -66.87601 -1 0 0
108.4774 3.7049 -64.30328 1 0 0
108.4654 3.7049 -64.30328 -1 0 0
108.4774 0.706898 -66.83618 1 0 0
108.4654 0.706898 -66.83618 -1 0 0
108.4774 3.6715 -64.26345 1 0 0
108.4654 3.6715 -64.26345 -1 0 0
0 2 3
3 1 0
4 5 7
7 6 4
224 226 232
232 230 224
227 229 235
235 233 227
228 225 231
231 234 228
8 10 11
11 9 8
12 13 15
15 14 12
236 237 241
241 240 236
239 238 242
242 243 239
16 18 19
19 17 16
20 21 23
23 22 20
244 245 249
249 248 244
247 246 250
250 251 247
24 26 27
27 25 24
28 29 31
31 30 28
252 253 257
257 256 252
255 254 258
258 259 255
32 34 35
35 33 32
36 37 39
39 38 36
260 261 265
265 264 260
263 262 266
266 267 263
40 42 43
43 41 40
44 45 47
47 46 44
268 269 273
273 272 268
271 270 274
274 275 271
48 51 50
51 48 49
52 55 53
55 52 54
276 284 278
284 276 282
279 287 281
287 279 285
280 283 277
283 280 286
56 58 59
59 57 56
60 61 63
63 62 60
288 289 293
293 292 288
291 290 294
294 295 291
64 66 67
67 65 64
68 69 71
71 70 68
296 297 301
301 300 296
299 298 302
302 303 299
72 74 75
75 73 72
76 77 79
79 78 76
304 305 309
309 308 304
307 306 310
310 311 307
80 82 83
83 81 80
84 85 87
87 86 84
312 313 317
317 316 312
315 314 318
318 319 315
88 90 91
91 89 88
92 93 95
95 94 92
320 321 325
325 324 320
323 322 326
326 327 323
96 98 99
99 97 96
100 101 103
103 102 100
328 329 333
333 332 328
331 330 334
334 335 331
104 106 107
107 105 104
108 109 111
111 110 108
336 337 341
341 340 336
339 338 342
342 343 339
112 114 115
115 113 112
116 117 119
119 118 116
344 346 353
353 351 344
347 349 357
357 354 347
355 358 350
348 345 352
352 356 348
120 122 123
123 121 120
124 125 127
127 126 124
359 360 364
364 363 359
362 361 365
365 366 362
128 130 131
131 129 128
132 133 135
135 134 132
367 368 372
372 371 367
370 369 373
373 374 370
136 138 139
139 137 136
140 141 143
143 142 140
375 376 380
380 379 375
378 377 381
381 382 378
144 146 147
147 145 144
148 149 151
151 150 148
383 384 388
388 387 383
386 385 389
389 390 386
152 154 155
155 153 152
156 157 159
159 158 156
391 392 396
396 395 391
394 393 397
397 398 394
160 163 162
163 160 161
164 167 165
167 164 166
399 407 401
407 399 405
402 410 404
410 402 408
403 406 400
406 403 409
168 170 171
171 169 168
172 173 175
175 174 172
411 412 416
416 415 411
414 413 417
417 418 414
176 178 179
179 177 176
180 181 183
183 182 180
419 420 424
424 423 419
422 421 425
425 426 422
184 186 187
187 185 184
188 189 191
191 190 188
427 428 432
432 431 427
430 429 433
433 434 430
192 194 195
195 193 192
196 197 199
199 198 196
435 436 440
440 439 435
438 437 441
441 442 438
200 202 203
203 201 200
204 205 207
207 206 204
443 444 448
448 447 443
446 445 449
449 450 446
208 210 211
211 209 208
212 213 215
215 214 212
451 452 456
456 455 451
454 453 457
457 458 454
216 218 219
219 217 216
220 221 223
223 222 220
459 460 464
464 463 459
462 461 465
465 466 462
467 475 468
467 474 475
584 476 469
584 598 476
587 477 470
587 601 477
589 478 471
589 603 478
592 479 472
592 606 479
594 480 473
594 608 480
590 591 593
590 593 595
595 596 583
595 583 585
590 595 585
588 590 585
588 585 586
604 607 605
604 609 607
609 597 610
609 599 597
604 599 609
602 599 604
602 600 599
481 484 483
484 481 482
485 488 486
488 485 487
612 618 614
618 612 616
613 615 611
615 613 617
489 492 491
492 489 490
493 496 494
496 493 495
620 626 622
626 620 624
621 623 619
623 621 625
497 500 499
500 497 498
501 504 502
504 501 503
628 634 630
634 628 632
629 631 627
631 629 633
505 508 507
508 505 506
509 512 510
512 509 511
636 642 638
642 636 640
637 639 635
639 637 641
513 516 515
516 513 514
517 520 518
520 517 519
644 650 646
650 644 648
645 647 643
647 645 649
521 524 523
524 521 522
525 528 526
528 525 527
652 658 654
658 652 656
653 655 651
655 653 657
529 532 531
532 529 530
533 536 534
536 533 535
660 666 662
666 660 664
661 663 659
663 661 665
537 540 539
540 537 538
541 544 542
544 541 543
668 674 670
674 668 672
669 671 667
671 669 673
545 548 547
548 545 546
549 552 550
552 549 551
676 682 678
682 676 680
677 679 675
679 677 681
553 556 555
556 553 554
557 560 558
560 557 559
684 690 686
690 684 688
685 687 683
687 685 689
561 564 563
564 561 562
565 568 566
568 565 567
691 701 693
701 691 699
694 705 697
705 694 702
698 703 695
703 698 706
696 700 692
700 696 704
569 577 570
569 576 577
708 578 571
708 722 578
711 579 572
711 725 579
713 580 573
713 727 580
716 581 574
716 730 581
718 582 575
718 732 582
714 715 717
714 717 719
719 720 707
719 707 709
714 719 709
712 714 709
712 709 710
728 731 729
728 733 731
733 721 734
733 723 721
728 723 733
726 723 728
726 724 723
735 737 738
738 736 735
739 740 742
742 741 739
840 842 846
846 844 840
841 839 843
843 845 841
743 746 745
746 743 744
747 750 748
750 747 749
848 854 850
854 848 852
849 851 847
851 849 853
751 753 754
754 752 751
755 756 758
758 757 755
856 858 862
862 860 856
857 855 859
859 861 857
759 761 762
762 760 759
763 764 766
766 765 763
864 866 870
870 868 864
865 863 867
867 869 865
767 769 770
770 768 767
771 772 774
774 773 771
872 874 878
878 876 872
873 871 875
875 877 873
775 778 777
778 775 776
779 782 780
782 779 781
880 886 882
886 880 884
881 883 879
883 881 885
783 785 786
786 784 783
787 788 790
790 789 787
888 890 894
894 892 888
889 887 891
891 893 889
791 794 793
794 791 792
795 798 796
798 795 797
896 902 898
902 896 900
897 899 895
899 897 901
799 801 802
802 800 799
803 804 806
806 805 803
904 906 910
910 908 904
905 903 907
907 909 905
807 810 809
810 807 808
811 814 812
814 811 813
912 918 914
918 912 916
913 915 911
915 913 917
815 817 818
818 816 815
819 820 822
822 821 819
920 922 926
926 924 920
921 919 923
923 925 921
823 825 826
826 824 823
827 828 830
830 829 827
928 931 937
937 934 928
932 929 935
935 938 932
930 927 933
933 936 930
831 833 834
834 832 831
835 836 838
838 837 835
940 943 949
949 946 940
944 941 947
947 950 944
942 939 945
945 948 942
951 954 953
954 951 952
955 958 956
958 955 957
1232 1238 1234
1238 1232 1236
1233 1235 1231
1235 1233 1237
959 962 961
962 959 960
963 966 964
966 963 965
1240 1246 1242
1246 1240 1244
1241 1243 1239
1243 1241 1245
967 970 969
970 967 968
971 974 972
974 971 973
1248 1254 1250
1254 1248 1252
1249 1251 1247
1251 1249 1253
975 978 977
978 975 976
979 982 980
982 979 981
1256 1262 1258
1262 1256 1260
1257 1259 1255
1259 1257 1261
983 986 985
986 983 984
987 990 988
990 987 989
1264 1270 1266
1270 1264 1268
1265 1267 1263
1267 1265 1269
991 994 993
994 991 992
995 998 996
998 995 997
1272 1278 1274
1278 1272 1276
1273 1275 1271
1275 1273 1277
999 1002 1001
1002 999 1000
1003 1006 1004
1006 1003 1005
1280 1286 1282
1286 1280 1284
1281 1283 1279
1283 1281 1285
1007 1010 1009
1010 1007 1008
1011 1014 1012
1014 1011 1013
1288 1294 1290
1294 1288 1292
1289 1291 1287
1291 1289 1293
1015 1017 1018
1018 1016 1015
1019 1020 1022
1022 1021 1019
1296 1298 1302
1302 1300 1296
1297 1295 1299
1299 1301 1297
1023 1025 1026
1026 1024 1023
1027 1028 1030
1030 1029 1027
1304 1307 1313
1313 1310 1304
1308 1305 1311
1311 1314 1308
1306 1303 1309
1309 1312 1306
1031 1033 1034
1034 1032 1031
1035 1036 1038
1038 1037 1035
1316 1318 1322
1322 1320 1316
1317 1315 1319
1319 1321 1317
1039 1041 1042
1042 1040 1039
1043 1044 1046
1046 1045 1043
1324 1326 1330
1330 1328 1324
1325 1323 1327
1327 1329 1325
1047 1049 1050
1050 1048 1047
1051 1052 1054
1054 1053 1051
1332 1334 1338
1338 1336 1332
1333 1331 1335
1335 1337 1333
1055 1057 1058
1058 1056 1055
1059 1060 1062
1062 1061 1059
1340 1342 1346
1346 1344 1340
1341 1339 1343
1343 1345 1341
1063 1066 1065
1066 1063 1064
1067 1070 1068
1070 1067 1069
1348 1354 1350
1354 1348 1352
1349 1351 1347
1351 1349 1353
1071 1073 1074
1074 1072 1071
1075 1076 1078
1078 1077 1075
1356 1358 1362
1362 1360 1356
1357 1355 1359
1359 1361 1357
1079 1081 1082
1082 1080 1079
1083 1084 1086
1086 1085 1083
1364 1366 1370
1370 1368 1364
1365 1363 1367
1367 1369 1365
1087 1090 1089
1090 1087 1088
1091 1094 1092
1094 1091 1093
1372 1378 1374
1378 1372 1376
1373 1375 1371
1375 1373 1377
1095 1097 1098
1098 1096 1095
1099 1100 1102
1102 1101 1099
1380 1382 1386
1386 1384 1380
1381 1379 1383
1383 1385 1381
1103 1106 1105
1106 1103 1104
1107 1110 1108
1110 1107 1109
1388 1394 1390
1394 1388 1392
1389 1391 1387
1391 1389 1393
1111 1113 1114
1114 1112 1111
1115 1116 1118
1118 1117 1115
1396 1398 1402
1402 1400 1396
1397 1395 1399
1399 1401 1397
1119 1122 1121
1122 1119 1120
1123 1126 1124
1126 1123 1125
1404 1410 1406
1410 1404 1408
1405 1407 1403
1407 1405 1409
1127 1129 1130
1130 1128 1127
1131 1132 1134
1134 1133 1131
1412 1414 1418
1418 1416 1412
1413 1411 1415
1415 1417 1413
1135 1138 1137
1138 1135 1136
1139 1142 1140
1142 1139 1141
1420 1426 1422
1426 1420 1424
1421 1423 1419
1423 1421 1425
1143 1145 1146
1146 1144 1143
1147 1148 1150
1150 1149 1147
1428 1430 1434
1434 1432 1428
1429 1427 1431
1431 1433 1429
1151 1153 1154
1154 1152 1151
1155 1156 1158
1158 1157 1155
1436 1438 1442
1442 1440 1436
1437 1435 1439
1439 1441 1437
1159 1161 1162
1162 1160 1159
1163 1164 1166
1166 1165 1163
1444 1447 1453
1453 1450 1444
1448 1445 1451
1451 1454 1448
1446 1443 1449
1449 1452 1446
1167 1170 1169
1170 1167 1168
1171 1174 1172
1174 1171 1173
1456 1462 1458
1462 1456 1460
1457 1459 1455
1459 1457 1461
1175 1178 1177
1178 1175 1176
1179 1182 1180
1182 1179 1181
1464 1470 1466
1470 1464 1468
1465 1467 1463
1467 1465 1469
1183 1186 1185
1186 1183 1184
1187 1190 1188
1190 1187 1189
1472 1478 1474
1478 1472 1476
1473 1475 1471
1475 1473 1477
1191 1194 1193
1194 1191 1192
1195 1198 1196
1198 1195 1197
1480 1486 1482
1486 1480 1484
1481 1483 1479
1483 1481 1485
1199 1202 1201
1202 1199 1200
1203 1206 1204
1206 1203 1205
1488 1494 1490
1494 1488 1492
1489 1491 1487
1491 1489 1493
1207 1210 1209
1210 1207 1208
1211 1214 1212
1214 1211 1213
1496 1502 1498
1502 1496 1500
1497 1499 1495
1499 1497 1501
1215 1218 1217
1218 1215 1216
1219 1222 1220
1222 1219 1221
1504 1510 1506
1510 1504 1508
1505 1507 1503
1507 1505 1509
1223 1226 1225
1226 1223 1224
1227 1230 1228
1230 1227 1229
1512 1518 1514
1518 1512 1516
1513 1515 1511
1515 1513 1517
LABEL pipe_stands
MATERIAL 1
TEXTURE 0
GEOM 100 50
112.884 5.4199 -39.4596 0 1 0
112.4315 5.4199 -39.247 0 1 0
111.8207 5.4199 -41.7222 0 1 0
111.3682 5.4199 -41.5095 0 1 0
104.3024 5.4199 -35.4262 0 1 0
104.7549 5.4199 -35.6387 0 1 0
103.2391 5.4199 -37.6888 0 1 0
103.6916 5.4199 -37.9014 0 1 0
97.03117 5.4199 -32.0103 0 1 0
96.57864 5.4199 -31.7976 0 1 0
95.96788 5.4199 -34.2729 0 1 0
95.51536 5.4199 -34.0602 0 1 0
88.09261 5.42 -30.5733 0 1 0
87.64009 5.42 -30.3606 0 1 0
89.15591 5.42 -28.3107 0 1 0
88.70338 5.42 -28.0981 0 1 0
80.2474 5.4197 -26.8819 0 1 0
79.7949 5.4197 -26.6693 0 1 0
81.3106 5.4197 -24.6193 0 1 0
80.8581 5.4197 -24.4066 0 1 0
112.884 -0.080101 -39.4596 0.42524 0 0.905081
112.884 -0.080101 -39.4596 0.905042 0 -0.425322
112.4315 -0.080101 -39.247 0.42524 0 0.905081
112.4315 -0.080101 -39.247 -0.905035 0 0.425337
111.8207 -0.080101 -41.7222 -0.425402 0 -0.905004
111.8207 -0.080101 -41.7222 0.905042 0 -0.425322
111.3682 -0.080101 -41.5095 -0.905035 0 0.425337
111.3682 -0.080101 -41.5095 -0.425402 0 -0.905004
112.884 5.4199 -39.4596 0.42524 0 0.905081
112.884 5.4199 -39.4596 0.905042 0 -0.425322
112.4315 5.4199 -39.247 0.42524 0 0.905081
112.4315 5.4199 -39.247 -0.905035 0 0.425337
111.8207 5.4199 -41.7222 -0.425402 0 -0.905004
111.8207 5.4199 -41.7222 0.905042 0 -0.425322
111.3682 5.4199 -41.5095 -0.905035 0 0.425337
111.3682 5.4199 -41.5095 -0.425402 0 -0.905004
104.3024 -0.080101 -35.4262 0.425077 0 0.905157
104.3024 -0.080101 -35.4262 -0.905042 0 0.425322
104.7549 -0.080101 -35.6387 0.425077 0 0.905157
104.7549 -0.080101 -35.6387 0.905049 0 -0.425307
103.2391 -0.080101 -37.6888 -0.425234 0 -0.905084
103.2391 -0.080101 -37.6888 -0.905042 0 0.425322
103.6916 -0.080101 -37.9014 0.905049 0 -0.425307
103.6916 -0.080101 -37.9014 -0.425234 0 -0.905084
104.3024 5.4199 -35.4262 0.425077 0 0.905157
104.3024 5.4199 -35.4262 -0.905042 0 0.425322
104.7549 5.4199 -35.6387 0.425077 0 0.905157
104.7549 5.4199 -35.6387 0.905049 0 -0.425307
103.2391 5.4199 -37.6888 -0.425234 0 -0.905084
103.2391 5.4199 -37.6888 -0.905042 0 0.425322
103.6916 5.4199 -37.9014 0.905049 0 -0.425307
103.6916 5.4199 -37.9014 -0.425234 0 -0.905084
97.03117 -0.080101 -32.0103 0.425379 0 0.905015
97.03117 -0.080101 -32.0103 0.905043 0 -0.425319
96.57864 -0.080101 -31.7976 0.425379 0 0.905015
96.57864 -0.080101 -31.7976 -0.905045 0 0.425317
95.96788 -0.080101 -34.2729 -0.425385 0 -0.905013
95.96788 -0.080101 -34.2729 0.905043 0 -0.425319
95.51536 -0.080101 -34.0602 -0.905045 0 0.425317
95.51536 -0.080101 -34.0602 -0.425385 0 -0.905013
97.03117 5.4199 -32.0103 0.425379 0 0.905015
97.03117 5.4199 -32.0103 0.905043 0 -0.425319
96.57864 5.4199 -31.7976 0.425379 0 0.905015
96.57864 5.4199 -31.7976 -0.905045 0 0.425317
95.96788 5.4199 -34.2729 -0.425385 0 -0.905013
95.96788 5.4199 -34.2729 0.905043 0 -0.425319
95.51536 5.4199 -34.0602 -0.905045 0 0.425317
95.51536 5.4199 -34.0602 -0.425385 0 -0.905013
88.09261 -0.0800018 -30.5733 -0.425385 0 -0.905013
88.09261 -0.0800018 -30.5733 0.905043 0 -0.425319
87.64009 -0.0800018 -30.3606 -0.425385 0 -0.905013
87.64009 -0.0800018 -30.3606 -0.905038 9.14473e-07 0.42533
89.15591 -0.0800018 -28.3107 0.425207 0 0.905096
89.15591 -0.0800018 -28.3107 0.905043 0 -0.425319
88.70337 -0.0800018 -28.0981 -0.905039 1.25544e-06 0.42533
88.70337 -0.0800018 -28.0981 0.425208 -3.40419e-08 0.905096
88.09261 5.42 -30.5733 -0.425385 0 -0.905013
88.09261 5.42 -30.5733 0.905043 0 -0.425319
87.64009 5.42 -30.3606 -0.425385 0 -0.905013
87.64009 5.42 -30.3606 -0.905037 0 0.425332
89.15591 5.42 -28.3107 0.425213 -5.55798e-07 0.905093
89.15591 5.42 -28.3107 0.905043 0 -0.425319
88.70338 5.42 -28.0981 -0.905038 3.40963e-07 0.425331
88.70338 5.42 -28.0981 0.425213 -5.8984e-07 0.905093
80.2474 -0.0802994 -26.8819 -0.42524 0 -0.905081
80.2474 -0.0802994 -26.8819 0.905058 0 -0.425289
79.7949 -0.0802994 -26.6693 -0.42524 0 -0.905081
79.7949 -0.0802994 -26.6693 -0.905065 0 0.425274
81.3106 -0.0802994 -24.6193 0.425402 0 0.905004
81.3106 -0.0802994 -24.6193 0.905058 0 -0.425289
80.8581 -0.0802994 -24.4066 -0.905065 0 0.425274
80.8581 -0.0802994 -24.4066 0.425402 0 0.905004
80.2474 5.4197 -26.8819 -0.42524 0 -0.905081
80.2474 5.4197 -26.8819 0.905058 0 -0.425289
79.7949 5.4197 -26.6693 -0.42524 0 -0.905081
79.7949 5.4197 -26.6693 -0.905065 0 0.425274
81.3106 5.4197 -24.6193 0.425402 0 0.905004
81.3106 5.4197 -24.6193 0.905058 0 -0.425289
80.8581 5.4197 -24.4066 -0.905065 0 0.425274
80.8581 5.4197 -24.4066 0.425402 0 0.905004
0 3 1
3 0 2
20 30 22
30 20 28
23 34 26
34 23 31
27 32 24
32 27 35
25 29 21
29 25 33
4 5 7
7 6 4
36 38 46
46 44 36
39 42 50
50 47 39
43 40 48
48 51 43
41 37 45
45 49 41
8 11 9
11 8 10
52 62 54
62 52 60
55 66 58
66 55 63
59 64 56
64 59 67
57 61 53
61 57 65
12 13 15
15 14 12
68 70 78
78 76 68
71 74 82
82 79 71
75 72 80
80 83 75
73 69 77
77 81 73
16 17 19
19 18 16
84 86 94
94 92 84
87 90 98
98 95 87
91 88 96
96 99 91
89 85 93
93 97 89
LABEL pipes
MATERIAL 1
TEXTURE 0
GEOM 848 1138
119.9626 1.499 -88.9538 0.911737 -1.49581e-05 -0.410775
119.8721 0.986 -88.9538 0.861282 -0.331644 -0.384974
119.6116 0.534798 -88.9538 0.707619 -0.636595 -0.306632
119.2126 0.200001 -88.9538 0.452541 -0.873928 -0.177362
118.723 0.021801 -88.9538 0.123415 -0.992285 -0.0118436
118.2021 0.021801 -88.9538 -0.218973 -0.962704 0.15891
117.7126 0.200001 -88.9538 -0.510315 -0.804826 0.303041
117.3135 0.534798 -88.9538 -0.717623 -0.566633 0.404902
117.053 0.986 -88.9538 -0.837315 -0.290086 0.463415
116.9626 1.499 -88.9538 -0.876016 -1.36822e-05 0.482282
117.053 2.0121 -88.9538 -0.837309 0.290108 0.463412
117.3135 2.4632 -88.9538 -0.717625 0.566629 0.404901
117.7126 2.7981 -88.9538 -0.510332 0.804811 0.303053
118.2021 2.9762 -88.9538 -0.218867 0.962736 0.158858
118.723 2.9762 -88.9538 0.123353 0.992293 -0.0118107
119.2126 2.7981 -88.9538 0.45249 0.87396 -0.177331
119.6116 2.4632 -88.9538 0.70765 0.636552 -0.306648
119.8721 2.0121 -88.9538 0.861272 0.331682 -0.384964
126.7207 1.499 -73.9538 0.978666 6.0331e-07 -0.205459
126.6755 1.2425 -73.9538 0.924295 -0.328307 -0.194659
126.5453 1.0169 -73.9538 0.765296 -0.623024 -0.161748
126.3457 0.849499 -73.9538 0.515088 -0.850527 -0.106247
126.101 0.760399 -73.9538 0.19819 -0.979683 -0.0306959
125.8405 0.760399 -73.9538 -0.148056 -0.987399 0.0558739
125.5957 0.849499 -73.9538 -0.475605 -0.868714 0.138335
125.39619 1.0169 -73.9538 -0.739585 -0.641743 0.202929
125.266 1.2425 -73.9538 -0.908682 -0.339747 0.24263
125.2207 1.499 -73.9538 -0.966706 -0.000184544 0.255891
125.2659 1.7555 -73.9538 -0.908678 0.339747 0.242646
125.39619 1.9811 -73.9538 -0.739491 0.641858 0.202909
125.5957 2.1485 -73.9538 -0.475604 0.868714 0.138337
125.8405 2.2376 -73.9538 -0.148055 0.987399 0.0558745
126.101 2.2376 -73.9538 0.198191 0.979683 -0.0306974
126.3457 2.1485 -73.9538 0.515087 0.850528 -0.106242
126.5453 1.9811 -73.9538 0.765296 0.623025 -0.161748
126.6755 1.7555 -73.9538 0.924294 0.32831 -0.194661
125.2207 1.499 -68.95499 -0.926976 -4.39624e-06 -0.37512
125.2659 1.7555 -68.95499 -0.873355 0.330012 -0.35825
125.39619 1.9811 -68.95499 -0.714749 0.629762 -0.304193
125.5957 2.1485 -68.95499 -0.460043 0.863637 -0.206137
125.8405 2.2376 -68.95499 -0.13447 0.98858 -0.0680175
126.101 2.2376 -68.95499 0.209737 0.974631 0.0781299
126.3457 2.1485 -68.95499 0.515526 0.834617 0.194031
126.5453 1.9811 -68.95499 0.750109 0.60427 0.26869
126.6755 1.7555 -68.95499 0.897054 0.316325 0.308598
126.7207 1.499 -68.95499 0.947074 -2.07197e-06 0.321016
126.6755 1.2425 -68.95499 0.897298 -0.315865 0.308358
126.5453 1.0169 -68.95378 0.750437 -0.603507 0.269489
126.3457 0.849499 -68.95378 0.515515 -0.834607 0.194101
126.101 0.760399 -68.95378 0.20977 -0.974618 0.0782048
125.8405 0.760399 -68.95499 -0.134383 -0.988605 -0.0678316
125.5957 0.849499 -68.95499 -0.460045 -0.863649 -0.206082
125.39619 1.0169 -68.95499 -0.714757 -0.62977 -0.304158
125.2659 1.2425 -68.95499 -0.873359 -0.330015 -0.358237
121.0957 1.4995 -61.95324 0.938828 -0.000134702 0.344385
121.0279 1.1147 -61.95324 0.884058 -0.335031 0.325875
120.8325 0.776299 -61.95324 0.722343 -0.63831 0.266045
120.5332 0.5252 -61.95324 0.46318 -0.871805 0.159439
120.1661 0.391598 -61.95324 0.135085 -0.990701 0.0162417
119.7754 0.391598 -61.95324 -0.20691 -0.970226 -0.125896
119.4082 0.5252 -61.95324 -0.509216 -0.828379 -0.233426
119.1089 0.776299 -61.95324 -0.741613 -0.599433 -0.301148
118.9136 1.1147 -61.95324 -0.887631 -0.313947 -0.336969
118.8457 1.4995 -61.95324 -0.93756 0.000150994 -0.347822
118.9136 1.8843 -61.95324 -0.887773 0.314304 -0.336262
119.1089 2.2226 -61.95324 -0.741855 0.599674 -0.300069
119.4082 2.4738 -61.95324 -0.50954 0.828441 -0.232495
119.7754 2.6074 -61.95324 -0.207164 0.970218 -0.125538
120.1661 2.6074 -61.95324 0.134839 0.990742 0.0157901
120.5332 2.4738 -61.95324 0.463211 0.871979 0.158392
120.8325 2.2226 -61.95324 0.722643 0.638451 0.264892
121.0279 1.8843 -61.95324 0.884339 0.334997 0.325148
123.373 1.499 -65.01681 0.999999 3.95103e-05 0.00159903
123.3278 1.2425 -65.01681 0.939697 -0.342003 0.00173067
123.1975 1.0169 -65.01681 0.765968 -0.642876 0.00175311
122.998 0.849499 -65.01681 0.499849 -0.866112 0.00142715
122.7532 0.760399 -65.01681 0.173295 -0.98487 0.000573877
122.4928 0.760399 -65.01681 -0.174155 -0.984718 -0.000818936
122.248 0.849499 -65.01681 -0.500486 -0.865741 -0.0025333
122.0485 1.0169 -65.01681 -0.766286 -0.642486 -0.00418526
121.9182 1.2425 -65.01681 -0.939755 -0.341806 -0.00533982
121.873 1.499 -65.01681 -0.999984 -3.68009e-05 -0.00568011
121.9182 1.7555 -65.01681 -0.939777 0.341749 -0.00512394
122.0485 1.9811 -65.01681 -0.766291 0.642482 -0.00385304
122.248 2.1485 -65.01681 -0.500454 0.86576 -0.00224311
122.4928 2.2376 -65.01681 -0.174083 0.984731 -0.000702466
122.7532 2.2376 -65.01681 0.17337 0.984857 0.000455745
122.998 2.1485 -65.01681 0.499884 0.866092 0.0011268
123.1975 1.9811 -65.01681 0.765961 0.642886 0.00140336
123.3278 1.7555 -65.01681 0.939673 0.34207 0.00150078
123.3886 1.499 -75.1626 0.928479 -0.00046802 0.371384
123.3447 1.2425 -75.1736 0.868955 -0.353816 0.346023
123.2184 1.0169 -75.2051 0.697976 -0.660913 0.275724
123.0248 0.849499 -75.2535 0.439175 -0.88214 0.17016
122.7873 0.760399 -75.3128 0.127637 -0.990782 0.045375
122.5346 0.760399 -75.3759 -0.196767 -0.977264 -0.0789799
122.2971 0.849499 -75.4352 -0.495113 -0.84858 -0.186479
122.1035 1.0169 -75.4836 -0.734498 -0.623558 -0.267746
121.9772 1.2425 -75.5151 -0.888941 -0.329669 -0.317966
121.9333 1.499 -75.5261 -0.942092 0.000200006 -0.335353
121.9772 1.7555 -75.5151 -0.888443 0.329945 -0.319068
122.1035 1.9811 -75.4836 -0.733783 0.623538 -0.269746
122.2971 2.1485 -75.4352 -0.494615 0.848359 -0.188792
122.5346 2.2376 -75.3759 -0.196834 0.977122 -0.0805578
122.7873 2.2376 -75.3128 0.126955 0.990852 0.0457692
123.0248 2.1485 -75.2535 0.438108 0.88215 0.172837
123.2184 1.9811 -75.2051 0.696874 0.660541 0.279378
123.3447 1.7555 -75.1736 0.86825 0.353032 0.348584
124.8073 1.499 -76.6868 0.732819 -0.000833455 0.680423
124.7753 1.2425 -76.7188 0.688601 -0.342447 0.639186
124.6832 1.0169 -76.8109 0.56355 -0.643449 0.518058
124.5421 0.849499 -76.952 0.369029 -0.867424 0.333757
124.369 0.760399 -77.1251 0.125275 -0.985812 0.111717
124.1849 0.760399 -77.3092 -0.138896 -0.983184 -0.118564
124.0118 0.849499 -77.4823 -0.389592 -0.860517 -0.328221
123.8707 1.0169 -77.6234 -0.59433 -0.635005 -0.493498
123.77859 1.2425 -77.7155 -0.727666 -0.336068 -0.597964
123.7466 1.499 -77.7475 -0.774252 0.000438817 -0.632877
123.77859 1.7555 -77.7155 -0.729037 0.336675 -0.595949
123.8707 1.9811 -77.6234 -0.596823 0.634998 -0.490489
124.0118 2.1485 -77.4823 -0.392428 0.860161 -0.325766
124.1849 2.2376 -77.3092 -0.140798 0.982973 -0.118067
124.369 2.2376 -77.1251 0.125616 0.986003 0.109632
124.5421 2.1485 -76.952 0.371968 0.867729 0.329677
124.6832 1.9811 -76.8109 0.567847 0.643231 0.513617
124.7753 1.7555 -76.7188 0.691805 0.341256 0.636357
120.5666 1.499 -62.05677 1 -2.14447e-05 0.000857685
120.5214 1.7555 -62.05677 0.939685 0.342039 0.000929756
120.3911 1.9811 -62.05677 0.765982 0.642861 0.000943298
120.1916 2.1485 -62.05677 0.499979 0.866037 0.00076861
119.9469 2.2376 -62.05677 0.173518 0.984831 0.000309165
119.6864 2.2376 -62.05677 -0.173924 0.984759 -0.000444104
119.4416 2.1485 -62.05677 -0.500258 0.865875 -0.00137797
119.2421 1.9811 -62.05677 -0.766152 0.642655 -0.00227901
119.1118 1.7555 -62.05677 -0.939729 0.341907 -0.00290769
119.0666 1.499 -62.05677 -0.999995 2.05146e-05 -0.00309262
119.1118 1.2425 -62.05677 -0.939742 -0.341872 -0.00278922
119.2421 1.0169 -62.05677 -0.76616 -0.642647 -0.00209412
119.4416 0.849499 -62.05677 -0.500239 -0.865886 -0.00121479
119.6864 0.760399 -62.05677 -0.173884 -0.984766 -0.000379689
119.9469 0.760399 -62.05677 0.173558 -0.984824 0.000245051
120.1916 0.849499 -62.05677 0.499998 -0.866026 0.000605124
120.3911 1.0169 -62.05677 0.765981 -0.642862 0.000752649
120.5214 1.2425 -62.05677 0.939674 -0.34207 0.000804467
120.5822 1.499 -80.9871 0.949663 0.000367838 0.313274
120.5383 1.7555 -80.998 0.888884 0.353484 0.291434
120.412 1.9811 -81.0296 0.714683 0.659846 0.232016
120.2184 2.1485 -81.0779 0.451544 0.880527 0.144151
119.9809 2.2376 -81.1373 0.134797 0.990018 0.0411636
119.7282 2.2376 -81.2004 -0.195544 0.978671 -0.0629792
119.4907 2.1485 -81.2597 -0.500229 0.851762 -0.155799
119.2972 1.9811 -81.308 -0.744729 0.627198 -0.228037
119.1708 1.7555 -81.3396 -0.90262 0.332118 -0.273817
119.1269 1.499 -81.3506 -0.957113 -0.000117978 -0.289715
119.1708 1.2425 -81.3396 -0.902361 -0.332285 -0.274466
119.2972 1.0169 -81.308 -0.74435 -0.627224 -0.229201
119.4907 0.849499 -81.2597 -0.499982 -0.851662 -0.157131
119.7282 0.760399 -81.2004 -0.195636 -0.978597 -0.0638343
119.9809 0.760399 -81.1373 0.134313 -0.990071 0.0414663
120.2184 0.849499 -81.0779 0.450825 -0.880611 0.145883
120.412 1.0169 -81.0296 0.714007 -0.65969 0.234526
120.5383 1.2425 -80.998 0.888486 -0.352948 0.293292
121.348 1.499 -82.0327 0.807325 0.000688623 0.590107
121.316 1.7555 -82.0647 0.758362 0.34341 0.554036
121.2239 1.9811 -82.1568 0.618326 0.64578 0.447931
121.0828 2.1485 -82.2979 0.400381 0.870512 0.286189
120.9097 2.2376 -82.471 0.128671 0.987505 0.0909829
120.7256 2.2376 -82.6552 -0.162083 0.9805 -0.111123
120.5525 2.1485 -82.8282 -0.432388 0.852507 -0.293722
120.4114 1.9811 -82.9693 -0.647871 0.624669 -0.435948
120.3193 1.7555 -83.0614 -0.785073 0.328942 -0.52484
120.2873 1.499 -83.0934 -0.83216 -0.000252491 -0.554535
120.3193 1.2425 -83.0614 -0.785749 -0.329245 -0.523637
120.4114 1.0169 -82.9693 -0.649216 -0.624575 -0.434078
120.5525 0.849499 -82.8282 -0.434126 -0.852172 -0.292125
120.7256 0.760399 -82.6552 -0.16338 -0.980331 -0.110712
120.9097 0.760399 -82.471 0.128772 -0.987611 0.0896783
121.0828 0.849499 -82.2979 0.402285 -0.870583 0.283289
121.2239 1.0169 -82.1568 0.62126 -0.645362 0.44446
121.316 1.2425 -82.0647 0.760585 -0.342351 0.551639
116.1116 1.499 -61.90219 -1 2.10881e-05 0.000848614
116.1568 1.2425 -61.90219 -0.939691 -0.342024 0.000917472
116.2871 1.0169 -61.90219 -0.765979 -0.642864 0.000930973
116.4866 0.849499 -61.90219 -0.49992 -0.866071 0.000761331
116.7314 0.760399 -61.90219 -0.173461 -0.984841 0.000306706
116.9918 0.760399 -61.90219 0.173916 -0.98476 -0.000439422
117.2366 0.849499 -61.90219 0.500266 -0.865871 -0.00136162
117.4361 1.0169 -61.90219 0.766157 -0.642649 -0.002253
117.5664 1.2425 -61.90219 0.939721 -0.34193 -0.002877
117.6116 1.499 -61.90219 0.999995 -2.04252e-05 -0.00305999
117.5664 1.7555 -61.90219 0.939732 0.341901 -0.00275715
117.4361 1.9811 -61.90219 0.766159 0.642648 -0.00206949
117.2366 2.1485 -61.90219 0.500249 0.865881 -0.00120197
116.9918 2.2376 -61.90219 0.173877 0.984767 -0.000375611
116.7314 2.2376 -61.90219 -0.173501 0.984834 0.000242402
116.4866 2.1485 -61.90219 -0.49994 0.86606 0.000596907
116.2871 1.9811 -61.90219 -0.765972 0.642873 0.000742791
116.1568 1.7555 -61.90219 -0.939678 0.34206 0.000795964
116.096 1.499 -81.0395 -0.949698 -0.000349695 0.313168
116.1399 1.2425 -81.0505 -0.888805 -0.353635 0.291494
116.2663 1.0169 -81.082 -0.7147 -0.659851 0.231949
116.4598 0.849499 -81.1304 -0.45161 -0.880483 0.144216
116.6973 0.760399 -81.1897 -0.134818 -0.990015 0.0411602
116.95 0.760399 -81.2528 0.195545 -0.978671 -0.0629725
117.1875 0.849499 -81.3121 0.500097 -0.851851 -0.155731
117.3811 1.0169 -81.3605 0.744776 -0.627126 -0.228082
117.5074 1.2425 -81.392 0.902694 -0.331931 -0.273797
117.5513 1.499 -81.403 0.957119 0.00011394 -0.289694
117.5074 1.7555 -81.392 0.902428 0.332117 -0.274449
117.3811 1.9811 -81.3605 0.744399 0.627146 -0.229258
117.1875 2.1485 -81.3121 0.49985 0.851756 -0.157042
116.95 2.2376 -81.2528 0.195637 0.978597 -0.0638248
116.6973 2.2376 -81.1897 -0.134332 0.990069 0.0414646
116.4598 2.1485 -81.1304 -0.450894 0.880563 0.145955
116.2663 1.9811 -81.082 -0.714022 0.659702 0.234448
116.1399 1.7555 -81.0505 -0.888417 0.353093 0.293327
115.3303 1.499 -82.0852 -0.807361 -0.000655936 0.590057
115.3622 1.2425 -82.1172 -0.75842 -0.34331 0.55402
115.4543 1.0169 -82.2093 -0.618375 -0.645704 0.447973
115.5954 0.849499 -82.3503 -0.40043 -0.870472 0.286241
115.7685 0.760399 -82.5234 -0.128682 -0.987502 0.0909973
115.9527 0.760399 -82.7076 0.162118 -0.980493 -0.111136
116.1257 0.849499 -82.8807 0.432436 -0.852479 -0.293733
116.2668 1.0169 -83.0218 0.647856 -0.624681 -0.435954
116.3589 1.2425 -83.1139 0.785103 -0.328834 -0.524863
116.3909 1.499 -83.1458 0.832167 0.000244538 -0.554525
116.3589 1.7555 -83.1139 0.785778 0.329168 -0.523642
116.2668 1.9811 -83.0218 0.649221 0.624566 -0.434085
116.1257 2.1485 -82.8807 0.434146 0.852153 -0.29215
115.9527 2.2376 -82.7076 0.163412 0.980325 -0.110725
115.7685 2.2376 -82.5234 -0.128783 0.987609 0.0896853
115.5954 2.1485 -82.3503 -0.402341 0.870538 0.283345
115.4543 1.9811 -82.2093 -0.621295 0.645293 0.44451
115.3622 1.7555 -82.1172 -0.760617 0.342235 0.551668
113.4572 1.499 -65.17372 -0.999999 3.95111e-05 0.00159906
113.5024 1.2425 -65.17372 -0.939697 -0.342003 0.00173071
113.6327 1.0169 -65.17372 -0.765968 -0.642876 0.00175315
113.8322 0.849499 -65.17372 -0.499849 -0.866112 0.00142718
114.077 0.760399 -65.17372 -0.173295 -0.98487 0.000573889
114.3374 0.760399 -65.17372 0.174155 -0.984718 -0.000818952
114.5822 0.849499 -65.17372 0.500486 -0.865741 -0.00253335
114.7817 1.0169 -65.17372 0.766286 -0.642486 -0.00418535
114.912 1.2425 -65.17372 0.939755 -0.341806 -0.00533992
114.9572 1.499 -65.17372 0.999984 -3.68016e-05 -0.00568023
114.912 1.7555 -65.17372 0.939777 0.341749 -0.00512405
114.7817 1.9811 -65.17372 0.766291 0.642482 -0.00385312
114.5822 2.1485 -65.17372 0.500454 0.86576 -0.00224316
114.3374 2.2376 -65.17372 0.174083 0.984731 -0.000702481
114.077 2.2376 -65.17372 -0.17337 0.984857 0.000455754
113.8322 2.1485 -65.17372 -0.499884 0.866092 0.00112683
113.6327 1.9811 -65.17372 -0.765961 0.642886 0.00140339
113.5024 1.7555 -65.17372 -0.939673 0.34207 0.00150081
113.4416 1.499 -75.3193 -0.92848 -0.000468473 0.371383
113.4855 1.2425 -75.3303 -0.868955 -0.353815 0.346023
113.6118 1.0169 -75.3618 -0.697976 -0.660913 0.275723
113.8054 0.849499 -75.4102 -0.439176 -0.88214 0.17016
114.0429 0.760399 -75.4695 -0.127637 -0.990782 0.045375
114.2956 0.760399 -75.5326 0.196765 -0.977264 -0.0789778
114.5331 0.849499 -75.5919 0.495112 -0.848581 -0.18648
114.7267 1.0169 -75.6403 0.7345 -0.623554 -0.267751
114.853 1.2425 -75.6718 0.888942 -0.329666 -0.317965
114.8969 1.499 -75.6828 0.942092 0.000200325 -0.335354
114.853 1.7555 -75.6718 0.888445 0.329942 -0.319067
114.7267 1.9811 -75.6403 0.733784 0.623534 -0.269752
114.5331 2.1485 -75.5919 0.494616 0.848359 -0.188792
114.2956 2.2376 -75.5326 0.196832 0.977123 -0.0805509
114.0429 2.2376 -75.4695 -0.126955 0.990852 0.0457692
113.8054 2.1485 -75.4102 -0.438108 0.88215 0.172836
113.6118 1.9811 -75.3618 -0.696874 0.660541 0.279378
113.4855 1.7555 -75.3303 -0.86825 0.353032 0.348583
112.0229 1.499 -76.8435 -0.73282 -0.000834241 0.680422
112.0549 1.2425 -76.8755 -0.688601 -0.342448 0.639185
112.147 1.0169 -76.9676 -0.563552 -0.643448 0.518058
112.2881 0.849499 -77.1087 -0.369027 -0.867425 0.333755
112.4612 0.760399 -77.2818 -0.125268 -0.985814 0.11171
112.6453 0.760399 -77.466 0.13894 -0.983174 -0.118595
112.8184 0.849499 -77.639 0.389605 -0.860508 -0.328229
112.9595 1.0169 -77.7801 0.594331 -0.635002 -0.493501
113.0516 1.2425 -77.8722 0.727664 -0.33607 -0.597965
113.0836 1.499 -77.9042 0.774251 0.000439462 -0.632878
113.0516 1.7555 -77.8722 0.729036 0.336677 -0.595949
112.9595 1.9811 -77.7801 0.596823 0.634996 -0.490492
112.8184 2.1485 -77.639 0.39244 0.860151 -0.325778
112.6453 2.2376 -77.466 0.140836 0.982964 -0.118099
112.4612 2.2376 -77.2818 -0.125608 0.986004 0.109626
112.2881 2.1485 -77.1087 -0.371966 0.86773 0.329674
112.147 1.9811 -76.9676 -0.567849 0.64323 0.513618
112.0549 1.7555 -76.8755 -0.691805 0.341258 0.636356
110.2207 1.499 -73.9538 -0.97871 7.45821e-07 -0.205248
110.266 1.7555 -73.9538 -0.924269 0.328501 -0.194456
110.3962 1.9811 -73.9538 -0.765369 0.622978 -0.161582
110.5957 2.1485 -73.9538 -0.51515 0.850504 -0.106127
110.8405 2.2376 -73.9538 -0.198102 0.979703 -0.0306084
111.101 2.2376 -73.9538 0.148129 0.987389 0.0558644
111.3457 2.1485 -73.9538 0.475602 0.868732 0.138227
111.5453 1.9811 -73.9538 0.73954 0.641849 0.202756
111.6755 1.7555 -73.9538 0.908779 0.339609 0.242458
111.7207 1.499 -73.9538 0.966761 -2.31841e-07 0.255681
111.6755 1.2425 -73.9538 0.908781 -0.339604 0.24246
111.5453 1.0169 -73.9538 0.739541 -0.641849 0.202754
111.3457 0.849499 -73.9538 0.475603 -0.868732 0.138226
111.101 0.760399 -73.9538 0.148129 -0.987389 0.0558645
110.8405 0.760399 -73.9538 -0.198103 -0.979703 -0.0306109
110.5957 0.849499 -73.9538 -0.51515 -0.850504 -0.106128
110.3962 1.0169 -73.9538 -0.765371 -0.622974 -0.161585
110.266 1.2425 -73.9538 -0.92427 -0.3285 -0.194456
110.2207 1.499 -68.95211 -0.947081 -2.87642e-06 0.320995
110.266 1.7555 -68.95211 -0.896995 0.316496 0.308593
110.3962 1.9811 -68.95211 -0.750163 0.604195 0.268709
110.5957 2.1485 -68.95211 -0.515595 0.834568 0.194056
110.8405 2.2376 -68.95211 -0.209668 0.974648 0.0781003
111.101 2.2376 -68.95211 0.134516 0.988573 -0.0680326
111.3457 2.1485 -68.95211 0.460029 0.863643 -0.20614
111.5453 1.9811 -68.95211 0.714752 0.629754 -0.304201
111.6755 1.7555 -68.95211 0.873409 0.329863 -0.358255
111.7207 1.499 -68.95211 0.926976 -2.50595e-06 -0.375121
111.6755 1.2425 -68.95211 0.873414 -0.329867 -0.358239
111.5453 1.0169 -68.95211 0.71476 -0.629762 -0.304169
111.3457 0.849499 -68.95211 0.46003 -0.863657 -0.206079
111.101 0.760399 -68.95211 0.134516 -0.988578 -0.0679607
110.8405 0.760399 -68.95211 -0.209664 -0.974644 0.0781623
110.5957 0.849499 -68.95211 -0.515587 -0.834563 0.194099
110.3962 1.0169 -68.95211 -0.750157 -0.604191 0.268734
110.266 1.2425 -68.95211 -0.896991 -0.316494 0.308606
116.9711 1.499 -88.9538 -0.911913 -1.47973e-05 -0.410383
117.0616 2.0121 -88.9538 -0.861424 0.331724 -0.384587
117.3221 2.4632 -88.9538 -0.707747 0.636601 -0.306323
117.7211 2.7981 -88.9538 -0.452546 0.873973 -0.177124
118.2107 2.9762 -88.9538 -0.123397 0.992288 -0.0117705
118.7316 2.9762 -88.9538 0.218831 0.962766 0.15873
119.2211 2.7981 -88.9538 0.510346 0.804897 0.3028
119.6202 2.4632 -88.9538 0.717722 0.566732 0.404586
119.8807 2.0121 -88.9538 0.837473 0.290176 0.463073
119.9711 1.499 -88.9538 0.876206 -1.38157e-05 0.481937
119.8807 0.986 -88.9538 0.837481 -0.290152 0.463074
119.6202 0.534798 -88.9538 0.717719 -0.566738 0.404583
119.2211 0.200001 -88.9538 0.51033 -0.804911 0.302789
118.7316 0.021801 -88.9538 0.218937 -0.962734 0.158779
118.2107 0.021801 -88.9538 -0.12346 -0.992279 -0.0118022
117.7211 0.200001 -88.9538 -0.452594 -0.873943 -0.177153
117.3221 0.534798 -88.9538 -0.707717 -0.63664 -0.306309
117.0616 0.986 -88.9538 -0.861435 -0.331688 -0.384594
115.8457 1.4995 -61.95037 -0.938943 -3.02696e-07 0.344072
115.9136 1.8843 -61.95037 -0.884367 0.335032 0.325036
116.1089 2.2226 -61.95037 -0.722805 0.638343 0.264711
116.4082 2.4738 -61.95037 -0.463372 0.872012 0.157737
116.7754 2.6074 -61.95037 -0.134985 0.99074 0.0145863
117.1661 2.6074 -61.95037 0.207073 0.970028 -0.12715
117.5332 2.4738 -61.95037 0.509321 0.828118 -0.234122
117.8326 2.2226 -61.95037 0.741583 0.599348 -0.301391
118.0279 1.8843 -61.95037 0.887599 0.313911 -0.337088
118.0957 1.4995 -61.95037 0.937425 -9.96418e-07 -0.348186
118.0279 1.1147 -61.95037 0.887623 -0.313857 -0.337074
117.8326 0.776299 -61.95037 0.741585 -0.59937 -0.301343
117.5332 0.5252 -61.95037 0.509244 -0.828192 -0.234027
117.1661 0.391598 -61.95037 0.207082 -0.970037 -0.127062
116.7754 0.391598 -61.95037 -0.134988 -0.990738 0.0146918
116.4082 0.5252 -61.95037 -0.463302 -0.872037 0.157806
116.1089 0.776299 -61.95037 -0.722757 -0.638379 0.264753
115.9136 1.1147 -61.95037 -0.884383 -0.334959 0.325069
116.9707 1.499 -96.10941 -1 -1.65358e-05 0
117.0612 2.0121 -96.10941 -0.939668 0.342087 0
117.3217 2.4632 -96.10941 -0.766061 0.642768 0
117.7207 2.7981 -96.10941 -0.499986 0.866033 0
118.2103 2.9762 -96.10941 -0.173562 0.984823 0
118.7312 2.9762 -96.10941 0.173592 0.984818 0
119.2207 2.7981 -96.10941 0.499963 0.866046 0
119.6198 2.4632 -96.10941 0.76602 0.642816 0
119.8803 2.0121 -96.10941 0.939698 0.342005 0
119.9707 1.499 -96.10941 1 -1.65187e-05 0
119.8803 0.986 -96.10941 0.939709 -0.341974 0
119.6198 0.534798 -96.10941 0.766003 -0.642836 0
119.2207 0.200001 -96.10941 0.499975 -0.86604 0
118.7312 0.021801 -96.10941 0.17368 -0.984802 0
118.2103 0.021801 -96.10941 -0.17365 -0.984807 0
117.7207 0.200001 -96.10941 -0.499998 -0.866026 0
117.3217 0.534798 -96.10941 -0.766044 -0.642788 0
117.0612 0.986 -96.10941 -0.939679 -0.342056 0
116.9707 1.499 -89.0577 -1 -1.65358e-05 0
117.0612 2.0121 -89.0577 -0.939668 0.342087 0
117.3217 2.4632 -89.0577 -0.766061 0.642768 0
117.7207 2.7981 -89.0577 -0.499986 0.866033 0
118.2103 2.9762 -89.0577 -0.173562 0.984823 0
118.7312 2.9762 -89.0577 0.173592 0.984818 0
119.2207 2.7981 -89.0577 0.499963 0.866046 0
119.6198 2.4632 -89.0577 0.76602 0.642816 0
119.8803 2.0121 -89.0577 0.939698 0.342005 0
119.9707 1.499 -89.0577 1 -1.65187e-05 0
119.8803 0.986 -89.0577 0.939709 -0.341974 0
119.6198 0.534798 -89.0577 0.766003 -0.642836 0
119.2207 0.200001 -89.0577 0.499975 -0.86604 0
118.7312 0.021801 -89.0577 0.17368 -0.984802 0
118.2103 0.021801 -89.0577 -0.17365 -0.984807 0
117.7207 0.200001 -89.0577 -0.499998 -0.866026 0
117.3217 0.534798 -89.0577 -0.766044 -0.642788 0
117.0612 0.986 -89.0577 -0.939679 -0.342056 0
116.4317 1.7867 -89.0544 -0.993421 0.114516 0
116.4634 2.0617 -89.0544 -0.973829 0.227281 0
116.5538 2.3142 -89.0544 -0.898206 0.439575 0
116.6955 2.537 -89.0544 -0.780126 0.625623 0
116.8814 2.7229 -89.0544 -0.625745 0.780028 0
117.1042 2.8647 -89.0544 -0.439511 0.898237 0
117.3568 2.955 -89.0544 -0.227068 0.973879 0
117.6317 2.9867 -89.0544 -0.114555 0.993417 0
119.2317 2.9867 -89.0544 0 1 0
119.5067 2.955 -89.0544 0.227105 0.97387 0
119.7592 2.8647 -89.0544 0.439563 0.898212 0
119.982 2.7229 -89.0544 0.625753 0.780021 0
120.1679 2.537 -89.0544 0.780124 0.625624 0
120.3096 2.3142 -89.0544 0.8982 0.439586 0
120.4 2.0617 -89.0544 0.973829 0.227281 0
120.4317 1.7867 -89.0544 0.993421 0.114516 0
120.4317 1.1867 -89.0544 1 0 0
120.4 0.9118 -89.0544 0.973825 -0.227301 0
120.3096 0.659298 -89.0544 0.898246 -0.439492 0
120.1679 0.436398 -89.0544 0.780187 -0.625547 0
119.982 0.2505 -89.0544 0.625625 -0.780124 0
119.7592 0.108799 -89.0544 0.439421 -0.898281 0
119.5067 0.0185013 -89.0544 0.227285 -0.973828 0
119.2317 -0.0133018 -89.0544 0.114885 -0.993379 0
117.6317 -0.0133018 -89.0544 0 -1 0
117.3568 0.0185013 -89.0544 -0.227248 -0.973837 0
117.1042 0.108799 -89.0544 -0.439369 -0.898307 0
116.8814 0.2505 -89.0544 -0.625617 -0.78013 0
116.6955 0.436398 -89.0544 -0.780188 -0.625545 0
116.5538 0.659298 -89.0544 -0.898252 -0.439481 0
116.4634 0.9118 -89.0544 -0.973825 -0.227301 0
116.4317 1.1867 -89.0544 -0.993417 -0.114557 0
116.4317 1.7867 -88.9544 -0.993421 0.114516 0
116.4634 2.0617 -88.9544 -0.973829 0.227281 0
116.5538 2.3142 -88.9544 -0.898206 0.439575 0
116.6955 2.537 -88.9544 -0.780126 0.625623 0
116.8814 2.7229 -88.9544 -0.625745 0.780028 0
117.1042 2.8647 -88.9544 -0.439511 0.898237 0
117.3568 2.955 -88.9544 -0.227068 0.973879 0
117.6317 2.9867 -88.9544 -0.114555 0.993417 0
119.2317 2.9867 -88.9544 0 1 0
119.5067 2.955 -88.9544 0.227105 0.97387 0
119.7592 2.8647 -88.9544 0.439563 0.898212 0
119.982 2.7229 -88.9544 0.625753 0.780021 0
120.1679 2.537 -88.9544 0.780124 0.625624 0
120.3096 2.3142 -88.9544 0.8982 0.439586 0
120.4 2.0617 -88.9544 0.973829 0.227281 0
120.4317 1.7867 -88.9544 0.993421 0.114516 0
120.4317 1.1867 -88.9544 1 0 0
120.4 0.9118 -88.9544 0.973825 -0.227301 0
120.3096 0.659298 -88.9544 0.898246 -0.439492 0
120.1679 0.436398 -88.9544 0.780187 -0.625547 0
119.982 0.2505 -88.9544 0.625625 -0.780124 0
119.7592 0.108799 -88.9544 0.439421 -0.898281 0
119.5067 0.0185013 -88.9544 0.227285 -0.973828 0
119.2317 -0.0133018 -88.9544 0.114885 -0.993379 0
117.6317 -0.0133018 -88.9544 0 -1 0
117.3568 0.0185013 -88.9544 -0.227248 -0.973837 0
117.1042 0.108799 -88.9544 -0.439369 -0.898307 0
116.8814 0.2505 -88.9544 -0.625617 -0.78013 0
116.6955 0.436398 -88.9544 -0.780188 -0.625545 0
116.5538 0.659298 -88.9544 -0.898252 -0.439481 0
116.4634 0.9118 -88.9544 -0.973825 -0.227301 0
116.4317 1.1867 -88.9544 -0.993417 -0.114557 0
118.5163 2.9867 -89.0458 0 1 0
118.5163 2.9867 -87.1818 0 1 0
118.5163 2.955 -86.9068 0 0.973871 0.227104
118.5163 2.8647 -86.6543 0 0.898208 0.43957
118.5163 2.7229 -86.4315 0 0.780023 0.625751
118.5163 2.537 -86.2456 0 0.625632 0.780118
118.5163 2.3142 -86.1039 0 0.439574 0.898206
118.5163 2.0617 -86.0135 0 0.227281 0.973829
118.5163 1.7867 -85.9818 0 0.114543 0.993418
118.5163 1.1867 -85.9818 0 0 1
118.5163 0.9118 -86.0135 0 -0.227301 0.973825
118.5163 0.659298 -86.1039 0 -0.43948 0.898252
118.5163 0.436398 -86.2456 0 -0.625555 0.78018
118.5163 0.2505 -86.4315 0 -0.780125 0.625623
118.5163 0.108799 -86.6543 0 -0.898278 0.439427
118.5163 0.0185013 -86.9068 0 -0.973829 0.227284
118.5163 -0.0133018 -87.1818 0 -0.993379 0.114881
118.5163 -0.0133018 -89.0458 0 -1 0
118.4163 2.9867 -89.0458 0 1 0
118.4163 2.9867 -87.1818 0 1 0
118.4163 2.955 -86.9068 0 0.973871 0.227104
118.4163 2.8647 -86.6543 0 0.898208 0.43957
118.4163 2.7229 -86.4315 0 0.780023 0.625751
118.4163 2.537 -86.2456 0 0.625632 0.780118
118.4163 2.3142 -86.1039 0 0.439574 0.898206
118.4163 2.0617 -86.0135 0 0.227281 0.973829
118.4163 1.7867 -85.9818 0 0.114543 0.993418
118.4163 1.1867 -85.9818 0 0 1
118.4163 0.9118 -86.0135 0 -0.227301 0.973825
118.4163 0.659298 -86.1039 0 -0.43948 0.898252
118.4163 0.436398 -86.2456 0 -0.625555 0.78018
118.4163 0.2505 -86.4315 0 -0.780125 0.625623
118.4163 0.108799 -86.6543 0 -0.898278 0.439427
118.4163 0.0185013 -86.9068 0 -0.973829 0.227284
118.4163 -0.0133018 -87.1818 0 -0.993379 0.114881
118.4163 -0.0133018 -89.0458 0 -1 0
115.8458 1.5 -46.5154 -0.996268 2.35358e-05 -0.0863158
115.9136 1.8847 -46.5154 -0.935479 0.343972 -0.0810085
116.109 2.2231 -46.5154 -0.760357 0.646176 -0.0656844
116.4083 2.4742 -46.5154 -0.492389 0.869352 -0.0421828
116.7754 2.6079 -46.5154 -0.16446 0.986291 -0.0134919
117.1661 2.6079 -46.5154 0.18283 0.983004 0.0166321
117.5333 2.4742 -46.5154 0.506488 0.861107 0.0443256
117.8326 2.2231 -46.5154 0.76816 0.636812 0.0663427
118.0279 1.8847 -46.5154 0.937705 0.338001 0.080405
118.0958 1.5 -46.5154 0.996362 3.28051e-05 0.0852229
118.0279 1.1152 -46.5154 0.937713 -0.33798 0.0803933
117.8326 0.776798 -46.5154 0.768167 -0.636803 0.0663401
117.5333 0.5257 -46.5154 0.506385 -0.861168 0.0443093
117.1661 0.392101 -46.5154 0.182698 -0.983028 0.0166349
116.7754 0.392101 -46.5154 -0.16436 -0.986309 -0.0134426
116.4083 0.5257 -46.5154 -0.492289 -0.869413 -0.0421065
116.109 0.776798 -46.5154 -0.760359 -0.646181 -0.0656046
115.9136 1.1152 -46.5154 -0.935485 -0.343965 -0.0809703
118.8508 1.4954 -48.1157 -0.996671 -0.0285992 -0.0763498
118.9265 1.8664 -48.2118 -0.937853 0.309136 -0.15769
119.1282 2.1933 -48.2836 -0.76057 0.611672 -0.217693
119.4315 2.4365 -48.3223 -0.48568 0.838363 -0.247514
119.7998 2.5668 -48.3233 -0.148767 0.958443 -0.243423
120.1888 2.5684 -48.2865 0.205872 0.956353 -0.20738
120.5515 2.4411 -48.2163 0.532342 0.833842 -0.146009
120.8441 2.2003 -48.1212 0.790389 0.608776 -0.0683929
121.0314 1.875 -48.0127 0.950137 0.311421 0.0160117
121.0908 1.5046 -47.9038 0.99493 -0.0207935 0.0984
121.015 1.1335 -47.8077 0.922045 -0.347541 0.170438
120.8134 0.806599 -47.736 0.742121 -0.631526 0.22457
120.5101 0.5634 -47.6973 0.476943 -0.841241 0.254634
120.1417 0.433201 -47.6963 0.157628 -0.953545 0.25672
119.7527 0.431599 -47.733 -0.179725 -0.956429 0.230091
119.3901 0.5588 -47.8032 -0.497454 -0.849277 0.17683
119.0975 0.799599 -47.8983 -0.759041 -0.642951 0.102323
118.9101 1.1249 -48.0068 -0.933209 -0.359044 0.014455
115.5724 1.5 -44.9342 -0.939209 8.1059e-05 -0.343347
115.6362 1.8847 -44.911 -0.880366 0.348752 -0.321445
115.8198 2.2231 -44.8442 -0.71177 0.652802 -0.259294
116.101 2.4742 -44.7418 -0.455816 0.874524 -0.16565
116.446 2.6079 -44.6162 -0.145397 0.987965 -0.0527717
116.8132 2.6079 -44.4826 0.180906 0.981332 0.0652754
117.1582 2.4742 -44.357 0.483661 0.857702 0.174412
117.4394 2.2231 -44.2547 0.727854 0.633606 0.262244
117.623 1.8847 -44.1878 0.886114 0.336053 0.319172
117.6867 1.5 -44.1646 0.940816 -2.39019e-06 0.338918
117.623 1.1152 -44.1878 0.886032 -0.336093 0.319356
117.4394 0.776798 -44.2547 0.727736 -0.633615 0.26255
117.1582 0.5257 -44.357 0.483482 -0.857741 0.174713
116.8132 0.392101 -44.4826 0.180797 -0.981342 0.0654182
116.446 0.392101 -44.6162 -0.145174 -0.987995 -0.0528197
116.101 0.5257 -44.7418 -0.455508 -0.87462 -0.165991
115.8198 0.776798 -44.8442 -0.711585 -0.65279 -0.259832
115.6362 1.1152 -44.911 -0.880282 -0.348634 -0.321804
114.7269 1.5 -43.4906 -0.784696 3.6144e-05 -0.619881
114.7815 1.8847 -43.4505 -0.73598 0.346722 -0.581478
114.9392 2.2231 -43.3351 -0.596361 0.650079 -0.470904
115.1808 2.4742 -43.1583 -0.383718 0.872569 -0.302297
115.477 2.6079 -42.9415 -0.125044 0.98732 -0.0977894
115.7923 2.6079 -42.7108 0.14836 0.981988 0.117003
116.0886 2.4742 -42.4939 0.402826 0.859034 0.315898
116.3301 2.2231 -42.3171 0.608549 0.63481 0.476114
116.4878 1.8847 -42.2017 0.742121 0.336922 0.579431
116.5425 1.5 -42.1617 0.788443 -0.000191682 0.615107
116.4878 1.1152 -42.2017 0.742225 -0.336679 0.579439
116.3301 0.776798 -42.3171 0.608796 -0.634916 0.475657
116.0886 0.5257 -42.4939 0.403006 -0.859068 0.315577
115.7923 0.392101 -42.7108 0.148421 -0.982003 0.116793
115.477 0.392101 -42.9415 -0.124832 -0.987366 -0.0975939
115.1808 0.5257 -43.1583 -0.383967 -0.872567 -0.301986
114.9392 0.776798 -43.3351 -0.596735 -0.650194 -0.470272
114.7815 1.1152 -43.4505 -0.736265 -0.346551 -0.581219
113.5727 1.5 -42.3837 -0.566239 -1.72319e-05 -0.824241
113.6101 1.8847 -42.3277 -0.530942 0.347411 -0.772921
113.7188 2.2231 -42.1653 -0.430189 0.650152 -0.626291
113.8838 2.4742 -41.9185 -0.27537 0.873528 -0.401398
114.0898 2.6079 -41.6113 -0.0876734 0.987881 -0.128081
114.3074 2.6079 -41.2857 0.108778 0.981463 0.15779
114.5107 2.4742 -40.9814 0.29111 0.857826 0.423545
114.6774 2.2231 -40.7333 0.438781 0.632107 0.638679
114.7847 1.8847 -40.5724 0.532459 0.337762 0.776147
114.8242 1.5 -40.514 0.565913 -0.000152294 0.824465
114.7847 1.1152 -40.5724 0.532616 -0.337472 0.776165
114.6774 0.776798 -40.7333 0.438552 -0.632189 0.638756
114.5107 0.5257 -40.9814 0.291001 -0.857873 0.423524
114.3074 0.392101 -41.2857 0.108632 -0.981494 0.157698
114.0898 0.392101 -41.6113 -0.0876437 -0.98791 -0.127875
113.8838 0.5257 -41.9185 -0.275389 -0.873488 -0.401473
113.7188 0.776798 -42.1653 -0.429926 -0.650264 -0.626355
113.6101 1.1152 -42.3277 -0.530903 -0.347346 -0.772976
118.3564 3.0713 -45.4845 -0.944915 0.0131652 -0.327052
118.4526 3.446 -45.5392 -0.818266 0.327388 -0.472502
118.6628 3.7754 -45.5354 -0.587173 0.598582 -0.54491
118.9613 4.0198 -45.4738 -0.293871 0.792926 -0.533768
119.3124 4.1497 -45.3617 0.0228254 0.893635 -0.448214
119.6736 4.1494 -45.2128 0.331302 0.892525 -0.306003
120.0013 4.0189 -45.0448 0.60194 0.788067 -0.128914
120.2561 3.774 -44.8782 0.805818 0.58919 0.0592777
120.4072 3.4443 -44.7329 0.918375 0.317553 0.236109
120.4364 3.0696 -44.6265 0.923855 0.00557894 0.382701
120.3401 2.6948 -44.5719 0.818544 -0.307709 0.485078
120.1301 2.3654 -44.5757 0.612717 -0.582098 0.534547
119.8315 2.121 -44.6373 0.330321 -0.782417 0.527931
119.4805 1.9912 -44.7493 0.0065557 -0.883894 0.467642
119.1194 1.9915 -44.8983 -0.318147 -0.876543 0.361185
118.7915 2.1219 -45.0663 -0.605558 -0.765373 0.217952
118.5368 2.3667 -45.2329 -0.823255 -0.565741 0.0467849
118.3856 2.6965 -45.3783 -0.944085 -0.297625 -0.141852
117.8254 3.8506 -44.4534 -0.670422 0.0548582 -0.739949
117.9153 4.2302 -44.4319 -0.543763 0.389245 -0.743512
118.0701 4.564 -44.3004 -0.349957 0.671201 -0.653467
118.2711 4.8116 -44.0747 -0.125666 0.869325 -0.477998
118.4942 4.9433 -43.7822 0.100845 0.965186 -0.241344
118.7123 4.943 -43.458 0.309202 0.950678 0.0245933
118.8991 4.8109 -43.1413 0.481931 0.828288 0.285799
119.0323 4.563 -42.8703 0.604145 0.611484 0.510976
119.0956 4.229 -42.6776 0.663846 0.324429 0.673836
119.0814 3.8494 -42.5866 0.654018 -0.000941549 0.756478
118.9915 3.4697 -42.6081 0.573011 -0.327949 0.751071
118.8367 3.1359 -42.7397 0.424861 -0.620374 0.659264
118.6356 2.8884 -42.9653 0.219985 -0.842416 0.491876
118.4126 2.7567 -43.2579 -0.0214815 -0.963639 0.266344
118.1945 2.757 -43.5821 -0.268498 -0.963249 0.0077515
118.0076 2.889 -43.8988 -0.48478 -0.837568 -0.251928
117.8745 3.1369 -44.1698 -0.637904 -0.60243 -0.479747
117.8112 3.4709 -44.3624 -0.703691 -0.290638 -0.648342
113.6111 3.85 -42.4026 -0.430786 -0.000298968 -0.902454
113.6486 4.2347 -42.3466 -0.406016 0.338675 -0.848793
113.7572 4.5731 -42.1842 -0.332547 0.637989 -0.694538
113.9222 4.8242 -41.9375 -0.217228 0.863929 -0.454355
114.1282 4.9579 -41.6302 -0.0739367 0.984873 -0.156709
114.3458 4.9579 -41.3046 0.0778423 0.984279 0.158541
114.5492 4.8242 -41.0003 0.219972 0.863239 0.454346
114.7159 4.5731 -40.7522 0.334631 0.637211 0.694251
114.8232 4.2347 -40.5912 0.407062 0.340391 0.847605
114.8628 3.85 -40.5329 0.43199 0.000266439 0.901878
114.8232 3.4652 -40.5912 0.40556 -0.339698 0.848603
114.7159 3.1268 -40.7522 0.332128 -0.636962 0.69568
114.5492 2.8757 -41.0003 0.217766 -0.863324 0.455247
114.3458 2.7421 -41.3046 0.0768507 -0.984393 0.158319
114.1282 2.7421 -41.6302 -0.0731925 -0.984768 -0.157715
113.9222 2.8757 -41.9375 -0.215082 -0.863633 -0.455936
113.7572 3.1268 -42.1842 -0.329963 -0.637925 -0.695828
113.6486 3.4652 -42.3466 -0.404329 -0.339016 -0.849462
55.3156 1.5 -15.0271 -0.425062 2.84718e-05 -0.905164
55.3457 1.8847 -14.9662 -0.399539 0.341293 -0.850816
55.4322 2.2231 -14.7911 -0.326057 0.641598 -0.69429
55.5649 2.4742 -14.5228 -0.213304 0.865019 -0.454141
55.7276 2.6079 -14.1936 -0.0747739 0.984415 -0.159176
55.9007 2.6079 -13.8434 0.0730025 0.985154 0.155375
56.0633 2.4742 -13.5143 0.211997 0.866908 0.451141
56.1959 2.2231 -13.2459 0.325467 0.643826 0.692502
56.2825 1.8847 -13.0708 0.399664 0.342574 0.850242
56.3125 1.5 -13.01 0.425419 3.11626e-05 0.904997
56.2825 1.1152 -13.0708 0.399676 -0.342576 0.850236
56.1959 0.776798 -13.2459 0.32551 -0.643824 0.692484
56.0633 0.5257 -13.5143 0.211982 -0.866968 0.451032
55.9007 0.392101 -13.8434 0.072969 -0.985173 0.155271
55.7276 0.392101 -14.1936 -0.074726 -0.984436 -0.159064
55.5649 0.5257 -14.5228 -0.213283 -0.865088 -0.454019
55.4322 0.776798 -14.7911 -0.326097 -0.641592 -0.694277
55.3457 1.1152 -14.9662 -0.399565 -0.341268 -0.850814
55.3543 3.85 -15.0458 -0.425065 2.7802e-05 -0.905163
55.3844 4.2347 -14.985 -0.39956 0.341179 -0.850852
55.4709 4.5731 -14.8099 -0.326064 0.641583 -0.694301
55.6035 4.8242 -14.5416 -0.213314 0.865007 -0.454159
55.7662 4.9579 -14.2124 -0.0747736 0.984415 -0.159173
55.9393 4.9579 -13.8621 0.0730084 0.985152 0.155385
56.102 4.8242 -13.5331 0.212018 0.866881 0.451182
56.2345 4.5731 -13.2647 0.325456 0.643861 0.692475
56.3211 4.2347 -13.0895 0.399668 0.342559 0.850246
56.3511 3.85 -13.0288 0.42542 3.13687e-05 0.904996
56.3211 3.4652 -13.0895 0.399679 -0.342566 0.850238
56.2345 3.1268 -13.2647 0.3255 -0.643856 0.692459
56.102 2.8757 -13.5331 0.212003 -0.86694 0.451075
55.9393 2.7421 -13.8621 0.0729727 -0.985172 0.155278
55.7662 2.7421 -14.2124 -0.0747236 -0.984437 -0.159058
55.6035 2.8757 -14.5416 -0.213294 -0.865075 -0.454039
55.4709 3.1268 -14.8099 -0.326106 -0.641575 -0.694288
55.3844 3.4652 -14.985 -0.399585 -0.341157 -0.850849
116.4317 1.7867 -89.0544 -1 0 0
116.4317 1.7867 -89.0544 0 0 -1
116.4634 2.0617 -89.0544 0 0 -1
116.5538 2.3142 -89.0544 0 0 -1
116.6955 2.537 -89.0544 0 0 -1
116.8814 2.7229 -89.0544 0 0 -1
117.1042 2.8647 -89.0544 0 0 -1
117.3568 2.955 -89.0544 0 0 -1
117.6317 2.9867 -89.0544 0 1 0
117.6317 2.9867 -89.0544 0 0 -1
119.2317 2.9867 -89.0544 0.114517 0.993421 0
119.2317 2.9867 -89.0544 0 0 -1
119.5067 2.955 -89.0544 0 0 -1
119.7592 2.8647 -89.0544 0 0 -1
119.982 2.7229 -89.0544 0 0 -1
120.1679 2.537 -89.0544 0 0 -1
120.3096 2.3142 -89.0544 0 0 -1
120.4 2.0617 -89.0544 0 0 -1
120.4317 1.7867 -89.0544 1 0 0
120.4317 1.7867 -89.0544 0 0 -1
120.4317 1.1867 -89.0544 0.993417 -0.114557 0
120.4317 1.1867 -89.0544 0 0 -1
120.4 0.9118 -89.0544 0 0 -1
120.3096 0.659298 -89.0544 0 0 -1
120.1679 0.436398 -89.0544 0 0 -1
119.982 0.2505 -89.0544 0 0 -1
119.7592 0.108799 -89.0544 0 0 -1
119.5067 0.0185013 -89.0544 0 0 -1
119.2317 -0.0133018 -89.0544 0 -1 0
119.2317 -0.0133018 -89.0544 0 0 -1
117.6317 -0.0133018 -89.0544 -0.114922 -0.993374 0
117.6317 -0.0133018 -89.0544 0 0 -1
117.3568 0.0185013 -89.0544 0 0 -1
117.1042 0.108799 -89.0544 0 0 -1
116.8814 0.2505 -89.0544 0 0 -1
116.6955 0.436398 -89.0544 0 0 -1
116.5538 0.659298 -89.0544 0 0 -1
116.4634 0.9118 -89.0544 0 0 -1
116.4317 1.1867 -89.0544 -1 0 0
116.4317 1.1867 -89.0544 0 0 -1
116.4317 1.7867 -88.9544 -1 0 0
116.4317 1.7867 -88.9544 0 0 1
116.4634 2.0617 -88.9544 0 0 1
116.5538 2.3142 -88.9544 0 0 1
116.6955 2.537 -88.9544 0 0 1
116.8814 2.7229 -88.9544 0 0 1
117.1042 2.8647 -88.9544 0 0 1
117.3568 2.955 -88.9544 0 0 1
117.6317 2.9867 -88.9544 0 1 0
117.6317 2.9867 -88.9544 0 0 1
119.2317 2.9867 -88.9544 0.114517 0.993421 0
119.2317 2.9867 -88.9544 0 0 1
119.5067 2.955 -88.9544 0 0 1
119.7592 2.8647 -88.9544 0 0 1
119.982 2.7229 -88.9544 0 0 1
120.1679 2.537 -88.9544 0 0 1
120.3096 2.3142 -88.9544 0 0 1
120.4 2.0617 -88.9544 0 0 1
120.4317 1.7867 -88.9544 1 0 0
120.4317 1.7867 -88.9544 0 0 1
120.4317 1.1867 -88.9544 0.993417 -0.114557 0
120.4317 1.1867 -88.9544 0 0 1
120.4 0.9118 -88.9544 0 0 1
120.3096 0.659298 -88.9544 0 0 1
120.1679 0.436398 -88.9544 0 0 1
119.982 0.2505 -88.9544 0 0 1
119.7592 0.108799 -88.9544 0 0 1
119.5067 0.0185013 -88.9544 0 0 1
119.2317 -0.0133018 -88.9544 0 -1 0
119.2317 -0.0133018 -88.9544 0 0 1
117.6317 -0.0133018 -88.9544 -0.114922 -0.993374 0
117.6317 -0.0133018 -88.9544 0 0 1
117.3568 0.0185013 -88.9544 0 0 1
117.1042 0.108799 -88.9544 0 0 1
116.8814 0.2505 -88.9544 0 0 1
116.6955 0.436398 -88.9544 0 0 1
116.5538 0.659298 -88.9544 0 0 1
116.4634 0.9118 -88.9544 0 0 1
116.4317 1.1867 -88.9544 -1 0 0
116.4317 1.1867 -88.9544 0 0 1
118.5163 2.9867 -89.0458 1 0 0
118.5163 2.9867 -87.1818 0 0.993422 0.114514
118.5163 2.9867 -87.1818 1 0 0
118.5163 2.955 -86.9068 1 0 0
118.5163 2.8647 -86.6543 1 0 0
118.5163 2.7229 -86.4315 1 0 0
118.5163 2.537 -86.2456 1 0 0
118.5163 2.3142 -86.1039 1 0 0
118.5163 2.0617 -86.0135 1 0 0
118.5163 1.7867 -85.9818 0 0 1
118.5163 1.7867 -85.9818 1 0 0
118.5163 1.1867 -85.9818 0 -0.114584 0.993414
118.5163 1.1867 -85.9818 1 0 0
118.5163 0.9118 -86.0135 1 0 0
118.5163 0.659298 -86.1039 1 0 0
118.5163 0.436398 -86.2456 1 0 0
118.5163 0.2505 -86.4315 1 0 0
118.5163 0.108799 -86.6543 1 0 0
118.5163 0.0185013 -86.9068 1 0 0
118.5163 -0.0133018 -87.1818 0 -1 0
118.5163 -0.0133018 -87.1818 1 0 0
118.5163 -0.0133018 -89.0458 1 0 0
118.4163 2.9867 -89.0458 -1 0 0
118.4163 2.9867 -87.1818 0 0.993422 0.114514
118.4163 2.9867 -87.1818 -1 0 0
118.4163 2.955 -86.9068 -1 0 0
118.4163 2.8647 -86.6543 -1 0 0
118.4163 2.7229 -86.4315 -1 0 0
118.4163 2.537 -86.2456 -1 0 0
118.4163 2.3142 -86.1039 -1 0 0
118.4163 2.0617 -86.0135 -1 0 0
118.4163 1.7867 -85.9818 0 0 1
118.4163 1.7867 -85.9818 -1 0 0
118.4163 1.1867 -85.9818 0 -0.114584 0.993414
118.4163 1.1867 -85.9818 -1 0 0
118.4163 0.9118 -86.0135 -1 0 0
118.4163 0.659298 -86.1039 -1 0 0
118.4163 0.436398 -86.2456 -1 0 0
118.4163 0.2505 -86.4315 -1 0 0
118.4163 0.108799 -86.6543 -1 0 0
118.4163 0.0185013 -86.9068 -1 0 0
118.4163 -0.0133018 -87.1818 0 -1 0
118.4163 -0.0133018 -87.1818 -1 0 0
118.4163 -0.0133018 -89.0458 -1 0 0
116.4707 0 -98.5883 -1 0 -9.54509e-07
116.5389 0 -99.1059 -0.965917 0 -0.258853
116.7387 0 -99.5883 -0.866044 0 -0.499968
117.0565 0 -100.0025 -0.70716 0 -0.707053
117.4707 0 -100.3204 -0.500036 0 -0.866005
117.9531 0 -100.5202 -0.258764 0 -0.965941
118.4707 0 -100.5883 -1.23887e-05 0 -1
118.9884 0 -100.5202 0.258787 0 -0.965934
119.4707 0 -100.3204 0.500067 0 -0.865987
119.8849 0 -100.0025 0.707107 0 -0.707107
120.2028 0 -99.5883 0.866006 0 -0.500033
120.4026 0 -99.1059 0.965941 0 -0.258762
120.4707 0 -98.5883 1 0 -9.53168e-07
120.4026 0 -98.0707 0.965941 0 0.258764
120.2028 0 -97.5883 0.866005 0 0.500036
119.8849 0 -97.1741 0.707053 0 0.70716
119.4707 0 -96.8563 0.500002 0 0.866024
118.9884 0 -96.6565 0.258878 0 0.96591
118.4707 0 -96.5883 -1.24061e-05 0 1
117.9531 0 -96.6565 -0.258855 0 0.965916
117.4707 0 -96.8563 -0.499971 0 0.866042
117.0565 0 -97.1741 -0.707107 0 0.707107
116.7387 0 -97.5883 -0.866042 0 0.499971
116.5389 0 -98.0707 -0.965916 0 0.258855
116.4707 80 -98.5883 -1 0 -9.54509e-07
116.5389 80 -99.1059 -0.965917 0 -0.258853
116.7387 80 -99.5883 -0.866044 0 -0.499968
117.0565 80 -100.0025 -0.70716 0 -0.707053
117.4707 80 -100.3204 -0.500036 0 -0.866005
117.9531 80 -100.5202 -0.258764 0 -0.965941
118.4707 80 -100.5883 -1.23887e-05 0 -1
118.9884 80 -100.5202 0.258787 0 -0.965934
119.4707 80 -100.3204 0.500067 0 -0.865987
119.8849 80 -100.0025 0.707107 0 -0.707107
120.2028 80 -99.5883 0.866006 0 -0.500033
120.4026 80 -99.1059 0.965941 0 -0.258762
120.4707 80 -98.5883 1 0 -9.53168e-07
120.4026 80 -98.0707 0.965941 0 0.258764
120.2028 80 -97.5883 0.866005 0 0.500036
119.8849 80 -97.1741 0.707053 0 0.70716
119.4707 80 -96.8563 0.500002 0 0.866024
118.9884 80 -96.6565 0.258878 0 0.96591
118.4707 80 -96.5883 -1.24061e-05 0 1
117.9531 80 -96.6565 -0.258855 0 0.965916
117.4707 80 -96.8563 -0.499971 0 0.866042
117.0565 80 -97.1741 -0.707107 0 0.707107
116.7387 80 -97.5883 -0.866042 0 0.499971
116.5389 80 -98.0707 -0.965916 0 0.258855
0 18 19
0 19 1
1 19 20
1 20 2
2 20 21
2 21 3
3 21 22
3 22 4
4 22 23
4 23 5
5 23 24
5 24 6
6 24 25
6 25 7
7 25 26
7 26 8
8 26 27
8 27 9
9 27 28
9 28 10
10 28 29
10 29 11
11 29 30
11 30 12
12 30 31
12 31 13
13 31 32
13 32 14
14 32 33
14 33 15
15 33 34
15 34 16
16 34 35
16 35 17
17 35 18
17 18 0
27 36 37
27 37 28
28 37 38
28 38 29
29 38 39
29 39 30
30 39 40
30 40 31
31 40 41
31 41 32
32 41 42
32 42 33
33 42 43
33 43 34
34 43 44
34 44 35
35 44 45
35 45 18
18 45 46
18 46 19
19 46 47
19 47 20
20 47 48
20 48 21
21 48 49
21 49 22
22 49 50
22 50 23
23 50 51
23 51 24
24 51 52
24 52 25
25 52 53
25 53 26
26 53 36
26 36 27
45 54 55
45 55 46
46 55 56
46 56 47
47 56 57
47 57 48
48 57 58
48 58 49
49 58 59
49 59 50
50 59 60
50 60 51
51 60 61
51 61 52
52 61 62
52 62 53
53 62 63
53 63 36
36 63 64
36 64 37
37 64 65
37 65 38
38 65 66
38 66 39
39 66 67
39 67 40
40 67 68
40 68 41
41 68 69
41 69 42
42 69 70
42 70 43
43 70 71
43 71 44
44 71 54
44 54 45
72 91 90
72 73 91
73 92 91
73 74 92
74 93 92
74 75 93
75 94 93
75 76 94
76 95 94
76 77 95
77 96 95
77 78 96
78 97 96
78 79 97
79 98 97
79 80 98
80 99 98
80 81 99
81 100 99
81 82 100
82 101 100
82 83 101
83 102 101
83 84 102
84 103 102
84 85 103
85 104 103
85 86 104
86 105 104
86 87 105
87 106 105
87 88 106
88 107 106
88 89 107
89 90 107
89 72 90
90 109 108
90 91 109
91 110 109
91 92 110
92 111 110
92 93 111
93 112 111
93 94 112
94 113 112
94 95 113
95 114 113
95 96 114
96 115 114
96 97 115
97 116 115
97 98 116
98 117 116
98 99 117
99 118 117
99 100 118
100 119 118
100 101 119
101 120 119
101 102 120
102 121 120
102 103 121
103 122 121
103 104 122
104 123 122
104 105 123
105 124 123
105 106 124
106 125 124
106 107 125
107 108 125
107 90 108
126 144 145
126 145 127
127 145 146
127 146 128
128 146 147
128 147 129
129 147 148
129 148 130
130 148 149
130 149 131
131 149 150
131 150 132
132 150 151
132 151 133
133 151 152
133 152 134
134 152 153
134 153 135
135 153 154
135 154 136
136 154 155
136 155 137
137 155 156
137 156 138
138 156 157
138 157 139
139 157 158
139 158 140
140 158 159
140 159 141
141 159 160
141 160 142
142 160 161
142 161 143
143 161 144
143 144 126
144 162 163
144 163 145
145 163 164
145 164 146
146 164 165
146 165 147
147 165 166
147 166 148
148 166 167
148 167 149
149 167 168
149 168 150
150 168 169
150 169 151
151 169 170
151 170 152
152 170 171
152 171 153
153 171 172
153 172 154
154 172 173
154 173 155
155 173 174
155 174 156
156 174 175
156 175 157
157 175 176
157 176 158
158 176 177
158 177 159
159 177 178
159 178 160
160 178 179
160 179 161
161 179 162
161 162 144
180 198 199
180 199 181
181 199 200
181 200 182
182 200 201
182 201 183
183 201 202
183 202 184
184 202 203
184 203 185
185 203 204
185 204 186
186 204 205
186 205 187
187 205 206
187 206 188
188 206 207
188 207 189
189 207 208
189 208 190
190 208 209
190 209 191
191 209 210
191 210 192
192 210 211
192 211 193
193 211 212
193 212 194
194 212 213
194 213 195
195 213 214
195 214 196
196 214 215
196 215 197
197 215 198
197 198 180
198 216 217
198 217 199
199 217 218
199 218 200
200 218 219
200 219 201
201 219 220
201 220 202
202 220 221
202 221 203
203 221 222
203 222 204
204 222 223
204 223 205
205 223 224
205 224 206
206 224 225
206 225 207
207 225 226
207 226 208
208 226 227
208 227 209
209 227 228
209 228 210
210 228 229
210 229 211
211 229 230
211 230 212
212 230 231
212 231 213
213 231 232
213 232 214
214 232 233
214 233 215
215 233 216
215 216 198
234 252 253
234 253 235
235 253 254
235 254 236
236 254 255
236 255 237
237 255 256
237 256 238
238 256 257
238 257 239
239 257 258
239 258 240
240 258 259
240 259 241
241 259 260
241 260 242
242 260 261
242 261 243
243 261 262
243 262 244
244 262 263
244 263 245
245 263 264
245 264 246
246 264 265
246 265 247
247 265 266
247 266 248
248 266 267
248 267 249
249 267 268
249 268 250
250 268 269
250 269 251
251 269 252
251 252 234
252 270 271
252 271 253
253 271 272
253 272 254
254 272 273
254 273 255
255 273 274
255 274 256
256 274 275
256 275 257
257 275 276
257 276 258
258 276 277
258 277 259
259 277 278
259 278 260
260 278 279
260 279 261
261 279 280
261 280 262
262 280 281
262 281 263
263 281 282
263 282 264
264 282 283
264 283 265
265 283 284
265 284 266
266 284 285
266 285 267
267 285 286
267 286 268
268 286 287
268 287 269
269 287 270
269 270 252
288 306 307
288 307 289
289 307 308
289 308 290
290 308 309
290 309 291
291 309 310
291 310 292
292 310 311
292 311 293
293 311 312
293 312 294
294 312 313
294 313 295
295 313 314
295 314 296
296 314 315
296 315 297
297 315 316
297 316 298
298 316 317
298 317 299
299 317 318
299 318 300
300 318 319
300 319 301
301 319 320
301 320 302
302 320 321
302 321 303
303 321 322
303 322 304
304 322 323
304 323 305
305 323 306
305 306 288
324 288 289
324 289 325
325 289 290
325 290 326
326 290 291
326 291 327
327 291 292
327 292 328
328 292 293
328 293 329
329 293 294
329 294 330
330 294 295
330 295 331
331 295 296
331 296 332
332 296 297
332 297 333
333 297 298
333 298 334
334 298 299
334 299 335
335 299 300
335 300 336
336 300 301
336 301 337
337 301 302
337 302 338
338 302 303
338 303 339
339 303 304
339 304 340
340 304 305
340 305 341
341 305 288
341 288 324
306 342 343
306 343 307
307 343 344
307 344 308
308 344 345
308 345 309
309 345 346
309 346 310
310 346 347
310 347 311
311 347 348
311 348 312
312 348 349
312 349 313
313 349 350
313 350 314
314 350 351
314 351 315
315 351 352
315 352 316
316 352 353
316 353 317
317 353 354
317 354 318
318 354 355
318 355 319
319 355 356
319 356 320
320 356 357
320 357 321
321 357 358
321 358 322
322 358 359
322 359 323
323 359 342
323 342 306
360 378 379
360 379 361
361 379 380
361 380 362
362 380 381
362 381 363
363 381 382
363 382 364
364 382 383
364 383 365
365 383 384
365 384 366
366 384 385
366 385 367
367 385 386
367 386 368
368 386 387
368 387 369
369 387 388
369 388 370
370 388 389
370 389 371
371 389 390
371 390 372
372 390 391
372 391 373
373 391 392
373 392 374
374 392 393
374 393 375
375 393 394
375 394 376
376 394 395
376 395 377
377 395 378
377 378 360
396 429 397
396 428 429
397 430 398
397 429 430
398 431 399
398 430 431
399 432 400
399 431 432
400 433 401
400 432 433
401 434 402
401 433 434
402 435 403
402 434 435
684 436 404
684 724 436
686 437 405
686 726 437
405 438 406
405 437 438
406 439 407
406 438 439
407 440 408
407 439 440
408 441 409
408 440 441
409 442 410
409 441 442
410 443 411
410 442 443
694 444 412
694 734 444
696 445 413
696 736 445
413 446 414
413 445 446
414 447 415
414 446 447
415 448 416
415 447 448
416 449 417
416 448 449
417 450 418
417 449 450
418 451 419
418 450 451
704 452 420
704 744 452
706 453 421
706 746 453
421 454 422
421 453 454
422 455 423
422 454 455
423 456 424
423 455 456
424 457 425
424 456 457
425 458 426
425 457 458
426 459 427
426 458 459
714 716 676
714 754 716
697 698 699
697 699 700
697 700 701
697 701 702
697 702 703
697 703 705
695 697 705
695 705 707
693 695 707
692 693 707
691 692 707
690 691 707
689 690 707
688 689 707
687 688 707
685 687 707
683 685 707
682 683 707
681 682 707
680 681 707
679 680 707
678 679 707
677 678 707
715 677 707
713 715 707
713 707 708
712 713 708
712 708 709
712 709 710
711 712 710
737 739 738
737 740 739
737 741 740
737 742 741
737 743 742
737 745 743
735 745 737
735 747 745
733 747 735
732 747 733
731 747 732
730 747 731
729 747 730
728 747 729
727 747 728
725 747 727
723 747 725
722 747 723
721 747 722
720 747 721
719 747 720
718 747 719
717 747 718
755 747 717
753 747 755
753 748 747
752 748 753
752 749 748
752 750 749
751 750 752
460 479 461
460 478 479
757 480 462
757 779 480
462 481 463
462 480 481
463 482 464
463 481 482
464 483 465
464 482 483
465 484 466
465 483 484
466 485 467
466 484 485
467 486 468
467 485 486
765 487 469
765 787 487
767 488 470
767 789 488
470 489 471
470 488 489
471 490 472
471 489 490
472 491 473
472 490 491
473 492 474
473 491 492
474 493 475
474 492 493
475 494 476
475 493 494
775 495 477
775 797 495
768 769 770
768 770 771
768 771 772
768 772 773
768 773 774
768 774 776
766 768 776
766 776 777
764 766 777
763 764 777
762 763 777
761 762 777
760 761 777
759 760 777
758 759 777
756 758 777
790 792 791
790 793 792
790 794 793
790 795 794
790 796 795
790 798 796
788 798 790
788 799 798
786 799 788
785 799 786
784 799 785
783 799 784
782 799 783
781 799 782
780 799 781
778 799 780
342 496 497
342 497 343
343 497 498
343 498 344
344 498 499
344 499 345
345 499 500
345 500 346
346 500 501
346 501 347
347 501 502
347 502 348
348 502 503
348 503 349
349 503 504
349 504 350
350 504 505
350 505 351
351 505 506
351 506 352
352 506 507
352 507 353
353 507 508
353 508 354
354 508 509
354 509 355
355 509 510
355 510 356
356 510 511
356 511 357
357 511 512
357 512 358
358 512 513
358 513 359
359 513 496
359 496 342
63 514 515
63 515 64
64 515 516
64 516 65
65 516 517
65 517 66
66 517 518
66 518 67
67 518 519
67 519 68
68 519 520
68 520 69
69 520 521
69 521 70
70 521 522
70 522 71
71 522 523
71 523 54
54 523 524
54 524 55
55 524 525
55 525 56
56 525 526
56 526 57
57 526 527
57 527 58
58 527 528
58 528 59
59 528 529
59 529 60
60 529 530
60 530 61
61 530 531
61 531 62
62 531 514
62 514 63
496 532 533
496 533 497
497 533 534
497 534 498
498 534 535
498 535 499
499 535 536
499 536 500
500 536 537
500 537 501
501 537 538
501 538 502
502 538 539
502 539 503
503 539 540
503 540 504
504 540 541
504 541 505
505 541 542
505 542 506
506 542 543
506 543 507
507 543 544
507 544 508
508 544 545
508 545 509
509 545 546
509 546 510
510 546 547
510 547 511
511 547 548
511 548 512
512 548 549
512 549 513
513 549 532
513 532 496
532 550 551
532 551 533
533 551 552
533 552 534
534 552 553
534 553 535
535 553 554
535 554 536
536 554 555
536 555 537
537 555 556
537 556 538
538 556 557
538 557 539
539 557 558
539 558 540
540 558 559
540 559 541
541 559 560
541 560 542
542 560 561
542 561 543
543 561 562
543 562 544
544 562 563
544 563 545
545 563 564
545 564 546
546 564 565
546 565 547
547 565 566
547 566 548
548 566 567
548 567 549
549 567 550
549 550 532
550 568 569
550 569 551
551 569 570
551 570 552
552 570 571
552 571 553
553 571 572
553 572 554
554 572 573
554 573 555
555 573 574
555 574 556
556 574 575
556 575 557
557 575 576
557 576 558
558 576 577
558 577 559
559 577 578
559 578 560
560 578 579
560 579 561
561 579 580
561 580 562
562 580 581
562 581 563
563 581 582
563 582 564
564 582 583
564 583 565
565 583 584
565 584 566
566 584 585
566 585 567
567 585 568
567 568 550
514 586 587
514 587 515
515 587 588
515 588 516
516 588 589
516 589 517
517 589 590
517 590 518
518 590 591
518 591 519
519 591 592
519 592 520
520 592 593
520 593 521
521 593 594
521 594 522
522 594 595
522 595 523
523 595 596
523 596 524
524 596 597
524 597 525
525 597 598
525 598 526
526 598 599
526 599 527
527 599 600
527 600 528
528 600 601
528 601 529
529 601 602
529 602 530
530 602 603
530 603 531
531 603 586
531 586 514
586 604 605
586 605 587
587 605 606
587 606 588
588 606 607
588 607 589
589 607 608
589 608 590
590 608 609
590 609 591
591 609 610
591 610 592
592 610 611
592 611 593
593 611 612
593 612 594
594 612 613
594 613 595
595 613 614
595 614 596
596 614 615
596 615 597
597 615 616
597 616 598
598 616 617
598 617 599
599 617 618
599 618 600
600 618 619
600 619 601
601 619 620
601 620 602
602 620 621
602 621 603
603 621 604
603 604 586
604 622 623
604 623 605
605 623 624
605 624 606
606 624 625
606 625 607
607 625 626
607 626 608
608 626 627
608 627 609
609 627 628
609 628 610
610 628 629
610 629 611
611 629 630
611 630 612
612 630 631
612 631 613
613 631 632
613 632 614
614 632 633
614 633 615
615 633 634
615 634 616
616 634 635
616 635 617
617 635 636
617 636 618
618 636 637
618 637 619
619 637 638
619 638 620
620 638 639
620 639 621
621 639 622
621 622 604
568 640 641
568 641 569
569 641 642
569 642 570
570 642 643
570 643 571
571 643 644
571 644 572
572 644 645
572 645 573
573 645 646
573 646 574
574 646 647
574 647 575
575 647 648
575 648 576
576 648 649
576 649 577
577 649 650
577 650 578
578 650 651
578 651 579
579 651 652
579 652 580
580 652 653
580 653 581
581 653 654
581 654 582
582 654 655
582 655 583
583 655 656
583 656 584
584 656 657
584 657 585
585 657 640
585 640 568
622 658 659
622 659 623
623 659 660
623 660 624
624 660 661
624 661 625
625 661 662
625 662 626
626 662 663
626 663 627
627 663 664
627 664 628
628 664 665
628 665 629
629 665 666
629 666 630
630 666 667
630 667 631
631 667 668
631 668 632
632 668 669
632 669 633
633 669 670
633 670 634
634 670 671
634 671 635
635 671 672
635 672 636
636 672 673
636 673 637
637 673 674
637 674 638
638 674 675
638 675 639
639 675 658
639 658 622
800 824 825
800 825 801
801 825 826
801 826 802
802 826 827
802 827 803
803 827 828
803 828 804
804 828 829
804 829 805
805 829 830
805 830 806
806 830 831
806 831 807
807 831 832
807 832 808
808 832 833
808 833 809
809 833 834
809 834 810
810 834 835
810 835 811
811 835 836
811 836 812
812 836 837
812 837 813
813 837 838
813 838 814
814 838 839
814 839 815
815 839 840
815 840 816
816 840 841
816 841 817
817 841 842
817 842 818
818 842 843
818 843 819
819 843 844
819 844 820
820 844 845
820 845 821
821 845 846
821 846 822
822 846 847
822 847 823
823 847 824
823 824 800
LABEL vent
MATERIAL 1
TEXTURE 0
GEOM 632 612
118.4707 89.9506 -101.6883 1.28336e-05 0.707097 -0.707117
118.4707 90.0506 -101.5883 1.83831e-05 0.996942 -0.078148
118.4707 89.9506 -101.4883 1.19514e-05 0.707136 0.707077
117.4105 89.9506 -101.5013 -0.241955 0.706902 -0.664641
117.4447 90.0506 -101.40739 -0.0268171 0.996927 -0.073605
117.4789 89.9506 -101.3134 0.24182 0.707184 0.66439
116.4781 89.9506 -100.963 -0.454484 0.707157 -0.541639
116.5424 90.0506 -100.8864 -0.0501028 0.996956 -0.059737
116.6066 89.9506 -100.8098 0.454699 0.706914 0.541776
115.786 89.9506 -100.13831 -0.612107 0.707406 -0.353413
115.8727 90.0506 -100.0883 -0.0674439 0.996961 -0.0389851
115.9593 89.9506 -100.0383 0.612367 0.707103 0.35357
115.4178 89.9506 -99.1266 -0.696284 0.707187 -0.122781
115.5163 90.0506 -99.1092 -0.0769092 0.996946 -0.0135532
115.6148 89.9506 -99.0919 0.696314 0.707148 0.122837
115.4178 89.9506 -98.05 -0.696275 0.707193 0.122795
115.5163 90.0506 -98.0674 -0.0769194 0.996945 0.0135734
115.6148 89.9506 -98.0847 0.69631 0.707152 -0.122833
115.786 89.9506 -97.0383 -0.612125 0.707407 0.35338
115.8727 90.0506 -97.0883 -0.0674463 0.996962 0.0389636
115.9593 89.9506 -97.13831 0.612371 0.707113 -0.353542
116.4781 89.9506 -96.2136 -0.454501 0.707136 0.541653
116.5424 90.0506 -96.2902 -0.0501177 0.996957 0.0597095
116.6066 89.9506 -96.3668 0.454662 0.706915 -0.541806
117.4105 89.9506 -95.6753 -0.241927 0.706878 0.664676
117.4447 90.0506 -95.7692 -0.0267862 0.996922 0.0736785
117.4789 89.9506 -95.8632 0.24184 0.707226 -0.664338
118.4707 89.9506 -95.4883 -2.69692e-05 0.707121 0.707092
118.4707 90.0506 -95.5883 -2.86768e-05 0.996945 0.0781079
118.4707 89.9506 -95.6883 -7.78655e-06 0.707113 -0.707101
119.531 89.9506 -95.6753 0.241961 0.706877 0.664665
119.4968 90.0506 -95.7692 0.0268333 0.996922 0.0736652
119.4626 89.9506 -95.8632 -0.241812 0.707231 -0.664342
120.4634 89.9506 -96.2136 0.454496 0.707144 0.541646
120.3991 90.0506 -96.2902 0.0501897 0.996944 0.0598585
120.3348 89.9506 -96.3668 -0.454489 0.707151 -0.541644
121.1554 89.9506 -97.0383 0.61239 0.707096 0.353545
121.0688 90.0506 -97.0883 0.0676914 0.996942 0.0390469
120.9822 89.9506 -97.13831 -0.612357 0.707116 -0.353562
121.5236 89.9506 -98.05 0.696289 0.707182 0.12278
121.4251 90.0506 -98.0674 0.0766844 0.996964 0.013528
121.3267 89.9506 -98.0847 -0.696644 0.70682 -0.122848
121.5236 89.9506 -99.1266 0.696291 0.707181 -0.122774
121.4251 90.0506 -99.1092 0.0766901 0.996964 -0.0135009
121.3267 89.9506 -99.0919 -0.696656 0.706802 0.122888
121.1554 89.9506 -100.13831 0.612384 0.707093 -0.35356
121.0688 90.0506 -100.0883 0.0676876 0.996941 -0.039078
120.9822 89.9506 -100.0383 -0.612384 0.7071 0.353547
120.4634 89.9506 -100.963 0.454518 0.707137 -0.541637
120.3991 90.0506 -100.8864 0.050205 0.996944 -0.0598432
120.3348 89.9506 -100.8098 -0.45449 0.707145 0.54165
119.531 89.9506 -101.5013 0.241916 0.706901 -0.664656
119.4968 90.0506 -101.40739 0.0267734 0.996926 -0.0736294
119.4626 89.9506 -101.3134 -0.241841 0.707185 0.664381
118.4707 90.4506 -101.6883 -6.96957e-06 4.97271e-08 -1
118.4707 90.5506 -101.5883 1.83831e-05 0.996942 -0.078148
118.4707 90.4506 -101.4883 8.45729e-06 -6.78181e-08 1
118.4707 90.3506 -101.5883 -2.05582e-05 -0.996942 -0.0781479
117.4105 90.4506 -101.5013 -0.342054 1.08787e-07 -0.93968
117.4447 90.5506 -101.40739 -0.0268171 0.996927 -0.073605
117.4789 90.4506 -101.3134 0.342041 5.92452e-06 0.939685
117.4447 90.3506 -101.40739 -0.0267737 -0.996926 -0.0736265
116.4781 90.4506 -100.963 -0.642784 1.2137e-05 -0.766047
116.5424 90.5506 -100.8864 -0.0501028 0.996956 -0.059737
116.6066 90.4506 -100.8098 0.642841 -6.89168e-07 0.765999
116.5424 90.3506 -100.8864 -0.0501145 -0.996957 -0.0597107
115.786 90.4506 -100.13831 -0.86603 -4.17881e-07 -0.499992
115.8727 90.5506 -100.0883 -0.0674439 0.996961 -0.0389851
115.9593 90.4506 -100.0383 0.866022 -8.33407e-06 0.500005
115.8727 90.3506 -100.0883 -0.0674471 -0.996962 -0.038965
115.4178 90.4506 -99.1266 -0.984804 -6.37456e-06 -0.173671
115.5163 90.5506 -99.1092 -0.0769092 0.996946 -0.0135532
115.6148 90.4506 -99.0919 0.984794 4.52548e-07 0.173729
115.5163 90.3506 -99.1092 -0.076913 -0.996945 -0.0135705
115.4178 90.4506 -98.05 -0.984805 6.62923e-06 0.173666
115.5163 90.5506 -98.0674 -0.0769194 0.996945 0.0135734
115.6148 90.4506 -98.0847 0.984795 -1.30421e-07 -0.173723
115.5163 90.3506 -98.0674 -0.0769158 -0.996945 0.0135551
115.786 90.4506 -97.0383 -0.866031 6.57477e-07 0.49999
115.8727 90.5506 -97.0883 -0.0674463 0.996962 0.0389636
115.9593 90.4506 -97.13831 0.866023 8.67669e-06 -0.500003
115.8727 90.3506 -97.0883 -0.0674427 -0.996961 0.0389848
116.4781 90.4506 -96.2136 -0.642787 -1.27981e-05 0.766045
116.5424 90.5506 -96.2902 -0.0501177 0.996957 0.0597095
116.6066 90.4506 -96.3668 0.642843 -9.46793e-07 -0.765998
116.5424 90.3506 -96.2902 -0.0501023 -0.996956 0.0597377
117.4105 90.4506 -95.6753 -0.342054 7.13763e-07 0.93968
117.4447 90.5506 -95.7692 -0.0267862 0.996922 0.0736785
117.4789 90.4506 -95.8632 0.342044 -4.77188e-06 -0.939684
117.4447 90.3506 -95.7692 -0.0268411 -0.996923 0.073653
118.4707 90.4506 -95.4883 -6.96935e-06 -4.96254e-08 1
118.4707 90.5506 -95.5883 -2.86768e-05 0.996945 0.0781079
118.4707 90.4506 -95.6883 8.45717e-06 6.81107e-08 -1
118.4707 90.3506 -95.5883 2.65026e-05 -0.996945 0.078108
119.531 90.4506 -95.6753 0.342046 -7.75224e-07 0.939683
119.4968 90.5506 -95.7692 0.0268333 0.996922 0.0736652
119.4626 90.4506 -95.8632 -0.342049 -1.95818e-06 -0.939682
119.4968 90.3506 -95.7692 0.0267858 -0.996922 0.0736814
120.4634 90.4506 -96.2136 0.642802 5.0639e-06 0.766032
120.3991 90.5506 -96.2902 0.0501897 0.996944 0.0598585
120.3348 90.4506 -96.3668 -0.642782 4.57878e-06 -0.766049
120.3991 90.3506 -96.2902 0.0502083 -0.996944 0.059842
121.1554 90.4506 -97.0383 0.866032 1.41428e-06 0.499989
121.0688 90.5506 -97.0883 0.0676914 0.996942 0.0390469
120.9822 90.4506 -97.13831 -0.866024 1.32321e-05 -0.500002
121.0688 90.3506 -97.0883 0.0676868 -0.996941 0.0390766
121.5236 90.4506 -98.05 0.984808 3.15976e-06 0.173649
121.4251 90.5506 -98.0674 0.0766844 0.996964 0.013528
121.3267 90.4506 -98.0847 -0.984801 1.16355e-05 -0.173686
121.4251 90.3506 -98.0674 0.0766964 -0.996963 0.0135039
121.5236 90.4506 -99.1266 0.984807 -3.41504e-06 -0.173654
121.4251 90.5506 -99.1092 0.0766901 0.996964 -0.0135009
121.3267 90.4506 -99.0919 -0.9848 -1.19587e-05 0.173692
121.4251 90.3506 -99.1092 0.0766778 -0.996964 -0.0135261
121.1554 90.4506 -100.13831 0.866031 -1.6538e-06 -0.49999
121.0688 90.5506 -100.0883 0.0676876 0.996941 -0.039078
120.9822 90.4506 -100.0383 -0.866023 -1.35748e-05 0.500004
121.0688 90.3506 -100.0883 0.0676927 -0.996942 -0.0390472
120.4634 90.4506 -100.963 0.6428 -4.4028e-06 -0.766034
120.3991 90.5506 -100.8864 0.050205 0.996944 -0.0598432
120.3348 90.4506 -100.8098 -0.64278 -2.94154e-06 0.766051
120.3991 90.3506 -100.8864 0.0501902 -0.996944 -0.0598577
119.531 90.4506 -101.5013 0.342045 -4.71871e-08 -0.939683
119.4968 90.5506 -101.40739 0.0267734 0.996926 -0.0736294
119.4626 90.4506 -101.3134 -0.342046 8.05802e-07 0.939683
119.4968 90.3506 -101.40739 0.0268093 -0.996926 -0.0736172
118.4707 90.9506 -101.6883 -6.96957e-06 4.97271e-08 -1
118.4707 91.0506 -101.5883 1.83831e-05 0.996942 -0.078148
118.4707 90.9506 -101.4883 8.45729e-06 -6.78181e-08 1
118.4707 90.8506 -101.5883 -2.05582e-05 -0.996942 -0.0781479
117.4105 90.9506 -101.5013 -0.342054 1.08787e-07 -0.93968
117.4447 91.0506 -101.40739 -0.0268171 0.996927 -0.073605
117.4789 90.9506 -101.3134 0.342041 5.92452e-06 0.939685
117.4447 90.8506 -101.40739 -0.0267737 -0.996926 -0.0736265
116.4781 90.9506 -100.963 -0.642784 1.2137e-05 -0.766047
116.5424 91.0506 -100.8864 -0.0501028 0.996956 -0.059737
116.6066 90.9506 -100.8098 0.642841 -6.89168e-07 0.765999
116.5424 90.8506 -100.8864 -0.0501145 -0.996957 -0.0597107
115.786 90.9506 -100.13831 -0.86603 -4.17881e-07 -0.499992
115.8727 91.0506 -100.0883 -0.0674439 0.996961 -0.0389851
115.9593 90.9506 -100.0383 0.866022 -8.33407e-06 0.500005
115.8727 90.8506 -100.0883 -0.0674471 -0.996962 -0.038965
115.4178 90.9506 -99.1266 -0.984804 -6.37456e-06 -0.173671
115.5163 91.0506 -99.1092 -0.0769092 0.996946 -0.0135532
115.6148 90.9506 -99.0919 0.984794 4.52548e-07 0.173729
115.5163 90.8506 -99.1092 -0.076913 -0.996945 -0.0135705
115.4178 90.9506 -98.05 -0.984805 6.62923e-06 0.173666
115.5163 91.0506 -98.0674 -0.0769194 0.996945 0.0135734
115.6148 90.9506 -98.0847 0.984795 -1.30421e-07 -0.173723
115.5163 90.8506 -98.0674 -0.0769158 -0.996945 0.0135551
115.786 90.9506 -97.0383 -0.866031 6.57477e-07 0.49999
115.8727 91.0506 -97.0883 -0.0674463 0.996962 0.0389636
115.9593 90.9506 -97.13831 0.866023 8.67669e-06 -0.500003
115.8727 90.8506 -97.0883 -0.0674427 -0.996961 0.0389848
116.4781 90.9506 -96.2136 -0.642787 -1.27981e-05 0.766045
116.5424 91.0506 -96.2902 -0.0501177 0.996957 0.0597095
116.6066 90.9506 -96.3668 0.642843 -9.46793e-07 -0.765998
116.5424 90.8506 -96.2902 -0.0501023 -0.996956 0.0597377
117.4105 90.9506 -95.6753 -0.342054 7.13763e-07 0.93968
117.4447 91.0506 -95.7692 -0.0267862 0.996922 0.0736785
117.4789 90.9506 -95.8632 0.342044 -4.77188e-06 -0.939684
117.4447 90.8506 -95.7692 -0.0268411 -0.996923 0.073653
118.4707 90.9506 -95.4883 -6.96935e-06 -4.96254e-08 1
118.4707 91.0506 -95.5883 -2.86768e-05 0.996945 0.0781079
118.4707 90.9506 -95.6883 8.45717e-06 6.81107e-08 -1
118.4707 90.8506 -95.5883 2.65026e-05 -0.996945 0.078108
119.531 90.9506 -95.6753 0.342046 -7.75224e-07 0.939683
119.4968 91.0506 -95.7692 0.0268333 0.996922 0.0736652
119.4626 90.9506 -95.8632 -0.342049 -1.95818e-06 -0.939682
119.4968 90.8506 -95.7692 0.0267858 -0.996922 0.0736814
120.4634 90.9506 -96.2136 0.642802 5.0639e-06 0.766032
120.3991 91.0506 -96.2902 0.0501897 0.996944 0.0598585
120.3348 90.9506 -96.3668 -0.642782 4.57878e-06 -0.766049
120.3991 90.8506 -96.2902 0.0502083 -0.996944 0.059842
121.1554 90.9506 -97.0383 0.866032 1.41428e-06 0.499989
121.0688 91.0506 -97.0883 0.0676914 0.996942 0.0390469
120.9822 90.9506 -97.13831 -0.866024 1.32321e-05 -0.500002
121.0688 90.8506 -97.0883 0.0676868 -0.996941 0.0390766
121.5236 90.9506 -98.05 0.984808 3.15976e-06 0.173649
121.4251 91.0506 -98.0674 0.0766844 0.996964 0.013528
121.3267 90.9506 -98.0847 -0.984801 1.16355e-05 -0.173686
121.4251 90.8506 -98.0674 0.0766964 -0.996963 0.0135039
121.5236 90.9506 -99.1266 0.984807 -3.41504e-06 -0.173654
121.4251 91.0506 -99.1092 0.0766901 0.996964 -0.0135009
121.3267 90.9506 -99.0919 -0.9848 -1.19587e-05 0.173692
121.4251 90.8506 -99.1092 0.0766778 -0.996964 -0.0135261
121.1554 90.9506 -100.13831 0.866031 -1.6538e-06 -0.49999
121.0688 91.0506 -100.0883 0.0676876 0.996941 -0.039078
120.9822 90.9506 -100.0383 -0.866023 -1.35748e-05 0.500004
121.0688 90.8506 -100.0883 0.0676927 -0.996942 -0.0390472
120.4634 90.9506 -100.963 0.6428 -4.4028e-06 -0.766034
120.3991 91.0506 -100.8864 0.050205 0.996944 -0.0598432
120.3348 90.9506 -100.8098 -0.64278 -2.94154e-06 0.766051
120.3991 90.8506 -100.8864 0.0501902 -0.996944 -0.0598577
119.531 90.9506 -101.5013 0.342045 -4.71871e-08 -0.939683
119.4968 91.0506 -101.40739 0.0267734 0.996926 -0.0736294
119.4626 90.9506 -101.3134 -0.342046 8.05802e-07 0.939683
119.4968 90.8506 -101.40739 0.0268093 -0.996926 -0.0736172
115.9877 90.9532 -97.0937 0 1 0
115.8145 90.9532 -96.9937 0 1 0
115.9377 90.9532 -97.1803 0 1 0
115.7645 90.9532 -97.0803 0 1 0
116.6476 90.9532 -96.3342 0 1 0
116.5191 90.9532 -96.181 0 1 0
116.571 90.9532 -96.3985 0 1 0
116.4425 90.9532 -96.2453 0 1 0
117.5275 90.9532 -95.8462 0 1 0
117.4591 90.9532 -95.65829 0 1 0
117.4336 90.9532 -95.8804 0 1 0
117.3652 90.9532 -95.6925 0 1 0
117.4336 90.9532 -101.2902 0 1 0
117.3652 90.9532 -101.4782 0 1 0
117.5275 90.9532 -101.3244 0 1 0
117.4591 90.9532 -101.51241 0 1 0
116.571 90.9532 -100.7722 0 1 0
116.4425 90.9532 -100.9254 0 1 0
116.6476 90.9532 -100.8365 0 1 0
116.5191 90.9532 -100.9897 0 1 0
115.9377 90.9532 -99.9904 0 1 0
115.7645 90.9532 -100.0904 0 1 0
115.9877 90.9532 -100.077 0 1 0
115.8145 90.9532 -100.177 0 1 0
115.6099 90.9532 -99.0391 0 1 0
115.4129 90.9532 -99.0738 0 1 0
115.6273 90.9532 -99.1376 0 1 0
115.4303 90.9532 -99.1723 0 1 0
115.6273 90.9532 -98.0331 0 1 0
115.4303 90.9532 -97.9984 0 1 0
115.6099 90.9532 -98.1316 0 1 0
115.4129 90.9532 -98.0968 0 1 0
118.5213 90.9532 -101.682 0 1 0
118.5213 90.9532 -101.48199 0 1 0
118.4213 90.9532 -101.682 0 1 0
118.4213 90.9532 -101.48199 0 1 0
119.5774 90.9532 -101.4782 0 1 0
119.509 90.9532 -101.2902 0 1 0
119.4834 90.9532 -101.51241 0 1 0
119.415 90.9532 -101.3244 0 1 0
120.5001 90.9532 -100.9254 0 1 0
120.3716 90.9532 -100.7722 0 1 0
120.4235 90.9532 -100.9897 0 1 0
120.295 90.9532 -100.8365 0 1 0
121.1781 90.9532 -100.0904 0 1 0
121.0049 90.9532 -99.9904 0 1 0
121.1281 90.9532 -100.177 0 1 0
120.9549 90.9532 -100.077 0 1 0
121.5296 90.9532 -99.0738 0 1 0
121.3327 90.9532 -99.0391 0 1 0
121.5123 90.9532 -99.1723 0 1 0
121.3153 90.9532 -99.1376 0 1 0
121.5123 90.9532 -97.9984 0 1 0
121.3153 90.9532 -98.0331 0 1 0
121.5296 90.9532 -98.0968 0 1 0
121.3327 90.9532 -98.1316 0 1 0
121.1281 90.9532 -96.9937 0 1 0
120.9549 90.9532 -97.0937 0 1 0
121.1781 90.9532 -97.0803 0 1 0
121.0049 90.9532 -97.1803 0 1 0
120.4235 90.9532 -96.181 0 1 0
120.295 90.9532 -96.3342 0 1 0
120.5001 90.9532 -96.2453 0 1 0
120.3716 90.9532 -96.3985 0 1 0
119.4834 90.9532 -95.65829 0 1 0
119.415 90.9532 -95.8462 0 1 0
119.5774 90.9532 -95.6925 0 1 0
119.509 90.9532 -95.8804 0 1 0
118.5213 90.9532 -95.6886 0 1 0
118.5213 90.9532 -95.4886 0 1 0
118.4213 90.9532 -95.6886 0 1 0
118.4213 90.9532 -95.4886 0 1 0
116.0707 90.2006 -98.5883 -1 0 1.79426e-17
116.2155 90.2006 -99.4091 -0.939693 0 -0.342018
116.6322 90.2006 -100.131 -0.766085 0 -0.64274
117.2707 90.2006 -100.6668 -0.499967 0 -0.866045
118.054 90.2006 -100.9518 -0.173591 0 -0.984818
118.8875 90.2006 -100.9518 0.173611 0 -0.984814
119.6707 90.2006 -100.6668 0.499982 0 -0.866036
120.3092 90.2006 -100.131 0.766052 0 -0.642778
120.726 90.2006 -99.4091 0.939697 0 -0.342008
120.8707 90.2006 -98.5883 1 0 -8.97111e-18
120.726 90.2006 -97.7675 0.939698 0 0.342005
120.3092 90.2006 -97.0456 0.766054 0 0.642776
119.6707 90.2006 -96.5098 0.499982 0 0.866036
118.8875 90.2006 -96.2248 0.173611 0 0.984814
118.054 90.2006 -96.2248 -0.173591 0 0.984818
117.2707 90.2006 -96.5098 -0.499967 0 0.866045
116.6322 90.2006 -97.0456 -0.766086 0 0.642738
116.2155 90.2006 -97.7675 -0.939694 0 0.342016
116.0707 92.2006 -98.5883 -1 0 -8.9713e-18
116.2155 92.2006 -99.4091 -0.939693 0 -0.342018
116.6322 92.2006 -100.131 -0.766085 0 -0.64274
117.2707 92.2006 -100.6668 -0.499967 0 -0.866045
118.054 92.2006 -100.9518 -0.173591 0 -0.984818
118.8875 92.2006 -100.9518 0.173611 0 -0.984814
119.6707 92.2006 -100.6668 0.499982 0 -0.866036
120.3092 92.2006 -100.131 0.766052 0 -0.642778
120.726 92.2006 -99.4091 0.939697 0 -0.342008
120.8707 92.2006 -98.5883 1 0 0
120.726 92.2006 -97.7675 0.939698 0 0.342005
120.3092 92.2006 -97.0456 0.766054 0 0.642776
119.6707 92.2006 -96.5098 0.499982 0 0.866036
118.8875 92.2006 -96.2248 0.173611 0 0.984814
118.054 92.2006 -96.2248 -0.173591 0 0.984818
117.2707 92.2006 -96.5098 -0.499967 0 0.866045
116.6322 92.2006 -97.0456 -0.766086 0 0.642738
116.2155 92.2006 -97.7675 -0.939694 0 0.342016
118.4707 92.2044 -98.5883 0 -1 0
115.4707 92.2044 -98.5883 0 -1 0
115.6516 92.2044 -99.6144 0 -1 0
116.1726 92.2044 -100.5167 0 -1 0
116.9707 92.2044 -101.1864 0 -1 0
117.9498 92.2044 -101.5427 0 -1 0
118.9917 92.2044 -101.5427 0 -1 0
119.9707 92.2044 -101.1864 0 -1 0
120.7689 92.2044 -100.5167 0 -1 0
121.2898 92.2044 -99.6144 0 -1 0
121.4707 92.2044 -98.5883 0 -1 0
121.2898 92.2044 -97.56219 0 -1 0
120.7689 92.2044 -96.6599 0 -1 0
119.9707 92.2044 -95.9902 0 -1 0
118.9917 92.2044 -95.6339 0 -1 0
117.9498 92.2044 -95.6339 0 -1 0
116.9707 92.2044 -95.9902 0 -1 0
116.1726 92.2044 -96.6599 0 -1 0
115.6516 92.2044 -97.56219 0 -1 0
118.4707 93.2044 -98.5883 -1.16081e-06 1 -2.81914e-07
115.9877 89.9532 -97.0937 0.500028 0 0.866009
115.9877 89.9532 -97.0937 0.86599 0 -0.500061
115.8145 89.9532 -96.9937 0.500028 0 0.866009
115.8145 89.9532 -96.9937 -0.866009 0 0.500028
115.9377 89.9532 -97.1803 -0.5 0 -0.866025
115.9377 89.9532 -97.1803 0.86599 0 -0.500061
115.7645 89.9532 -97.0803 -0.866009 0 0.500028
115.7645 89.9532 -97.0803 -0.5 0 -0.866025
115.9877 90.9532 -97.0937 0.500028 0 0.866009
115.9877 90.9532 -97.0937 0.86599 0 -0.500061
115.8145 90.9532 -96.9937 0.500028 0 0.866009
115.8145 90.9532 -96.9937 -0.866009 0 0.500028
115.9377 90.9532 -97.1803 -0.5 0 -0.866025
115.9377 90.9532 -97.1803 0.86599 0 -0.500061
115.7645 90.9532 -97.0803 -0.866009 0 0.500028
115.7645 90.9532 -97.0803 -0.5 0 -0.866025
116.6476 89.9532 -96.3342 0.766178 0 0.642628
116.6476 89.9532 -96.3342 0.642942 0 -0.765915
116.5191 89.9532 -96.181 0.766178 0 0.642628
116.5191 89.9532 -96.181 -0.642904 0 0.765947
116.571 89.9532 -96.3985 -0.766159 0 -0.642651
116.571 89.9532 -96.3985 0.642942 0 -0.765915
116.4425 89.9532 -96.2453 -0.642904 0 0.765947
116.4425 89.9532 -96.2453 -0.766159 0 -0.642651
116.6476 90.9532 -96.3342 0.766178 0 0.642628
116.6476 90.9532 -96.3342 0.642942 0 -0.765915
116.5191 90.9532 -96.181 0.766178 0 0.642628
116.5191 90.9532 -96.181 -0.642904 0 0.765947
116.571 90.9532 -96.3985 -0.766159 0 -0.642651
116.571 90.9532 -96.3985 0.642942 0 -0.765915
116.4425 90.9532 -96.2453 -0.642904 0 0.765947
116.4425 90.9532 -96.2453 -0.766159 0 -0.642651
117.5275 89.9532 -95.8462 0.939683 0 0.342046
117.5275 89.9532 -95.8462 0.342264 0 -0.939604
117.4591 89.9532 -95.65829 0.939683 0 0.342046
117.4591 89.9532 -95.65829 -0.342331 0 0.939579
117.4336 89.9532 -95.8804 -0.939679 0 -0.342059
117.4336 89.9532 -95.8804 0.342264 0 -0.939604
117.3652 89.9532 -95.6925 -0.342331 0 0.939579
117.3652 89.9532 -95.6925 -0.939679 0 -0.342059
117.5275 90.9532 -95.8462 0.939683 0 0.342046
117.5275 90.9532 -95.8462 0.342264 0 -0.939604
117.4591 90.9532 -95.65829 0.939683 0 0.342046
117.4591 90.9532 -95.65829 -0.342331 0 0.939579
117.4336 90.9532 -95.8804 -0.939679 0 -0.342059
117.4336 90.9532 -95.8804 0.342264 0 -0.939604
117.3652 90.9532 -95.6925 -0.342331 0 0.939579
117.3652 90.9532 -95.6925 -0.939679 0 -0.342059
117.4336 89.9532 -101.2902 -0.939737 0 0.341899
117.4336 89.9532 -101.2902 0.342264 0 0.939604
117.3652 89.9532 -101.4782 -0.939737 0 0.341899
117.3652 89.9532 -101.4782 -0.342331 0 -0.939579
117.5275 89.9532 -101.3244 0.939741 0 -0.341887
117.5275 89.9532 -101.3244 0.342264 0 0.939604
117.4591 89.9532 -101.51241 -0.342331 0 -0.939579
117.4591 89.9532 -101.51241 0.939741 0 -0.341887
117.4336 90.9532 -101.2902 -0.939737 0 0.341899
117.4336 90.9532 -101.2902 0.342264 0 0.939604
117.3652 90.9532 -101.4782 -0.939737 0 0.341899
117.3652 90.9532 -101.4782 -0.342331 0 -0.939579
117.5275 90.9532 -101.3244 0.939741 0 -0.341887
117.5275 90.9532 -101.3244 0.342264 0 0.939604
117.4591 90.9532 -101.51241 -0.342331 0 -0.939579
117.4591 90.9532 -101.51241 0.939741 0 -0.341887
116.571 89.9532 -100.7722 -0.766159 0 0.642651
116.571 89.9532 -100.7722 0.642942 0 0.765915
116.4425 89.9532 -100.9254 -0.766159 0 0.642651
116.4425 89.9532 -100.9254 -0.642904 0 -0.765947
116.6476 89.9532 -100.8365 0.766178 0 -0.642628
116.6476 89.9532 -100.8365 0.642942 0 0.765915
116.5191 89.9532 -100.9897 -0.642904 0 -0.765947
116.5191 89.9532 -100.9897 0.766178 0 -0.642628
116.571 90.9532 -100.7722 -0.766159 0 0.642651
116.571 90.9532 -100.7722 0.642942 0 0.765915
116.4425 90.9532 -100.9254 -0.766159 0 0.642651
116.4425 90.9532 -100.9254 -0.642904 0 -0.765947
116.6476 90.9532 -100.8365 0.766178 0 -0.642628
116.6476 90.9532 -100.8365 0.642942 0 0.765915
116.5191 90.9532 -100.9897 -0.642904 0 -0.765947
116.5191 90.9532 -100.9897 0.766178 0 -0.642628
115.9377 89.9532 -99.9904 -0.5 0 0.866025
115.9377 89.9532 -99.9904 0.86599 0 0.500061
115.7645 89.9532 -100.0904 -0.5 0 0.866025
115.7645 89.9532 -100.0904 -0.866009 0 -0.500028
115.9877 89.9532 -100.077 0.500028 0 -0.866009
115.9877 89.9532 -100.077 0.86599 0 0.500061
115.8145 89.9532 -100.177 -0.866009 0 -0.500028
115.8145 89.9532 -100.177 0.500028 0 -0.866009
115.9377 90.9532 -99.9904 -0.5 0 0.866025
115.9377 90.9532 -99.9904 0.86599 0 0.500061
115.7645 90.9532 -100.0904 -0.5 0 0.866025
115.7645 90.9532 -100.0904 -0.866009 0 -0.500028
115.9877 90.9532 -100.077 0.500028 0 -0.866009
115.9877 90.9532 -100.077 0.86599 0 0.500061
115.8145 90.9532 -100.177 -0.866009 0 -0.500028
115.8145 90.9532 -100.177 0.500028 0 -0.866009
115.6099 89.9532 -99.0391 -0.173465 0 0.98484
115.6099 89.9532 -99.0391 0.98475 0 0.173977
115.4129 89.9532 -99.0738 -0.173465 0 0.98484
115.4129 89.9532 -99.0738 -0.984763 0 -0.173903
115.6273 89.9532 -99.1376 0.173459 0 -0.984841
115.6273 89.9532 -99.1376 0.98475 0 0.173977
115.4303 89.9532 -99.1723 -0.984763 0 -0.173903
115.4303 89.9532 -99.1723 0.173459 0 -0.984841
115.6099 90.9532 -99.0391 -0.173465 0 0.98484
115.6099 90.9532 -99.0391 0.98475 0 0.173977
115.4129 90.9532 -99.0738 -0.173465 0 0.98484
115.4129 90.9532 -99.0738 -0.984763 0 -0.173903
115.6273 90.9532 -99.1376 0.173459 0 -0.984841
115.6273 90.9532 -99.1376 0.98475 0 0.173977
115.4303 90.9532 -99.1723 -0.984763 0 -0.173903
115.4303 90.9532 -99.1723 0.173459 0 -0.984841
115.6273 89.9532 -98.0331 0.173459 0 0.984841
115.6273 89.9532 -98.0331 0.98475 0 -0.173977
115.4303 89.9532 -97.9984 0.173459 0 0.984841
115.4303 89.9532 -97.9984 -0.984733 0 0.174073
115.6099 89.9532 -98.1316 -0.173946 0 -0.984755
115.6099 89.9532 -98.1316 0.98475 0 -0.173977
115.4129 89.9532 -98.0968 -0.984733 0 0.174073
115.4129 89.9532 -98.0968 -0.173946 0 -0.984755
115.6273 90.9532 -98.0331 0.173459 0 0.984841
115.6273 90.9532 -98.0331 0.98475 0 -0.173977
115.4303 90.9532 -97.9984 0.173459 0 0.984841
115.4303 90.9532 -97.9984 -0.984733 0 0.174073
115.6099 90.9532 -98.1316 -0.173946 0 -0.984755
115.6099 90.9532 -98.1316 0.98475 0 -0.173977
115.4129 90.9532 -98.0968 -0.984733 0 0.174073
115.4129 90.9532 -98.0968 -0.173946 0 -0.984755
118.5213 89.9532 -101.682 1 0 0
118.5213 89.9532 -101.682 0 0 -1
118.5213 89.9532 -101.48199 1 0 0
118.5213 89.9532 -101.48199 0 0 1
118.4213 89.9532 -101.682 -1 0 0
118.4213 89.9532 -101.682 0 0 -1
118.4213 89.9532 -101.48199 0 0 1
118.4213 89.9532 -101.48199 -1 0 0
118.5213 90.9532 -101.682 1 0 0
118.5213 90.9532 -101.682 0 0 -1
118.5213 90.9532 -101.48199 1 0 0
118.5213 90.9532 -101.48199 0 0 1
118.4213 90.9532 -101.682 -1 0 0
118.4213 90.9532 -101.682 0 0 -1
118.4213 90.9532 -101.48199 0 0 1
118.4213 90.9532 -101.48199 -1 0 0
119.5774 89.9532 -101.4782 0.939737 0 0.341899
119.5774 89.9532 -101.4782 0.341988 0 -0.939704
119.509 89.9532 -101.2902 0.939737 0 0.341899
119.509 89.9532 -101.2902 -0.341921 0 0.939729
119.4834 89.9532 -101.51241 -0.939741 0 -0.341887
119.4834 89.9532 -101.51241 0.341988 0 -0.939704
119.415 89.9532 -101.3244 -0.341921 0 0.939729
119.415 89.9532 -101.3244 -0.939741 0 -0.341887
119.5774 90.9532 -101.4782 0.939737 0 0.341899
119.5774 90.9532 -101.4782 0.341988 0 -0.939704
119.509 90.9532 -101.2902 0.939737 0 0.341899
119.509 90.9532 -101.2902 -0.341921 0 0.939729
119.4834 90.9532 -101.51241 -0.939741 0 -0.341887
119.4834 90.9532 -101.51241 0.341988 0 -0.939704
119.415 90.9532 -101.3244 -0.341921 0 0.939729
119.415 90.9532 -101.3244 -0.939741 0 -0.341887
120.5001 89.9532 -100.9254 0.766159 0 0.642651
120.5001 89.9532 -100.9254 0.642942 0 -0.765915
120.3716 89.9532 -100.7722 0.766159 0 0.642651
120.3716 89.9532 -100.7722 -0.642942 0 0.765915
120.4235 89.9532 -100.9897 -0.766159 0 -0.642651
120.4235 89.9532 -100.9897 0.642942 0 -0.765915
120.295 89.9532 -100.8365 -0.642942 0 0.765915
120.295 89.9532 -100.8365 -0.766159 0 -0.642651
120.5001 90.9532 -100.9254 0.766159 0 0.642651
120.5001 90.9532 -100.9254 0.642942 0 -0.765915
120.3716 90.9532 -100.7722 0.766159 0 0.642651
120.3716 90.9532 -100.7722 -0.642942 0 0.765915
120.4235 90.9532 -100.9897 -0.766159 0 -0.642651
120.4235 90.9532 -100.9897 0.642942 0 -0.765915
120.295 90.9532 -100.8365 -0.642942 0 0.765915
120.295 90.9532 -100.8365 -0.766159 0 -0.642651
121.1781 89.9532 -100.0904 0.5 0 0.866025
121.1781 89.9532 -100.0904 0.866009 0 -0.500028
121.0049 89.9532 -99.9904 0.5 0 0.866025
121.0049 89.9532 -99.9904 -0.866023 0 0.500004
121.1281 89.9532 -100.177 -0.500045 0 -0.865999
121.1281 89.9532 -100.177 0.866009 0 -0.500028
120.9549 89.9532 -100.077 -0.866023 0 0.500004
120.9549 89.9532 -100.077 -0.500045 0 -0.865999
121.1781 90.9532 -100.0904 0.5 0 0.866025
121.1781 90.9532 -100.0904 0.866009 0 -0.500028
121.0049 90.9532 -99.9904 0.5 0 0.866025
121.0049 90.9532 -99.9904 -0.866023 0 0.500004
121.1281 90.9532 -100.177 -0.500045 0 -0.865999
121.1281 90.9532 -100.177 0.866009 0 -0.500028
120.9549 90.9532 -100.077 -0.866023 0 0.500004
120.9549 90.9532 -100.077 -0.500045 0 -0.865999
121.5296 89.9532 -99.0738 0.17355 0 0.984825
121.5296 89.9532 -99.0738 0.984919 0 -0.173015
121.3327 89.9532 -99.0391 0.17355 0 0.984825
121.3327 89.9532 -99.0391 -0.98475 0 0.173977
121.5123 89.9532 -99.1723 -0.173465 0 -0.98484
121.5123 89.9532 -99.1723 0.984919 0 -0.173015
121.3153 89.9532 -99.1376 -0.98475 0 0.173977
121.3153 89.9532 -99.1376 -0.173465 0 -0.98484
121.5296 90.9532 -99.0738 0.17355 0 0.984825
121.5296 90.9532 -99.0738 0.984919 0 -0.173015
121.3327 90.9532 -99.0391 0.17355 0 0.984825
121.3327 90.9532 -99.0391 -0.98475 0 0.173977
121.5123 90.9532 -99.1723 -0.173465 0 -0.98484
121.5123 90.9532 -99.1723 0.984919 0 -0.173015
121.3153 90.9532 -99.1376 -0.98475 0 0.173977
121.3153 90.9532 -99.1376 -0.173465 0 -0.98484
121.5123 89.9532 -97.9984 -0.173465 0 0.98484
121.5123 89.9532 -97.9984 0.984889 0 0.173184
121.3153 89.9532 -98.0331 -0.173465 0 0.98484
121.3153 89.9532 -98.0331 -0.98475 0 -0.173977
121.5296 89.9532 -98.0968 0.174031 0 -0.98474
121.5296 89.9532 -98.0968 0.984889 0 0.173184
121.3327 89.9532 -98.1316 -0.98475 0 -0.173977
121.3327 89.9532 -98.1316 0.174031 0 -0.98474
121.5123 90.9532 -97.9984 -0.173465 0 0.98484
121.5123 90.9532 -97.9984 0.984889 0 0.173184
121.3153 90.9532 -98.0331 -0.173465 0 0.98484
121.3153 90.9532 -98.0331 -0.98475 0 -0.173977
121.5296 90.9532 -98.0968 0.174031 0 -0.98474
121.5296 90.9532 -98.0968 0.984889 0 0.173184
121.3327 90.9532 -98.1316 -0.98475 0 -0.173977
121.3327 90.9532 -98.1316 0.174031 0 -0.98474
121.1281 89.9532 -96.9937 -0.500045 0 0.865999
121.1281 89.9532 -96.9937 0.866009 0 0.500028
120.9549 89.9532 -97.0937 -0.500045 0 0.865999
120.9549 89.9532 -97.0937 -0.866023 0 -0.500004
121.1781 89.9532 -97.0803 0.5 0 -0.866025
121.1781 89.9532 -97.0803 0.866009 0 0.500028
121.0049 89.9532 -97.1803 -0.866023 0 -0.500004
121.0049 89.9532 -97.1803 0.5 0 -0.866025
121.1281 90.9532 -96.9937 -0.500045 0 0.865999
121.1281 90.9532 -96.9937 0.866009 0 0.500028
120.9549 90.9532 -97.0937 -0.500045 0 0.865999
120.9549 90.9532 -97.0937 -0.866023 0 -0.500004
121.1781 90.9532 -97.0803 0.5 0 -0.866025
121.1781 90.9532 -97.0803 0.866009 0 0.500028
121.0049 90.9532 -97.1803 -0.866023 0 -0.500004
121.0049 90.9532 -97.1803 0.5 0 -0.866025
120.4235 89.9532 -96.181 -0.766159 0 0.642651
120.4235 89.9532 -96.181 0.642942 0 0.765915
120.295 89.9532 -96.3342 -0.766159 0 0.642651
120.295 89.9532 -96.3342 -0.642942 0 -0.765915
120.5001 89.9532 -96.2453 0.766159 0 -0.642651
120.5001 89.9532 -96.2453 0.642942 0 0.765915
120.3716 89.9532 -96.3985 -0.642942 0 -0.765915
120.3716 89.9532 -96.3985 0.766159 0 -0.642651
120.4235 90.9532 -96.181 -0.766159 0 0.642651
120.4235 90.9532 -96.181 0.642942 0 0.765915
120.295 90.9532 -96.3342 -0.766159 0 0.642651
120.295 90.9532 -96.3342 -0.642942 0 -0.765915
120.5001 90.9532 -96.2453 0.766159 0 -0.642651
120.5001 90.9532 -96.2453 0.642942 0 0.765915
120.3716 90.9532 -96.3985 -0.642942 0 -0.765915
120.3716 90.9532 -96.3985 0.766159 0 -0.642651
119.4834 89.9532 -95.65829 -0.939683 0 0.342046
119.4834 89.9532 -95.65829 0.341988 0 0.939704
119.415 89.9532 -95.8462 -0.939683 0 0.342046
119.415 89.9532 -95.8462 -0.341921 0 -0.939729
119.5774 89.9532 -95.6925 0.939679 0 -0.342059
119.5774 89.9532 -95.6925 0.341988 0 0.939704
119.509 89.9532 -95.8804 -0.341921 0 -0.939729
119.509 89.9532 -95.8804 0.939679 0 -0.342059
119.4834 90.9532 -95.65829 -0.939683 0 0.342046
119.4834 90.9532 -95.65829 0.341988 0 0.939704
119.415 90.9532 -95.8462 -0.939683 0 0.342046
119.415 90.9532 -95.8462 -0.341921 0 -0.939729
119.5774 90.9532 -95.6925 0.939679 0 -0.342059
119.5774 90.9532 -95.6925 0.341988 0 0.939704
119.509 90.9532 -95.8804 -0.341921 0 -0.939729
119.509 90.9532 -95.8804 0.939679 0 -0.342059
118.5213 89.9532 -95.6886 1 0 0
118.5213 89.9532 -95.6886 0 0 -1
118.5213 89.9532 -95.4886 1 0 0
118.5213 89.9532 -95.4886 0 0 1
118.4213 89.9532 -95.6886 -1 0 0
118.4213 89.9532 -95.6886 0 0 -1
118.4213 89.9532 -95.4886 0 0 1
118.4213 89.9532 -95.4886 -1 0 0
118.5213 90.9532 -95.6886 1 0 0
118.5213 90.9532 -95.6886 0 0 -1
118.5213 90.9532 -95.4886 1 0 0
118.5213 90.9532 -95.4886 0 0 1
118.4213 90.9532 -95.6886 -1 0 0
118.4213 90.9532 -95.6886 0 0 -1
118.4213 90.9532 -95.4886 0 0 1
118.4213 90.9532 -95.4886 -1 0 0
115.4707 92.2044 -98.5883 -0.316228 0.948683 -3.65455e-07
115.6516 92.2044 -99.6144 -0.297153 0.948685 -0.108157
116.1726 92.2044 -100.5167 -0.242241 0.948683 -0.203272
116.9707 92.2044 -101.1864 -0.158107 0.948684 -0.273863
117.9498 92.2044 -101.5427 -0.0549047 0.948682 -0.311428
118.9917 92.2044 -101.5427 0.0549096 0.948683 -0.311425
119.9707 92.2044 -101.1864 0.158104 0.948684 -0.273865
120.7689 92.2044 -100.5167 0.242238 0.948686 -0.203264
121.2898 92.2044 -99.6144 0.297157 0.948684 -0.108147
121.4707 92.2044 -98.5883 0.316228 0.948683 -3.65468e-07
121.2898 92.2044 -97.56219 0.297156 0.948684 0.108147
120.7689 92.2044 -96.6599 0.242237 0.948686 0.203265
119.9707 92.2044 -95.9902 0.158104 0.948684 0.273865
118.9917 92.2044 -95.6339 0.0549104 0.948683 0.311425
117.9498 92.2044 -95.6339 -0.0549056 0.948683 0.311427
116.9707 92.2044 -95.9902 -0.158107 0.948684 0.273863
116.1726 92.2044 -96.6599 -0.242239 0.948683 0.203273
115.6516 92.2044 -97.56219 -0.297152 0.948685 0.108157
0 3 4
0 4 1
1 4 5
1 5 2
3 6 7
3 7 4
4 7 8
4 8 5
6 9 10
6 10 7
7 10 11
7 11 8
9 12 13
9 13 10
10 13 14
10 14 11
12 15 16
12 16 13
13 16 17
13 17 14
15 18 19
15 19 16
16 19 20
16 20 17
18 21 22
18 22 19
19 22 23
19 23 20
21 24 25
21 25 22
22 25 26
22 26 23
24 27 28
24 28 25
25 28 29
25 29 26
27 30 31
27 31 28
28 31 32
28 32 29
30 33 34
30 34 31
31 34 35
31 35 32
33 36 37
33 37 34
34 37 38
34 38 35
36 39 40
36 40 37
37 40 41
37 41 38
39 42 43
39 43 40
40 43 44
40 44 41
42 45 46
42 46 43
43 46 47
43 47 44
45 48 49
45 49 46
46 49 50
46 50 47
48 51 52
48 52 49
49 52 53
49 53 50
51 0 1
51 1 52
52 1 2
52 2 53
54 58 59
54 59 55
55 59 60
55 60 56
56 60 61
56 61 57
57 61 58
57 58 54
58 62 63
58 63 59
59 63 64
59 64 60
60 64 65
60 65 61
61 65 62
61 62 58
62 66 67
62 67 63
63 67 68
63 68 64
64 68 69
64 69 65
65 69 66
65 66 62
66 70 71
66 71 67
67 71 72
67 72 68
68 72 73
68 73 69
69 73 70
69 70 66
70 74 75
70 75 71
71 75 76
71 76 72
72 76 77
72 77 73
73 77 74
73 74 70
74 78 79
74 79 75
75 79 80
75 80 76
76 80 81
76 81 77
77 81 78
77 78 74
78 82 83
78 83 79
79 83 84
79 84 80
80 84 85
80 85 81
81 85 82
81 82 78
82 86 87
82 87 83
83 87 88
83 88 84
84 88 89
84 89 85
85 89 86
85 86 82
86 90 91
86 91 87
87 91 92
87 92 88
88 92 93
88 93 89
89 93 90
89 90 86
90 94 95
90 95 91
91 95 96
91 96 92
92 96 97
92 97 93
93 97 94
93 94 90
94 98 99
94 99 95
95 99 100
95 100 96
96 100 101
96 101 97
97 101 98
97 98 94
98 102 103
98 103 99
99 103 104
99 104 100
100 104 105
100 105 101
101 105 102
101 102 98
102 106 107
102 107 103
103 107 108
103 108 104
104 108 109
104 109 105
105 109 106
105 106 102
106 110 111
106 111 107
107 111 112
107 112 108
108 112 113
108 113 109
109 113 110
109 110 106
110 114 115
110 115 111
111 115 116
111 116 112
112 116 117
112 117 113
113 117 114
113 114 110
114 118 119
114 119 115
115 119 120
115 120 116
116 120 121
116 121 117
117 121 118
117 118 114
118 122 123
118 123 119
119 123 124
119 124 120
120 124 125
120 125 121
121 125 122
121 122 118
122 54 55
122 55 123
123 55 56
123 56 124
124 56 57
124 57 125
125 57 54
125 54 122
126 130 131
126 131 127
127 131 132
127 132 128
128 132 133
128 133 129
129 133 130
129 130 126
130 134 135
130 135 131
131 135 136
131 136 132
132 136 137
132 137 133
133 137 134
133 134 130
134 138 139
134 139 135
135 139 140
135 140 136
136 140 141
136 141 137
137 141 138
137 138 134
138 142 143
138 143 139
139 143 144
139 144 140
140 144 145
140 145 141
141 145 142
141 142 138
142 146 147
142 147 143
143 147 148
143 148 144
144 148 149
144 149 145
145 149 146
145 146 142
146 150 151
146 151 147
147 151 152
147 152 148
148 152 153
148 153 149
149 153 150
149 150 146
150 154 155
150 155 151
151 155 156
151 156 152
152 156 157
152 157 153
153 157 154
153 154 150
154 158 159
154 159 155
155 159 160
155 160 156
156 160 161
156 161 157
157 161 158
157 158 154
158 162 163
158 163 159
159 163 164
159 164 160
160 164 165
160 165 161
161 165 162
161 162 158
162 166 167
162 167 163
163 167 168
163 168 164
164 168 169
164 169 165
165 169 166
165 166 162
166 170 171
166 171 167
167 171 172
167 172 168
168 172 173
168 173 169
169 173 170
169 170 166
170 174 175
170 175 171
171 175 176
171 176 172
172 176 177
172 177 173
173 177 174
173 174 170
174 178 179
174 179 175
175 179 180
175 180 176
176 180 181
176 181 177
177 181 178
177 178 174
178 182 183
178 183 179
179 183 184
179 184 180
180 184 185
180 185 181
181 185 182
181 182 178
182 186 187
182 187 183
183 187 188
183 188 184
184 188 189
184 189 185
185 189 186
185 186 182
186 190 191
186 191 187
187 191 192
187 192 188
188 192 193
188 193 189
189 193 190
189 190 186
190 194 195
190 195 191
191 195 196
191 196 192
192 196 197
192 197 193
193 197 194
193 194 190
194 126 127
194 127 195
195 127 128
195 128 196
196 128 129
196 129 197
197 129 126
197 126 194
198 201 199
201 198 200
326 336 328
336 326 334
329 340 332
340 329 337
333 338 330
338 333 341
331 335 327
335 331 339
202 205 203
205 202 204
342 352 344
352 342 350
345 356 348
356 345 353
349 354 346
354 349 357
347 351 343
351 347 355
206 209 207
209 206 208
358 368 360
368 358 366
361 372 364
372 361 369
365 370 362
370 365 373
363 367 359
367 363 371
210 213 211
213 210 212
374 384 376
384 374 382
377 388 380
388 377 385
381 386 378
386 381 389
379 383 375
383 379 387
214 217 215
217 214 216
390 400 392
400 390 398
393 404 396
404 393 401
397 402 394
402 397 405
395 399 391
399 395 403
218 221 219
221 218 220
406 416 408
416 406 414
409 420 412
420 409 417
413 418 410
418 413 421
411 415 407
415 411 419
222 225 223
225 222 224
422 432 424
432 422 430
425 436 428
436 425 433
429 434 426
434 429 437
427 431 423
431 427 435
226 229 227
229 226 228
438 448 440
448 438 446
441 452 444
452 441 449
445 450 442
450 445 453
443 447 439
447 443 451
230 233 231
233 230 232
454 464 456
464 454 462
457 468 460
468 457 465
461 466 458
466 461 469
459 463 455
463 459 467
234 237 235
237 234 236
470 480 472
480 470 478
473 484 476
484 473 481
477 482 474
482 477 485
475 479 471
479 475 483
238 241 239
241 238 240
486 496 488
496 486 494
489 500 492
500 489 497
493 498 490
498 493 501
491 495 487
495 491 499
242 245 243
245 242 244
502 512 504
512 502 510
505 516 508
516 505 513
509 514 506
514 509 517
507 511 503
511 507 515
246 249 247
249 246 248
518 528 520
528 518 526
521 532 524
532 521 529
525 530 522
530 525 533
523 527 519
527 523 531
250 253 251
253 250 252
534 544 536
544 534 542
537 548 540
548 537 545
541 546 538
546 541 549
539 543 535
543 539 547
254 257 255
257 254 256
550 560 552
560 550 558
553 564 556
564 553 561
557 562 554
562 557 565
555 559 551
559 555 563
258 261 259
261 258 260
566 576 568
576 566 574
569 580 572
580 569 577
573 578 570
578 573 581
571 575 567
575 571 579
262 265 263
265 262 264
582 592 584
592 582 590
585 596 588
596 585 593
589 594 586
594 589 597
587 591 583
591 587 595
266 269 267
269 266 268
598 608 600
608 598 606
601 612 604
612 601 609
605 610 602
610 605 613
603 607 599
607 603 611
270 288 289
270 289 271
271 289 290
271 290 272
272 290 291
272 291 273
273 291 292
273 292 274
274 292 293
274 293 275
275 293 294
275 294 276
276 294 295
276 295 277
277 295 296
277 296 278
278 296 297
278 297 279
279 297 298
279 298 280
280 298 299
280 299 281
281 299 300
281 300 282
282 300 301
282 301 283
283 301 302
283 302 284
284 302 303
284 303 285
285 303 304
285 304 286
286 304 305
286 305 287
287 305 288
287 288 270
306 307 308
306 308 309
306 309 310
306 310 311
306 311 312
306 312 313
306 313 314
306 314 315
306 315 316
306 316 317
306 317 318
306 318 319
306 319 320
306 320 321
306 321 322
306 322 323
306 323 324
306 324 307
614 325 615
615 325 616
616 325 617
617 325 618
618 325 619
619 325 620
620 325 621
621 325 622
622 325 623
623 325 624
624 325 625
625 325 626
626 325 627
627 325 628
628 325 629
629 325 630
630 325 631
631 325 614
LABEL water_tower_structure
MATERIAL 1
TEXTURE 0
GEOM 1504 1094
129.01511 0.089798 -102.093 -0.588337 -0.0200866 0.808366
128.9534 0.0261002 -102.1395 -0.588338 -0.020087 0.808366
118.6651 14.8419 -109.2593 -0.588233 -0.0199736 0.808445
118.6035 14.7782 -109.30569 -0.588233 -0.019974 0.808445
129.0753 0.089798 -102.1729 0.587892 0.0196051 -0.808702
129.0136 0.0261002 -102.2193 0.587891 0.0196038 -0.808703
118.7253 14.8419 -109.3392 0.58827 0.0200134 -0.808417
118.6637 14.7782 -109.3856 0.588269 0.020012 -0.808418
129.01511 0.089798 -102.093 0.607744 0.648828 0.457897
128.9534 0.0261002 -102.1395 -0.607499 -0.648817 -0.458236
118.6651 14.8419 -109.2593 0.607764 0.648829 0.457869
118.6035 14.7782 -109.30569 -0.607788 -0.648825 -0.457843
129.0753 0.089798 -102.1729 0.607744 0.648828 0.457897
129.0136 0.0261002 -102.2193 -0.607499 -0.648817 -0.458237
118.7253 14.8419 -109.3392 0.607764 0.648829 0.457869
118.6637 14.7782 -109.3856 -0.607787 -0.648825 -0.457844
118.613 0.0896988 -109.8059 -0.609448 -0.0106617 0.792755
118.6746 0.0261002 -109.7594 -0.609449 -0.0106599 0.792753
128.39301 14.8419 -102.0888 -0.608941 -0.0112025 0.793136
128.45461 14.7782 -102.0424 -0.608943 -0.0112007 0.793135
118.6732 0.0896988 -109.8857 0.608973 0.011169 -0.793112
118.7348 0.0261002 -109.83929 0.608971 0.0111707 -0.793113
128.4532 14.8419 -102.1687 0.609456 0.0106531 -0.792748
128.5148 14.7782 -102.1222 0.609454 0.0106549 -0.79275
118.613 0.0896988 -109.8059 -0.60996 0.64511 -0.460197
118.6746 0.0261002 -109.7594 0.610236 -0.645108 0.459835
128.39301 14.8419 -102.0888 -0.610288 0.645103 -0.459773
128.45461 14.7782 -102.0424 0.609988 -0.645111 0.460159
118.6732 0.0896988 -109.8857 -0.609961 0.64511 -0.460195
118.7348 0.0261002 -109.83929 0.610237 -0.645108 0.459834
128.4532 14.8419 -102.1687 -0.610289 0.645103 -0.459771
128.5148 14.7782 -102.1222 0.609989 -0.645111 0.460158
108.0733 0.0896988 -102.3003 0.580152 -0.0108953 0.814436
108.1357 0.0261002 -102.3456 0.580152 -0.0108953 0.814436
118.3125 14.8419 -109.3967 0.580156 -0.0108997 0.814432
118.3749 14.7782 -109.442 0.580156 -0.0108997 0.814432
108.0145 0.0896988 -102.3812 -0.580136 0.0108781 -0.814447
108.0769 0.0261002 -102.4265 -0.580136 0.010878 -0.814447
118.2537 14.8419 -109.4776 -0.580156 0.0108996 -0.814432
118.3161 14.7782 -109.5229 -0.580156 0.0108996 -0.814432
108.0733 0.0896988 -102.3003 -0.618044 0.645101 0.449296
108.1357 0.0261002 -102.3456 0.618117 -0.645105 -0.44919
118.3125 14.8419 -109.3967 -0.618091 0.645102 0.44923
118.3749 14.7782 -109.442 0.618089 -0.645105 -0.449228
108.0145 0.0896988 -102.3812 -0.618044 0.645101 0.449296
108.0769 0.0261002 -102.4265 0.618117 -0.645105 -0.44919
118.2537 14.8419 -109.4776 -0.618091 0.645102 0.449229
118.3161 14.7782 -109.5229 0.618089 -0.645105 -0.449228
118.4903 0.089798 -109.9928 0.601324 -0.0197701 0.798761
118.4279 0.0261002 -109.9474 0.601327 -0.019767 0.798759
108.6112 14.8419 -102.1903 0.600448 -0.0207026 0.799396
108.5487 14.7782 -102.145 0.60045 -0.0206995 0.799394
118.4316 0.089798 -110.0737 -0.600921 0.0201994 -0.799053
118.3691 0.0261993 -110.02831 -0.600921 0.020199 -0.799053
108.5524 14.8419 -102.27119 -0.600813 0.0203139 -0.799131
108.49 14.7782 -102.2259 -0.600813 0.0203136 -0.799131
118.4903 0.089798 -109.9928 0.615931 0.648813 -0.446846
118.4279 0.0261002 -109.9474 -0.615921 -0.648814 0.446857
108.6112 14.8419 -102.1903 0.615514 0.648829 -0.447396
108.5487 14.7782 -102.145 -0.615881 -0.648815 0.44691
118.4316 0.089798 -110.0737 0.615929 0.648813 -0.446848
118.3691 0.0261993 -110.02831 -0.615921 -0.648814 0.446857
108.5524 14.8419 -102.27119 0.615513 0.648829 -0.447398
108.49 14.7782 -102.2259 -0.615881 -0.648815 0.44691
111.8962 0.0896988 -89.596 0.953663 -0.0114137 -0.300659
111.8723 0.0261002 -89.6694 0.953663 -0.0114157 -0.300661
108.3112 14.8418 -101.527 0.953885 -0.0108017 -0.299977
108.2874 14.7782 -101.6004 0.953885 -0.0108038 -0.299979
111.8011 0.0896988 -89.5651 -0.953663 0.0114137 0.300659
111.7772 0.0261002 -89.6385 -0.953663 0.0114157 0.300661
108.2161 14.8418 -101.4961 -0.953885 0.0108017 0.299977
108.1923 14.7782 -101.5695 -0.953885 0.0108038 0.299979
111.8962 0.0896988 -89.596 0.236111 0.645107 0.726697
111.8723 0.0261002 -89.6694 -0.23611 -0.645107 -0.726697
108.3112 14.8418 -101.527 0.236111 0.645107 0.726697
108.2874 14.7782 -101.6004 -0.235888 -0.645108 -0.726768
111.8011 0.0896988 -89.5651 0.236111 0.645107 0.726697
111.7772 0.0261002 -89.6385 -0.236111 -0.645107 -0.726697
108.2161 14.8418 -101.4961 0.236111 0.645107 0.726697
108.1922 14.7782 -101.5695 -0.235889 -0.645108 -0.726768
107.7992 0.0896988 -101.8804 0.945511 -0.0198394 -0.324985
107.8231 0.0261002 -101.807 0.94551 -0.0198374 -0.324987
112.167 14.8419 -90.0736 0.945725 -0.0204362 -0.324326
112.1908 14.7782 -90.0002 0.945724 -0.0204342 -0.324328
107.7041 0.089798 -101.8495 -0.945725 0.0204367 0.324326
107.7279 0.0261002 -101.7761 -0.945725 0.0204368 0.324326
112.0719 14.8419 -90.0427 -0.945712 0.0204026 0.324364
112.0957 14.7783 -89.9693 -0.945712 0.0204027 0.324364
107.7992 0.0896988 -101.8804 -0.234528 0.648811 -0.723907
107.8231 0.0261002 -101.807 0.234915 -0.648819 0.723774
112.167 14.8419 -90.0736 -0.235134 0.648826 -0.723696
112.1908 14.7782 -90.0002 0.234544 -0.648813 0.7239
107.7041 0.089798 -101.8495 -0.23453 0.648811 -0.723906
107.7279 0.0261002 -101.7761 0.234916 -0.648819 0.723773
112.0719 14.8419 -90.0427 -0.235136 0.648827 -0.723696
112.0957 14.7783 -89.9693 0.234545 -0.648813 0.723899
125.1701 0.089798 -89.4902 -0.95575 -0.0204135 -0.293472
125.194 0.0261993 -89.5636 -0.955749 -0.0204154 -0.293474
128.5764 14.8419 -101.6093 -0.955964 -0.0198164 -0.292813
128.6002 14.7782 -101.6827 -0.955964 -0.0198184 -0.292815
125.2652 0.089798 -89.4593 0.955743 0.0204329 0.293494
125.2891 0.0261002 -89.5327 0.955742 0.0204352 0.293496
128.67151 14.8419 -101.5784 0.955993 0.0197358 0.292724
128.6953 14.7782 -101.65179 0.955992 0.0197382 0.292727
125.1701 0.089798 -89.4902 -0.235207 0.648822 0.723677
125.194 0.0261002 -89.5636 0.23575 -0.648812 -0.723509
128.5764 14.8419 -101.6093 -0.23512 0.648824 0.723703
128.6002 14.7782 -101.6827 0.235207 -0.648821 -0.723677
125.2652 0.089798 -89.4593 -0.235206 0.648822 0.723677
125.2891 0.0261993 -89.5327 0.235751 -0.648812 -0.723508
128.67151 14.8419 -101.5784 -0.235119 0.648824 0.723703
128.6953 14.7782 -101.65179 0.235208 -0.648821 -0.723677
129.0762 0.089798 -101.8365 -0.947958 -0.0105991 -0.318219
129.05231 0.0261002 -101.7632 -0.947957 -0.0105965 -0.318221
124.9636 14.8419 -90.077 -0.948246 -0.0113954 -0.317331
124.9398 14.7782 -90.0036 -0.948245 -0.0113927 -0.317334
129.1713 0.0896988 -101.8056 0.947961 0.0106057 0.318211
129.1474 0.0261002 -101.7323 0.94796 0.0106033 0.318214
125.0587 14.8419 -90.0461 0.948229 0.0113484 0.317383
125.0349 14.7782 -89.9727 0.948229 0.0113459 0.317386
129.0762 0.089798 -101.8365 0.236735 0.645112 -0.72649
129.05231 0.0261002 -101.7632 -0.236128 -0.645107 0.726692
124.9636 14.8419 -90.077 0.236114 0.645102 -0.7267
124.9398 14.7782 -90.0036 -0.236128 -0.645107 0.726692
129.1713 0.0896988 -101.8056 0.236733 0.645112 -0.72649
129.1474 0.0261002 -101.7323 -0.236128 -0.645107 0.726692
125.0587 14.8419 -90.0461 0.236112 0.645102 -0.726701
125.0349 14.7782 -89.9727 -0.236128 -0.645107 0.726692
112.1482 0.0896988 -89.3275 -0.0123544 -0.0149762 -0.999812
112.2253 0.0261002 -89.3275 -0.0123544 -0.0149762 -0.999812
124.3138 14.8419 -89.6988 -0.0123559 -0.0149749 -0.999812
124.391 14.7782 -89.6988 -0.0123559 -0.0149749 -0.999812
112.1482 0.0896988 -89.2275 0.0123544 0.0149762 0.999812
112.2253 0.0261002 -89.2275 0.0123544 0.0149762 0.999812
124.3138 14.8419 -89.5988 0.0123559 0.0149749 0.999812
124.391 14.7782 -89.5988 0.0123559 0.0149749 0.999812
112.1482 0.0896988 -89.3275 -0.771501 0.636228 0
112.2253 0.0261002 -89.3275 0.771496 -0.636234 0
124.3138 14.8419 -89.6988 -0.771501 0.636228 0
124.391 14.7782 -89.6988 0.771496 -0.636234 0
112.1482 0.0896988 -89.2275 -0.771501 0.636228 0
112.2253 0.0261002 -89.2275 0.771496 -0.636234 0
124.3138 14.8419 -89.5988 -0.771501 0.636228 0
124.391 14.7782 -89.5988 0.771496 -0.636234 0
124.7884 0.0896988 -89.3275 0.0123443 -0.0149846 -0.999812
124.7112 0.0261002 -89.3275 0.0123443 -0.0149846 -0.999812
112.6227 14.8418 -89.6988 0.0123544 -0.0149762 -0.999812
112.5456 14.7782 -89.6988 0.0123544 -0.0149762 -0.999812
124.7884 0.0896988 -89.2275 -0.0123443 0.0149846 0.999812
124.7112 0.0261002 -89.2275 -0.0123443 0.0149846 0.999812
112.6227 14.8418 -89.5988 -0.0123544 0.0149762 0.999812
112.5456 14.7782 -89.5988 -0.0123544 0.0149762 0.999812
124.7884 0.0896988 -89.3275 0.771496 0.636234 0
124.7112 0.0261002 -89.3275 -0.771499 -0.636231 0
112.6227 14.8418 -89.6988 0.771496 0.636234 0
112.5456 14.7782 -89.6988 -0.771499 -0.636231 0
124.7884 0.0896988 -89.2275 0.771496 0.636234 0
124.7112 0.0261002 -89.2275 -0.771499 -0.636231 0
112.6227 14.8418 -89.5988 0.771496 0.636234 0
112.5456 14.7782 -89.5988 -0.771499 -0.636231 0
126.5713 60.154 -101.2186 -0.598691 -0.0057574 0.80096
126.5097 60.0904 -101.2651 -0.598692 -0.00575821 0.800958
118.7781 81.8518 -106.8879 -0.598045 -0.00539471 0.801445
118.7165 81.7882 -106.9343 -0.598046 -0.00539552 0.801443
126.6315 60.154 -101.2985 0.598045 0.00539456 -0.801444
126.5699 60.0904 -101.34489 0.598045 0.00539456 -0.801444
118.8383 81.8518 -106.9678 0.598045 0.00539456 -0.801444
118.7767 81.7882 -107.0142 0.598045 0.00539456 -0.801444
126.5713 60.154 -101.2186 0.729964 0.40587 0.54993
126.5097 60.0904 -101.2651 -0.729612 -0.405866 -0.550399
118.7781 81.8518 -106.8879 0.729931 0.405869 0.549974
118.7165 81.7882 -106.9343 -0.729931 -0.405867 -0.549975
126.6315 60.154 -101.2985 0.729964 0.40587 0.54993
126.5699 60.0904 -101.34489 -0.729611 -0.405866 -0.5504
118.8383 81.8518 -106.9678 0.729931 0.405869 0.549974
118.7767 81.7882 -107.0142 -0.72993 -0.405867 -0.549976
118.5794 60.2247 -107.3828 -0.605268 -0.00527021 0.796004
118.6411 60.1611 -107.3363 -0.605267 -0.00527083 0.796005
126.1276 81.9066 -101.4998 -0.605766 -0.00499148 0.795627
126.1892 81.843 -101.4533 -0.605765 -0.0049921 0.795628
118.6396 60.2247 -107.4626 0.604716 0.00557559 -0.796422
118.7013 60.1611 -107.4162 0.604715 0.00557615 -0.796423
126.18781 81.9066 -101.57961 0.605168 0.00532257 -0.79608
126.2494 81.843 -101.5332 0.605167 0.00532313 -0.796081
118.5794 60.2247 -107.3828 -0.730349 0.403756 -0.550973
118.6411 60.1611 -107.3363 0.730655 -0.40375 0.550572
126.1276 81.9066 -101.4998 -0.730349 0.403756 -0.550973
126.1892 81.843 -101.4533 0.73068 -0.40375 0.550539
118.6396 60.2247 -107.4626 -0.730349 0.403756 -0.550973
118.7013 60.1611 -107.4162 0.730654 -0.40375 0.550572
126.18781 81.9066 -101.57961 -0.730349 0.403756 -0.550973
126.2494 81.843 -101.5332 0.73068 -0.40375 0.550539
118.6121 60.154 -107.4002 0.591381 -0.00550224 0.806374
118.5496 60.0904 -107.3548 0.591381 -0.00550198 0.806374
110.912 81.8518 -101.605 0.591171 -0.00561873 0.806527
110.8496 81.7882 -101.5597 0.591171 -0.00561848 0.806526
118.5533 60.154 -107.48109 -0.591781 0.00527971 -0.806082
118.4909 60.0904 -107.4357 -0.591782 0.00527901 -0.806081
110.8532 81.8518 -101.6859 -0.591218 0.00559259 -0.806492
110.7908 81.7882 -101.64059 -0.591219 0.0055919 -0.806492
118.6121 60.154 -107.4002 0.73927 0.405872 -0.537353
118.5496 60.0904 -107.3548 -0.739726 -0.405865 0.53673
110.912 81.8518 -101.605 0.739294 0.405871 -0.53732
110.8496 81.7882 -101.5597 -0.739272 -0.405867 0.537354
118.5533 60.154 -107.48109 0.73927 0.405872 -0.537353
118.4909 60.0904 -107.4357 -0.739728 -0.405865 0.536728
110.8532 81.8518 -101.6859 0.739294 0.405871 -0.53732
110.7908 81.7882 -101.64059 -0.739273 -0.405867 0.537353
110.3806 60.2247 -101.5597 0.584221 -0.00524848 0.811577
110.4431 60.1611 -101.6051 0.584221 -0.00524847 0.811577
118.2134 81.9066 -107.058 0.584222 -0.00524856 0.811577
118.2759 81.843 -107.1034 0.584222 -0.00524856 0.811577
110.3219 60.2247 -101.64059 -0.584713 0.00551677 -0.811221
110.3843 60.1611 -101.686 -0.584715 0.00551763 -0.81122
118.1547 81.9066 -107.139 -0.584002 0.00512502 -0.811736
118.2171 81.843 -107.1843 -0.584004 0.00512589 -0.811735
110.3806 60.2247 -101.5597 -0.74046 0.403754 0.53731
110.4431 60.1611 -101.6051 0.740054 -0.40375 -0.537872
118.2134 81.9066 -107.058 -0.740794 0.40376 0.536845
118.2759 81.843 -107.1034 0.74003 -0.40375 -0.537905
110.3219 60.2247 -101.64059 -0.740461 0.403754 0.537309
110.3843 60.1611 -101.686 0.740054 -0.40375 -0.537872
118.1547 81.9066 -107.139 -0.740794 0.40376 0.536844
118.2171 81.843 -107.1843 0.74003 -0.40375 -0.537905
110.3025 60.154 -101.195 0.949489 -0.00526802 -0.313757
110.3264 60.0904 -101.1216 0.949489 -0.00526795 -0.313758
113.4346 81.8518 -92.081 0.94951 -0.00529871 -0.313692
113.4585 81.7882 -92.0076 0.94951 -0.00529864 -0.313693
110.2074 60.154 -101.1641 -0.94949 0.0052657 0.313753
110.2313 60.0904 -101.0907 -0.949489 0.00526477 0.313755
113.3395 81.8518 -92.05009 -0.949781 0.00568535 0.312865
113.3633 81.7882 -91.9767 -0.94978 0.00568442 0.312867
110.3025 60.154 -101.195 -0.282413 0.405869 -0.869203
110.3264 60.0904 -101.1216 0.282412 -0.405868 0.869204
113.4346 81.8518 -92.081 -0.282475 0.405869 -0.869182
113.4585 81.7882 -92.0076 0.282147 -0.405867 0.86929
110.2074 60.154 -101.1641 -0.282413 0.405869 -0.869203
110.2313 60.0904 -101.0907 0.282413 -0.405868 0.869203
113.3395 81.8518 -92.05009 -0.282475 0.405869 -0.869182
113.3633 81.7882 -91.9767 0.282147 -0.405867 0.86929
113.3135 60.2247 -91.5616 0.952223 -0.0054901 -0.305355
113.2896 60.1611 -91.63499 0.952222 -0.005491 -0.305357
110.5047 81.9066 -100.7101 0.952504 -0.00508196 -0.304485
110.4809 81.843 -100.7835 0.952503 -0.00508287 -0.304487
113.2184 60.2247 -91.5307 -0.952244 0.00545964 0.30529
113.1945 60.1611 -91.6041 -0.952243 0.00546054 0.305291
110.4096 81.9066 -100.6792 -0.952525 0.00505149 0.304419
110.3858 81.843 -100.7526 -0.952524 0.00505239 0.304421
113.3135 60.2247 -91.5616 0.282702 0.403752 0.870094
113.2896 60.1611 -91.63499 -0.282723 -0.403751 -0.870088
110.5047 81.9066 -100.7101 0.282702 0.403752 0.870094
110.4809 81.843 -100.7835 -0.282723 -0.403751 -0.870088
113.2184 60.2247 -91.5307 0.282702 0.403752 0.870094
113.1945 60.1611 -91.6041 -0.282723 -0.403751 -0.870088
110.4096 81.9066 -100.6792 0.282702 0.403752 0.870094
110.3858 81.843 -100.7526 -0.282723 -0.403751 -0.870088
126.7742 60.2247 -101.0794 -0.949566 -0.00508773 -0.313525
126.75031 60.1611 -101.006 -0.949566 -0.00508685 -0.313527
123.6691 81.9066 -92.0272 -0.949843 -0.0054851 -0.312679
123.6453 81.843 -91.9538 -0.949842 -0.00548423 -0.312681
126.8693 60.2247 -101.0485 0.949544 0.0050563 0.313592
126.8454 60.1611 -100.9751 0.949544 0.00505623 0.313592
123.7643 81.9066 -91.9963 0.949566 0.00508693 0.313527
123.7404 81.843 -91.9229 0.949566 0.00508686 0.313527
126.7742 60.2247 -101.0794 0.282702 0.403751 -0.870095
126.75031 60.1611 -101.006 -0.282723 -0.40375 0.870088
123.6691 81.9066 -92.0272 0.282437 0.403748 -0.870182
123.6453 81.843 -91.9538 -0.282702 -0.40375 0.870095
126.8693 60.2247 -101.0485 0.282701 0.403751 -0.870095
126.8454 60.1611 -100.9751 -0.282723 -0.40375 0.870088
123.7643 81.9066 -91.9963 0.282436 0.403748 -0.870182
123.7404 81.843 -91.9229 -0.282702 -0.40375 0.870095
123.5478 60.154 -91.5161 -0.952555 -0.00529345 -0.304321
123.5716 60.0904 -91.5895 -0.952555 -0.00529257 -0.304319
126.3709 81.8518 -100.7304 -0.952281 -0.00569368 -0.305169
126.3948 81.7882 -100.8038 -0.952282 -0.00569279 -0.305167
123.6429 60.154 -91.4852 0.952468 0.00542058 0.30459
123.6667 60.0904 -91.5585 0.952468 0.00542087 0.304591
126.46609 81.8518 -100.6995 0.952555 0.00529257 0.304319
126.4899 81.7882 -100.7729 0.952555 0.00529285 0.30432
123.5478 60.154 -91.5161 -0.282413 0.405866 0.869204
123.5716 60.0904 -91.5895 0.282413 -0.405867 -0.869204
126.3709 81.8518 -100.7304 -0.282147 0.405868 0.869289
126.3948 81.7882 -100.8038 0.282413 -0.405867 -0.869204
123.6429 60.154 -91.4852 -0.282412 0.405866 0.869205
123.6667 60.0904 -91.5586 0.282413 -0.405867 -0.869204
126.46609 81.8518 -100.6995 -0.282146 0.405868 0.86929
126.4899 81.7882 -100.7729 0.282413 -0.405867 -0.869204
113.4527 60.3435 -91.3555 -0.00737409 -0.00893987 -0.999933
113.5298 60.2799 -91.3555 -0.00737411 -0.00893987 -0.999933
123.6363 81.8518 -91.62289 -0.00736731 -0.00894312 -0.999933
123.7135 81.7882 -91.62289 -0.00736733 -0.00894311 -0.999933
113.4527 60.3435 -91.2555 0.0073743 0.00894013 0.999933
113.5298 60.2799 -91.2555 0.00737432 0.00894012 0.999933
123.6363 81.8518 -91.5229 0.00736752 0.00894337 0.999933
123.7135 81.7882 -91.5229 0.00736754 0.00894337 0.999933
113.4527 60.3435 -91.3555 -0.903812 0.42793 0
113.5298 60.2799 -91.3555 0.90381 -0.427934 0
123.6363 81.8518 -91.62289 -0.903812 0.42793 0
123.7135 81.7882 -91.62289 0.90381 -0.427934 0
113.4527 60.3435 -91.2555 -0.903812 0.42793 0
113.5298 60.2799 -91.2555 0.90381 -0.427934 0
123.6363 81.8518 -91.5229 -0.903812 0.42793 0
123.7135 81.7882 -91.5229 0.90381 -0.427934 0
123.4451 60.2247 -91.1287 0.0210713 -0.0255741 -0.999451
123.3679 60.1611 -91.1287 0.0210712 -0.0255741 -0.999451
113.2519 81.9066 -91.8984 0.0210898 -0.0255653 -0.999451
113.1748 81.843 -91.8984 0.0210897 -0.0255653 -0.999451
123.4451 60.2247 -91.0287 -0.0210892 0.0255656 0.999451
123.368 60.1611 -91.0287 -0.0210892 0.0255656 0.999451
113.2519 81.9066 -91.7984 -0.0210898 0.0255653 0.999451
113.1748 81.843 -91.7984 -0.0210898 0.0255653 0.999451
123.4451 60.2247 -91.1287 0.90498 0.425454 0
123.3679 60.1611 -91.1287 -0.904991 -0.425429 0.000826402
113.2519 81.9066 -91.8984 0.90498 0.425454 0
113.1748 81.843 -91.8984 -0.904982 -0.42545 0
123.4451 60.2247 -91.0287 0.90498 0.425454 0
123.368 60.1611 -91.0287 -0.904991 -0.425429 0.000828557
113.2519 81.9066 -91.7984 0.90498 0.425454 0
113.1748 81.843 -91.7984 -0.904982 -0.42545 2.15551e-06
127.2057 45.20623 -101.5196 -0.58509 -0.0237511 0.810621
127.144 45.14262 -101.566 -0.585088 -0.0237496 0.810622
118.6581 59.8135 -107.261 -0.585604 -0.0242085 0.810236
118.5964 59.7499 -107.3075 -0.585602 -0.0242069 0.810237
127.2659 45.20623 -101.5995 0.585116 0.02378 -0.810601
127.2042 45.14262 -101.6459 0.585115 0.0237788 -0.810602
118.7182 59.8135 -107.3409 0.585496 0.0241181 -0.810316
118.6566 59.7499 -107.3873 0.585495 0.0241169 -0.810317
127.2057 45.20623 -101.5196 0.653134 0.575589 0.492049
127.144 45.14262 -101.566 -0.653105 -0.575587 -0.49209
118.6581 59.8135 -107.261 0.653461 0.575606 0.491596
118.5964 59.7499 -107.3074 -0.653083 -0.575587 -0.49212
127.2659 45.20623 -101.5995 0.653136 0.575589 0.492047
127.2042 45.14262 -101.6459 -0.653106 -0.575587 -0.49209
118.7182 59.8135 -107.3409 0.653462 0.575606 0.491594
118.6566 59.7499 -107.3873 -0.653083 -0.575587 -0.49212
118.5742 45.17801 -108.0736 -0.620664 -0.0294944 0.783522
118.6358 45.11441 -108.0272 -0.620664 -0.0294944 0.783522
126.5022 59.8515 -101.2411 -0.620665 -0.0294937 0.783521
126.5638 59.7879 -101.1947 -0.620665 -0.0294937 0.783521
118.6344 45.17801 -108.1535 0.62121 0.0290057 -0.783107
118.696 45.1144 -108.10699 0.62121 0.0290055 -0.783107
126.5624 59.8515 -101.321 0.621132 0.0290768 -0.783167
126.624 59.7879 -101.27451 0.621132 0.0290765 -0.783167
118.5742 45.17802 -108.0736 -0.650683 0.579855 -0.490286
118.6358 45.11441 -108.0272 0.650359 -0.57987 0.490697
126.5022 59.8515 -101.2411 -0.65067 0.579855 -0.490302
126.5638 59.7879 -101.1947 0.650392 -0.579869 0.490654
118.6344 45.17801 -108.1535 -0.650683 0.579855 -0.490286
118.696 45.1144 -108.10699 0.650359 -0.57987 0.490697
126.5624 59.8515 -101.321 -0.65067 0.579855 -0.490302
126.624 59.7879 -101.27451 0.650392 -0.579869 0.490655
109.7185 45.17802 -101.7567 0.56755 -0.0292553 0.822819
109.7809 45.11441 -101.802 0.56755 -0.0292548 0.822819
118.5703 59.8515 -107.3406 0.567718 -0.0294043 0.822698
118.6328 59.7879 -107.386 0.567717 -0.0294038 0.822698
109.6597 45.17802 -101.8376 -0.56755 0.0292554 -0.822819
109.7221 45.11441 -101.8829 -0.56755 0.0292549 -0.822819
118.5115 59.8515 -107.4215 -0.567699 0.0293873 -0.822712
118.574 59.7878 -107.4669 -0.567698 0.0293869 -0.822712
109.7185 45.17802 -101.7567 -0.659045 0.579848 0.478995
109.7809 45.11441 -101.802 0.659042 -0.579853 -0.478993
118.5703 59.8515 -107.3406 -0.659045 0.579848 0.478995
118.6328 59.7879 -107.386 0.659042 -0.579853 -0.478993
109.6597 45.17802 -101.8376 -0.659045 0.579848 0.478995
109.7221 45.11441 -101.8829 0.659042 -0.579853 -0.478993
118.5115 59.8515 -107.4215 -0.659045 0.579848 0.478995
118.574 59.7879 -107.4669 0.659042 -0.579853 -0.478993
118.5097 45.20622 -108.0948 0.603582 -0.0242356 0.796933
118.4472 45.14262 -108.0494 0.603583 -0.0242341 0.796932
110.5201 59.8135 -101.5993 0.603062 -0.0246937 0.797312
110.4576 59.7499 -101.554 0.603064 -0.0246922 0.797311
118.4509 45.20622 -108.1757 -0.604045 0.0238272 -0.796594
118.3885 45.14262 -108.13029 -0.604049 0.0238241 -0.796591
110.4613 59.8135 -101.6802 -0.603022 0.0247295 -0.797341
110.3988 59.7499 -101.6349 -0.603026 0.0247264 -0.797338
118.5097 45.20622 -108.0948 0.661452 0.575591 -0.480807
118.4472 45.14262 -108.0494 -0.661855 -0.575575 0.480273
110.5201 59.8135 -101.5993 0.661491 0.57559 -0.480756
110.4576 59.7499 -101.554 -0.661514 -0.575587 0.480727
118.4509 45.20622 -108.1757 0.661453 0.575591 -0.480807
118.3885 45.14262 -108.13029 -0.661856 -0.575575 0.480271
110.4613 59.8135 -101.6802 0.661491 0.57559 -0.480756
110.3988 59.7499 -101.6349 -0.661516 -0.575587 0.480726
112.9216 45.17802 -90.9927 0.957732 -0.0297175 -0.286124
112.8977 45.11441 -91.0661 0.957732 -0.0297176 -0.286124
110.3463 59.8515 -101.1369 0.957744 -0.0296889 -0.286086
110.3224 59.7879 -101.2103 0.957744 -0.029689 -0.286087
112.8264 45.17802 -90.9618 -0.957968 0.0291671 0.285388
112.8026 45.11441 -91.0352 -0.957969 0.0291653 0.285386
110.2512 59.8515 -101.106 -0.957745 0.029693 0.286083
110.2273 59.7879 -101.1794 -0.957745 0.0296912 0.286081
112.9216 45.17802 -90.9927 0.251516 0.579865 0.774917
112.8977 45.11441 -91.0661 -0.251755 -0.579857 -0.774845
110.3463 59.8515 -101.1369 0.251754 0.579856 0.774846
110.3224 59.7879 -101.2103 -0.251755 -0.579857 -0.774845
112.8264 45.17802 -90.9618 0.251517 0.579865 0.774917
112.8026 45.11441 -91.0352 -0.251755 -0.579857 -0.774845
110.2512 59.8515 -101.106 0.251755 0.579856 0.774846
110.2273 59.7879 -101.1794 -0.251755 -0.579857 -0.774845
109.6103 45.20623 -101.31219 0.944447 -0.024248 -0.327768
109.6341 45.14262 -101.2389 0.944447 -0.0242492 -0.327767
113.3189 59.8135 -91.7065 0.944292 -0.0238951 -0.328239
113.3428 59.7499 -91.6331 0.944293 -0.0238963 -0.328237
109.5152 45.20622 -101.2813 -0.944448 0.0242494 0.327766
109.539 45.14262 -101.208 -0.944448 0.0242505 0.327764
113.2238 59.8135 -91.6756 -0.944311 0.0239367 0.328183
113.2477 59.7499 -91.6022 -0.944311 0.0239378 0.328181
109.6103 45.20623 -101.31219 -0.252752 0.575585 -0.777701
109.6341 45.14262 -101.2389 0.252689 -0.575587 0.77772
113.3189 59.8135 -91.7065 -0.25269 0.575583 -0.777723
113.3428 59.7499 -91.6331 0.25267 -0.575587 0.777726
109.5152 45.20622 -101.2813 -0.252752 0.575584 -0.777701
109.539 45.14262 -101.208 0.252689 -0.575587 0.77772
113.2238 59.8135 -91.6756 -0.25269 0.575583 -0.777723
113.2477 59.7499 -91.6022 0.252671 -0.575587 0.777726
124.03889 45.20623 -91.0143 -0.956862 -0.0239412 -0.289554
124.0627 45.14262 -91.0877 -0.956862 -0.0239413 -0.289554
126.6847 59.8135 -100.9654 -0.95688 -0.0239005 -0.289499
126.7085 59.7499 -101.0388 -0.95688 -0.0239006 -0.2895
124.134 45.20623 -90.9834 0.95688 0.023899 0.289497
124.1578 45.14262 -91.0568 0.95688 0.0238989 0.289497
126.7798 59.8135 -100.9345 0.956862 0.0239429 0.289556
126.8036 59.7499 -101.0079 0.956862 0.0239428 0.289556
124.03889 45.20623 -91.0143 -0.25267 0.575587 0.777726
124.0627 45.14262 -91.0877 0.252689 -0.575586 -0.777721
126.6847 59.8135 -100.9654 -0.252689 0.575586 0.77772
126.7085 59.7499 -101.0388 0.252671 -0.575586 -0.777726
124.134 45.20623 -90.9834 -0.252671 0.575587 0.777726
124.1578 45.14262 -91.0568 0.252689 -0.575586 -0.777721
126.7798 59.8135 -100.9345 -0.252689 0.575586 0.77772
126.8036 59.7499 -101.0079 0.252671 -0.575586 -0.777726
127.4257 45.17802 -101.3093 -0.942721 -0.0290759 -0.332314
127.40179 45.11441 -101.2359 -0.94272 -0.0290739 -0.332317
123.5465 59.8515 -91.5888 -0.942982 -0.0296798 -0.331517
123.5227 59.7879 -91.5154 -0.942981 -0.0296777 -0.33152
127.5208 45.17802 -101.2784 0.942757 0.0291595 0.332203
127.4969 45.11441 -101.205 0.942756 0.0291578 0.332205
123.6416 59.8515 -91.5579 0.942982 0.0296794 0.331517
123.6178 59.7879 -91.4845 0.942981 0.0296777 0.33152
127.4257 45.17802 -101.3093 0.251773 0.579856 -0.77484
127.40179 45.11441 -101.2359 -0.251737 -0.579854 0.774853
123.5465 59.8515 -91.5888 0.251755 0.579856 -0.774846
123.5227 59.7879 -91.5154 -0.251755 -0.579854 0.774847
127.5208 45.17802 -101.2784 0.251773 0.579856 -0.77484
127.4969 45.11441 -101.205 -0.251737 -0.579854 0.774853
123.6416 59.8515 -91.5579 0.251755 0.579856 -0.774846
123.6178 59.7879 -91.4845 -0.251755 -0.579854 0.774847
113.1744 45.20623 -90.8504 -0.00935928 -0.0113434 -0.999892
113.2515 45.14262 -90.8504 -0.00935931 -0.0113434 -0.999892
123.6363 60.1443 -91.1178 -0.00935007 -0.01135 -0.999892
123.7135 60.0807 -91.1178 -0.0093501 -0.0113499 -0.999892
113.1744 45.20623 -90.7504 0.00935954 0.0113438 0.999892
113.2515 45.14262 -90.7504 0.00935957 0.0113437 0.999892
123.6363 60.1443 -91.0178 0.00935034 0.0113503 0.999892
123.7135 60.0807 -91.0178 0.00935037 0.0113503 0.999892
113.1744 45.20623 -90.8504 -0.819097 0.573656 0
113.2515 45.14262 -90.8504 0.819094 -0.573659 0
123.6363 60.1443 -91.1178 -0.819097 0.573656 0
123.7135 60.0807 -91.1178 0.819094 -0.573659 0
113.1744 45.20623 -90.7504 -0.819097 0.573656 0
113.2515 45.14262 -90.7504 0.819094 -0.573659 0
123.6363 60.1443 -91.0178 -0.819097 0.573656 0
123.7135 60.0807 -91.0178 0.819094 -0.573659 0
123.8712 45.28802 -90.6236 0.0268013 -0.0324862 -0.999113
123.7941 45.22441 -90.6236 0.0268013 -0.0324862 -0.999113
113.2519 60.1991 -91.3933 0.026801 -0.0324865 -0.999113
113.1748 60.1355 -91.3933 0.026801 -0.0324865 -0.999113
123.8712 45.28802 -90.5236 -0.0268016 0.0324866 0.999113
123.7941 45.22441 -90.5236 -0.0268016 0.0324866 0.999113
113.2519 60.1991 -91.2933 -0.0268012 0.0324868 0.999113
113.1748 60.1355 -91.2933 -0.0268012 0.0324868 0.999113
123.8712 45.28802 -90.6236 0.814546 0.580099 0
123.7941 45.22442 -90.6236 -0.814546 -0.580099 0
113.2519 60.1991 -91.3933 0.814546 0.580099 0
113.1748 60.1355 -91.3933 -0.814546 -0.580099 0
123.8712 45.28802 -90.5236 0.814546 0.580099 0
123.7941 45.22442 -90.5236 -0.814546 -0.580099 0
113.2519 60.1991 -91.2933 0.814546 0.580099 0
113.1748 60.1355 -91.2933 -0.814546 -0.580099 0
127.8237 30.2347 -101.7742 -0.585811 -0.0236567 0.810103
127.7621 30.1711 -101.8206 -0.585811 -0.0236568 0.810103
118.6424 44.98682 -107.9827 -0.585782 -0.0236294 0.810124
118.5808 44.92322 -108.0291 -0.585782 -0.0236295 0.810124
127.8839 30.2347 -101.8541 0.585813 0.023658 -0.810101
127.8223 30.1711 -101.9005 0.585811 0.0236563 -0.810102
118.7026 44.98682 -108.0625 0.586321 0.024141 -0.809719
118.641 44.92321 -108.109 0.58632 0.0241394 -0.80972
127.8237 30.2347 -101.7742 0.638844 0.600168 0.481329
127.7621 30.1711 -101.8206 -0.638844 -0.600168 -0.481329
118.6424 44.98682 -107.9827 0.638587 0.600155 0.481686
118.5808 44.92322 -108.0291 -0.638863 -0.600169 -0.481302
127.8839 30.2347 -101.8541 0.638843 0.600167 0.48133
127.8223 30.1711 -101.9005 -0.638844 -0.600168 -0.481329
118.7026 44.98682 -108.0625 0.638586 0.600155 0.481687
118.641 44.92321 -108.109 -0.638863 -0.600169 -0.481302
118.5244 30.2347 -108.6467 -0.612855 -0.0170142 0.790012
118.5861 30.1711 -108.6002 -0.612856 -0.0170139 0.790012
127.1808 44.90448 -101.6155 -0.612784 -0.0170833 0.790066
127.2424 44.84087 -101.5691 -0.612784 -0.0170831 0.790066
118.5846 30.2347 -108.7265 0.612785 0.0170831 -0.790065
118.6462 30.1711 -108.6801 0.612783 0.0170848 -0.790067
127.241 44.90448 -101.6954 0.613318 0.0165694 -0.789662
127.3026 44.84087 -101.6489 0.613316 0.0165712 -0.789664
118.5244 30.2347 -108.6467 -0.63567 0.604945 -0.479548
118.5861 30.1711 -108.6002 0.636322 -0.604926 0.478705
127.1808 44.90448 -101.6155 -0.635991 0.604933 -0.479136
127.2424 44.84087 -101.5691 0.63568 -0.60494 0.47954
118.5846 30.2347 -108.7265 -0.635671 0.604945 -0.479546
118.6462 30.1711 -108.6801 0.636325 -0.604926 0.478702
127.241 44.90448 -101.6954 -0.635992 0.604933 -0.479135
127.3026 44.84087 -101.6489 0.635682 -0.60494 0.479537
109.1559 30.2347 -101.8767 0.576082 -0.0168005 0.817219
109.2183 30.1711 -101.922 0.576082 -0.0168004 0.817219
118.4107 44.90448 -108.0991 0.576121 -0.0168375 0.817191
118.4731 44.84087 -108.1444 0.576121 -0.0168373 0.817191
109.0971 30.2347 -101.9576 -0.576122 0.0168383 -0.81719
109.1595 30.1711 -102.0029 -0.576122 0.0168384 -0.81719
118.3519 44.90448 -108.18 -0.576081 0.0167994 -0.81722
118.4143 44.84087 -108.2253 -0.576081 0.0167996 -0.81722
109.1559 30.2347 -101.8767 -0.644102 0.604932 0.468178
109.2183 30.1711 -101.922 0.644122 -0.604933 -0.468149
118.4107 44.90448 -108.0991 -0.644162 0.604934 0.468092
118.4731 44.84087 -108.1444 0.644101 -0.604932 -0.468178
109.0971 30.2347 -101.9576 -0.644102 0.604932 0.468178
109.1595 30.1711 -102.0029 0.644122 -0.604933 -0.468149
118.3519 44.90447 -108.18 -0.644162 0.604934 0.468092
118.4143 44.84087 -108.2253 0.644101 -0.604932 -0.468178
118.4469 30.2347 -108.7603 0.603642 -0.023461 0.79691
118.3845 30.1711 -108.7149 0.603642 -0.023461 0.79691
109.8254 44.98683 -101.79539 0.603644 -0.0234597 0.796909
109.763 44.92322 -101.75 0.603644 -0.0234597 0.796909
118.3881 30.2347 -108.8412 -0.603681 0.0234244 -0.796881
118.3257 30.1711 -108.7958 -0.603682 0.0234243 -0.796881
109.7666 44.98683 -101.8763 -0.603644 0.0234597 -0.796909
109.7042 44.92322 -101.8309 -0.603644 0.0234596 -0.796909
118.4469 30.2347 -108.7603 0.647033 0.600167 -0.470264
118.3845 30.1711 -108.7149 -0.647012 -0.600168 0.470291
109.8254 44.98682 -101.79539 0.647033 0.600167 -0.470264
109.7629 44.92322 -101.75 -0.647418 -0.600154 0.46975
118.3881 30.2347 -108.8412 0.647033 0.600167 -0.470264
118.3257 30.1711 -108.7958 -0.647011 -0.600168 0.470293
109.7666 44.98682 -101.8763 0.647033 0.600167 -0.470264
109.7042 44.92322 -101.8309 -0.647416 -0.600154 0.469752
112.6336 30.2347 -90.4947 0.955282 -0.0166961 -0.295223
112.6098 30.1711 -90.5681 0.955282 -0.0166961 -0.295223
109.5756 44.90448 -101.2194 0.955283 -0.0166952 -0.295222
109.5518 44.84087 -101.2928 0.955283 -0.0166952 -0.295222
112.5385 30.2347 -90.4638 -0.955282 0.016696 0.295224
112.5147 30.1711 -90.5372 -0.955282 0.0166958 0.295223
109.4805 44.90448 -101.1885 -0.955265 0.0167393 0.295277
109.4567 44.84087 -101.2619 -0.955265 0.0167391 0.295277
112.6336 30.2347 -90.4947 0.246055 0.604937 0.757303
112.6098 30.1711 -90.5681 -0.246055 -0.604937 -0.757303
109.5756 44.90448 -101.2194 0.246055 0.604937 0.757303
109.5518 44.84087 -101.2928 -0.246037 -0.604937 -0.757309
112.5385 30.2347 -90.4638 0.246055 0.604937 0.757303
112.5147 30.1711 -90.5372 -0.246055 -0.604937 -0.757303
109.4805 44.90448 -101.1885 0.246055 0.604937 0.757303
109.4567 44.84087 -101.2619 -0.246037 -0.604937 -0.757309
108.958 30.2347 -101.4582 0.944686 -0.0240493 -0.327093
108.9818 30.1711 -101.3848 0.944686 -0.0240495 -0.327093
112.9178 44.98683 -91.1064 0.944662 -0.0239894 -0.327168
112.9416 44.92322 -91.033 0.944662 -0.0239896 -0.327168
108.8629 30.2347 -101.4273 -0.944669 0.0240057 0.327147
108.8867 30.1711 -101.3539 -0.944668 0.0240056 0.327147
112.8227 44.98683 -91.0755 -0.94468 0.0240327 0.327113
112.8465 44.92322 -91.00211 -0.94468 0.0240326 0.327113
108.958 30.2347 -101.4582 -0.247169 0.600163 -0.760731
108.9818 30.1711 -101.3848 0.247187 -0.600163 0.760725
112.9178 44.98683 -91.1064 -0.247169 0.600163 -0.760731
112.9416 44.92322 -91.033 0.247151 -0.600162 0.760737
108.8629 30.2347 -101.4273 -0.247169 0.600163 -0.760731
108.8867 30.1711 -101.3539 0.247187 -0.600163 0.760725
112.8227 44.98683 -91.0755 -0.247169 0.600163 -0.760731
112.8465 44.92322 -91.00211 0.247151 -0.600162 0.760737
124.4808 30.2347 -90.5128 -0.95654 -0.0240174 -0.29061
124.5047 30.1711 -90.5862 -0.95654 -0.0240173 -0.29061
127.3619 44.98682 -101.2151 -0.956523 -0.0240601 -0.290664
127.3858 44.92321 -101.2885 -0.956523 -0.0240599 -0.290664
124.5759 30.2347 -90.4819 0.956522 0.0240613 0.290665
124.5998 30.1711 -90.5553 0.956522 0.0240614 0.290665
127.457 44.98682 -101.1842 0.956541 0.0240159 0.290608
127.4809 44.92321 -101.2576 0.956541 0.0240161 0.290609
124.4808 30.2347 -90.5128 -0.247187 0.600163 0.760725
124.5047 30.1711 -90.5862 0.247169 -0.600164 -0.760731
127.3619 44.98682 -101.2151 -0.247169 0.600164 0.760731
127.3858 44.92322 -101.2885 0.247143 -0.600164 -0.760738
124.5759 30.2347 -90.4819 -0.247187 0.600163 0.760725
124.5998 30.1711 -90.5553 0.247169 -0.600164 -0.760731
127.457 44.98682 -101.1842 -0.247169 0.600164 0.760731
127.4809 44.92321 -101.2576 0.247143 -0.600164 -0.760738
127.9513 30.2347 -101.5429 -0.946619 -0.0173162 -0.32189
127.92751 30.1711 -101.4695 -0.94662 -0.0173183 -0.321887
124.1215 44.90447 -91.069 -0.946371 -0.0167022 -0.322649
124.0976 44.84087 -90.9956 -0.946372 -0.0167043 -0.322647
128.0464 30.2347 -101.512 0.946601 0.0172721 0.321944
128.0226 30.1711 -101.4386 0.946602 0.0172739 0.321941
124.2166 44.90447 -91.0381 0.946389 0.0167459 0.322595
124.1927 44.84087 -90.9647 0.94639 0.0167477 0.322593
127.9513 30.2347 -101.5429 0.246055 0.604936 -0.757304
127.92751 30.1711 -101.4695 -0.246073 -0.604937 0.757297
124.1215 44.90447 -91.069 0.246055 0.604936 -0.757304
124.0976 44.84087 -90.9956 -0.246037 -0.604937 0.757309
128.0464 30.2347 -101.512 0.246055 0.604936 -0.757304
128.0226 30.1711 -101.4386 -0.246073 -0.604937 0.757297
124.2166 44.90447 -91.0381 0.246055 0.604936 -0.757304
124.1927 44.84087 -90.9647 -0.246038 -0.604937 0.757309
124.14149 30.2347 -90.3 0.0170382 -0.0206533 -0.999642
124.0644 30.1711 -90.3 0.0170382 -0.0206533 -0.999642
113.2519 44.90447 -90.7887 0.0170379 -0.0206535 -0.999642
113.1748 44.84087 -90.7887 0.0170379 -0.0206535 -0.999642
124.14149 30.2347 -90.2 -0.0170385 0.0206536 0.999641
124.0644 30.1711 -90.2 -0.0170385 0.0206536 0.999641
113.2519 44.90447 -90.6887 -0.0170381 0.0206538 0.999641
113.1748 44.84087 -90.6887 -0.0170381 0.0206538 0.999641
124.14149 30.2347 -90.3 0.802952 0.596044 0
124.0644 30.1711 -90.3 -0.802952 -0.596044 0
113.2519 44.90447 -90.7887 0.802952 0.596044 0
113.1748 44.84087 -90.7887 -0.802952 -0.596044 0
124.14149 30.2347 -90.2 0.802952 0.596044 0
124.0644 30.1711 -90.2 -0.802952 -0.596044 0
113.2519 44.90447 -90.6887 0.802952 0.596044 0
113.1748 44.84087 -90.6887 -0.802952 -0.596044 0
112.834 30.2347 -90.2751 -0.0179998 -0.0218491 -0.999599
112.9112 30.1711 -90.2751 -0.0179998 -0.0218491 -0.999599
123.755 44.98682 -90.7942 -0.0180012 -0.021848 -0.999599
123.8322 44.92322 -90.7942 -0.0180012 -0.021848 -0.999599
112.834 30.2347 -90.1751 0.0179995 0.0218488 0.999599
112.9112 30.1711 -90.1751 0.0179995 0.0218488 0.999599
123.755 44.98682 -90.6942 0.0180009 0.0218477 0.999599
123.8322 44.92322 -90.6942 0.0180009 0.0218477 0.999599
112.834 30.2347 -90.2751 -0.803726 0.594999 0
112.9112 30.1711 -90.2751 0.803726 -0.594999 0
123.755 44.98682 -90.7942 -0.803726 0.594999 0
123.8322 44.92322 -90.7942 0.803726 -0.594999 0
112.834 30.2347 -90.1751 -0.803726 0.594999 0
112.9112 30.1711 -90.1751 0.803726 -0.594999 0
123.755 44.98682 -90.6942 -0.803726 0.594999 0
123.8322 44.92322 -90.6942 0.803726 -0.594999 0
118.5645 15.1964 -109.3605 -0.610546 -0.0132223 0.79187
118.6262 15.1328 -109.314 -0.610545 -0.0132235 0.791871
127.9039 29.9485 -101.9134 -0.610882 -0.0128783 0.791617
127.9655 29.8849 -101.8669 -0.610881 -0.0128794 0.791618
118.6247 15.1964 -109.4403 0.610357 0.0134107 -0.792013
118.6863 15.1328 -109.39391 0.610357 0.0134107 -0.792013
127.9641 29.9485 -101.99319 0.610357 0.0134107 -0.792013
128.0257 29.8849 -101.9468 0.610357 0.0134107 -0.792013
118.5645 15.1964 -109.3605 -0.620492 0.629153 -0.468142
118.6262 15.1328 -109.314 0.621193 -0.629137 0.467232
127.9039 29.9485 -101.9134 -0.620521 0.629152 -0.468105
127.9655 29.8849 -101.8669 0.620827 -0.629143 0.46771
118.6247 15.1964 -109.4403 -0.620492 0.629153 -0.468142
118.6863 15.1328 -109.39391 0.621194 -0.629137 0.46723
127.9641 29.9485 -101.99319 -0.620521 0.629152 -0.468105
128.0257 29.8849 -101.9468 0.620829 -0.629143 0.467709
128.4474 15.1964 -102.062 -0.587607 -0.0223483 0.808838
128.3858 15.1328 -102.10851 -0.587609 -0.0223501 0.808837
118.6787 29.9485 -108.7513 -0.587072 -0.021806 0.809241
118.6171 29.8849 -108.7977 -0.587074 -0.0218078 0.809239
128.5076 15.1964 -102.1419 0.586685 0.0214124 -0.809532
128.44589 15.1328 -102.1883 0.586683 0.021411 -0.809533
118.7389 29.9485 -108.8312 0.587072 0.0218058 -0.809241
118.6773 29.8849 -108.8776 0.587071 0.0218045 -0.809242
128.4474 15.1964 -102.062 0.623155 0.625525 0.469464
128.3858 15.1328 -102.10851 -0.623253 -0.625526 -0.469333
118.6787 29.9485 -108.7513 0.623127 0.625524 0.469502
118.6171 29.8849 -108.7977 -0.623129 -0.625522 -0.469503
128.5076 15.1964 -102.1419 0.623155 0.625525 0.469464
128.44589 15.1328 -102.1883 -0.623254 -0.625526 -0.469332
118.7389 29.9485 -108.8312 0.623127 0.625524 0.469502
118.6773 29.8849 -108.8776 -0.623129 -0.625522 -0.469503
108.485 15.1964 -102.1237 0.578622 -0.013078 0.815491
108.5474 15.1328 -102.169 0.578622 -0.013078 0.815491
118.3373 29.9485 -108.8777 0.578633 -0.0130894 0.815483
118.3997 29.8849 -108.923 0.578633 -0.0130894 0.815483
108.4262 15.1964 -102.20461 -0.578769 0.0132263 -0.815385
108.4887 15.1328 -102.25 -0.578769 0.0132267 -0.815384
118.2785 29.9485 -108.9586 -0.57865 0.013106 -0.815471
118.3409 29.8849 -109.0039 -0.57865 0.0131064 -0.815471
108.485 15.1964 -102.1237 -0.628762 0.629145 0.456985
108.5474 15.1328 -102.169 0.629385 -0.629155 -0.456112
118.3373 29.9485 -108.8777 -0.628789 0.629146 0.456946
118.3997 29.8849 -108.923 0.628713 -0.629145 -0.457052
108.4262 15.1964 -102.20461 -0.628762 0.629145 0.456984
108.4887 15.1328 -102.25 0.629387 -0.629155 -0.456109
118.2785 29.9485 -108.9586 -0.628789 0.629146 0.456945
118.3409 29.8849 -109.0039 0.628716 -0.629145 -0.457049
118.354 15.1964 -109.4409 0.602454 -0.0215919 0.797862
118.2916 15.1328 -109.3955 0.602454 -0.0215919 0.797862
109.1009 29.9485 -102.05479 0.602444 -0.0216013 0.797869
109.0385 29.8849 -102.0094 0.602444 -0.0216012 0.797869
118.2952 15.1964 -109.5218 -0.602548 0.0214974 -0.797793
118.2328 15.1328 -109.47639 -0.60255 0.0214958 -0.797792
109.0422 29.9485 -102.1357 -0.602069 0.0219775 -0.798141
108.9797 29.8849 -102.0903 -0.602071 0.0219758 -0.79814
118.354 15.1964 -109.4409 0.631091 0.625527 -0.458737
118.2916 15.1328 -109.3955 -0.631128 -0.625525 0.458689
109.1009 29.9485 -102.05479 0.631498 0.625509 -0.458202
109.0385 29.8849 -102.0094 -0.63112 -0.625526 0.458699
118.2952 15.1964 -109.5218 0.631093 0.625527 -0.458735
118.2328 15.1328 -109.47639 -0.631128 -0.625525 0.458689
109.0422 29.9485 -102.1357 0.631499 0.625509 -0.4582
108.9797 29.8849 -102.0903 -0.63112 -0.625526 0.458699
112.1913 15.1964 -89.9331 0.954335 -0.0132034 -0.298447
112.1675 15.1328 -90.0064 0.954335 -0.0132022 -0.298446
108.8125 29.9485 -101.3902 0.954197 -0.013568 -0.298871
108.7886 29.8849 -101.4636 0.954197 -0.0135667 -0.29887
112.0962 15.1964 -89.9022 -0.954352 0.0131573 0.298394
112.0724 15.1328 -89.9755 -0.954353 0.0131558 0.298393
108.7174 29.9485 -101.3593 -0.95418 0.0136138 0.298925
108.6935 29.8849 -101.4327 -0.95418 0.0136122 0.298923
112.1914 15.1964 -89.9331 0.239961 0.629148 0.739318
112.1675 15.1328 -90.0064 -0.240205 -0.629147 -0.739239
108.8125 29.9485 -101.3902 0.240188 0.629144 0.739248
108.7886 29.8849 -101.4636 -0.24017 -0.629148 -0.739251
112.0962 15.1964 -89.9022 0.239962 0.629148 0.739318
112.0724 15.1328 -89.9755 -0.240205 -0.629147 -0.739239
108.7174 29.9485 -101.3593 0.240189 0.629144 0.739248
108.6935 29.8849 -101.4327 -0.240171 -0.629148 -0.73925
108.282 15.1964 -101.5801 0.944893 -0.0213636 -0.326681
108.3059 15.1328 -101.50681 0.944893 -0.0213628 -0.326682
112.4472 29.9485 -90.4975 0.944988 -0.0216122 -0.32639
112.4711 29.8849 -90.4241 0.944988 -0.0216114 -0.326391
108.1869 15.1964 -101.5493 -0.945202 0.0221693 0.325733
108.2107 15.1328 -101.4759 -0.945203 0.0221713 0.325731
112.3521 29.9485 -90.4666 -0.944971 0.0215655 0.326442
112.376 29.8849 -90.3932 -0.944972 0.0215675 0.326439
108.282 15.1964 -101.5801 -0.240394 0.625504 -0.742263
108.3059 15.1328 -101.50681 0.240918 -0.62552 0.74208
112.4472 29.9485 -90.4975 -0.24107 0.625523 -0.742028
112.4711 29.8849 -90.4241 0.24109 -0.625524 0.742021
108.1869 15.1964 -101.5493 -0.240397 0.625504 -0.742263
108.2107 15.1328 -101.4759 0.240917 -0.62552 0.74208
112.3521 29.9485 -90.4666 -0.241073 0.625523 -0.742027
112.376 29.8849 -90.3932 0.241089 -0.625524 0.742022
124.956 15.1964 -90.0168 -0.956129 -0.0222143 -0.292103
124.9799 15.1328 -90.0902 -0.956128 -0.0222163 -0.292106
128.10049 29.9485 -101.4311 -0.956355 -0.0216192 -0.291405
128.1243 29.8849 -101.5045 -0.956355 -0.0216212 -0.291407
125.0511 15.1964 -89.9859 0.956141 0.0221826 0.292065
125.075 15.1328 -90.0593 0.95614 0.0221847 0.292068
128.1956 29.9485 -101.4002 0.95639 0.0215276 0.291297
128.21939 29.8849 -101.4736 0.95639 0.0215298 0.291299
124.956 15.1964 -90.0168 -0.24109 0.625523 0.742022
124.9799 15.1328 -90.0902 0.241162 -0.62552 -0.742001
128.10049 29.9485 -101.4311 -0.241073 0.625523 0.742028
128.1243 29.8849 -101.5045 0.241108 -0.625521 -0.742018
125.0511 15.1964 -89.9859 -0.24109 0.625523 0.742022
125.075 15.1328 -90.0593 0.241162 -0.62552 -0.742001
128.1956 29.9485 -101.4002 -0.241073 0.625523 0.742028
128.21939 29.8849 -101.4736 0.241108 -0.625521 -0.742018
128.6393 15.1964 -101.7374 -0.947423 -0.0130062 -0.319721
128.6154 15.1328 -101.664 -0.947422 -0.0130043 -0.319723
124.6385 29.9485 -90.4823 -0.947635 -0.013569 -0.319066
124.6147 29.8849 -90.4089 -0.947635 -0.0135671 -0.319068
128.73441 15.1964 -101.7065 0.947388 0.0129154 0.319827
128.71049 15.1328 -101.6331 0.947387 0.012913 0.319829
124.7336 29.9485 -90.4514 0.947652 0.0136151 0.319013
124.7098 29.8849 -90.378 0.947652 0.0136127 0.319016
128.6393 15.1964 -101.7374 0.240171 0.629146 -0.739252
128.6154 15.1328 -101.664 -0.240206 -0.629146 0.739241
124.6385 29.9485 -90.4823 0.240205 0.629147 -0.73924
124.6147 29.8849 -90.4089 -0.240188 -0.629146 0.739246
128.73441 15.1964 -101.7065 0.240171 0.629146 -0.739252
128.71049 15.1328 -101.6331 -0.240206 -0.629146 0.739241
124.7336 29.9485 -90.4514 0.240206 0.629147 -0.73924
124.7098 29.8849 -90.378 -0.240188 -0.629146 0.739246
124.4284 15.1964 -89.6699 0.015117 -0.0183499 -0.999717
124.3512 15.1328 -89.6699 0.015117 -0.0183499 -0.999717
112.8537 29.9485 -90.1157 0.0151179 -0.0183492 -0.999717
112.7765 29.8849 -90.1157 0.0151179 -0.0183492 -0.999717
124.4284 15.1964 -89.5699 -0.015117 0.0183499 0.999717
124.3512 15.1328 -89.5699 -0.015117 0.0183499 0.999717
112.8537 29.9485 -90.0157 -0.0151179 0.0183492 0.999717
112.7765 29.8849 -90.0157 -0.0151179 0.0183492 0.999717
124.4284 15.1964 -89.6699 0.786739 0.617286 0
124.3512 15.1328 -89.6699 -0.786739 -0.617286 0
112.8537 29.9485 -90.1157 0.786739 0.617286 0
112.7765 29.8849 -90.1157 -0.786739 -0.617286 0
124.4284 15.1964 -89.5699 0.786739 0.617286 0
124.3512 15.1328 -89.5699 -0.786739 -0.617286 0
112.8537 29.9485 -90.0157 0.786739 0.617286 0
112.7765 29.8849 -90.0157 -0.786739 -0.617286 0
112.5091 15.1964 -89.6699 -0.0152342 -0.0184921 -0.999713
112.5863 15.1328 -89.6699 -0.0152342 -0.0184921 -0.999713
124.0667 29.9485 -90.1189 -0.0152333 -0.0184928 -0.999713
124.14391 29.8849 -90.1189 -0.0152333 -0.0184928 -0.999713
112.5091 15.1964 -89.5699 0.0152342 0.0184921 0.999713
112.5863 15.1328 -89.5699 0.0152342 0.0184921 0.999713
124.0667 29.9485 -90.0189 0.0152333 0.0184928 0.999713
124.14391 29.8849 -90.0189 0.0152333 0.0184928 0.999713
112.5091 15.1964 -89.6699 -0.787182 0.616721 0
112.5863 15.1328 -89.6699 0.787182 -0.616721 0
124.0667 29.9485 -90.1189 -0.787182 0.616721 0
124.14391 29.8849 -90.1189 0.787182 -0.616721 0
112.5091 15.1964 -89.5699 -0.787182 0.616721 0
112.5863 15.1328 -89.5699 0.787182 -0.616721 0
124.0667 29.9485 -90.0189 -0.787182 0.616721 0
124.14391 29.8849 -90.0189 0.787182 -0.616721 0
118.4707 15 -109.8685 0.587785 -2.31574e-06 -0.809017
118.4707 15.125 -109.8271 0.526257 0.445413 -0.724335
118.4707 15.2165 -109.714 0.341631 0.813748 -0.470215
118.4707 15.25 -109.5595 0.0610375 0.994594 -0.0840109
118.4707 15.2165 -109.405 -0.247746 0.906833 0.340992
118.4707 15.125 -109.2919 -0.493223 0.543943 0.678864
118.4707 15 -109.2505 -0.587785 1.31096e-06 0.809018
118.4707 14.875 -109.2919 -0.493227 -0.543938 0.678866
118.4707 14.7835 -109.405 -0.247743 -0.906836 0.340988
118.4707 14.75 -109.5595 0.0610342 -0.994594 -0.0840063
118.4707 14.7835 -109.714 0.34163 -0.813748 -0.470217
118.4707 14.875 -109.8271 0.526262 -0.445406 -0.724335
129.2262 15 -102.0541 0.587785 -2.3164e-06 -0.809017
129.1869 15.125 -102.0414 0.526368 0.445045 -0.72448
129.0793 15.2165 -102.0064 0.341533 0.813865 -0.470083
128.9323 15.25 -101.95869 0.0610213 0.994597 -0.0839887
128.7854 15.2165 -101.9109 -0.247736 0.906841 0.340979
128.6778 15.125 -101.876 -0.493285 0.543785 0.678946
128.6385 15 -101.8632 -0.587785 1.31049e-06 0.809018
128.6778 14.875 -101.876 -0.493285 -0.543779 0.67895
128.7854 14.7835 -101.9109 -0.247733 -0.906843 0.340974
128.9323 14.75 -101.95869 0.061018 -0.994597 -0.0839841
129.0793 14.7835 -102.0064 0.341535 -0.813865 -0.470082
129.1869 14.875 -102.0414 0.526366 -0.445038 -0.724486
125.118 15 -89.4103 0.951057 2.40783e-07 0.309016
125.0937 15.125 -89.4438 0.851553 0.445312 0.276685
125.0272 15.2165 -89.5353 0.552704 0.813798 0.179584
124.9364 15.25 -89.6603 0.0987865 0.994591 0.0320982
124.8455 15.2165 -89.7853 -0.400864 0.906832 -0.130248
124.7791 15.125 -89.8768 -0.79806 0.543931 -0.259305
124.7547 15 -89.9103 -0.951057 -4.13187e-06 -0.309017
124.7791 14.875 -89.8768 -0.798067 -0.54392 -0.259307
124.8455 14.7835 -89.7853 -0.400856 -0.906836 -0.130245
124.9364 14.75 -89.6603 0.0987829 -0.994591 0.0320949
125.0272 14.7835 -89.5353 0.552706 -0.813797 0.179584
125.0937 14.875 -89.4438 0.851554 -0.445309 0.276686
111.8235 15 -89.4103 0 9.38367e-16 1
111.8478 15.125 -89.4438 0 0.445457 0.895303
111.9143 15.2165 -89.5353 0 0.813755 0.581208
112.0051 15.25 -89.6603 0 0.994595 0.103826
112.0959 15.2165 -89.7853 0 0.906841 -0.421474
112.1624 15.125 -89.8768 0 0.543958 -0.839113
112.1867 15 -89.9103 0 -3.59924e-16 -1
112.1624 14.875 -89.8768 0 -0.543952 -0.839116
112.0959 14.7835 -89.7853 0 -0.906843 -0.421469
112.0051 14.75 -89.6603 0 -0.994596 0.103821
111.9143 14.7835 -89.5353 0 -0.813754 0.58121
111.8478 14.875 -89.4438 0 -0.445454 0.895305
107.7152 15 -102.0541 -0.951056 1.58983e-06 0.30902
107.7546 15.125 -102.0414 -0.851381 0.445673 0.276634
107.8622 15.2165 -102.0064 -0.552726 0.813782 0.179591
108.0091 15.25 -101.95869 -0.0987923 0.99459 0.0320995
108.156 15.2165 -101.9109 0.400866 0.90683 -0.13025
108.2636 15.125 -101.876 0.797928 0.544144 -0.259265
108.303 15 -101.8632 0.951057 -1.76807e-06 -0.309017
108.2636 14.875 -101.876 0.797932 -0.544138 -0.259264
108.156 14.7835 -101.9109 0.400862 -0.906832 -0.130249
108.0091 14.75 -101.95869 -0.0987873 -0.994591 0.0320976
107.8622 14.7835 -102.0064 -0.552728 -0.81378 0.179592
107.7546 14.875 -102.0414 -0.851382 -0.445673 0.27663
118.4707 15 -109.8685 -0.587787 1.09366e-06 -0.809016
118.4707 15.125 -109.8271 -0.526262 0.445409 -0.724333
118.4707 15.2165 -109.714 -0.341631 0.813748 -0.470215
118.4707 15.25 -109.5595 -0.0610386 0.994594 -0.084011
118.4707 15.2165 -109.405 0.247746 0.906833 0.340992
118.4707 15.125 -109.2919 0.493224 0.543943 0.678863
118.4707 15 -109.2505 0.587786 6.45532e-07 0.809016
118.4707 14.875 -109.2919 0.493226 -0.543939 0.678866
118.4707 14.7835 -109.405 0.247743 -0.906835 0.340988
118.4707 14.75 -109.5595 -0.0610342 -0.994594 -0.0840063
118.4707 14.7835 -109.714 -0.341635 -0.813745 -0.470217
118.4707 14.875 -109.8271 -0.526261 -0.445408 -0.724334
129.2262 15 -102.0541 0.951057 2.41015e-07 0.309016
129.1869 15.125 -102.0414 0.851568 0.44528 0.276691
129.0793 15.2165 -102.0064 0.552644 0.813844 0.179564
128.9323 15.25 -101.95869 0.098657 0.994605 0.0320539
128.7854 15.2165 -101.9109 -0.400857 0.906835 -0.130246
128.6778 15.125 -101.876 -0.798092 0.543879 -0.259315
128.6385 15 -101.8632 -0.951057 -4.13292e-06 -0.309017
128.6778 14.875 -101.876 -0.798099 -0.543869 -0.259317
128.7854 14.7835 -101.9109 -0.400849 -0.906839 -0.130243
128.9323 14.75 -101.95869 0.0986522 -0.994606 0.0320546
129.0793 14.7835 -102.0064 0.552646 -0.813842 0.179565
129.1869 14.875 -102.0414 0.85157 -0.445277 0.276691
125.118 15 -89.4103 0 2.90412e-16 1
125.0937 15.125 -89.4438 0 0.445456 0.895304
125.0272 15.2165 -89.5353 0 0.813754 0.58121
124.9364 15.25 -89.6603 0 0.99459 0.103882
124.8455 15.2165 -89.7853 0 0.906826 -0.421505
124.7791 15.125 -89.8768 0 0.543986 -0.839094
124.7547 15 -89.9103 0 -2.94359e-16 -1
124.7791 14.875 -89.8768 0 -0.543981 -0.839098
124.8455 14.7835 -89.7853 0 -0.906828 -0.4215
124.9364 14.75 -89.6603 0 -0.99459 0.103876
125.0272 14.7835 -89.5353 0 -0.813752 0.581212
125.0937 14.875 -89.4438 0 -0.445453 0.895305
111.8235 15 -89.4103 -0.951056 1.58895e-06 0.30902
111.8478 15.125 -89.4438 -0.851546 0.445327 0.276684
111.9143 15.2165 -89.5353 -0.552727 0.813781 0.179592
112.0051 15.25 -89.6603 -0.0987881 0.994591 0.0320979
112.0959 15.2165 -89.7853 0.400843 0.906842 -0.130243
112.1624 15.125 -89.8768 0.798056 0.543937 -0.259304
112.1867 15 -89.9103 0.951057 -1.76841e-06 -0.309017
112.1624 14.875 -89.8768 0.798059 -0.543932 -0.259308
112.0959 14.7835 -89.7853 0.400838 -0.906844 -0.130241
112.0051 14.75 -89.6603 -0.098783 -0.994591 0.0320965
111.9143 14.7835 -89.5353 -0.552729 -0.81378 0.179592
111.8478 14.875 -89.4438 -0.851545 -0.445326 0.276687
107.7152 15 -102.0541 -0.587787 1.09318e-06 -0.809016
107.7546 15.125 -102.0414 -0.526305 0.445259 -0.724395
107.8622 15.2165 -102.0064 -0.341547 0.813853 -0.470095
108.0091 15.25 -101.95869 -0.0610631 0.994589 -0.0840462
108.156 15.2165 -101.9109 0.247742 0.906836 0.340987
108.2636 15.125 -101.876 0.493207 0.543989 0.678839
108.303 15 -101.8632 0.587786 6.4562e-07 0.809016
108.2636 14.875 -101.876 0.493208 -0.543985 0.678842
108.156 14.7835 -101.9109 0.247739 -0.906839 0.340983
108.0091 14.75 -101.95869 -0.06106 -0.99459 -0.0840406
107.8622 14.7835 -102.0064 -0.341548 -0.81385 -0.470099
107.7546 14.875 -102.0414 -0.526306 -0.445258 -0.724394
118.4707 30 -109.1185 0.587785 -6.24319e-07 -0.809017
118.4707 30.125 -109.0771 0.526259 0.445412 -0.724334
118.4707 30.2165 -108.964 0.341633 0.813747 -0.470215
118.4707 30.25 -108.8095 0.0610367 0.994594 -0.084011
118.4707 30.2165 -108.655 -0.247747 0.906833 0.340992
118.4707 30.125 -108.5419 -0.493225 0.543943 0.678863
118.4707 30 -108.5005 -0.587787 1.26489e-06 0.809016
118.4707 29.875 -108.5419 -0.493229 -0.543937 0.678865
118.4707 29.7835 -108.655 -0.247743 -0.906836 0.340987
118.4707 29.75 -108.8095 0.0610352 -0.994594 -0.0840063
118.4707 29.7835 -108.964 0.341631 -0.813747 -0.470217
118.4707 29.875 -109.0771 0.52626 -0.445408 -0.724336
128.51291 30 -101.8224 0.587785 -6.24609e-07 -0.809017
128.4736 30.125 -101.8096 0.526246 0.445455 -0.724317
128.366 30.2165 -101.7746 0.341531 0.813869 -0.470078
128.2191 30.25 -101.7269 0.0611093 0.994581 -0.0841084
128.0721 30.2165 -101.6791 -0.247688 0.906879 0.340912
127.9645 30.125 -101.6442 -0.493287 0.543786 0.678944
127.9252 30 -101.6314 -0.587787 1.26448e-06 0.809016
127.9645 29.875 -101.6442 -0.493287 -0.543781 0.678948
128.0721 29.7835 -101.6791 -0.247685 -0.906882 0.340906
128.2191 29.75 -101.7269 0.0611053 -0.994582 -0.0841055
128.366 29.7835 -101.7746 0.341533 -0.813869 -0.470077
128.4736 29.875 -101.8096 0.526248 -0.44545 -0.724318
124.6772 30 -90.017 0.951057 2.70703e-06 0.309015
124.6528 30.125 -90.0505 0.851354 0.445734 0.276618
124.5863 30.2165 -90.142 0.552718 0.813787 0.179591
124.4955 30.25 -90.267 0.0987762 0.994592 0.0320945
124.4047 30.2165 -90.392 -0.400747 0.906889 -0.130211
124.3382 30.125 -90.4836 -0.798067 0.543919 -0.259308
124.3139 30 -90.517 -0.951056 -8.90215e-08 -0.309018
124.3382 29.875 -90.4836 -0.798071 -0.543914 -0.259309
124.4047 29.7835 -90.392 -0.400743 -0.906891 -0.130209
124.4955 29.75 -90.267 0.0987704 -0.994593 0.0320933
124.5863 29.7835 -90.142 0.55272 -0.813786 0.179591
124.6528 29.875 -90.0505 0.851352 -0.445735 0.276624
112.2643 30 -90.017 0 -5.56722e-16 1
112.2886 30.125 -90.0505 0 0.445453 0.895305
112.3551 30.2165 -90.142 0 0.813755 0.581208
112.4459 30.25 -90.267 0 0.994596 0.103822
112.5367 30.2165 -90.392 0 0.906906 -0.421334
112.6032 30.125 -90.4836 0 0.544037 -0.839061
112.6276 30 -90.517 0 2.12546e-16 -1
112.6032 29.875 -90.4836 0 -0.544031 -0.839065
112.5367 29.7835 -90.392 0 -0.906908 -0.421328
112.4459 29.75 -90.267 0 -0.994597 0.103816
112.3551 29.7835 -90.142 0 -0.813754 0.58121
112.2886 29.875 -90.0505 0 -0.44545 0.895307
108.4285 30 -101.8224 -0.951057 9.18043e-07 0.309015
108.4679 30.125 -101.8096 -0.851461 0.445506 0.276655
108.5755 30.2165 -101.7746 -0.552712 0.813793 0.179585
108.7224 30.25 -101.7269 -0.0988028 0.994589 0.0321024
108.8693 30.2165 -101.6791 0.400859 0.906834 -0.130246
108.9769 30.125 -101.6442 0.79794 0.544126 -0.259266
109.0163 30 -101.6314 0.951056 3.16139e-07 -0.309018
108.9769 29.875 -101.6442 0.797943 -0.54412 -0.259268
108.8693 29.7835 -101.6791 0.400854 -0.906836 -0.130245
108.7224 29.75 -101.7269 -0.0987978 -0.99459 0.0321007
108.5755 29.7835 -101.7746 -0.552714 -0.813791 0.179585
108.4679 29.875 -101.8096 -0.851463 -0.445504 0.276653
118.4707 30 -109.1185 -0.587786 -4.98166e-07 -0.809016
118.4707 30.125 -109.0771 -0.52626 0.445411 -0.724333
118.4707 30.2165 -108.964 -0.341633 0.813748 -0.470215
118.4707 30.25 -108.8095 -0.0610394 0.994594 -0.0840114
118.4707 30.2165 -108.655 0.247747 0.906833 0.340992
118.4707 30.125 -108.5419 0.493227 0.543943 0.678862
118.4707 30 -108.5005 0.587789 5.59014e-07 0.809014
118.4707 29.875 -108.5419 0.493228 -0.543938 0.678865
118.4707 29.7835 -108.655 0.247744 -0.906835 0.340988
118.4707 29.75 -108.8095 -0.0610347 -0.994594 -0.0840067
118.4707 29.7835 -108.964 -0.341638 -0.813744 -0.470217
118.4707 29.875 -109.0771 -0.526263 -0.445408 -0.724333
128.51291 30 -101.8224 0.951057 2.70761e-06 0.309015
128.4736 30.125 -101.8096 0.851627 0.445154 0.276713
128.366 30.2165 -101.7746 0.552713 0.813791 0.179589
128.2191 30.25 -101.7269 0.0988374 0.994585 0.0321151
128.0721 30.2165 -101.6791 -0.400757 0.906884 -0.130214
127.9645 30.125 -101.6442 -0.798094 0.543876 -0.259317
127.9252 30 -101.6314 -0.951056 -8.90547e-08 -0.309018
127.9645 29.875 -101.6442 -0.798097 -0.54387 -0.259318
128.0721 29.7835 -101.6791 -0.400753 -0.906886 -0.130213
128.2191 29.75 -101.7269 0.0988321 -0.994586 0.0321126
128.366 29.7835 -101.7746 0.552716 -0.813789 0.17959
128.4736 29.875 -101.8096 0.851628 -0.445155 0.276707
124.6772 30 -90.017 0 1.4529e-16 1
124.6528 30.125 -90.0505 0 0.445409 0.895327
124.5863 30.2165 -90.142 0 0.813752 0.581212
124.4955 30.25 -90.267 0 0.994596 0.103824
124.4047 30.2165 -90.392 0 0.906906 -0.421334
124.3382 30.125 -90.4836 0 0.543974 -0.839102
124.3139 30 -90.517 0 -1.30857e-16 -1
124.3382 29.875 -90.4836 0 -0.543969 -0.839105
124.4047 29.7835 -90.392 0 -0.906908 -0.421328
124.4955 29.75 -90.267 0 -0.994596 0.103818
124.5863 29.7835 -90.142 0 -0.813751 0.581214
124.6528 29.875 -90.0505 0 -0.445406 0.895329
112.2643 30 -90.017 -0.951057 9.18113e-07 0.309015
112.2886 30.125 -90.0505 -0.851532 0.445357 0.276676
112.3551 30.2165 -90.142 -0.552729 0.81378 0.17959
112.4459 30.25 -90.267 -0.0987893 0.994591 0.0320979
112.5367 30.2165 -90.392 0.400748 0.906888 -0.130211
112.6032 30.125 -90.4836 0.797925 0.54415 -0.259262
112.6276 30 -90.517 0.951056 3.15875e-07 -0.309018
112.6032 29.875 -90.4836 0.797929 -0.544144 -0.259263
112.5367 29.7835 -90.392 0.400744 -0.90689 -0.130209
112.4459 29.75 -90.267 -0.0987843 -0.994591 0.0320964
112.3551 29.7835 -90.142 -0.552731 -0.813779 0.179591
112.2886 29.875 -90.0505 -0.851532 -0.445356 0.276678
108.4285 30 -101.8224 -0.587786 -4.98088e-07 -0.809016
108.4679 30.125 -101.8096 -0.526194 0.445645 -0.724238
108.5755 30.2165 -101.7746 -0.341533 0.813872 -0.470072
108.7224 30.25 -101.7269 -0.0610743 0.994587 -0.0840613
108.8693 30.2165 -101.6791 0.247736 0.906842 0.340976
108.9769 30.125 -101.6442 0.493214 0.543975 0.678845
109.0163 30 -101.6314 0.587789 5.5907e-07 0.809014
108.9769 29.875 -101.6442 0.493216 -0.543971 0.678847
108.8693 29.7835 -101.6791 0.247733 -0.906844 0.340972
108.7224 29.75 -101.7269 -0.0610713 -0.994588 -0.0840553
108.5755 29.7835 -101.7746 -0.341534 -0.813869 -0.470077
108.4679 29.875 -101.8096 -0.526193 -0.445641 -0.724241
118.4707 60 -107.6185 0.587782 5.74258e-07 -0.809019
118.4707 60.125 -107.5771 0.526258 0.445413 -0.724334
118.4707 60.2165 -107.464 0.341633 0.813747 -0.470215
118.4707 60.25 -107.3095 0.0610364 0.994594 -0.0840109
118.4707 60.2165 -107.155 -0.247746 0.906833 0.340993
118.4707 60.125 -107.0419 -0.493222 0.543945 0.678864
118.4707 60 -107.0005 -0.587784 -6.4839e-07 0.809018
118.4707 59.875 -107.0419 -0.493225 -0.543942 0.678864
118.4707 59.7835 -107.155 -0.247746 -0.906834 0.340991
118.4707 59.75 -107.3095 0.0610383 -0.994594 -0.0840107
118.4707 59.7835 -107.464 0.341629 -0.813749 -0.470215
118.4707 59.875 -107.5771 0.526256 -0.445413 -0.724336
127.0864 60 -101.3589 0.587782 5.74167e-07 -0.809019
127.047 60.125 -101.3461 0.52619 0.445637 -0.724245
126.9394 60.2165 -101.3111 0.341538 0.81386 -0.470089
126.7925 60.25 -101.2634 0.0611035 0.994582 -0.0841004
126.6455 60.2165 -101.2156 -0.247762 0.906821 0.341013
126.53799 60.125 -101.18069 -0.493275 0.543811 0.678933
126.4986 60 -101.1679 -0.587784 -6.48458e-07 0.809018
126.53799 59.875 -101.18069 -0.493274 -0.543808 0.678935
126.6455 59.7835 -101.2156 -0.24776 -0.906822 0.341012
126.7925 59.75 -101.2634 0.0611027 -0.994582 -0.0841022
126.9394 59.7835 -101.3111 0.341538 -0.813862 -0.470085
127.047 59.875 -101.3461 0.526192 -0.445638 -0.724244
123.7955 60 -91.2306 0.951056 1.04898e-06 0.30902
123.7711 60.125 -91.2641 0.851445 0.445539 0.276653
123.7047 60.2165 -91.3556 0.552904 0.813647 0.179652
123.6138 60.25 -91.4806 0.0986393 0.994607 0.0320487
123.523 60.2165 -91.6056 -0.400841 0.906843 -0.130243
123.4565 60.125 -91.6971 -0.798045 0.543954 -0.259305
123.4322 60 -91.7306 -0.951055 1.96063e-06 -0.309023
123.4565 59.875 -91.6971 -0.798043 -0.543957 -0.259305
123.523 59.7835 -91.6056 -0.400842 -0.906842 -0.130244
123.6138 59.75 -91.4806 0.0986367 -0.994607 0.0320502
123.7047 59.7835 -91.3556 0.552908 -0.813645 0.17965
123.7711 59.875 -91.2641 0.851444 -0.445541 0.276653
113.146 60 -91.2306 0 2.09885e-16 1
113.1703 60.125 -91.2641 0 0.445453 0.895305
113.2368 60.2165 -91.3556 0 0.813755 0.581208
113.3276 60.25 -91.4806 0 0.994596 0.103822
113.4184 60.2165 -91.6056 0 0.906842 -0.421471
113.4849 60.125 -91.6971 0 0.54396 -0.839111
113.5092 60 -91.7306 0 9.8161e-16 -1
113.4849 59.875 -91.6971 0 -0.54396 -0.839111
113.4184 59.7835 -91.6056 0 -0.906842 -0.421471
113.3276 59.75 -91.4806 0 -0.994596 0.103822
113.2368 59.7835 -91.3556 0 -0.813755 0.581208
113.1703 59.875 -91.2641 0 -0.445453 0.895305
109.8551 60 -101.3589 -0.951057 1.06911e-06 0.309016
109.8945 60.125 -101.3461 -0.851551 0.445316 0.276685
110.002 60.2165 -101.3111 -0.552945 0.813618 0.179661
110.149 60.25 -101.2634 -0.0986569 0.994605 0.0320569
110.2959 60.2165 -101.2156 0.400856 0.906835 -0.130246
110.4035 60.125 -101.18069 0.797928 0.544145 -0.259263
110.4429 60 -101.1679 0.951058 -1.97724e-06 -0.309014
110.4035 59.875 -101.18069 0.797929 -0.544145 -0.25926
110.2959 59.7835 -101.2156 0.400857 -0.906835 -0.130246
110.149 59.75 -101.2634 -0.0986559 -0.994605 0.0320546
110.002 59.7835 -101.3111 -0.552947 -0.813615 0.179666
109.8945 59.875 -101.3461 -0.85155 -0.445318 0.276685
118.4707 60 -107.6185 -0.587786 -5.80246e-07 -0.809016
118.4707 60.125 -107.5771 -0.52626 0.445411 -0.724334
118.4707 60.2165 -107.464 -0.341633 0.813748 -0.470215
118.4707 60.25 -107.3095 -0.0610379 0.994594 -0.0840111
118.4707 60.2165 -107.155 0.247747 0.906833 0.340992
118.4707 60.125 -107.0419 0.493226 0.543943 0.678862
118.4707 60 -107.0005 0.587789 6.5808e-07 0.809014
118.4707 59.875 -107.0419 0.493226 -0.543944 0.678862
118.4707 59.7835 -107.155 0.247747 -0.906833 0.340992
118.4707 59.75 -107.3095 -0.0610379 -0.994594 -0.0840112
118.4707 59.7835 -107.464 -0.341633 -0.813747 -0.470215
118.4707 59.875 -107.5771 -0.526261 -0.445411 -0.724333
127.0864 60 -101.3589 0.951056 1.04884e-06 0.30902
127.047 60.125 -101.3461 0.851468 0.44549 0.276661
126.9394 60.2165 -101.3111 0.552729 0.81378 0.179591
126.7925 60.25 -101.2634 0.098825 0.994587 0.0321113
126.6455 60.2165 -101.2156 -0.400895 0.906816 -0.130261
126.53799 60.125 -101.18069 -0.798088 0.543883 -0.25932
126.4986 60 -101.1679 -0.951055 1.96027e-06 -0.309023
126.53799 59.875 -101.18069 -0.798086 -0.543887 -0.259318
126.6455 59.7835 -101.2156 -0.400897 -0.906815 -0.130261
126.7925 59.75 -101.2634 0.0988238 -0.994587 0.0321086
126.9394 59.7835 -101.3111 0.552731 -0.813778 0.179595
127.047 59.875 -101.3461 0.851467 -0.445493 0.27666
123.7955 60 -91.2306 0 2.28312e-16 1
123.7711 60.125 -91.2641 0 0.445467 0.895298
123.7047 60.2165 -91.3556 0 0.813738 0.581232
123.6138 60.25 -91.4806 0 0.994593 0.103848
123.523 60.2165 -91.6056 0 0.906842 -0.421471
123.4565 60.125 -91.6971 0 0.54396 -0.839111
123.4322 60 -91.7306 0 -9.8161e-16 -1
123.4565 59.875 -91.6971 0 -0.54396 -0.839111
123.523 59.7835 -91.6056 0 -0.906842 -0.421471
123.6138 59.75 -91.4806 0 -0.994593 0.103848
123.7047 59.7835 -91.3556 0 -0.813738 0.581232
123.7711 59.875 -91.2641 0 -0.445467 0.895298
113.146 60 -91.2306 -0.951057 1.06919e-06 0.309016
113.1703 60.125 -91.2641 -0.851532 0.445357 0.276679
113.2368 60.2165 -91.3556 -0.552723 0.813783 0.179594
113.3276 60.25 -91.4806 -0.098789 0.994591 0.0320979
113.4184 60.2165 -91.6056 0.400842 0.906842 -0.130241
113.4849 60.125 -91.6971 0.798046 0.543955 -0.259298
113.5092 60 -91.7306 0.951058 -1.97762e-06 -0.309014
113.4849 59.875 -91.6971 0.798045 -0.543955 -0.259301
113.4184 59.7835 -91.6056 0.400843 -0.906842 -0.130242
113.3276 59.75 -91.4806 -0.0987868 -0.994591 0.0320991
113.2368 59.7835 -91.3556 -0.552728 -0.81378 0.179591
113.1703 59.875 -91.2641 -0.85153 -0.445359 0.276678
109.8551 60 -101.3589 -0.587786 -5.80155e-07 -0.809016
109.8945 60.125 -101.3461 -0.526215 0.44557 -0.724269
110.002 60.2165 -101.3111 -0.341629 0.813752 -0.47021
110.149 60.25 -101.2634 -0.0610266 0.994596 -0.0839957
110.2959 60.2165 -101.2156 0.247734 0.906843 0.340974
110.4035 60.125 -101.18069 0.493209 0.543989 0.678838
110.4429 60 -101.1679 0.587789 6.58147e-07 0.809014
110.4035 59.875 -101.18069 0.493208 -0.54399 0.678838
110.2959 59.7835 -101.2156 0.247734 -0.906843 0.340974
110.149 59.75 -101.2634 -0.0610267 -0.994596 -0.0839956
110.002 59.7835 -101.3111 -0.341629 -0.813752 -0.47021
109.8945 59.875 -101.3461 -0.526214 -0.445569 -0.72427
118.4707 44.99996 -108.3685 0.587785 3.96441e-07 -0.809017
118.4707 45.12496 -108.3271 0.526265 0.445392 -0.724341
118.4707 45.21647 -108.214 0.341639 0.813738 -0.470226
118.4707 45.24996 -108.0595 0.0610181 0.994597 -0.083984
118.4707 45.21647 -107.905 -0.247728 0.906848 0.340965
118.4707 45.12496 -107.7919 -0.49324 0.543909 0.678879
118.4707 44.99996 -107.7505 -0.58779 1.0025e-06 0.809014
118.4707 44.87496 -107.7919 -0.493226 -0.543945 0.678861
118.4707 44.78346 -107.905 -0.247746 -0.906833 0.340992
118.4707 44.74996 -108.0595 0.0610372 -0.994594 -0.0840108
118.4707 44.78346 -108.214 0.341632 -0.813748 -0.470215
118.4707 44.87496 -108.3271 0.526259 -0.445412 -0.724334
127.7997 44.99996 -101.5906 0.587785 3.9637e-07 -0.809017
127.7603 45.12496 -101.5778 0.526264 0.445395 -0.724341
127.65269 45.21647 -101.5429 0.341642 0.813736 -0.470229
127.5058 45.24996 -101.4951 0.061018 0.994597 -0.0839843
127.3588 45.21647 -101.4474 -0.24767 0.906893 0.340888
127.25121 45.12496 -101.4124 -0.493221 0.543958 0.678854
127.2119 44.99996 -101.3996 -0.58779 1.00217e-06 0.809014
127.25121 44.87496 -101.4124 -0.493208 -0.543994 0.678835
127.3588 44.78346 -101.4474 -0.24769 -0.906878 0.340913
127.5058 44.74996 -101.4951 0.0610376 -0.994594 -0.0840108
127.65269 44.78346 -101.5429 0.341634 -0.813745 -0.470218
127.7603 44.87496 -101.5778 0.526259 -0.445414 -0.724333
124.2363 44.99996 -90.6238 0.951055 -1.36027e-06 0.30902
124.21201 45.12496 -90.6573 0.851559 0.445296 0.276692
124.1455 45.21647 -90.7488 0.552717 0.813789 0.179589
124.0547 45.24996 -90.8738 0.098757 0.994594 0.0320876
123.9639 45.21647 -90.9988 -0.400813 0.906857 -0.130231
123.8974 45.12496 -91.0903 -0.798085 0.543892 -0.25931
123.8731 44.99996 -91.12379 -0.951057 -1.12629e-06 -0.309015
123.8974 44.87496 -91.0903 -0.798065 -0.543925 -0.259305
123.9639 44.78346 -90.9988 -0.400845 -0.906841 -0.13024
124.0547 44.74996 -90.8738 0.0987876 -0.994591 0.0320989
124.1455 44.78346 -90.7488 0.552705 -0.813798 0.179584
124.21201 44.87496 -90.6573 0.851552 -0.445313 0.276686
112.7051 44.99996 -90.6238 0 -8.51144e-16 1
112.7295 45.12496 -90.6573 0 0.445453 0.895305
112.7959 45.21647 -90.7488 0 0.813727 0.581248
112.8868 45.24996 -90.8738 0 0.994596 0.103817
112.9776 45.21647 -90.9988 0 0.906855 -0.421444
113.0441 45.12496 -91.0903 0 0.543906 -0.839146
113.0684 44.99996 -91.12379 0 -2.29039e-16 -1
113.0441 44.87496 -91.0903 0 -0.543939 -0.839125
112.9776 44.78346 -90.9988 0 -0.90684 -0.421476
112.8868 44.74996 -90.8738 0 -0.994593 0.10385
112.7959 44.78346 -90.7488 0 -0.813736 0.581234
112.7295 44.87496 -90.6573 0 -0.445472 0.895296
109.1418 44.99996 -101.5906 -0.951057 -9.12156e-07 0.309017
109.1812 45.12496 -101.5778 -0.851495 0.445435 0.276666
109.2887 45.21647 -101.5429 -0.552911 0.813642 0.179652
109.4357 45.24996 -101.4951 -0.0986455 0.994606 0.0320514
109.5826 45.21647 -101.4474 0.400804 0.90686 -0.130231
109.6902 45.12496 -101.4124 0.79798 0.544059 -0.259283
109.7296 44.99996 -101.3996 0.951056 -1.80815e-06 -0.309018
109.6902 44.87496 -101.4124 0.797961 -0.544092 -0.259274
109.5826 44.78346 -101.4474 0.400835 -0.906845 -0.130241
109.4357 44.74996 -101.4951 -0.0986777 -0.994603 0.0320625
109.2887 44.78346 -101.5429 -0.552898 -0.813653 0.179647
109.1812 44.87496 -101.5778 -0.851486 -0.445452 0.276665
118.4707 44.99996 -108.3685 -0.587789 -4.01546e-07 -0.809014
118.4707 45.12496 -108.3271 -0.526268 0.445392 -0.72434
118.4707 45.21647 -108.214 -0.341643 0.813737 -0.470226
118.4707 45.24996 -108.0595 -0.0610172 0.994597 -0.0839841
118.4707 45.21647 -107.905 0.247728 0.906848 0.340967
118.4707 45.12496 -107.7919 0.493238 0.543912 0.678879
118.4707 44.99996 -107.7505 0.587792 8.19066e-07 0.809012
118.4707 44.87496 -107.7919 0.493229 -0.543943 0.67886
118.4707 44.78346 -107.905 0.247747 -0.906833 0.340991
118.4707 44.74996 -108.0595 -0.061039 -0.994594 -0.0840111
118.4707 44.78346 -108.214 -0.341631 -0.813749 -0.470215
118.4707 44.87496 -108.3271 -0.526263 -0.445409 -0.724333
127.7997 44.99996 -101.5906 0.951055 -1.36024e-06 0.30902
127.7603 45.12496 -101.5778 0.851405 0.445623 0.276638
127.65269 45.21647 -101.5429 0.552678 0.813818 0.179575
127.5058 45.24996 -101.4951 0.0988262 0.994586 0.0321114
127.3588 45.21647 -101.4474 -0.400717 0.906904 -0.130199
127.25121 45.12496 -101.4124 -0.798147 0.543791 -0.259331
127.2119 44.99996 -101.3996 -0.951057 -1.12619e-06 -0.309015
127.25121 44.87496 -101.4124 -0.798127 -0.543824 -0.259323
127.3588 44.78346 -101.4474 -0.400748 -0.906888 -0.13021
127.5058 44.74996 -101.4951 0.0988577 -0.994583 0.0321203
127.65269 44.78346 -101.5429 0.552666 -0.813827 0.179572
127.7603 44.87496 -101.5778 0.851396 -0.44564 0.276639
124.2363 44.99996 -90.6238 0 -3.73387e-16 1
124.21201 45.12496 -90.6573 0 0.445437 0.895313
124.1455 45.21647 -90.7488 0 0.813744 0.581224
124.0547 45.24996 -90.8738 0 0.994599 0.103793
123.9639 45.21647 -90.9988 0 0.906855 -0.421442
123.8974 45.12496 -91.0903 0 0.543906 -0.839146
123.8731 44.99996 -91.12379 0 2.29039e-16 -1
123.8974 44.87496 -91.0903 0 -0.543939 -0.839125
123.9639 44.78346 -90.9988 0 -0.906841 -0.421474
124.0547 44.74996 -90.8738 0 -0.994595 0.103826
124.1455 44.78346 -90.7488 0 -0.813754 0.58121
124.21201 44.87496 -90.6573 0 -0.445456 0.895304
112.7051 44.99996 -90.6238 -0.951057 -9.12236e-07 0.309017
112.7295 45.12496 -90.6573 -0.851461 0.445505 0.276657
112.7959 45.21647 -90.7488 -0.552936 0.813624 0.179659
112.8868 45.24996 -90.8738 -0.0985946 0.994612 0.0320355
112.9776 45.21647 -90.9988 0.400819 0.906853 -0.130236
113.0441 45.12496 -91.0903 0.798082 0.543894 -0.259314
113.0684 44.99996 -91.12379 0.951056 -1.80831e-06 -0.309018
113.0441 44.87496 -91.0903 0.798062 -0.543927 -0.259309
112.9776 44.78346 -90.9988 0.40085 -0.906838 -0.130246
112.8868 44.74996 -90.8738 -0.0986272 -0.994608 0.0320455
112.7959 44.78346 -90.7488 -0.552922 -0.813635 0.179656
112.7295 44.87496 -90.6573 -0.851454 -0.445521 0.276653
109.1418 44.99996 -101.5906 -0.587789 -4.01475e-07 -0.809014
109.1812 45.12496 -101.5778 -0.526288 0.445322 -0.724368
109.2887 45.21647 -101.5429 -0.34174 0.813616 -0.470364
109.4357 45.24996 -101.4951 -0.0609361 0.994612 -0.0838695
109.5826 45.21647 -101.4474 0.247712 0.906861 0.340943
109.6902 45.12496 -101.4124 0.493145 0.544163 0.678745
109.7296 44.99996 -101.3996 0.587792 8.1911e-07 0.809012
109.6902 44.87496 -101.4124 0.49313 -0.544194 0.678731
109.5826 44.78346 -101.4474 0.247729 -0.906847 0.340968
109.4357 44.74996 -101.4951 -0.060955 -0.994608 -0.0838985
109.2887 44.78346 -101.5429 -0.341732 -0.813628 -0.470349
109.1812 44.87496 -101.5778 -0.526284 -0.445339 -0.724361
123.8144 82.5 -92.1316 0.806514 -0.0023485 -0.59121
123.6895 82.5 -92.2522 0.555702 -0.0154865 -0.831237
123.5308 82.5 -92.3228 0.238639 -0.0267318 -0.97074
123.3576 82.5 -92.3349 -0.106252 -0.0347514 -0.993732
123.1907 82.5 -92.2871 -0.438403 -0.0386165 -0.897949
123.0502 82.5 -92.185 -0.718119 -0.037867 -0.69489
122.9531 82.5 -92.0411 -0.912079 -0.0325911 -0.408717
122.9111 82.5 -91.8726 -0.997037 -0.0234066 -0.0732798
122.9292 82.5 -91.69991 -0.962323 -0.0113892 0.271672
123.0054 82.5 -91.5438 -0.811411 0.00202482 0.584472
123.1303 82.5 -91.4232 -0.562565 0.0151907 0.826613
123.2889 82.5 -91.3525 -0.245088 0.0265435 0.969137
123.4621 82.5 -91.3404 0.102605 0.0346872 0.994117
123.6291 82.5 -91.38831 0.437821 0.0386136 0.898233
123.7695 82.5 -91.4904 0.719595 0.0378481 0.693362
123.8666 82.5 -91.6343 0.913884 0.0324968 0.404673
123.9087 82.5 -91.8028 0.997523 0.0231912 0.0664014
123.8905 82.5 -91.97549 0.960048 0.0110808 -0.279615
123.4099 82.5 -91.8377 0 1 0
125.5528 0 -89.4324 0.811573 -0.00201405 -0.584247
125.4279 0 -89.553 0.562249 -0.0152044 -0.826828
125.2692 0 -89.6236 0.244687 -0.0265553 -0.969239
125.096 0 -89.6357 -0.102397 -0.0346835 -0.994139
124.9291 0 -89.5879 -0.437479 -0.0386118 -0.898399
124.7886 0 -89.4858 -0.719466 -0.0378497 -0.693495
124.6915 0 -89.3419 -0.914002 -0.0324906 -0.404407
124.64951 0 -89.1734 -0.997524 -0.0231916 -0.0663936
124.6676 0 -89.0007 -0.96005 -0.0110816 0.27961
124.7438 0 -88.8446 -0.806379 0.00235735 0.591394
124.8687 0 -88.724 -0.556047 0.0154718 0.831007
125.0273 0 -88.6533 -0.238997 0.0267214 0.970652
125.2005 0 -88.6412 0.106463 0.0347551 0.993709
125.3675 0 -88.6891 0.438725 0.0386182 0.897791
125.5079 0 -88.7912 0.718244 0.0378654 0.69476
125.605 0 -88.9351 0.912083 0.0325903 0.408708
125.647 0 -89.1036 0.997037 0.023406 0.0732798
125.6289 0 -89.2763 0.962384 0.0113976 -0.271452
123.1303 82.5 -91.4232 0 1 0
123.2889 82.5 -91.3525 0 1 0
123.4621 82.5 -91.3404 0 1 0
123.6291 82.5 -91.38831 0 1 0
123.7695 82.5 -91.4904 0 1 0
123.8666 82.5 -91.6343 0 1 0
123.9087 82.5 -91.8028 0 1 0
123.8905 82.5 -91.97549 0 1 0
110.9744 82.5 -100.8835 0.834038 -0.0368956 0.550471
111.0436 82.5 -101.0427 0.971598 -0.0380884 0.23355
111.0542 82.5 -101.21609 0.993173 -0.0347336 -0.111356
111.0049 82.5 -101.3826 0.895864 -0.0272142 -0.443494
110.9016 82.5 -101.52209 0.69099 -0.0164233 -0.722678
110.7568 82.5 -101.618 0.402686 -0.00364118 -0.915331
110.588 82.5 -101.6585 0.0652214 0.00960458 -0.997825
110.4155 82.5 -101.6389 -0.28039 0.0216985 -0.959641
110.26 82.5 -101.5614 -0.592634 0.0311808 -0.804868
110.1405 82.5 -101.43539 -0.832824 0.0368734 -0.552309
110.0713 82.5 -101.2762 -0.971756 0.0380865 -0.232893
110.0607 82.5 -101.10291 -0.992779 0.0346775 0.114833
110.11 82.5 -100.9364 -0.893291 0.0270588 0.448663
110.2133 82.5 -100.7968 -0.685587 0.016166 0.727811
110.3581 82.5 -100.7009 -0.394939 0.00331927 0.918701
110.5269 82.5 -100.6604 -0.0570863 -0.009906 0.99832
110.6995 82.5 -100.68 0.287132 -0.021919 0.95764
110.8549 82.5 -100.7575 0.596646 -0.0312914 0.801894
110.5575 82.5 -101.1595 0 1 0
107.9782 0 -101.8734 0.832773 -0.0368725 0.552385
108.0474 0 -102.0327 0.97179 -0.038086 0.232751
108.058 0 -102.206 0.992776 -0.034677 -0.114862
108.0087 0 -102.3725 0.893289 -0.0270582 -0.448668
107.9054 0 -102.5121 0.685396 -0.0161566 -0.727991
107.7606 0 -102.60789 0.39499 -0.00332145 -0.918679
107.5918 0 -102.6485 0.0570882 0.00990596 -0.99832
107.4192 0 -102.6288 -0.287407 0.0219275 -0.957558
107.2638 0 -102.5513 -0.596482 0.0312864 -0.802017
107.1443 0 -102.4254 -0.833997 0.0368949 -0.550535
107.0751 0 -102.2661 -0.97162 0.0380881 -0.233459
107.0645 0 -102.0928 -0.993178 0.0347342 0.111316
107.1138 0 -101.9263 -0.895944 0.027219 0.443333
107.2171 0 -101.7867 -0.690943 0.0164211 0.722722
107.3619 0 -101.6909 -0.402694 0.0036415 0.915327
107.5307 0 -101.6503 -0.06526 -0.00960314 0.997822
107.7033 0 -101.67 0.280747 -0.0217105 0.959536
107.8587 0 -101.7475 0.592562 -0.031179 0.804921
110.4155 82.5 -101.6389 0 1 0
110.26 82.5 -101.5614 0 1 0
110.1405 82.5 -101.43539 0 1 0
110.0713 82.5 -101.2762 0 1 0
110.0607 82.5 -101.10291 0 1 0
110.11 82.5 -100.9364 0 1 0
110.2133 82.5 -100.7968 0 1 0
113.936 82.5 -91.5437 0.811418 0.00201736 0.584463
114.0122 82.5 -91.6998 0.962319 -0.0113992 0.271683
114.0303 82.5 -91.8725 0.997037 -0.0234183 -0.0732746
113.9883 82.5 -92.041 0.912072 -0.0326034 -0.408731
113.8912 82.5 -92.1849 0.718128 -0.0378775 -0.69488
113.7507 82.5 -92.287 0.438655 -0.0386251 -0.897825
113.5838 82.5 -92.3349 0.106242 -0.0347554 -0.993733
113.4106 82.5 -92.3227 -0.238899 -0.0267243 -0.970677
113.2519 82.5 -92.25211 -0.555697 -0.0154825 -0.831241
113.127 82.5 -92.1315 -0.806529 -0.00234016 -0.59119
113.0509 82.5 -91.9754 -0.960122 0.0111017 -0.27936
113.0328 82.5 -91.8027 -0.997524 0.0232038 0.066392
113.0748 82.5 -91.6342 -0.914005 0.0325025 0.404399
113.1719 82.5 -91.4903 -0.719478 0.0378604 0.693482
113.3124 82.5 -91.3882 -0.437714 0.0386209 0.898284
113.4793 82.5 -91.3403 -0.102666 0.0346919 0.994111
113.6525 82.5 -91.3524 0.24507 0.0265434 0.969142
113.8111 82.5 -91.4231 0.56255 0.0151874 0.826624
113.5315 82.5 -91.8376 0 1 0
112.1967 0 -88.8443 0.806644 0.00233206 0.591034
112.2728 0 -89.0004 0.960037 -0.0110903 0.279652
112.291 0 -89.173 0.997527 -0.0232019 -0.0663506
112.2489 0 -89.3415 0.913953 -0.0325053 -0.404517
112.1518 0 -89.4855 0.719706 -0.0378567 -0.693246
112.0114 0 -89.5876 0.437547 -0.0386199 -0.898366
111.8444 0 -89.6354 0.102317 -0.0346863 -0.994147
111.6712 0 -89.6233 -0.244811 -0.0265512 -0.969207
111.5126 0 -89.5527 -0.562339 -0.0151964 -0.826767
111.3877 0 -89.4321 -0.811418 -0.00201637 -0.584463
111.3115 0 -89.276 -0.962319 0.0113997 -0.271683
111.2934 0 -89.1033 -0.997037 0.0234187 0.0732749
111.3354 0 -88.9348 -0.912138 0.0326003 0.408584
111.4325 0 -88.7908 -0.718077 0.0378782 0.694932
111.573 0 -88.6888 -0.438447 0.0386243 0.897927
111.7399 0 -88.6409 -0.106522 0.0347598 0.993703
111.9131 0 -88.653 0.238638 0.0267321 0.970741
112.0718 0 -88.7236 0.555868 0.015476 0.831127
113.127 82.5 -92.1315 0 1 0
113.0509 82.5 -91.9754 0 1 0
113.0328 82.5 -91.8027 0 1 0
113.0748 82.5 -91.6342 0 1 0
113.1719 82.5 -91.4903 0 1 0
113.3124 82.5 -91.3882 0 1 0
113.4793 82.5 -91.3403 0 1 0
113.6525 82.5 -91.3524 0 1 0
113.8111 82.5 -91.4231 0 1 0
125.8892 82.4999 -101.1376 -0.998319 -0.036893 0.0446903
125.9268 82.4999 -100.9681 -0.923291 -0.0380881 0.382209
126.0201 82.4999 -100.8217 -0.738032 -0.0347329 0.673871
126.1578 82.4999 -100.716 -0.46442 -0.0272235 0.885197
126.3235 82.4999 -100.6637 -0.134379 -0.0164284 0.990794
126.4969 82.4999 -100.6713 0.21248 -0.00363246 0.977159
126.65739 82.4999 -100.7378 0.533893 0.00961097 0.845498
126.7854 82.4999 -100.8551 0.790999 0.021703 0.611432
126.8656 82.4999 -101.0091 0.95255 0.0311812 0.30278
126.8882 82.4999 -101.1813 0.998417 0.0368712 -0.0424675
126.8507 82.4999 -101.3508 0.923186 0.0380874 -0.382462
126.7574 82.4999 -101.4973 0.735615 0.0346752 -0.676512
126.6196 82.4999 -101.603 0.458808 0.0270529 -0.888124
126.45399 82.4999 -101.6552 0.1266 0.0161562 -0.991822
126.2805 82.4999 -101.6476 -0.220503 0.0033185 -0.975381
126.1201 82.4999 -101.5812 -0.540658 -0.00990792 -0.841184
125.992 82.4999 -101.4638 -0.795381 -0.0219293 -0.605712
125.9119 82.4999 -101.3098 -0.953996 -0.0312875 -0.298183
126.3887 82.4999 -101.1595 0 1 0
128.895 0 -102.0979 -0.998417 -0.0368707 0.0424744
128.9326 0 -101.9284 -0.923074 -0.038086 0.382733
129.02591 0 -101.7819 -0.735621 -0.0346757 0.676505
129.1637 0 -101.6762 -0.458831 -0.0270546 0.888112
129.3293 0 -101.624 -0.126602 -0.0161574 0.991822
129.50281 0 -101.6316 0.220502 -0.00331905 0.975381
129.66321 0 -101.698 0.540656 0.00990789 0.841186
129.7912 0 -101.8153 0.795236 0.0219216 0.605904
129.8714 0 -101.9693 0.953921 0.0312825 0.298422
129.8941 0 -102.14149 0.998322 0.0368931 -0.044642
129.85651 0 -102.311 0.923345 0.0380881 -0.382078
129.7632 0 -102.4575 0.737995 0.0347317 -0.673911
129.6254 0 -102.5632 0.464095 0.0272135 -0.885367
129.45981 0 -102.6154 0.134196 0.0164213 -0.990819
129.2863 0 -102.6078 -0.212311 0.00363806 -0.977195
129.1259 0 -102.5414 -0.533738 -0.00960441 -0.845595
128.99789 0 -102.4241 -0.790995 -0.0217023 -0.611438
128.91769 0 -102.2701 -0.952474 -0.0311753 -0.303019
126.7854 82.4999 -100.8551 0 1 0
126.8656 82.4999 -101.0091 0 1 0
126.8882 82.4999 -101.1813 0 1 0
126.8507 82.4999 -101.3508 0 1 0
126.7574 82.4999 -101.4973 0 1 0
126.6196 82.4999 -101.603 0 1 0
126.45399 82.4999 -101.6552 0 1 0
117.9667 82.5 -106.9594 -0.999991 -0.00015657 0.00416476
117.9969 82.5 -107.1304 -0.940923 0.0127211 -0.338381
118.0837 82.5 -107.2808 -0.767923 0.0240635 -0.64009
118.2167 82.5 -107.3924 -0.501545 0.0325008 -0.864521
118.3799 82.5 -107.4518 -0.17425 0.0369927 -0.984006
118.5536 82.5 -107.4518 0.174354 0.036992 -0.983988
118.7167 82.5 -107.3924 0.501622 0.0324991 -0.864476
118.8497 82.5 -107.2808 0.767752 0.0240712 -0.640294
118.9366 82.5 -107.1304 0.940946 0.0127187 -0.338317
118.9667 82.5 -106.9594 0.999991 -0.000156033 0.00415048
118.9366 82.5 -106.7884 0.938267 -0.012995 0.345668
118.8497 82.5 -106.638 0.763674 -0.0242536 0.645146
118.7167 82.5 -106.5264 0.498043 -0.0325767 0.86654
118.5536 82.5 -106.467 0.172933 -0.0370014 0.984238
118.3799 82.5 -106.467 -0.17283 -0.0370021 0.984256
118.2167 82.5 -106.5264 -0.497963 -0.0325784 0.866586
118.0837 82.5 -106.638 -0.763839 -0.0242462 0.644951
117.9969 82.5 -106.7884 -0.938252 -0.0129966 0.345709
118.4667 82.5 -106.9594 0 1 0
117.9667 0 -110.0609 -0.999991 0.000156282 -0.00415712
117.9969 0 -110.2319 -0.938253 0.0129964 -0.345705
118.0837 0 -110.3823 -0.763828 0.0242467 -0.644964
118.2167 0 -110.4939 -0.497948 0.0325787 -0.866594
118.3799 0 -110.5533 -0.17283 0.0370021 -0.984256
118.5536 0 -110.5533 0.172933 0.0370014 -0.984238
118.7167 0 -110.4939 0.498028 0.032577 -0.866549
118.8497 0 -110.3823 0.763663 0.0242541 -0.64516
118.9366 0 -110.2319 0.938268 0.0129949 -0.345664
118.9667 0 -110.0609 0.999991 0.000155746 -0.00414286
118.9366 0 -109.8899 0.940945 -0.0127188 0.338321
118.8497 0 -109.7395 0.767763 -0.0240707 0.640282
118.7167 0 -109.6279 0.501547 -0.0325009 0.86452
118.5535 0 -109.5685 0.17425 -0.0369929 0.984006
118.3799 0 -109.5685 -0.17425 -0.0369927 0.984006
118.2167 0 -109.6279 -0.501559 -0.0325004 0.864513
118.0837 0 -109.7395 -0.767934 -0.024063 0.640077
117.9969 0 -109.8899 -0.940922 -0.0127212 0.338385
117.9969 82.5 -107.1304 0 1 0
118.0837 82.5 -107.2808 0 1 0
118.2167 82.5 -107.3924 0 1 0
118.3799 82.5 -107.4518 0 1 0
118.5536 82.5 -107.4518 0 1 0
118.7167 82.5 -107.3924 0 1 0
118.8497 82.5 -107.2808 0 1 0
118.9366 82.5 -107.1304 0 1 0
0 2 3
3 1 0
4 5 7
7 6 4
9 11 15
15 13 9
10 8 12
12 14 10
16 19 18
19 16 17
20 23 21
23 20 22
25 31 27
31 25 29
26 28 24
28 26 30
32 35 34
35 32 33
36 39 37
39 36 38
41 47 43
47 41 45
42 44 40
44 42 46
48 50 51
51 49 48
52 53 55
55 54 52
57 59 63
63 61 57
58 56 60
60 62 58
64 67 66
67 64 65
68 71 69
71 68 70
73 79 75
79 73 77
74 76 72
76 74 78
80 82 83
83 81 80
84 85 87
87 86 84
89 91 95
95 93 89
90 88 92
92 94 90
96 98 99
99 97 96
100 101 103
103 102 100
105 107 111
111 109 105
106 104 108
108 110 106
112 115 114
115 112 113
116 119 117
119 116 118
121 127 123
127 121 125
122 124 120
124 122 126
128 130 131
131 129 128
132 133 135
135 134 132
137 139 143
143 141 137
138 136 140
140 142 138
144 147 146
147 144 145
148 151 149
151 148 150
153 159 155
159 153 157
154 156 152
156 154 158
160 162 163
163 161 160
164 165 167
167 166 164
169 171 175
175 173 169
170 168 172
172 174 170
176 179 178
179 176 177
180 183 181
183 180 182
185 191 187
191 185 189
186 188 184
188 186 190
192 194 195
195 193 192
196 197 199
199 198 196
201 203 207
207 205 201
202 200 204
204 206 202
208 211 210
211 208 209
212 215 213
215 212 214
217 223 219
223 217 221
218 220 216
220 218 222
224 226 227
227 225 224
228 229 231
231 230 228
233 235 239
239 237 233
234 232 236
236 238 234
240 243 242
243 240 241
244 247 245
247 244 246
249 255 251
255 249 253
250 252 248
252 250 254
256 259 258
259 256 257
260 263 261
263 260 262
265 271 267
271 265 269
266 268 264
268 266 270
272 274 275
275 273 272
276 277 279
279 278 276
281 283 287
287 285 281
282 280 284
284 286 282
288 290 291
291 289 288
292 293 295
295 294 292
297 299 303
303 301 297
298 296 300
300 302 298
304 307 306
307 304 305
308 311 309
311 308 310
313 319 315
319 313 317
314 316 312
316 314 318
320 322 323
323 321 320
324 325 327
327 326 324
329 331 335
335 333 329
330 328 332
332 334 330
336 339 338
339 336 337
340 343 341
343 340 342
345 351 347
351 345 349
346 348 344
348 346 350
352 355 354
355 352 353
356 359 357
359 356 358
361 367 363
367 361 365
362 364 360
364 362 366
368 370 371
371 369 368
372 373 375
375 374 372
377 379 383
383 381 377
378 376 380
380 382 378
384 387 386
387 384 385
388 391 389
391 388 390
393 399 395
399 393 397
394 396 392
396 394 398
400 402 403
403 401 400
404 405 407
407 406 404
409 411 415
415 413 409
410 408 412
412 414 410
416 418 419
419 417 416
420 421 423
423 422 420
425 427 431
431 429 425
426 424 428
428 430 426
432 435 434
435 432 433
436 439 437
439 436 438
441 447 443
447 441 445
442 444 440
444 442 446
448 450 451
451 449 448
452 453 455
455 454 452
457 459 463
463 461 457
458 456 460
460 462 458
464 467 466
467 464 465
468 471 469
471 468 470
473 479 475
479 473 477
474 476 472
476 474 478
480 482 483
483 481 480
484 485 487
487 486 484
489 491 495
495 493 489
490 488 492
492 494 490
496 499 498
499 496 497
500 503 501
503 500 502
505 511 507
511 505 509
506 508 504
508 506 510
512 515 514
515 512 513
516 519 517
519 516 518
521 527 523
527 521 525
522 524 520
524 522 526
528 530 531
531 529 528
532 533 535
535 534 532
537 539 543
543 541 537
538 536 540
540 542 538
544 547 546
547 544 545
548 551 549
551 548 550
553 559 555
559 553 557
554 556 552
556 554 558
560 562 563
563 561 560
564 565 567
567 566 564
569 571 575
575 573 569
570 568 572
572 574 570
576 578 579
579 577 576
580 581 583
583 582 580
585 587 591
591 589 585
586 584 588
588 590 586
592 595 594
595 592 593
596 599 597
599 596 598
601 607 603
607 601 605
602 604 600
604 602 606
608 611 610
611 608 609
612 615 613
615 612 614
617 623 619
623 617 621
618 620 616
620 618 622
624 626 627
627 625 624
628 629 631
631 630 628
633 635 639
639 637 633
634 632 636
636 638 634
640 643 642
643 640 641
644 647 645
647 644 646
649 655 651
655 649 653
650 652 648
652 650 654
656 658 659
659 657 656
660 661 663
663 662 660
665 667 671
671 669 665
666 664 668
668 670 666
672 675 674
675 672 673
676 679 677
679 676 678
681 687 683
687 681 685
682 684 680
684 682 686
688 690 691
691 689 688
692 693 695
695 694 692
697 699 703
703 701 697
698 696 700
700 702 698
704 707 706
707 704 705
708 711 709
711 708 710
713 719 715
719 713 717
714 716 712
716 714 718
720 722 723
723 721 720
724 725 727
727 726 724
729 731 735
735 733 729
730 728 732
732 734 730
736 738 739
739 737 736
740 741 743
743 742 740
745 747 751
751 749 745
746 744 748
748 750 746
752 755 754
755 752 753
756 759 757
759 756 758
761 767 763
767 761 765
762 764 760
764 762 766
768 771 770
771 768 769
772 775 773
775 772 774
777 783 779
783 777 781
778 780 776
780 778 782
784 786 787
787 785 784
788 789 791
791 790 788
793 795 799
799 797 793
794 792 796
796 798 794
800 813 812
813 800 801
801 814 813
814 801 802
802 815 814
815 802 803
803 816 815
816 803 804
804 817 816
817 804 805
805 818 817
818 805 806
806 819 818
819 806 807
807 820 819
820 807 808
808 821 820
821 808 809
809 822 821
822 809 810
810 823 822
823 810 811
811 812 823
812 811 800
872 825 824
825 872 873
873 826 825
826 873 874
874 827 826
827 874 875
875 828 827
828 875 876
876 829 828
829 876 877
877 830 829
830 877 878
878 831 830
831 878 879
879 832 831
832 879 880
880 833 832
833 880 881
881 834 833
834 881 882
882 835 834
835 882 883
883 824 835
824 883 872
884 837 836
837 884 885
885 838 837
838 885 886
886 839 838
839 886 887
887 840 839
840 887 888
888 841 840
841 888 889
889 842 841
842 889 890
890 843 842
843 890 891
891 844 843
844 891 892
892 845 844
845 892 893
893 846 845
846 893 894
894 847 846
847 894 895
895 836 847
836 895 884
896 849 848
849 896 897
897 850 849
850 897 898
898 851 850
851 898 899
899 852 851
852 899 900
900 853 852
853 900 901
901 854 853
854 901 902
902 855 854
855 902 903
903 856 855
856 903 904
904 857 856
857 904 905
905 858 857
858 905 906
906 859 858
859 906 907
907 848 859
848 907 896
908 861 860
861 908 909
909 862 861
862 909 910
910 863 862
863 910 911
911 864 863
864 911 912
912 865 864
865 912 913
913 866 865
866 913 914
914 867 866
867 914 915
915 868 867
868 915 916
916 869 868
869 916 917
917 870 869
870 917 918
918 871 870
871 918 919
919 860 871
860 919 908
920 933 932
933 920 921
921 934 933
934 921 922
922 935 934
935 922 923
923 936 935
936 923 924
924 937 936
937 924 925
925 938 937
938 925 926
926 939 938
939 926 927
927 940 939
940 927 928
928 941 940
941 928 929
929 942 941
942 929 930
930 943 942
943 930 931
931 932 943
932 931 920
992 945 944
945 992 993
993 946 945
946 993 994
994 947 946
947 994 995
995 948 947
948 995 996
996 949 948
949 996 997
997 950 949
950 997 998
998 951 950
951 998 999
999 952 951
952 999 1000
1000 953 952
953 1000 1001
1001 954 953
954 1001 1002
1002 955 954
955 1002 1003
1003 944 955
944 1003 992
1004 957 956
957 1004 1005
1005 958 957
958 1005 1006
1006 959 958
959 1006 1007
1007 960 959
960 1007 1008
1008 961 960
961 1008 1009
1009 962 961
962 1009 1010
1010 963 962
963 1010 1011
1011 964 963
964 1011 1012
1012 965 964
965 1012 1013
1013 966 965
966 1013 1014
1014 967 966
967 1014 1015
1015 956 967
956 1015 1004
1016 969 968
969 1016 1017
1017 970 969
970 1017 1018
1018 971 970
971 1018 1019
1019 972 971
972 1019 1020
1020 973 972
973 1020 1021
1021 974 973
974 1021 1022
1022 975 974
975 1022 1023
1023 976 975
976 1023 1024
1024 977 976
977 1024 1025
1025 978 977
978 1025 1026
1026 979 978
979 1026 1027
1027 968 979
968 1027 1016
1028 981 980
981 1028 1029
1029 982 981
982 1029 1030
1030 983 982
983 1030 1031
1031 984 983
984 1031 1032
1032 985 984
985 1032 1033
1033 986 985
986 1033 1034
1034 987 986
987 1034 1035
1035 988 987
988 1035 1036
1036 989 988
989 1036 1037
1037 990 989
990 1037 1038
1038 991 990
991 1038 1039
1039 980 991
980 1039 1028
1040 1053 1052
1053 1040 1041
1041 1054 1053
1054 1041 1042
1042 1055 1054
1055 1042 1043
1043 1056 1055
1056 1043 1044
1044 1057 1056
1057 1044 1045
1045 1058 1057
1058 1045 1046
1046 1059 1058
1059 1046 1047
1047 1060 1059
1060 1047 1048
1048 1061 1060
1061 1048 1049
1049 1062 1061
1062 1049 1050
1050 1063 1062
1063 1050 1051
1051 1052 1063
1052 1051 1040
1112 1065 1064
1065 1112 1113
1113 1066 1065
1066 1113 1114
1114 1067 1066
1067 1114 1115
1115 1068 1067
1068 1115 1116
1116 1069 1068
1069 1116 1117
1117 1070 1069
1070 1117 1118
1118 1071 1070
1071 1118 1119
1119 1072 1071
1072 1119 1120
1120 1073 1072
1073 1120 1121
1121 1074 1073
1074 1121 1122
1122 1075 1074
1075 1122 1123
1123 1064 1075
1064 1123 1112
1124 1077 1076
1077 1124 1125
1125 1078 1077
1078 1125 1126
1126 1079 1078
1079 1126 1127
1127 1080 1079
1080 1127 1128
1128 1081 1080
1081 1128 1129
1129 1082 1081
1082 1129 1130
1130 1083 1082
1083 1130 1131
1131 1084 1083
1084 1131 1132
1132 1085 1084
1085 1132 1133
1133 1086 1085
1086 1133 1134
1134 1087 1086
1087 1134 1135
1135 1076 1087
1076 1135 1124
1136 1089 1088
1089 1136 1137
1137 1090 1089
1090 1137 1138
1138 1091 1090
1091 1138 1139
1139 1092 1091
1092 1139 1140
1140 1093 1092
1093 1140 1141
1141 1094 1093
1094 1141 1142
1142 1095 1094
1095 1142 1143
1143 1096 1095
1096 1143 1144
1144 1097 1096
1097 1144 1145
1145 1098 1097
1098 1145 1146
1146 1099 1098
1099 1146 1147
1147 1088 1099
1088 1147 1136
1148 1101 1100
1101 1148 1149
1149 1102 1101
1102 1149 1150
1150 1103 1102
1103 1150 1151
1151 1104 1103
1104 1151 1152
1152 1105 1104
1105 1152 1153
1153 1106 1105
1106 1153 1154
1154 1107 1106
1107 1154 1155
1155 1108 1107
1108 1155 1156
1156 1109 1108
1109 1156 1157
1157 1110 1109
1110 1157 1158
1158 1111 1110
1111 1158 1159
1159 1100 1111
1100 1159 1148
1160 1173 1172
1173 1160 1161
1161 1174 1173
1174 1161 1162
1162 1175 1174
1175 1162 1163
1163 1176 1175
1176 1163 1164
1164 1177 1176
1177 1164 1165
1165 1178 1177
1178 1165 1166
1166 1179 1178
1179 1166 1167
1167 1180 1179
1180 1167 1168
1168 1181 1180
1181 1168 1169
1169 1182 1181
1182 1169 1170
1170 1183 1182
1183 1170 1171
1171 1172 1183
1172 1171 1160
1232 1185 1184
1185 1232 1233
1233 1186 1185
1186 1233 1234
1234 1187 1186
1187 1234 1235
1235 1188 1187
1188 1235 1236
1236 1189 1188
1189 1236 1237
1237 1190 1189
1190 1237 1238
1238 1191 1190
1191 1238 1239
1239 1192 1191
1192 1239 1240
1240 1193 1192
1193 1240 1241
1241 1194 1193
1194 1241 1242
1242 1195 1194
1195 1242 1243
1243 1184 1195
1184 1243 1232
1244 1197 1196
1197 1244 1245
1245 1198 1197
1198 1245 1246
1246 1199 1198
1199 1246 1247
1247 1200 1199
1200 1247 1248
1248 1201 1200
1201 1248 1249
1249 1202 1201
1202 1249 1250
1250 1203 1202
1203 1250 1251
1251 1204 1203
1204 1251 1252
1252 1205 1204
1205 1252 1253
1253 1206 1205
1206 1253 1254
1254 1207 1206
1207 1254 1255
1255 1196 1207
1196 1255 1244
1256 1209 1208
1209 1256 1257
1257 1210 1209
1210 1257 1258
1258 1211 1210
1211 1258 1259
1259 1212 1211
1212 1259 1260
1260 1213 1212
1213 1260 1261
1261 1214 1213
1214 1261 1262
1262 1215 1214
1215 1262 1263
1263 1216 1215
1216 1263 1264
1264 1217 1216
1217 1264 1265
1265 1218 1217
1218 1265 1266
1266 1219 1218
1219 1266 1267
1267 1208 1219
1208 1267 1256
1268 1221 1220
1221 1268 1269
1269 1222 1221
1222 1269 1270
1270 1223 1222
1223 1270 1271
1271 1224 1223
1224 1271 1272
1272 1225 1224
1225 1272 1273
1273 1226 1225
1226 1273 1274
1274 1227 1226
1227 1274 1275
1275 1228 1227
1228 1275 1276
1276 1229 1228
1229 1276 1277
1277 1230 1229
1230 1277 1278
1278 1231 1230
1231 1278 1279
1279 1220 1231
1220 1279 1268
1299 1281 1280
1299 1300 1281
1300 1282 1281
1300 1301 1282
1301 1283 1282
1301 1302 1283
1302 1284 1283
1302 1303 1284
1303 1285 1284
1303 1304 1285
1304 1286 1285
1304 1305 1286
1305 1287 1286
1305 1306 1287
1306 1288 1287
1306 1307 1288
1307 1289 1288
1307 1308 1289
1308 1290 1289
1308 1309 1290
1309 1291 1290
1309 1310 1291
1310 1292 1291
1310 1311 1292
1311 1293 1292
1311 1312 1293
1312 1294 1293
1312 1313 1294
1313 1295 1294
1313 1314 1295
1314 1296 1295
1314 1315 1296
1315 1297 1296
1315 1316 1297
1316 1280 1297
1316 1299 1280
1298 1317 1318
1298 1318 1319
1298 1319 1320
1298 1320 1321
1298 1321 1322
1298 1322 1323
1298 1323 1324
1344 1326 1325
1344 1345 1326
1345 1327 1326
1345 1346 1327
1346 1328 1327
1346 1347 1328
1347 1329 1328
1347 1348 1329
1348 1330 1329
1348 1349 1330
1349 1331 1330
1349 1350 1331
1350 1332 1331
1350 1351 1332
1351 1333 1332
1351 1352 1333
1352 1334 1333
1352 1353 1334
1353 1335 1334
1353 1354 1335
1354 1336 1335
1354 1355 1336
1355 1337 1336
1355 1356 1337
1356 1338 1337
1356 1357 1338
1357 1339 1338
1357 1358 1339
1358 1340 1339
1358 1359 1340
1359 1341 1340
1359 1360 1341
1360 1342 1341
1360 1361 1342
1361 1325 1342
1361 1344 1325
1343 1362 1363
1343 1363 1364
1343 1364 1365
1343 1365 1366
1343 1366 1367
1343 1367 1368
1388 1370 1369
1388 1389 1370
1389 1371 1370
1389 1390 1371
1390 1372 1371
1390 1391 1372
1391 1373 1372
1391 1392 1373
1392 1374 1373
1392 1393 1374
1393 1375 1374
1393 1394 1375
1394 1376 1375
1394 1395 1376
1395 1377 1376
1395 1396 1377
1396 1378 1377
1396 1397 1378
1397 1379 1378
1397 1398 1379
1398 1380 1379
1398 1399 1380
1399 1381 1380
1399 1400 1381
1400 1382 1381
1400 1401 1382
1401 1383 1382
1401 1402 1383
1402 1384 1383
1402 1403 1384
1403 1385 1384
1403 1404 1385
1404 1386 1385
1404 1405 1386
1405 1369 1386
1405 1388 1369
1387 1406 1407
1387 1407 1408
1387 1408 1409
1387 1409 1410
1387 1410 1411
1387 1411 1412
1387 1412 1413
1387 1413 1414
1434 1416 1415
1434 1435 1416
1435 1417 1416
1435 1436 1417
1436 1418 1417
1436 1437 1418
1437 1419 1418
1437 1438 1419
1438 1420 1419
1438 1439 1420
1439 1421 1420
1439 1440 1421
1440 1422 1421
1440 1441 1422
1441 1423 1422
1441 1442 1423
1442 1424 1423
1442 1443 1424
1443 1425 1424
1443 1444 1425
1444 1426 1425
1444 1445 1426
1445 1427 1426
1445 1446 1427
1446 1428 1427
1446 1447 1428
1447 1429 1428
1447 1448 1429
1448 1430 1429
1448 1449 1430
1449 1431 1430
1449 1450 1431
1450 1432 1431
1450 1451 1432
1451 1415 1432
1451 1434 1415
1433 1452 1453
1433 1453 1454
1433 1454 1455
1433 1455 1456
1433 1456 1457
1433 1457 1458
1478 1459 1460
1478 1460 1479
1479 1460 1461
1479 1461 1480
1480 1461 1462
1480 1462 1481
1481 1462 1463
1481 1463 1482
1482 1463 1464
1482 1464 1483
1483 1464 1465
1483 1465 1484
1484 1465 1466
1484 1466 1485
1485 1466 1467
1485 1467 1486
1486 1467 1468
1486 1468 1487
1487 1468 1469
1487 1469 1488
1488 1469 1470
1488 1470 1489
1489 1470 1471
1489 1471 1490
1490 1471 1472
1490 1472 1491
1491 1472 1473
1491 1473 1492
1492 1473 1474
1492 1474 1493
1493 1474 1475
1493 1475 1494
1494 1475 1476
1494 1476 1495
1495 1476 1459
1495 1459 1478
1477 1497 1496
1477 1498 1497
1477 1499 1498
1477 1500 1499
1477 1501 1500
1477 1502 1501
1477 1503 1502
MATERIALS 2
water_pipes
Main_hardstand_material
MATERIAL water_pipes
0.764706 0.764706 0.764706 1
0.764706 0.764706 0.764706 1
0.9 0.9 0.9 1 0
0 0 0 1
MATERIAL Main_hardstand_material
1 1 1 1
1 1 1 1
0.9 0.9 0.9 1 0
0 0 0 1
TEXTURES 1
SSV\LC39\general.dds
