MSHX1
GROUPS 5
LABEL exterior
MATERIAL 1
TEXTURE 1
GEOM 414 290
19.9145 81.7048 -93.67879 0 1 0 0.0662165 -0.130738
19.9145 81.7048 -93.67879 -1 0 0 0.146339 -0.936819
20.6502 68.1233 -93.67879 1 0 0 0.830694 -0.866084
20.6502 68.1233 -93.67879 0 -1 0 0.92175 -0.130738
19.9145 68.1233 -93.67879 0 -1 0 0.910817 -0.130738
19.9145 68.1233 -93.67879 -1 0 0 0.146339 -0.866084
20.6502 81.7048 -95.36229 1 0 0 0.791215 -0.936819
20.6502 81.7048 -95.36229 0 1 0 0.0552828 -0.15012
19.9145 81.7048 -95.36229 0 1 0 0.0662165 -0.15012
19.9145 81.7048 -95.36229 -1 0 0 0.185818 -0.936819
20.6502 68.1233 -95.36229 1 0 0 0.791215 -0.866084
20.6502 68.1233 -95.36229 0 -1 0 0.92175 -0.15012
19.9145 68.1233 -95.36229 0 -1 0 0.910817 -0.15012
19.9145 68.1233 -95.36229 -1 0 0 0.185818 -0.866084
20.6502 81.7048 -99.24589 1 0 0 0.700143 -0.936819
20.6502 81.7048 -99.24589 0 1 0 0.0552828 -0.194832
19.9145 81.7048 -99.24589 0 1 0 0.0662165 -0.194832
19.9145 81.7048 -99.24589 -1 0 0 0.27689 -0.936819
20.6502 68.1233 -99.24589 1 0 0 0.700143 -0.866084
20.6502 68.1233 -99.24589 0 -1 0 0.92175 -0.194832
19.9145 68.1233 -99.24589 0 -1 0 0.910817 -0.194832
19.9145 68.1233 -99.24589 -1 0 0 0.27689 -0.866084
20.6502 81.7048 -89.15469 1 0 0 0.921734 -0.936819
20.6502 81.7048 -89.15469 0 0 1 0.0552828 -0.936819
20.6502 81.7048 -89.15469 0 1 0 0.0552828 -0.0860415
20.6502 81.7048 -101.34638 1 0 0 0.641902 -0.936819
20.6502 81.7048 -101.34638 0 1 0 0.0552828 -0.223425
19.9145 81.7048 -89.15469 0 0 1 0.0662165 -0.936819
19.9145 81.7048 -89.15469 0 1 0 0.0662165 -0.0860415
19.9145 81.7048 -89.15469 -1 0 0 0.0552993 -0.936819
19.9145 81.7048 -101.34638 0 1 0 0.0662165 -0.223425
19.9145 81.7048 -101.34638 -1 0 0 0.335131 -0.936819
20.6502 68.1233 -89.15469 1 0 0 0.921734 -0.866084
20.6502 68.1233 -89.15469 0 -1 0 0.92175 -0.0860415
20.6502 68.1233 -89.15469 0 0 1 0.0552828 -0.866084
20.6502 68.1233 -101.34638 1 0 0 0.641902 -0.866084
20.6502 68.1233 -101.34638 0 -1 0 0.92175 -0.223425
19.9145 68.1233 -89.15469 0 -1 0 0.910817 -0.0860415
19.9145 68.1233 -89.15469 0 0 1 0.0662165 -0.866084
19.9145 68.1233 -89.15469 -1 0 0 0.0552993 -0.866084
19.9145 68.1233 -101.34638 0 -1 0 0.910817 -0.223425
19.9145 68.1233 -101.34638 -1 0 0 0.335131 -0.866084
19.9145 0.0263023 -126.48988 5.0636e-08 -1 0 0.910817 -0.511397
19.9145 0.0263023 -126.48988 0 0 -1 0.910817 -0.511426
19.9145 0.0263023 -126.48988 -1 0 0 0.921689 -0.511426
19.9145 0.0263023 -101.34808 5.0636e-08 -1 0 0.910817 -0.223444
19.9145 0.0263023 -101.34808 -1 0 0 0.335169 -0.511426
20.6502 0.0263023 -126.48988 1 0 0 0.0553438 -0.511426
20.6502 0.0263023 -126.48988 5.0636e-08 -1 0 0.92175 -0.511397
20.6502 0.0263023 -126.48988 0 0 -1 0.92175 -0.511426
20.6502 0.0263023 -101.34808 1 0 0 0.641864 -0.511426
20.6502 0.0263023 -101.34808 5.0636e-08 -1 0 0.92175 -0.223444
19.9145 81.7048 -126.48988 0 0 -1 0.910817 -0.936819
19.9145 81.7048 -126.48988 0 1 0 0.0662165 -0.511397
19.9145 81.7048 -126.48988 -1 0 0 0.921689 -0.936819
19.9145 81.7048 -101.34808 0 1 0 0.0662165 -0.223444
19.9145 81.7048 -101.34808 -1 0 0 0.335169 -0.936819
20.6502 81.7048 -126.48988 1 0 0 0.0553438 -0.936819
20.6502 81.7048 -126.48988 0 0 -1 0.92175 -0.936819
20.6502 81.7048 -126.48988 0 1 0 0.0552828 -0.511397
20.6502 81.7048 -101.34808 1 0 0 0.641864 -0.936819
20.6502 81.7048 -101.34808 0 1 0 0.0552828 -0.223444
19.9145 0.0263023 -120.3642 5.0636e-08 -1 0 0.910817 -0.437969
19.9145 0.0263023 -120.3642 -1 0 0 0.772128 -0.511426
20.6502 0.0263023 -120.3642 1 0 0 0.204905 -0.511426
20.6502 0.0263023 -120.3642 5.0636e-08 -1 0 0.92175 -0.437969
19.9145 81.7048 -120.3642 0 1 0 0.0662165 -0.437969
19.9145 81.7048 -120.3642 -1 0 0 0.772128 -0.936819
20.6502 81.7048 -120.3642 1 0 0 0.204905 -0.936819
20.6502 81.7048 -120.3642 0 1 0 0.0552828 -0.437969
19.9145 0.0263023 -113.98647 5.0636e-08 -1 0 0.910817 -0.364542
19.9145 0.0263023 -113.98647 -1 0 0 0.622567 -0.511426
20.6502 0.0263023 -113.98647 1 0 0 0.354466 -0.511426
20.6502 0.0263023 -113.98647 5.0636e-08 -1 0 0.92175 -0.364542
19.9145 81.7048 -113.98647 0 1 0 0.0662165 -0.364542
19.9145 81.7048 -113.98647 -1 0 0 0.622567 -0.936819
20.6502 81.7048 -113.98647 1 0 0 0.354466 -0.936819
20.6502 81.7048 -113.98647 0 1 0 0.0552828 -0.364542
19.9145 0.0263023 -107.60876 5.0636e-08 -1 0 0.910817 -0.291115
19.9145 0.0263023 -107.60876 -1 0 0 0.473005 -0.511426
20.6502 0.0263023 -107.60876 1 0 0 0.504028 -0.511426
20.6502 0.0263023 -107.60876 5.0636e-08 -1 0 0.92175 -0.291115
19.9145 81.7048 -107.60876 0 1 0 0.0662165 -0.291115
19.9145 81.7048 -107.60876 -1 0 0 0.473005 -0.936819
20.6502 81.7048 -107.60876 1 0 0 0.504028 -0.936819
20.6502 81.7048 -107.60876 0 1 0 0.0552828 -0.291115
11.1072 81.7049 -126.49249 -4.80037e-06 1 1.13231e-06 0.252981 -0.511426
11.1072 81.1554 -126.49249 0 -1 0 0.724052 -0.511426
11.1072 81.7049 -89.15488 0 0 1 0.252981 -0.936819
11.1072 81.7049 -89.15488 0 1 0 0.252981 -0.0860437
11.1072 81.1554 -89.15488 0 -1 0 0.724052 -0.0860437
11.1072 81.1554 -89.15488 0 0 1 0.252981 -0.933957
-0.000112534 81.7049 -126.49249 0 1 0 0.488519 -0.511426
-0.000112534 81.1554 -126.49249 0 -1 0 0.488514 -0.511426
-0.000112534 81.7049 -89.15488 0 0 1 0.488519 -0.936819
-0.000112534 81.7049 -89.15488 0 1 0 0.488519 -0.0860437
-0.000112534 81.1554 -89.15488 0 -1 0 0.488514 -0.0860437
-0.000112534 81.1554 -89.15488 0 0 1 0.488519 -0.933957
-11.1074 81.7049 -126.492 0 1 0 0.724056 -0.511426
-11.1074 81.1554 -126.49249 0 -1 0 0.252977 -0.511426
-11.1074 81.7049 -89.15488 0 0 1 0.724056 -0.936819
-11.1074 81.7049 -89.15488 0 1 0 0.724056 -0.0860437
-11.1074 81.1554 -89.15488 0 -1 0 0.252977 -0.0860437
-11.1074 81.1554 -89.15488 0 0 1 0.724056 -0.933957
19.9144 81.705 -126.49249 -1.12615e-05 1 2.65636e-06 0.0662186 -0.511426
-19.8802 81.7049 -126.49249 0 1 0 0.910821 -0.511426
19.9144 81.1554 -126.49249 0 -1 0 0.910815 -0.511426
-19.8802 81.1554 -126.49249 0 -1 0 0.0662123 -0.511426
19.9144 81.7049 -89.15488 0 0 1 0.0662186 -0.936819
19.9144 81.7049 -89.15488 -1.66073e-06 1 3.91734e-07 0.0662186 -0.0860437
-19.8802 81.7049 -89.15488 0 0 1 0.910821 -0.936819
-19.8802 81.7049 -89.15488 0 1 0 0.910821 -0.0860437
19.9144 81.1554 -89.15488 0 -1 0 0.910815 -0.0860437
19.9144 81.1554 -89.15488 0 0 1 0.0662186 -0.933957
-19.8802 81.1554 -89.15488 0 -1 0 0.0662123 -0.0860437
-19.8802 81.1554 -89.15488 0 0 1 0.910821 -0.933957
-20.6502 3.2014 -126.49229 -7.70351e-08 -1 0 0.0552849 -0.511424
-20.6502 3.2014 -126.49229 0 0 -1 0.0552849 -0.527963
20.6502 3.2014 -126.49229 7.70235e-08 -1 0 0.921721 -0.511424
20.6502 3.2014 -126.49229 0 0 -1 0.921721 -0.527963
-20.6502 3.2014 -125.97668 -7.70351e-08 -1 0 0.0552849 -0.505488
-20.6502 3.2014 -125.97668 0 0 1 0.921748 -0.527963
20.6502 3.2014 -125.97668 7.70235e-08 -1 0 0.921721 -0.505488
20.6502 3.2014 -125.97668 0 0 1 0.0553125 -0.527963
-20.6502 81.7048 -126.49229 0 0 -1 0.0552849 -0.936819
20.6502 81.7048 -126.49229 0 0 -1 0.921721 -0.936819
-20.6502 81.7048 -125.97668 0 0 1 0.921748 -0.936819
20.6502 81.7048 -125.97668 0 0 1 0.0553125 -0.936819
-11.3654 3.2014 -126.49229 -3.85176e-08 -1 0 0.247506 -0.511424
-11.3654 3.2014 -126.49229 0 0 -1 0.247506 -0.527963
-11.3654 3.2014 -125.97668 -3.85176e-08 -1 0 0.247506 -0.505488
-11.3654 3.2014 -125.97668 0 0 1 0.729527 -0.527963
-11.3654 81.7048 -126.49229 0 0 -1 0.247506 -0.936819
-11.3654 81.7048 -125.97668 0 0 1 0.729527 -0.936819
-0.000682831 3.2014 -126.49229 0 -1 0 0.488502 -0.511424
-0.000682831 3.2014 -126.49229 0 0 -1 0.488502 -0.527963
-0.000682831 3.2014 -125.97668 0 -1 0 0.488502 -0.505488
-0.000682831 3.2014 -125.97668 0 0 1 0.488531 -0.527963
-0.000682831 81.7048 -126.49229 0 0 -1 0.488502 -0.936819
-0.000682831 81.7048 -125.97668 0 0 1 0.488531 -0.936819
11.364 3.2014 -126.49229 3.85118e-08 -1 0 0.729498 -0.511424
11.364 3.2014 -126.49229 0 0 -1 0.729498 -0.527963
11.364 3.2014 -125.97668 3.85118e-08 -1 0 0.729498 -0.505488
11.364 3.2014 -125.97668 0 0 1 0.247535 -0.527963
11.364 81.7048 -126.49229 0 0 -1 0.729498 -0.936819
11.364 81.7048 -125.97668 0 0 1 0.247535 -0.936819
20.6502 68.1623 -101.82048 0 0 -1 0.92175 -0.866287
14.3545 68.1623 -101.82048 0 0 -1 0.792913 -0.866287
14.3545 68.1623 -101.82048 -1 0 0 0.346249 -0.866287
14.3545 68.1623 -101.34789 0 0 1 0.18412 -0.866287
14.3545 68.1623 -101.34789 -1 0 0 0.335166 -0.866287
20.6502 68.1623 -101.34789 0 0 1 0.0552828 -0.866287
20.6502 3.2007 -101.34789 -1.8935e-07 -1 0 0.92175 -0.223442
20.6502 3.2007 -101.34789 0 0 1 0.0552828 -0.527959
14.3545 3.2007 -101.34789 -1.8935e-07 -1 0 0.792913 -0.223442
14.3545 3.2007 -101.34789 0 0 1 0.18412 -0.527959
14.3545 3.2007 -101.34789 -1 0 0 0.335166 -0.527959
14.3545 3.2007 -101.82048 -1.8935e-07 -1 0 0.792913 -0.228884
14.3545 3.2007 -101.82048 0 0 -1 0.792913 -0.527959
14.3545 3.2007 -101.82048 -1 0 0 0.346249 -0.527959
20.6502 3.2007 -101.82048 -1.8935e-07 -1 0 0.92175 -0.228884
20.6502 3.2007 -101.82048 0 0 -1 0.92175 -0.527959
-20.6502 68.1623 -101.82048 0 0 -1 0.0552828 -0.866287
-14.3545 68.1623 -101.82048 1 0 0 0.630784 -0.866287
-14.3545 68.1623 -101.82048 0 0 -1 0.18412 -0.866287
-14.3545 68.1623 -101.34789 1 0 0 0.641867 -0.866287
-14.3545 68.1623 -101.34789 0 0 1 0.792913 -0.866287
-20.6502 68.1623 -101.34789 0 0 1 0.92175 -0.866287
-20.6502 3.2007 -101.34789 1.8935e-07 -1 0 0.0552828 -0.223442
-20.6502 3.2007 -101.34789 0 0 1 0.92175 -0.527959
-14.3545 3.2007 -101.34789 1 0 0 0.641867 -0.527959
-14.3545 3.2007 -101.34789 1.8935e-07 -1 0 0.18412 -0.223442
-14.3545 3.2007 -101.34789 0 0 1 0.792913 -0.527959
-14.3545 3.2007 -101.82048 1 0 0 0.630784 -0.527959
-14.3545 3.2007 -101.82048 1.8935e-07 -1 0 0.18412 -0.228884
-14.3545 3.2007 -101.82048 0 0 -1 0.18412 -0.527959
-20.6502 3.2007 -101.82048 1.8935e-07 -1 0 0.0552828 -0.228884
-20.6502 3.2007 -101.82048 0 0 -1 0.0552828 -0.527959
-14.3323 81.1668 -89.15398 0 0 1 0.792442 -0.934017
14.3321 81.1668 -89.15398 0 0 1 0.184595 -0.934017
-14.3323 81.1668 -89.91969 0 0 -1 0.184591 -0.934017
14.3321 81.1668 -89.91969 0 0 -1 0.792438 -0.934017
-14.3323 74.4189 -89.15398 0 -1 0 0.184591 -0.0860333
-14.3323 74.4189 -89.15398 0 0 1 0.792442 -0.898873
14.3321 74.4189 -89.15398 0 -1 0 0.792438 -0.0860333
14.3321 74.4189 -89.15398 0 0 1 0.184595 -0.898873
-14.3323 74.4189 -89.91969 0 -1 0 0.184591 -0.0948489
-14.3323 74.4189 -89.91969 0 0 -1 0.184591 -0.898873
14.3321 74.4189 -89.91969 0 -1 0 0.792438 -0.0948489
14.3321 74.4189 -89.91969 0 0 -1 0.792438 -0.898873
-7.16622 81.1668 -89.15398 0 0 1 0.640481 -0.934017
-7.16622 81.1668 -89.91969 0 0 -1 0.336552 -0.934017
-7.16622 74.4189 -89.15398 0 -1 0 0.336552 -0.0860333
-7.16622 74.4189 -89.15398 0 0 1 0.640481 -0.898873
-7.16622 74.4189 -89.91969 0 -1 0 0.336552 -0.0948489
-7.16622 74.4189 -89.91969 0 0 -1 0.336552 -0.898873
-9.91821e-05 81.1668 -89.15398 0 0 1 0.488519 -0.934017
-9.91821e-05 81.1668 -89.91969 0 0 -1 0.488514 -0.934017
-9.91821e-05 74.4189 -89.15398 0 -1 0 0.488514 -0.0860333
-9.91821e-05 74.4189 -89.15398 0 0 1 0.488519 -0.898873
-9.91821e-05 74.4189 -89.91969 0 -1 0 0.488514 -0.0948489
-9.91821e-05 74.4189 -89.91969 0 0 -1 0.488514 -0.898873
7.16602 81.1668 -89.15398 0 0 1 0.336556 -0.934017
7.16602 81.1668 -89.91969 0 0 -1 0.640477 -0.934017
-20.6502 81.7048 -93.67879 0 1 0 0.92175 -0.130738
-20.6502 81.7048 -93.67879 -1 0 0 0.146339 -0.936819
-19.8802 81.7048 -93.67879 1 0 0 0.830694 -0.936819
-19.8802 81.7048 -93.67879 0 1 0 0.910817 -0.130738
-20.6502 68.1233 -93.67879 0 -1 0 0.0552828 -0.130738
-20.6502 68.1233 -93.67879 -1 0 0 0.146339 -0.866084
-19.8802 68.1233 -93.67879 1 0 0 0.830694 -0.866084
-19.8802 68.1233 -93.67879 0 -1 0 0.0662165 -0.130738
-20.6502 81.7048 -95.36229 0 1 0 0.92175 -0.15012
-20.6502 81.7048 -95.36229 -1 0 0 0.185818 -0.936819
-19.8802 81.7048 -95.36229 1 0 0 0.791215 -0.936819
-19.8802 81.7048 -95.36229 0 1 0 0.910817 -0.15012
-20.6502 68.1233 -95.36229 0 -1 0 0.0552828 -0.15012
-20.6502 68.1233 -95.36229 -1 0 0 0.185818 -0.866084
-19.8802 68.1233 -95.36229 1 0 0 0.791215 -0.866084
-19.8802 68.1233 -95.36229 0 -1 0 0.0662165 -0.15012
-20.6502 81.7048 -99.24589 0 1 0 0.92175 -0.194832
-20.6502 81.7048 -99.24589 -1 0 0 0.27689 -0.936819
-19.8802 81.7048 -99.24589 1 0 0 0.700143 -0.936819
-19.8802 81.7048 -99.24589 0 1 0 0.910817 -0.194832
-20.6502 68.1233 -99.24589 0 -1 0 0.0552828 -0.194832
-20.6502 68.1233 -99.24589 -1 0 0 0.27689 -0.866084
-19.8802 68.1233 -99.24589 1 0 0 0.700143 -0.866084
-19.8802 68.1233 -99.24589 0 -1 0 0.0662165 -0.194832
-20.6502 81.7048 -89.15469 0 0 1 0.92175 -0.936819
-20.6502 81.7048 -89.15469 0 1 0 0.92175 -0.0860415
-20.6502 81.7048 -89.15469 -1 0 0 0.0552993 -0.936819
-20.6502 81.7048 -101.34638 0 1 0 0.92175 -0.223425
-20.6502 81.7048 -101.34638 -1 0 0 0.335131 -0.936819
-19.8802 81.7048 -89.15469 1 0 0 0.921734 -0.936819
-19.8802 81.7048 -89.15469 0 0 1 0.910817 -0.936819
-19.8802 81.7048 -89.15469 0 1 0 0.910817 -0.0860415
-19.8802 81.7048 -101.34638 1 0 0 0.641902 -0.936819
-19.8802 81.7048 -101.34638 0 1 0 0.910817 -0.223425
-20.6502 68.1233 -89.15469 0 -1 0 0.0552828 -0.0860415
-20.6502 68.1233 -89.15469 0 0 1 0.92175 -0.866084
-20.6502 68.1233 -89.15469 -1 0 0 0.0552993 -0.866084
-20.6502 68.1233 -101.34638 0 -1 0 0.0552828 -0.223425
-20.6502 68.1233 -101.34638 -1 0 0 0.335131 -0.866084
-19.8802 68.1233 -89.15469 1 0 0 0.921734 -0.866084
-19.8802 68.1233 -89.15469 0 -1 0 0.0662165 -0.0860415
-19.8802 68.1233 -89.15469 0 0 1 0.910817 -0.866084
-19.8802 68.1233 -101.34638 1 0 0 0.641902 -0.866084
-19.8802 68.1233 -101.34638 0 -1 0 0.0662165 -0.223425
-19.8802 0.0263023 -126.48988 1 0 0 0.0553438 -0.511426
-19.8802 0.0263023 -126.48988 0 -1 0 0.0662165 -0.511397
-19.8802 0.0263023 -126.48988 0 0 -1 0.0662165 -0.511426
-19.8802 0.0263023 -101.34808 1 0 0 0.641864 -0.511426
-19.8802 0.0263023 -101.34808 0 -1 0 0.0662165 -0.223444
-20.6502 0.0263023 -126.48988 0 -1 0 0.0552828 -0.511397
-20.6502 0.0263023 -126.48988 0 0 -1 0.0552828 -0.511426
-20.6502 0.0263023 -126.48988 -1 0 0 0.921689 -0.511426
-20.6502 0.0263023 -101.34808 0 -1 0 0.0552828 -0.223444
-20.6502 0.0263023 -101.34808 -1 0 0 0.335169 -0.511426
-19.8802 81.7048 -126.48988 1 0 0 0.0553438 -0.936819
-19.8802 81.7048 -126.48988 0 0 -1 0.0662165 -0.936819
-19.8802 81.7048 -126.48988 0 1 0 0.910817 -0.511397
-19.8802 81.7048 -101.34808 1 0 0 0.641864 -0.936819
-19.8802 81.7048 -101.34808 0 1 0 0.910817 -0.223444
-20.6502 81.7048 -126.48988 0 0 -1 0.0552828 -0.936819
-20.6502 81.7048 -126.48988 0 1 0 0.92175 -0.511397
-20.6502 81.7048 -126.48988 -1 0 0 0.921689 -0.936819
-20.6502 81.7048 -101.34808 0 1 0 0.92175 -0.223444
-20.6502 81.7048 -101.34808 -1 0 0 0.335169 -0.936819
-19.8802 0.0263023 -120.3642 1 0 0 0.204905 -0.511426
-19.8802 0.0263023 -120.3642 0 -1 0 0.0662165 -0.437969
-20.6502 0.0263023 -120.3642 0 -1 0 0.0552828 -0.437969
-20.6502 0.0263023 -120.3642 -1 0 0 0.772128 -0.511426
-19.8802 81.7048 -120.3642 1 0 0 0.204905 -0.936819
-19.8802 81.7048 -120.3642 0 1 0 0.910817 -0.437969
-20.6502 81.7048 -120.3642 0 1 0 0.92175 -0.437969
-20.6502 81.7048 -120.3642 -1 0 0 0.772128 -0.936819
-19.8802 0.0263023 -113.98647 1 0 0 0.354466 -0.511426
-19.8802 0.0263023 -113.98647 0 -1 0 0.0662165 -0.364542
-20.6502 0.0263023 -113.98647 0 -1 0 0.0552828 -0.364542
-20.6502 0.0263023 -113.98647 -1 0 0 0.622567 -0.511426
-19.8802 81.7048 -113.98647 1 0 0 0.354466 -0.936819
-19.8802 81.7048 -113.98647 0 1 0 0.910817 -0.364542
-20.6502 81.7048 -113.98647 0 1 0 0.92175 -0.364542
-20.6502 81.7048 -113.98647 -1 0 0 0.622567 -0.936819
-19.8802 0.0263023 -107.60876 1 0 0 0.504028 -0.511426
-19.8802 0.0263023 -107.60876 0 -1 0 0.0662165 -0.291115
-20.6502 0.0263023 -107.60876 0 -1 0 0.0552828 -0.291115
-20.6502 0.0263023 -107.60876 -1 0 0 0.473005 -0.511426
-19.8802 81.7048 -107.60876 1 0 0 0.504028 -0.936819
-19.8802 81.7048 -107.60876 0 1 0 0.910817 -0.291115
-20.6502 81.7048 -107.60876 0 1 0 0.92175 -0.291115
-20.6502 81.7048 -107.60876 -1 0 0 0.473005 -0.936819
20.6502 81.7048 -93.67879 1 0 0 0.830694 -0.936819
20.6502 81.7048 -93.67879 0 1 0 0.0552828 -0.130738
7.16602 74.4189 -89.15398 0 -1 0 0.640477 -0.0860333
7.16602 74.4189 -89.15398 0 0 1 0.336556 -0.898873
7.16602 74.4189 -89.91969 0 -1 0 0.640477 -0.0948489
7.16602 74.4189 -89.91969 0 0 -1 0.640477 -0.898873
-19.8802 81.1554 -89.91988 0 0 -1 0.0662165 -0.933957
-14.3322 81.1554 -89.91988 1 0 0 0.903789 -0.933957
-14.3322 81.1554 -89.91988 0 0 -1 0.184593 -0.933957
-14.3322 81.1554 -89.15479 1 0 0 0.921731 -0.933957
-14.3322 81.1554 -89.15479 0 0 1 0.79244 -0.933957
-19.8802 81.1554 -89.15479 0 0 1 0.910817 -0.933957
-19.8802 68.162 -89.15479 0 -1 0 0.0662165 -0.0860425
-19.8802 68.162 -89.15479 0 0 1 0.910817 -0.866286
-14.3322 68.162 -89.15479 1 0 0 0.921731 -0.866286
-14.3322 68.162 -89.15479 0 -1 0 0.184593 -0.0860425
-14.3322 68.162 -89.15479 0 0 1 0.79244 -0.866286
-14.3322 68.162 -89.91988 1 0 0 0.903789 -0.866286
-14.3322 68.162 -89.91988 0 -1 0 0.184593 -0.0948513
-14.3322 68.162 -89.91988 0 0 -1 0.184593 -0.866286
-19.8802 68.162 -89.91988 0 -1 0 0.0662165 -0.0948513
-19.8802 68.162 -89.91988 0 0 -1 0.0662165 -0.866286
19.9145 81.1554 -89.91988 0 0 -1 0.910817 -0.933957
14.3322 81.1554 -89.91988 0 0 -1 0.79244 -0.933957
14.3322 81.1554 -89.91988 -1 0 0 0.0732437 -0.933957
14.3322 81.1554 -89.15479 0 0 1 0.184593 -0.933957
14.3322 81.1554 -89.15479 -1 0 0 0.0553016 -0.933957
19.9145 81.1554 -89.15479 0 0 1 0.0662165 -0.933957
19.9145 68.162 -89.15479 0 -1 0 0.910817 -0.0860425
19.9145 68.162 -89.15479 0 0 1 0.0662165 -0.866286
14.3322 68.162 -89.15479 0 -1 0 0.79244 -0.0860425
14.3322 68.162 -89.15479 0 0 1 0.184593 -0.866286
14.3322 68.162 -89.15479 -1 0 0 0.0553016 -0.866286
14.3322 68.162 -89.91988 0 -1 0 0.79244 -0.0948513
14.3322 68.162 -89.91988 0 0 -1 0.79244 -0.866286
14.3322 68.162 -89.91988 -1 0 0 0.0732437 -0.866286
19.9145 68.162 -89.91988 0 -1 0 0.910817 -0.0948513
19.9145 68.162 -89.91988 0 0 -1 0.910817 -0.866286
-19.8802 4.2183 -97.64468 0 0 1 0.910819 -0.533259
-19.8802 0.0417023 -97.64468 0 0 1 0.910819 -0.511507
-20.6502 4.2183 -97.64468 0 0 1 0.921735 -0.533259
-20.6502 0.0417023 -97.64468 0 0 1 0.921735 -0.511507
19.8802 4.2183 -97.64468 0 0.610314 0.79216 0.0669438 -0.533259
20.6502 4.2183 -97.64468 0 0.610314 0.79216 0.0560271 -0.533259
19.8802 0.0417023 -97.64468 0 0 1 0.0669438 -0.511507
20.6502 0.0417023 -97.64468 0 0 1 0.0560271 -0.511507
-19.8802 0.0417023 -101.35229 0 -1 0 0.0662144 -0.223493
-19.8802 4.2183 -97.64468 1 0 0 0.239342 -0.533259
-19.8802 9.0306 -101.35229 0 0.610314 0.79216 0.910819 -0.558322
-19.8802 9.0306 -101.35229 1 0 0 0.33527 -0.558322
-19.8802 0.0417023 -97.64468 0 -1 0 0.0662144 -0.176397
-19.8802 0.0417023 -101.35229 1 0 0 0.33527 -0.511507
-20.6502 0.0417023 -101.35229 0 -1 0 0.0552977 -0.223493
-20.6502 0.0417023 -101.35229 -1 0 0 0.33527 -0.511507
-20.6502 9.0306 -101.35229 -1 0 0 0.33527 -0.558322
-20.6502 9.0306 -101.35229 0 0.610314 0.79216 0.921735 -0.558322
-20.6502 4.2183 -97.64468 -1 0 0 0.239342 -0.533259
-20.6502 4.2183 -97.64468 0 0.610314 0.79216 0.921735 -0.533259
-20.6502 0.0417023 -97.64468 0 -1 0 0.0552977 -0.176397
-20.6502 0.0417023 -97.64468 -1 0 0 0.239342 -0.511507
19.8802 0.0417023 -101.35229 -3.87043e-08 -1 0 0.910089 -0.223493
19.8802 0.0417023 -101.35229 -1 0 0 0.33527 -0.511507
19.8802 9.0306 -101.35229 0 0.610314 0.79216 0.0669438 -0.558322
19.8802 9.0306 -101.35229 -1 0 0 0.33527 -0.558322
20.6502 9.0306 -101.35229 0 0.610314 0.79216 0.0560271 -0.558322
20.6502 9.0306 -101.35229 1 0 0 0.641764 -0.558322
20.6502 0.0417023 -101.35229 -3.87043e-08 -1 0 0.921006 -0.223493
20.6502 0.0417023 -101.35229 1 0 0 0.641764 -0.511507
19.8802 4.2183 -97.64468 0 0 1 0.0669438 -0.533259
19.8802 4.2183 -97.64468 -1 0 0 0.239342 -0.533259
20.6502 4.2183 -97.64468 0 0 1 0.0560271 -0.533259
20.6502 4.2183 -97.64468 1 0 0 0.737692 -0.533259
19.8802 0.0417023 -97.64468 -3.87043e-08 -1 0 0.910089 -0.176397
19.8802 0.0417023 -97.64468 -1 0 0 0.239342 -0.511507
20.6502 0.0417023 -97.64468 -3.87043e-08 -1 0 0.921006 -0.176397
20.6502 0.0417023 -97.64468 1 0 0 0.737692 -0.511507
-19.8802 4.2183 -97.64468 0 0.610314 0.79216 0.910819 -0.53336
-14.28695 3.84653 -129.84802 0 1 0 0.488502 -0.505488
-14.28695 3.84653 -126.48777 0 1 0 0.488502 -0.511424
-14.28695 2.49816 -129.84802 0 -1 0 0.488502 -0.511424
-14.28695 2.49816 -126.48779 0 -1 0 0.488502 -0.505488
14.28696 2.49816 -129.84802 0 -1 0 0.729498 -0.511424
14.28695 2.49816 -126.48779 0 -1 0 0.729498 -0.505488
14.28695 3.84653 -126.48777 0 1 0 0.729498 -0.511424
14.28696 3.84653 -129.84802 0 1 0 0.729498 -0.505488
-14.28696 2.49816 -126.48776 -1 1.41455e-06 -1.13524e-06 0.729498 -0.505488
-14.28695 3.84653 -126.48777 -1 8.99085e-07 -9.28398e-07 0.729498 -0.511424
-14.28695 3.84653 -129.84802 0 0 -1 0.488502 -0.511424
-14.28695 2.49816 -129.84802 0 0 -1 0.488502 -0.505488
14.28695 3.84653 -129.84802 0 0 -1 0.729498 -0.511424
14.28695 2.49816 -129.84802 0 0 -1 0.729498 -0.505488
-14.28695 2.49816 -129.84802 -1 -1.91812e-07 -4.90652e-07 0.488502 -0.505488
-14.28695 3.84653 -129.84802 -1 -7.07278e-07 -2.8381e-07 0.488502 -0.511424
14.28695 2.49816 -126.48776 1 -1.60586e-12 -2.8381e-07 0.729498 -0.505488
14.28695 3.84653 -126.48777 1 -1.21574e-12 -2.8381e-07 0.729498 -0.511424
14.28695 2.49816 -129.84802 1 -3.9012e-13 -2.8381e-07 0.488502 -0.505488
14.28695 3.84653 -129.84802 1 0 -2.8381e-07 0.488502 -0.511424
20.6502 36.84046 -111.75432 1 0 0 0.406812 -0.703159
19.9145 36.84046 -111.75432 -1 0 0 0.570221 -0.703159
20.6502 36.84046 -108.54018 1 0 0 0.482186 -0.703159
19.9145 36.84046 -108.54018 -1 0 0 0.494847 -0.703159
20.6502 41.88842 -111.75432 1 0 0 0.406812 -0.72945
19.9145 41.88842 -111.75432 -1 0 0 0.570221 -0.72945
20.6502 41.88842 -108.54018 1 0 0 0.482186 -0.72945
19.9145 41.88842 -108.54018 -1 0 0 0.494847 -0.72945
20.6502 36.84046 -111.75432 0 0 1 0.46598 0.470368
19.9145 36.84046 -111.75432 0 0 1 0.483264 0.470368
20.6502 36.84046 -108.54018 0 0 -1 0.465947 0.470368
19.9145 36.84046 -108.54018 0 0 -1 0.448663 0.470368
20.6502 41.88842 -111.75432 0 0 1 0.46598 0.351773
19.9145 41.88842 -111.75432 0 0 1 0.483264 0.351773
20.6502 41.88842 -108.54018 0 0 -1 0.465947 0.351773
19.9145 41.88842 -108.54018 0 0 -1 0.448663 0.351773
20.6502 36.84046 -111.75432 0 1 0 0.465877 0.446536
19.9145 36.84046 -111.75432 0 1 0 0.448593 0.446536
20.6502 36.84046 -108.54018 0 1 0 0.465877 0.371024
19.9145 36.84046 -108.54018 0 1 0 0.448593 0.371024
20.6502 41.88842 -111.75432 0 -1 0 0.46591 0.446536
19.9145 41.88842 -111.75432 0 -1 0 0.483194 0.446536
20.6502 41.88842 -108.54018 0 -1 0 0.46591 0.371024
19.9145 41.88842 -108.54018 0 -1 0 0.483194 0.371024
-19.8802 0.0417023 -97.64468 1 0 0 0.239342 -0.511507
340 347 368
368 347 349
343 341 339
363 359 357
359 363 367
353 361 355
361 353 365
358 364 352
364 358 366
337 360 336
360 337 362
335 354 334
354 335 356
345 348 346
348 345 351
342 344 338
344 342 350
330 333 331
333 330 332
318 316 324
327 324 316
326 315 329
314 329 315
317 323 319
321 319 323
320 322 328
325 328 322
299 301 309
306 309 301
313 298 311
300 311 298
303 305 302
308 302 305
307 304 310
312 310 304
184 294 188
296 188 294
294 198 296
200 296 198
198 192 200
194 200 192
192 182 194
186 194 182
297 203 189
181 189 203
202 295 179
185 179 295
201 197 297
203 297 197
196 199 202
295 202 199
195 191 201
197 201 191
190 193 196
199 196 193
187 180 195
191 195 180
178 183 190
193 190 183
163 165 173
170 173 165
177 162 175
164 175 162
167 169 166
172 166 169
171 168 174
176 174 168
150 148 156
159 156 148
158 147 161
146 161 147
149 155 151
153 151 155
152 154 160
157 160 154
122 142 118
140 118 142
142 136 140
134 140 136
136 130 134
128 134 130
130 120 128
116 128 120
145 143 127
123 127 143
141 144 119
125 119 144
139 137 145
143 145 137
135 138 141
144 141 138
133 131 139
137 139 131
129 132 135
138 135 132
126 121 133
131 133 121
117 124 129
132 129 124
102 114 99
107 99 114
111 101 105
98 105 101
96 102 93
99 93 102
101 95 98
92 98 95
90 96 87
93 87 96
95 89 92
86 92 89
112 90 106
87 106 90
89 109 86
104 86 109
110 115 100
103 100 115
100 103 94
97 94 103
94 97 88
91 88 97
88 91 108
113 108 91
51 45 81
78 81 45
55 61 82
85 82 61
81 78 73
70 73 78
82 85 74
77 74 85
73 70 65
62 65 70
74 77 66
69 66 77
65 62 48
42 48 62
66 69 53
59 53 69
84 60 80
50 80 60
56 83 46
79 46 83
83 392 79
396 75 394
83 396 392
83 75 396
68 76 64
72 64 76
75 67 71
63 71 67
57 68 47
64 47 68
67 54 63
44 63 54
43 52 49
58 49 52
27 38 23
34 23 38
17 31 21
41 21 31
25 14 35
18 35 14
9 17 13
21 13 17
14 6 18
10 18 6
1 9 5
13 5 9
6 292 10
2 10 292
29 1 39
5 39 1
292 22 2
32 2 22
16 15 30
26 30 15
19 20 36
40 36 20
8 7 16
15 16 7
11 12 19
20 19 12
0 293 8
7 8 293
3 4 11
12 11 4
28 24 0
293 0 24
33 37 3
4 3 37
252 256 285
286 285 256
266 262 290
289 290 262
285 286 277
278 277 286
290 289 282
281 282 289
277 278 269
270 269 278
282 281 274
273 274 281
269 270 249
253 249 270
274 273 264
260 264 273
267 291 257
287 257 291
288 261 284
251 284 261
291 283 287
279 287 283
280 288 276
284 276 288
283 275 279
271 279 275
272 280 268
276 268 280
275 265 271
255 271 265
258 272 248
268 248 272
254 263 250
259 250 263
228 239 234
245 234 239
236 222 246
226 246 222
221 232 225
242 225 232
222 214 226
218 226 214
213 221 217
225 217 221
214 206 218
210 218 206
205 213 209
217 209 213
206 233 210
243 210 233
230 205 240
209 240 205
220 223 231
237 231 223
227 224 247
241 247 224
212 215 220
223 220 215
219 216 227
224 227 216
204 207 212
215 212 207
211 208 219
216 219 208
229 235 204
207 204 235
244 238 211
208 211 238
374 372 373
371 373 372
370 375 369
376 369 375
382 380 381
379 381 380
384 383 378
377 378 383
388 386 387
385 387 386
76 389 72
393 84 395
76 393 389
76 84 393
71 394 75
390 79 392
71 390 394
390 71 79
80 395 84
391 72 389
80 391 395
391 80 72
409 412 410
412 409 411
405 408 407
408 405 406
399 404 403
404 399 400
398 401 402
401 398 397
339 413 343
LABEL floors
MATERIAL 2
TEXTURE 0
GEOM 632 316
19.9102 51.0001 -125.97668 0 -1 0
-19.9231 51.0001 -125.97668 0 -1 0
-19.9231 51.0001 -119.99403 0 -1 0
-19.9231 51.0001 -119.99403 0 0 1
19.9102 51.0001 -119.99403 0 -1 0
19.9102 51.0001 -119.99403 0 0 1
19.9102 51.335 -119.99403 0 0 1
19.9102 51.335 -119.99403 0 1 0
-19.9231 51.335 -119.99403 0 0 1
-19.9231 51.335 -119.99403 0 1 0
-19.9231 51.335 -125.97668 0 1 0
19.9102 51.335 -125.97668 0 1 0
15.1086 51.335 -119.99347 0 1 0
15.1086 51.335 -119.99347 -1 0 0
19.9131 51.335 -119.99347 0 1 0
19.9131 51.335 -102.00958 0 1 0
15.1086 51.335 -102.00958 0 1 0
15.1086 51.335 -102.00958 -1 0 0
15.1086 51.0001 -102.00958 0 -1 0
15.1086 51.0001 -102.00958 -1 0 0
19.9131 51.0001 -102.00958 0 -1 0
19.9131 51.0001 -119.99347 0 -1 0
15.1086 51.0001 -119.99347 0 -1 0
15.1086 51.0001 -119.99347 -1 0 0
-15.1086 51.335 -119.99347 1 0 0
-15.1086 51.335 -119.99347 0 1 0
-19.9131 51.335 -119.99347 0 1 0
-19.9131 51.335 -102.00958 0 1 0
-15.1086 51.335 -102.00958 1 0 0
-15.1086 51.335 -102.00958 0 1 0
-15.1086 51.0001 -102.00958 1 0 0
-15.1086 51.0001 -102.00958 0 -1 0
-19.9131 51.0001 -102.00958 0 -1 0
-19.9131 51.0001 -119.99347 0 -1 0
-15.1086 51.0001 -119.99347 1 0 0
-15.1086 51.0001 -119.99347 0 -1 0
19.9102 47.9 -125.97668 0 -1 0
-19.9231 47.9 -125.97668 0 -1 0
-19.9231 47.9 -119.99403 0 -1 0
-19.9231 47.9 -119.99403 0 0 1
19.9102 47.9 -119.99403 0 -1 0
19.9102 47.9 -119.99403 0 0 1
19.9102 48.2349 -119.99403 0 0 1
19.9102 48.2349 -119.99403 0 1 0
-19.9231 48.2349 -119.99403 0 0 1
-19.9231 48.2349 -119.99403 0 1 0
-19.9231 48.2349 -125.97668 0 1 0
19.9102 48.2349 -125.97668 0 1 0
15.1086 48.2349 -119.99347 0 1 0
15.1086 48.2349 -119.99347 -1 0 0
19.9131 48.2349 -119.99347 0 1 0
19.9131 48.2349 -102.00958 0 1 0
15.1086 48.2349 -102.00958 0 1 0
15.1086 48.2349 -102.00958 -1 0 0
15.1086 47.9 -102.00958 0 -1 0
15.1086 47.9 -102.00958 -1 0 0
19.9131 47.9 -102.00958 0 -1 0
19.9131 47.9 -119.99347 0 -1 0
15.1086 47.9 -119.99347 0 -1 0
15.1086 47.9 -119.99347 -1 0 0
-15.1086 48.2349 -119.99347 1 0 0
-15.1086 48.2349 -119.99347 0 1 0
-19.9131 48.2349 -119.99347 0 1 0
-19.9131 48.2349 -102.00958 0 1 0
-15.1086 48.2349 -102.00958 1 0 0
-15.1086 48.2349 -102.00958 0 1 0
-15.1086 47.9 -102.00958 1 0 0
-15.1086 47.9 -102.00958 0 -1 0
-19.9131 47.9 -102.00958 0 -1 0
-19.9131 47.9 -119.99347 0 -1 0
-15.1086 47.9 -119.99347 1 0 0
-15.1086 47.9 -119.99347 0 -1 0
19.9102 45.0001 -125.97668 0 -1 0
-19.9231 45.0001 -125.97668 0 -1 0
-19.9231 45.0001 -119.99403 0 -1 0
-19.9231 45.0001 -119.99403 0 0 1
19.9102 45.0001 -119.99403 0 -1 0
19.9102 45.0001 -119.99403 0 0 1
19.9102 45.335 -119.99403 0 0 1
19.9102 45.335 -119.99403 0 1 0
-19.9231 45.335 -119.99403 0 0 1
-19.9231 45.335 -119.99403 0 1 0
-19.9231 45.335 -125.97668 0 1 0
19.9102 45.335 -125.97668 0 1 0
15.1086 45.335 -119.99347 0 1 0
15.1086 45.335 -119.99347 -1 0 0
19.9131 45.335 -119.99347 0 1 0
19.9131 45.335 -102.00958 0 1 0
15.1086 45.335 -102.00958 0 1 0
15.1086 45.335 -102.00958 -1 0 0
15.1086 45.0001 -102.00958 0 -1 0
15.1086 45.0001 -102.00958 -1 0 0
19.9131 45.0001 -102.00958 0 -1 0
19.9131 45.0001 -119.99347 0 -1 0
15.1086 45.0001 -119.99347 0 -1 0
15.1086 45.0001 -119.99347 -1 0 0
-15.1086 45.335 -119.99347 1 0 0
-15.1086 45.335 -119.99347 0 1 0
-19.9131 45.335 -119.99347 0 1 0
-19.9131 45.335 -102.00958 0 1 0
-15.1086 45.335 -102.00958 1 0 0
-15.1086 45.335 -102.00958 0 1 0
-15.1086 45.0001 -102.00958 1 0 0
-15.1086 45.0001 -102.00958 0 -1 0
-19.9131 45.0001 -102.00958 0 -1 0
-19.9131 45.0001 -119.99347 0 -1 0
-15.1086 45.0001 -119.99347 1 0 0
-15.1086 45.0001 -119.99347 0 -1 0
19.9102 41.9 -125.97668 0 -1 0
-19.9231 41.9 -125.97668 0 -1 0
-19.9231 41.9 -119.99403 0 -1 0
-19.9231 41.9 -119.99403 0 0 1
19.9102 41.9 -119.99403 0 -1 0
19.9102 41.9 -119.99403 0 0 1
19.9102 42.2349 -119.99403 0 0 1
19.9102 42.2349 -119.99403 0 1 0
-19.9231 42.2349 -119.99403 0 0 1
-19.9231 42.2349 -119.99403 0 1 0
-19.9231 42.2349 -125.97668 0 1 0
19.9102 42.2349 -125.97668 0 1 0
15.1086 42.2349 -119.99347 0 1 0
15.1086 42.2349 -119.99347 -1 0 0
19.9131 42.2349 -119.99347 0 1 0
19.9131 42.2349 -102.00958 0 1 0
15.1086 42.2349 -102.00958 0 1 0
15.1086 42.2349 -102.00958 -1 0 0
15.1086 41.9 -102.00958 0 -1 0
15.1086 41.9 -102.00958 -1 0 0
19.9131 41.9 -102.00958 0 -1 0
19.9131 41.9 -119.99347 0 -1 0
15.1086 41.9 -119.99347 0 -1 0
15.1086 41.9 -119.99347 -1 0 0
-15.1086 42.2349 -119.99347 1 0 0
-15.1086 42.2349 -119.99347 0 1 0
-19.9131 42.2349 -119.99347 0 1 0
-19.9131 42.2349 -102.00958 0 1 0
-15.1086 42.2349 -102.00958 1 0 0
-15.1086 42.2349 -102.00958 0 1 0
-15.1086 41.9 -102.00958 1 0 0
-15.1086 41.9 -102.00958 0 -1 0
-19.9131 41.9 -102.00958 0 -1 0
-19.9131 41.9 -119.99347 0 -1 0
-15.1086 41.9 -119.99347 1 0 0
-15.1086 41.9 -119.99347 0 -1 0
19.9102 39.0001 -125.97668 0 -1 0
-19.9231 39.0001 -125.97668 0 -1 0
-19.9231 39.0001 -119.99403 0 -1 0
-19.9231 39.0001 -119.99403 0 0 1
19.9102 39.0001 -119.99403 0 -1 0
19.9102 39.0001 -119.99403 0 0 1
19.9102 39.335 -119.99403 0 0 1
19.9102 39.335 -119.99403 0 1 0
-19.9231 39.335 -119.99403 0 0 1
-19.9231 39.335 -119.99403 0 1 0
-19.9231 39.335 -125.97668 0 1 0
19.9102 39.335 -125.97668 0 1 0
15.1086 39.335 -107.82208 0 1 0
15.1086 39.335 -107.82208 -1 0 0
19.9131 39.335 -107.82208 0 1 0
19.9131 39.335 -102.00958 0 1 0
15.1086 39.335 -102.00958 0 1 0
15.1086 39.335 -102.00958 -1 0 0
15.1086 39.0001 -102.00958 0 -1 0
15.1086 39.0001 -102.00958 -1 0 0
19.9131 39.0001 -102.00958 0 -1 0
19.9131 39.0001 -107.82208 0 -1 0
15.1086 39.0001 -107.82208 0 -1 0
15.1086 39.0001 -107.82208 -1 0 0
-15.1086 39.335 -119.99347 1 0 0
-15.1086 39.335 -119.99347 0 1 0
-19.9131 39.335 -119.99347 0 1 0
-19.9131 39.335 -102.00958 0 1 0
-15.1086 39.335 -102.00958 1 0 0
-15.1086 39.335 -102.00958 0 1 0
-15.1086 39.0001 -102.00958 1 0 0
-15.1086 39.0001 -102.00958 0 -1 0
-19.9131 39.0001 -102.00958 0 -1 0
-19.9131 39.0001 -119.99347 0 -1 0
-15.1086 39.0001 -119.99347 1 0 0
-15.1086 39.0001 -119.99347 0 -1 0
19.9102 35.9 -125.97668 0 -1 0
-19.9231 35.9 -125.97668 0 -1 0
-19.9231 35.9 -119.99403 0 -1 0
-19.9231 35.9 -119.99403 0 0 1
19.9102 35.9 -119.99403 0 -1 0
19.9102 35.9 -119.99403 0 0 1
19.9102 36.2349 -119.99403 0 0 1
19.9102 36.2349 -119.99403 0 1 0
-19.9231 36.2349 -119.99403 0 0 1
-19.9231 36.2349 -119.99403 0 1 0
-19.9231 36.2349 -125.97668 0 1 0
19.9102 36.2349 -125.97668 0 1 0
15.1086 36.2349 -119.99347 0 1 0
15.1086 36.2349 -119.99347 -1 0 0
19.9131 36.2349 -119.99347 0 1 0
19.9131 36.2349 -102.00958 0 1 0
15.1086 36.2349 -102.00958 0 1 0
15.1086 36.2349 -102.00958 -1 0 0
15.1086 35.9 -102.00958 0 -1 0
15.1086 35.9 -102.00958 -1 0 0
19.9131 35.9 -102.00958 0 -1 0
19.9131 35.9 -119.99347 0 -1 0
15.1086 35.9 -119.99347 0 -1 0
15.1086 35.9 -119.99347 -1 0 0
-15.1086 36.2349 -119.99347 1 0 0
-15.1086 36.2349 -119.99347 0 1 0
-19.9131 36.2349 -119.99347 0 1 0
-19.9131 36.2349 -102.00958 0 1 0
-15.1086 36.2349 -102.00958 1 0 0
-15.1086 36.2349 -102.00958 0 1 0
-15.1086 35.9 -102.00958 1 0 0
-15.1086 35.9 -102.00958 0 -1 0
-19.9131 35.9 -102.00958 0 -1 0
-19.9131 35.9 -119.99347 0 -1 0
-15.1086 35.9 -119.99347 1 0 0
-15.1086 35.9 -119.99347 0 -1 0
19.9102 33.0001 -125.97668 0 -1 0
-19.9231 33.0001 -125.97668 0 -1 0
-19.9231 33.0001 -119.99403 0 -1 0
-19.9231 33.0001 -119.99403 0 0 1
19.9102 33.0001 -119.99403 0 -1 0
19.9102 33.0001 -119.99403 0 0 1
19.9102 33.335 -119.99403 0 0 1
19.9102 33.335 -119.99403 0 1 0
-19.9231 33.335 -119.99403 0 0 1
-19.9231 33.335 -119.99403 0 1 0
-19.9231 33.335 -125.97668 0 1 0
19.9102 33.335 -125.97668 0 1 0
15.1086 33.335 -119.99347 0 1 0
15.1086 33.335 -119.99347 -1 0 0
19.9131 33.335 -119.99347 0 1 0
19.9131 33.335 -102.00958 0 1 0
15.1086 33.335 -102.00958 0 1 0
15.1086 33.335 -102.00958 -1 0 0
15.1086 33.0001 -102.00958 0 -1 0
15.1086 33.0001 -102.00958 -1 0 0
19.9131 33.0001 -102.00958 0 -1 0
19.9131 33.0001 -119.99347 0 -1 0
15.1086 33.0001 -119.99347 0 -1 0
15.1086 33.0001 -119.99347 -1 0 0
-15.1086 33.335 -119.99347 1 0 0
-15.1086 33.335 -119.99347 0 1 0
-19.9131 33.335 -119.99347 0 1 0
-19.9131 33.335 -102.00958 0 1 0
-15.1086 33.335 -102.00958 1 0 0
-15.1086 33.335 -102.00958 0 1 0
-15.1086 33.0001 -102.00958 1 0 0
-15.1086 33.0001 -102.00958 0 -1 0
-19.9131 33.0001 -102.00958 0 -1 0
-19.9131 33.0001 -119.99347 0 -1 0
-15.1086 33.0001 -119.99347 1 0 0
-15.1086 33.0001 -119.99347 0 -1 0
19.9102 29.9 -125.97668 0 -1 0
-19.9231 29.9 -125.97668 0 -1 0
-19.9231 29.9 -119.99403 0 -1 0
-19.9231 29.9 -119.99403 0 0 1
19.9102 29.9 -119.99403 0 -1 0
19.9102 29.9 -119.99403 0 0 1
19.9102 30.2349 -119.99403 0 0 1
19.9102 30.2349 -119.99403 0 1 0
-19.9231 30.2349 -119.99403 0 0 1
-19.9231 30.2349 -119.99403 0 1 0
-19.9231 30.2349 -125.97668 0 1 0
19.9102 30.2349 -125.97668 0 1 0
15.1086 30.2349 -119.99347 0 1 0
15.1086 30.2349 -119.99347 -1 0 0
19.9131 30.2349 -119.99347 0 1 0
19.9131 30.2349 -102.00958 0 1 0
15.1086 30.2349 -102.00958 0 1 0
15.1086 30.2349 -102.00958 -1 0 0
15.1086 29.9 -102.00958 0 -1 0
15.1086 29.9 -102.00958 -1 0 0
19.9131 29.9 -102.00958 0 -1 0
19.9131 29.9 -119.99347 0 -1 0
15.1086 29.9 -119.99347 0 -1 0
15.1086 29.9 -119.99347 -1 0 0
-15.1086 30.2349 -119.99347 1 0 0
-15.1086 30.2349 -119.99347 0 1 0
-19.9131 30.2349 -119.99347 0 1 0
-19.9131 30.2349 -102.00958 0 1 0
-15.1086 30.2349 -102.00958 1 0 0
-15.1086 30.2349 -102.00958 0 1 0
-15.1086 29.9 -102.00958 1 0 0
-15.1086 29.9 -102.00958 0 -1 0
-19.9131 29.9 -102.00958 0 -1 0
-19.9131 29.9 -119.99347 0 -1 0
-15.1086 29.9 -119.99347 1 0 0
-15.1086 29.9 -119.99347 0 -1 0
19.9102 27 -125.97668 0 -1 0
-19.9231 27 -125.97668 0 -1 0
-19.9231 27 -119.99403 0 -1 0
-19.9231 27 -119.99403 0 0 1
19.9102 27 -119.99403 0 -1 0
19.9102 27 -119.99403 0 0 1
19.9102 27.3349 -119.99403 0 0 1
19.9102 27.3349 -119.99403 0 1 0
-19.9231 27.3349 -119.99403 0 0 1
-19.9231 27.3349 -119.99403 0 1 0
-19.9231 27.3349 -125.97668 0 1 0
19.9102 27.3349 -125.97668 0 1 0
15.1086 27.3349 -119.99347 0 1 0
15.1086 27.3349 -119.99347 -1 0 0
19.9131 27.3349 -119.99347 0 1 0
19.9131 27.3349 -102.00958 0 1 0
15.1086 27.3349 -102.00958 0 1 0
15.1086 27.3349 -102.00958 -1 0 0
15.1086 27 -102.00958 0 -1 0
15.1086 27 -102.00958 -1 0 0
19.9131 27 -102.00958 0 -1 0
19.9131 27 -119.99347 0 -1 0
15.1086 27 -119.99347 0 -1 0
15.1086 27 -119.99347 -1 0 0
-15.1086 27.3349 -119.99347 1 0 0
-15.1086 27.3349 -119.99347 0 1 0
-19.9131 27.3349 -119.99347 0 1 0
-19.9131 27.3349 -102.00958 0 1 0
-15.1086 27.3349 -102.00958 1 0 0
-15.1086 27.3349 -102.00958 0 1 0
-15.1086 27 -102.00958 1 0 0
-15.1086 27 -102.00958 0 -1 0
-19.9131 27 -102.00958 0 -1 0
-19.9131 27 -119.99347 0 -1 0
-15.1086 27 -119.99347 1 0 0
-15.1086 27 -119.99347 0 -1 0
19.9102 23.9 -125.97668 0 -1 0
-19.9231 23.9 -125.97668 0 -1 0
-19.9231 23.9 -119.99403 0 -1 0
-19.9231 23.9 -119.99403 0 0 1
19.9102 23.9 -119.99403 0 -1 0
19.9102 23.9 -119.99403 0 0 1
19.9102 24.2349 -119.99403 0 0 1
19.9102 24.2349 -119.99403 0 1 0
-19.9231 24.2349 -119.99403 0 0 1
-19.9231 24.2349 -119.99403 0 1 0
-19.9231 24.2349 -125.97668 0 1 0
19.9102 24.2349 -125.97668 0 1 0
15.1086 24.2349 -119.99347 0 1 0
15.1086 24.2349 -119.99347 -1 0 0
19.9131 24.2349 -119.99347 0 1 0
19.9131 24.2349 -102.00958 0 1 0
15.1086 24.2349 -102.00958 0 1 0
15.1086 24.2349 -102.00958 -1 0 0
15.1086 23.9 -102.00958 0 -1 0
15.1086 23.9 -102.00958 -1 0 0
19.9131 23.9 -102.00958 0 -1 0
19.9131 23.9 -119.99347 0 -1 0
15.1086 23.9 -119.99347 0 -1 0
15.1086 23.9 -119.99347 -1 0 0
-15.1086 24.2349 -119.99347 1 0 0
-15.1086 24.2349 -119.99347 0 1 0
-19.9131 24.2349 -119.99347 0 1 0
-19.9131 24.2349 -102.00958 0 1 0
-15.1086 24.2349 -102.00958 1 0 0
-15.1086 24.2349 -102.00958 0 1 0
-15.1086 23.9 -102.00958 1 0 0
-15.1086 23.9 -102.00958 0 -1 0
-19.9131 23.9 -102.00958 0 -1 0
-19.9131 23.9 -119.99347 0 -1 0
-15.1086 23.9 -119.99347 1 0 0
-15.1086 23.9 -119.99347 0 -1 0
19.9102 21 -125.97668 0 -1 0
-19.9231 21 -125.97668 0 -1 0
-19.9231 21 -119.99403 0 -1 0
-19.9231 21 -119.99403 0 0 1
19.9102 21 -119.99403 0 -1 0
19.9102 21 -119.99403 0 0 1
19.9102 21.3349 -119.99403 0 0 1
19.9102 21.3349 -119.99403 0 1 0
-19.9231 21.3349 -119.99403 0 0 1
-19.9231 21.3349 -119.99403 0 1 0
-19.9231 21.3349 -125.97668 0 1 0
19.9102 21.3349 -125.97668 0 1 0
15.1086 21.3349 -119.99347 0 1 0
15.1086 21.3349 -119.99347 -1 0 0
19.9131 21.3349 -119.99347 0 1 0
19.9131 21.3349 -102.00958 0 1 0
15.1086 21.3349 -102.00958 0 1 0
15.1086 21.3349 -102.00958 -1 0 0
15.1086 21 -102.00958 0 -1 0
15.1086 21 -102.00958 -1 0 0
19.9131 21 -102.00958 0 -1 0
19.9131 21 -119.99347 0 -1 0
15.1086 21 -119.99347 0 -1 0
15.1086 21 -119.99347 -1 0 0
-15.1086 21.3349 -119.99347 1 0 0
-15.1086 21.3349 -119.99347 0 1 0
-19.9131 21.3349 -119.99347 0 1 0
-19.9131 21.3349 -102.00958 0 1 0
-15.1086 21.3349 -102.00958 1 0 0
-15.1086 21.3349 -102.00958 0 1 0
-15.1086 21 -102.00958 1 0 0
-15.1086 21 -102.00958 0 -1 0
-19.9131 21 -102.00958 0 -1 0
-19.9131 21 -119.99347 0 -1 0
-15.1086 21 -119.99347 1 0 0
-15.1086 21 -119.99347 0 -1 0
19.9102 17.9 -125.97668 0 -1 0
-19.9231 17.9 -125.97668 0 -1 0
-19.9231 17.9 -119.99403 0 -1 0
-19.9231 17.9 -119.99403 0 0 1
19.9102 17.9 -119.99403 0 -1 0
19.9102 17.9 -119.99403 0 0 1
19.9102 18.2349 -119.99403 0 0 1
19.9102 18.2349 -119.99403 0 1 0
-19.9231 18.2349 -119.99403 0 0 1
-19.9231 18.2349 -119.99403 0 1 0
-19.9231 18.2349 -125.97668 0 1 0
19.9102 18.2349 -125.97668 0 1 0
15.1086 18.2349 -119.99347 0 1 0
15.1086 18.2349 -119.99347 -1 0 0
19.9131 18.2349 -119.99347 0 1 0
19.9131 18.2349 -102.00958 0 1 0
15.1086 18.2349 -102.00958 0 1 0
15.1086 18.2349 -102.00958 -1 0 0
15.1086 17.9 -102.00958 0 -1 0
15.1086 17.9 -102.00958 -1 0 0
19.9131 17.9 -102.00958 0 -1 0
19.9131 17.9 -119.99347 0 -1 0
15.1086 17.9 -119.99347 0 -1 0
15.1086 17.9 -119.99347 -1 0 0
-15.1086 18.2349 -119.99347 1 0 0
-15.1086 18.2349 -119.99347 0 1 0
-19.9131 18.2349 -119.99347 0 1 0
-19.9131 18.2349 -102.00958 0 1 0
-15.1086 18.2349 -102.00958 1 0 0
-15.1086 18.2349 -102.00958 0 1 0
-15.1086 17.9 -102.00958 1 0 0
-15.1086 17.9 -102.00958 0 -1 0
-19.9131 17.9 -102.00958 0 -1 0
-19.9131 17.9 -119.99347 0 -1 0
-15.1086 17.9 -119.99347 1 0 0
-15.1086 17.9 -119.99347 0 -1 0
19.9102 15 -125.97668 0 -1 0
-19.9231 15 -125.97668 0 -1 0
-19.9231 15 -119.99403 0 -1 0
-19.9231 15 -119.99403 0 0 1
19.9102 15 -119.99403 0 -1 0
19.9102 15 -119.99403 0 0 1
19.9102 15.3349 -119.99403 0 0 1
19.9102 15.3349 -119.99403 0 1 0
-19.9231 15.3349 -119.99403 0 0 1
-19.9231 15.3349 -119.99403 0 1 0
-19.9231 15.3349 -125.97668 0 1 0
19.9102 15.3349 -125.97668 0 1 0
15.1086 15.3349 -119.99347 0 1 0
15.1086 15.3349 -119.99347 -1 0 0
19.9131 15.3349 -119.99347 0 1 0
19.9131 15.3349 -102.00958 0 1 0
15.1086 15.3349 -102.00958 0 1 0
15.1086 15.3349 -102.00958 -1 0 0
15.1086 15 -102.00958 0 -1 0
15.1086 15 -102.00958 -1 0 0
19.9131 15 -102.00958 0 -1 0
19.9131 15 -119.99347 0 -1 0
15.1086 15 -119.99347 0 -1 0
15.1086 15 -119.99347 -1 0 0
-15.1086 15.3349 -119.99347 1 0 0
-15.1086 15.3349 -119.99347 0 1 0
-19.9131 15.3349 -119.99347 0 1 0
-19.9131 15.3349 -102.00958 0 1 0
-15.1086 15.3349 -102.00958 1 0 0
-15.1086 15.3349 -102.00958 0 1 0
-15.1086 15 -102.00958 1 0 0
-15.1086 15 -102.00958 0 -1 0
-19.9131 15 -102.00958 0 -1 0
-19.9131 15 -119.99347 0 -1 0
-15.1086 15 -119.99347 1 0 0
-15.1086 15 -119.99347 0 -1 0
19.9102 11.9001 -125.97668 0 -1 0
-19.9231 11.9001 -125.97668 0 -1 0
-19.9231 11.9001 -119.99403 0 -1 0
-19.9231 11.9001 -119.99403 0 0 1
19.9102 11.9001 -119.99403 0 -1 0
19.9102 11.9001 -119.99403 0 0 1
19.9102 12.235 -119.99403 0 0 1
19.9102 12.235 -119.99403 0 1 0
-19.9231 12.235 -119.99403 0 0 1
-19.9231 12.235 -119.99403 0 1 0
-19.9231 12.235 -125.97668 0 1 0
19.9102 12.235 -125.97668 0 1 0
15.1086 12.235 -119.99347 0 1 0
15.1086 12.235 -119.99347 -1 0 0
19.9131 12.235 -119.99347 0 1 0
19.9131 12.235 -102.00958 0 1 0
15.1086 12.235 -102.00958 0 1 0
15.1086 12.235 -102.00958 -1 0 0
15.1086 11.9001 -102.00958 0 -1 0
15.1086 11.9001 -102.00958 -1 0 0
19.9131 11.9001 -102.00958 0 -1 0
19.9131 11.9001 -119.99347 0 -1 0
15.1086 11.9001 -119.99347 0 -1 0
15.1086 11.9001 -119.99347 -1 0 0
-15.1086 12.235 -119.99347 1 0 0
-15.1086 12.235 -119.99347 0 1 0
-19.9131 12.235 -119.99347 0 1 0
-19.9131 12.235 -102.00958 0 1 0
-15.1086 12.235 -102.00958 1 0 0
-15.1086 12.235 -102.00958 0 1 0
-15.1086 11.9001 -102.00958 1 0 0
-15.1086 11.9001 -102.00958 0 -1 0
-19.9131 11.9001 -102.00958 0 -1 0
-19.9131 11.9001 -119.99347 0 -1 0
-15.1086 11.9001 -119.99347 1 0 0
-15.1086 11.9001 -119.99347 0 -1 0
19.9102 9.0001 -125.97668 0 -1 0
-19.9231 9.0001 -125.97668 0 -1 0
-19.9231 9.0001 -119.99403 0 -1 0
-19.9231 9.0001 -119.99403 0 0 1
19.9102 9.0001 -119.99403 0 -1 0
19.9102 9.0001 -119.99403 0 0 1
19.9102 9.335 -119.99403 0 0 1
19.9102 9.335 -119.99403 0 1 0
-19.9231 9.335 -119.99403 0 0 1
-19.9231 9.335 -119.99403 0 1 0
-19.9231 9.335 -125.97668 0 1 0
19.9102 9.335 -125.97668 0 1 0
15.1086 9.335 -119.99347 0 1 0
15.1086 9.335 -119.99347 -1 0 0
19.9131 9.335 -119.99347 0 1 0
19.9131 9.335 -102.00958 0 1 0
15.1086 9.335 -102.00958 0 1 0
15.1086 9.335 -102.00958 -1 0 0
15.1086 9.0001 -102.00958 0 -1 0
15.1086 9.0001 -102.00958 -1 0 0
19.9131 9.0001 -102.00958 0 -1 0
19.9131 9.0001 -119.99347 0 -1 0
15.1086 9.0001 -119.99347 0 -1 0
15.1086 9.0001 -119.99347 -1 0 0
-15.1086 9.335 -119.99347 1 0 0
-15.1086 9.335 -119.99347 0 1 0
-19.9131 9.335 -119.99347 0 1 0
-19.9131 9.335 -102.00958 0 1 0
-15.1086 9.335 -102.00958 1 0 0
-15.1086 9.335 -102.00958 0 1 0
-15.1086 9.0001 -102.00958 1 0 0
-15.1086 9.0001 -102.00958 0 -1 0
-19.9131 9.0001 -102.00958 0 -1 0
-19.9131 9.0001 -119.99347 0 -1 0
-15.1086 9.0001 -119.99347 1 0 0
-15.1086 9.0001 -119.99347 0 -1 0
19.9102 5.9 -125.97668 0 -1 0
-19.9231 5.9 -125.97668 0 -1 0
-19.9231 5.9 -119.99403 0 -1 0
-19.9231 5.9 -119.99403 0 0 1
19.9102 5.9 -119.99403 0 -1 0
19.9102 5.9 -119.99403 0 0 1
19.9102 6.2349 -119.99403 0 0 1
19.9102 6.2349 -119.99403 0 1 0
-19.9231 6.2349 -119.99403 0 0 1
-19.9231 6.2349 -119.99403 0 1 0
-19.9231 6.2349 -125.97668 0 1 0
19.9102 6.2349 -125.97668 0 1 0
15.1086 6.2349 -119.99347 0 1 0
15.1086 6.2349 -119.99347 -1 0 0
19.9131 6.2349 -119.99347 0 1 0
19.9131 6.2349 -102.00958 0 1 0
15.1086 6.2349 -102.00958 0 1 0
15.1086 6.2349 -102.00958 -1 0 0
15.1086 5.9 -102.00958 0 -1 0
15.1086 5.9 -102.00958 -1 0 0
19.9131 5.9 -102.00958 0 -1 0
19.9131 5.9 -119.99347 0 -1 0
15.1086 5.9 -119.99347 0 -1 0
15.1086 5.9 -119.99347 -1 0 0
-15.1086 6.2349 -119.99347 1 0 0
-15.1086 6.2349 -119.99347 0 1 0
-19.9131 6.2349 -119.99347 0 1 0
-19.9131 6.2349 -102.00958 0 1 0
-15.1086 6.2349 -102.00958 1 0 0
-15.1086 6.2349 -102.00958 0 1 0
-15.1086 5.9 -102.00958 1 0 0
-15.1086 5.9 -102.00958 0 -1 0
-19.9131 5.9 -102.00958 0 -1 0
-19.9131 5.9 -119.99347 0 -1 0
-15.1086 5.9 -119.99347 1 0 0
-15.1086 5.9 -119.99347 0 -1 0
19.9102 3.2 -125.97668 0 -1 0
-19.9231 3.2 -125.97668 0 -1 0
-19.9231 3.2 -119.99403 0 -1 0
-19.9231 3.2 -119.99403 0 0 1
19.9102 3.2 -119.99403 0 -1 0
19.9102 3.2 -119.99403 0 0 1
19.9102 3.5349 -119.99403 0 0 1
19.9102 3.5349 -119.99403 0 1 0
-19.9231 3.5349 -119.99403 0 0 1
-19.9231 3.5349 -119.99403 0 1 0
-19.9231 3.5349 -125.97668 0 1 0
19.9102 3.5349 -125.97668 0 1 0
15.1086 3.5349 -119.99347 0 1 0
15.1086 3.5349 -119.99347 -1 0 0
19.9131 3.5349 -119.99347 0 1 0
19.9131 3.5349 -102.00958 0 1 0
15.1086 3.5349 -102.00958 0 1 0
15.1086 3.5349 -102.00958 -1 0 0
15.1086 3.2 -102.00958 0 -1 0
15.1086 3.2 -102.00958 -1 0 0
19.9131 3.2 -102.00958 0 -1 0
19.9131 3.2 -119.99347 0 -1 0
15.1086 3.2 -119.99347 0 -1 0
15.1086 3.2 -119.99347 -1 0 0
-15.1086 3.5349 -119.99347 1 0 0
-15.1086 3.5349 -119.99347 0 1 0
-19.9131 3.5349 -119.99347 0 1 0
-19.9131 3.5349 -102.00958 0 1 0
-15.1086 3.5349 -102.00958 1 0 0
-15.1086 3.5349 -102.00958 0 1 0
-15.1086 3.2 -102.00958 1 0 0
-15.1086 3.2 -102.00958 0 -1 0
-19.9131 3.2 -102.00958 0 -1 0
-19.9131 3.2 -119.99347 0 -1 0
-15.1086 3.2 -119.99347 1 0 0
-15.1086 3.2 -119.99347 0 -1 0
15.1086 39.335 -119.99347 0 1 0
15.1086 39.335 -119.99347 -1 0 0
19.9131 39.335 -119.99347 0 1 0
19.9131 39.335 -114.11588 0 1 0
15.1086 39.335 -114.11588 0 1 0
15.1086 39.335 -114.11588 -1 0 0
15.1086 39.0001 -114.11588 0 -1 0
15.1086 39.0001 -114.11588 -1 0 0
19.9131 39.0001 -114.11588 0 -1 0
19.9131 39.0001 -119.99347 0 -1 0
15.1086 39.0001 -119.99347 0 -1 0
15.1086 39.0001 -119.99347 -1 0 0
19.9131 39.335 -114.11588 0 0 1
15.1086 39.335 -114.11588 0 0 1
15.1086 39.0001 -114.11588 0 0 1
19.9131 39.0001 -114.11588 0 0 1
15.1086 39.335 -107.82208 0 0 -1
19.9131 39.335 -107.82208 0 0 -1
19.9131 39.0001 -107.82208 0 0 -1
15.1086 39.0001 -107.82208 0 0 -1
24 28 34
30 34 28
27 29 26
25 26 29
31 32 35
33 35 32
17 13 19
23 19 13
16 15 12
14 12 15
20 18 21
22 21 18
4 2 0
1 0 2
9 7 10
11 10 7
8 3 6
5 6 3
60 64 70
66 70 64
63 65 62
61 62 65
67 68 71
69 71 68
53 49 55
59 55 49
52 51 48
50 48 51
56 54 57
58 57 54
40 38 36
37 36 38
45 43 46
47 46 43
44 39 42
41 42 39
96 100 106
102 106 100
99 101 98
97 98 101
103 104 107
105 107 104
89 85 91
95 91 85
88 87 84
86 84 87
92 90 93
94 93 90
76 74 72
73 72 74
81 79 82
83 82 79
80 75 78
77 78 75
132 136 142
138 142 136
135 137 134
133 134 137
139 140 143
141 143 140
125 121 127
131 127 121
124 123 120
122 120 123
128 126 129
130 129 126
112 110 108
109 108 110
117 115 118
119 118 115
116 111 114
113 114 111
168 172 178
174 178 172
171 173 170
169 170 173
175 176 179
177 179 176
161 157 163
167 163 157
160 159 156
158 156 159
164 162 165
166 165 162
148 146 144
145 144 146
153 151 154
155 154 151
152 147 150
149 150 147
204 208 214
210 214 208
207 209 206
205 206 209
211 212 215
213 215 212
197 193 199
203 199 193
196 195 192
194 192 195
200 198 201
202 201 198
184 182 180
181 180 182
189 187 190
191 190 187
188 183 186
185 186 183
240 244 250
246 250 244
243 245 242
241 242 245
247 248 251
249 251 248
233 229 235
239 235 229
232 231 228
230 228 231
236 234 237
238 237 234
220 218 216
217 216 218
225 223 226
227 226 223
224 219 222
221 222 219
276 280 286
282 286 280
279 281 278
277 278 281
283 284 287
285 287 284
269 265 271
275 271 265
268 267 264
266 264 267
272 270 273
274 273 270
256 254 252
253 252 254
261 259 262
263 262 259
260 255 258
257 258 255
312 316 322
318 322 316
315 317 314
313 314 317
319 320 323
321 323 320
305 301 307
311 307 301
304 303 300
302 300 303
308 306 309
310 309 306
292 290 288
289 288 290
297 295 298
299 298 295
296 291 294
293 294 291
348 352 358
354 358 352
351 353 350
349 350 353
355 356 359
357 359 356
341 337 343
347 343 337
340 339 336
338 336 339
344 342 345
346 345 342
328 326 324
325 324 326
333 331 334
335 334 331
332 327 330
329 330 327
384 388 394
390 394 388
387 389 386
385 386 389
391 392 395
393 395 392
377 373 379
383 379 373
376 375 372
374 372 375
380 378 381
382 381 378
364 362 360
361 360 362
369 367 370
371 370 367
368 363 366
365 366 363
420 424 430
426 430 424
423 425 422
421 422 425
427 428 431
429 431 428
413 409 415
419 415 409
412 411 408
410 408 411
416 414 417
418 417 414
400 398 396
397 396 398
405 403 406
407 406 403
404 399 402
401 402 399
456 460 466
462 466 460
459 461 458
457 458 461
463 464 467
465 467 464
449 445 451
455 451 445
448 447 444
446 444 447
452 450 453
454 453 450
436 434 432
433 432 434
441 439 442
443 442 439
440 435 438
437 438 435
492 496 502
498 502 496
495 497 494
493 494 497
499 500 503
501 503 500
485 481 487
491 487 481
484 483 480
482 480 483
488 486 489
490 489 486
472 470 468
469 468 470
477 475 478
479 478 475
476 471 474
473 474 471
528 532 538
534 538 532
531 533 530
529 530 533
535 536 539
537 539 536
521 517 523
527 523 517
520 519 516
518 516 519
524 522 525
526 525 522
508 506 504
505 504 506
513 511 514
515 514 511
512 507 510
509 510 507
564 568 574
570 574 568
567 569 566
565 566 569
571 572 575
573 575 572
557 553 559
563 559 553
556 555 552
554 552 555
560 558 561
562 561 558
544 542 540
541 540 542
549 547 550
551 550 547
548 543 546
545 546 543
600 604 610
606 610 604
603 605 602
601 602 605
607 608 611
609 611 608
593 589 595
599 595 589
592 591 588
590 588 591
596 594 597
598 597 594
580 578 576
577 576 578
585 583 586
587 586 583
584 579 582
581 582 579
617 613 619
623 619 613
616 615 612
614 612 615
620 618 621
622 621 618
624 626 627
626 624 625
628 630 631
630 628 629
LABEL structure
MATERIAL 2
TEXTURE 0
GEOM 4904 2452
-14.7992 63.0001 -119.69514 0 -1 0
-14.7992 63.0001 -119.69514 0 0 1
-14.7992 63.0001 -120.15964 0 -1 0
-14.7992 63.0001 -120.15964 2.57927e-07 0 -1
14.7805 63.0001 -120.15963 0 -1 0
14.7805 63.0001 -120.15963 2.57927e-07 0 -1
14.7805 63.0001 -119.69514 0 -1 0
14.7805 63.0001 -119.69514 0 0 1
14.7805 63.335 -119.69514 0 0 1
14.7805 63.335 -119.69514 0 1 0
14.7805 63.335 -120.15963 2.57927e-07 0 -1
14.7805 63.335 -120.15963 0 1 0
-14.7992 63.335 -120.15964 2.57927e-07 0 -1
-14.7992 63.335 -120.15964 0 1 0
-14.7992 63.335 -119.69514 0 0 1
-14.7992 63.335 -119.69514 0 1 0
-14.7992 59.9 -119.69514 0 -1 0
-14.7992 59.9 -119.69514 0 0 1
-14.7992 59.9 -120.15964 0 -1 0
-14.7992 59.9 -120.15964 2.57927e-07 0 -1
14.7805 59.9 -120.15963 0 -1 0
14.7805 59.9 -120.15963 2.57927e-07 0 -1
14.7805 59.9 -119.69514 0 -1 0
14.7805 59.9 -119.69514 0 0 1
14.7805 60.2349 -119.69514 0 0 1
14.7805 60.2349 -119.69514 0 1 0
14.7805 60.2349 -120.15963 2.57927e-07 0 -1
14.7805 60.2349 -120.15963 0 1 0
-14.7992 60.2349 -120.15964 2.57927e-07 0 -1
-14.7992 60.2349 -120.15964 0 1 0
-14.7992 60.2349 -119.69514 0 0 1
-14.7992 60.2349 -119.69514 0 1 0
-14.7992 57.0001 -119.69514 0 -1 0
-14.7992 57.0001 -119.69514 0 0 1
-14.7992 57.0001 -120.15964 0 -1 0
-14.7992 57.0001 -120.15964 2.57927e-07 0 -1
14.7805 57.0001 -120.15963 0 -1 0
14.7805 57.0001 -120.15963 2.57927e-07 0 -1
14.7805 57.0001 -119.69514 0 -1 0
14.7805 57.0001 -119.69514 0 0 1
14.7805 57.335 -119.69514 0 0 1
14.7805 57.335 -119.69514 0 1 0
14.7805 57.335 -120.15963 2.57927e-07 0 -1
14.7805 57.335 -120.15963 0 1 0
-14.7992 57.335 -120.15964 2.57927e-07 0 -1
-14.7992 57.335 -120.15964 0 1 0
-14.7992 57.335 -119.69514 0 0 1
-14.7992 57.335 -119.69514 0 1 0
-14.7992 53.9 -119.69514 0 -1 0
-14.7992 53.9 -119.69514 0 0 1
-14.7992 53.9 -120.15964 0 -1 0
-14.7992 53.9 -120.15964 2.57927e-07 0 -1
14.7805 53.9 -120.15963 0 -1 0
14.7805 53.9 -120.15963 2.57927e-07 0 -1
14.7805 53.9 -119.69514 0 -1 0
14.7805 53.9 -119.69514 0 0 1
14.7805 54.2349 -119.69514 0 0 1
14.7805 54.2349 -119.69514 0 1 0
14.7805 54.2349 -120.15963 2.57927e-07 0 -1
14.7805 54.2349 -120.15963 0 1 0
-14.7992 54.2349 -120.15964 2.57927e-07 0 -1
-14.7992 54.2349 -120.15964 0 1 0
-14.7992 54.2349 -119.69514 0 0 1
-14.7992 54.2349 -119.69514 0 1 0
-14.3839 67.1252 -96.46879 1 0 0
-14.3839 67.1252 -96.46879 0 1 0
-14.9016 67.1252 -96.46879 0 1 0
-14.9016 67.1252 -96.46879 -1 0 0
-14.9016 67.1252 -89.26999 0 0 1
-14.9016 67.1252 -89.26999 0 1 0
-14.9016 67.1252 -89.26999 -1 0 0
-14.3839 67.1252 -89.26999 1 0 0
-14.3839 67.1252 -89.26999 0 0 1
-14.3839 67.1252 -89.26999 0 1 0
-14.3839 66.7903 -89.26999 1 0 0
-14.3839 66.7903 -89.26999 0 -1 0
-14.3839 66.7903 -89.26999 0 0 1
-14.9016 66.7903 -89.26999 0 -1 0
-14.9016 66.7903 -89.26999 0 0 1
-14.9016 66.7903 -89.26999 -1 0 0
-14.9016 66.7903 -96.46879 0 -1 0
-14.9016 66.7903 -96.46879 -1 0 0
-14.3839 66.7903 -96.46879 1 0 0
-14.3839 66.7903 -96.46879 0 -1 0
14.3839 67.1252 -96.46879 0 1 0
14.3839 67.1252 -96.46879 -1 0 0
14.9016 67.1252 -96.46879 1 0 0
14.9016 67.1252 -96.46879 0 1 0
14.9016 67.1252 -89.26999 1 0 0
14.9016 67.1252 -89.26999 0 1 0
14.3839 67.1252 -89.26999 0 1 0
14.3839 67.1252 -89.26999 -1 0 0
14.3839 66.7903 -89.26999 0 -1 0
14.3839 66.7903 -89.26999 -1 0 0
14.9016 66.7903 -89.26999 1 0 0
14.9016 66.7903 -89.26999 0 -1 0
14.9016 66.7903 -96.46879 1 0 0
14.9016 66.7903 -96.46879 0 -1 0
14.3839 66.7903 -96.46879 0 -1 0
14.3839 66.7903 -96.46879 -1 0 0
-19.9258 68.1825 -101.48268 0 -1 0
-19.9258 68.1825 -101.48268 0 0 -1
-19.9258 68.1825 -101.34638 0 -1 0
-19.9258 68.1825 -101.34638 0 0 1
-19.9258 68.7309 -101.34638 0 0 1
-19.9258 68.7309 -101.34638 0 1 0
-19.9258 68.7309 -101.48268 0 0 -1
-19.9258 68.7309 -101.48268 0 1 0
-14.7166 68.7309 -101.48268 0 0 -1
-14.7166 68.7309 -101.48268 0 1 0
-14.7166 68.7309 -101.34638 0 0 1
-14.7166 68.7309 -101.34638 0 1 0
-14.7166 68.1825 -101.34638 0 -1 0
-14.7166 68.1825 -101.34638 0 0 1
-14.7166 68.1825 -101.48268 0 -1 0
-14.7166 68.1825 -101.48268 0 0 -1
-19.9258 68.3183 -101.83028 0 -1 0
-19.9258 68.3183 -101.48268 0 -1 0
-19.9258 68.6121 -101.48268 0 1 0
-19.9258 68.6121 -101.83028 0 1 0
-14.7166 68.6121 -101.83028 0 1 0
-14.7166 68.6121 -101.48268 0 1 0
-14.7166 68.3183 -101.48268 0 -1 0
-14.7166 68.3183 -101.83028 0 -1 0
-14.7166 68.1836 -101.97131 0 -1 0
-14.7166 68.1836 -101.97131 0 0 -1
-14.7166 68.1836 -101.82978 0 -1 0
-14.7166 68.1836 -101.82978 0 0 1
-14.7166 68.7319 -101.82978 0 0 1
-14.7166 68.7319 -101.82978 0 1 0
-14.7166 68.7319 -101.97131 0 0 -1
-14.7166 68.7319 -101.97131 0 1 0
-19.9258 68.7319 -101.97131 0 0 -1
-19.9258 68.7319 -101.97131 0 1 0
-19.9258 68.7319 -101.82978 0 0 1
-19.9258 68.7319 -101.82978 0 1 0
-19.9258 68.1836 -101.82978 0 -1 0
-19.9258 68.1836 -101.82978 0 0 1
-19.9258 68.1836 -101.97131 0 -1 0
-19.9258 68.1836 -101.97131 0 0 -1
19.9259 68.1825 -101.48268 0 -1 0
19.9259 68.1825 -101.48268 0 0 -1
19.9259 68.1825 -101.34638 0 -1 0
19.9259 68.1825 -101.34638 0 0 1
19.9259 68.7309 -101.34638 0 0 1
19.9259 68.7309 -101.34638 0 1 0
19.9259 68.7309 -101.48268 0 0 -1
19.9259 68.7309 -101.48268 0 1 0
14.7167 68.7309 -101.48268 0 0 -1
14.7167 68.7309 -101.48268 0 1 0
14.7167 68.7309 -101.34638 0 0 1
14.7167 68.7309 -101.34638 0 1 0
14.7167 68.1825 -101.34638 0 -1 0
14.7167 68.1825 -101.34638 0 0 1
14.7167 68.1825 -101.48268 0 -1 0
14.7167 68.1825 -101.48268 0 0 -1
19.9259 68.3183 -101.83028 0 -1 0
19.9259 68.3183 -101.48268 0 -1 0
19.9259 68.6121 -101.48268 0 1 0
19.9259 68.6121 -101.83028 0 1 0
14.7167 68.6121 -101.83028 0 1 0
14.7167 68.6121 -101.48268 0 1 0
14.7167 68.3183 -101.48268 0 -1 0
14.7167 68.3183 -101.83028 0 -1 0
14.7167 68.1836 -101.97131 0 -1 0
14.7167 68.1836 -101.97131 0 0 -1
14.7167 68.1836 -101.82978 0 -1 0
14.7167 68.1836 -101.82978 0 0 1
14.7167 68.7319 -101.82978 0 0 1
14.7167 68.7319 -101.82978 0 1 0
14.7167 68.7319 -101.97131 0 0 -1
14.7167 68.7319 -101.97131 0 1 0
19.9259 68.7319 -101.97131 0 0 -1
19.9259 68.7319 -101.97131 0 1 0
19.9259 68.7319 -101.82978 0 0 1
19.9259 68.7319 -101.82978 0 1 0
19.9259 68.1836 -101.82978 0 -1 0
19.9259 68.1836 -101.82978 0 0 1
19.9259 68.1836 -101.97131 0 -1 0
19.9259 68.1836 -101.97131 0 0 -1
-19.9258 68.1836 -96.46209 0 -1 0
-19.9258 68.1836 -96.46209 0 0 -1
-19.9258 68.1836 -96.32059 0 -1 0
-19.9258 68.1836 -96.32059 0 0 1
-19.9258 68.7319 -96.32059 0 0 1
-19.9258 68.7319 -96.32059 0 1 0
-19.9258 68.7319 -96.46209 0 0 -1
-19.9258 68.7319 -96.46209 0 1 0
-14.7166 68.7319 -96.46209 0 0 -1
-14.7166 68.7319 -96.46209 0 1 0
-14.7166 68.7319 -96.32059 0 0 1
-14.7166 68.7319 -96.32059 0 1 0
-14.7166 68.1836 -96.32059 0 -1 0
-14.7166 68.1836 -96.32059 0 0 1
-14.7166 68.1836 -96.46209 0 -1 0
-14.7166 68.1836 -96.46209 0 0 -1
-14.7166 68.3183 -96.32108 0 -1 0
-14.7166 68.3183 -95.97349 0 -1 0
-14.7166 68.6121 -95.97349 0 1 0
-14.7166 68.6121 -96.32108 0 1 0
-19.9258 68.6121 -96.32108 0 1 0
-19.9258 68.6121 -95.97349 0 1 0
-19.9258 68.3183 -95.97349 0 -1 0
-19.9258 68.3183 -96.32108 0 -1 0
-14.7166 68.1825 -95.97349 0 -1 0
-14.7166 68.1825 -95.97349 0 0 -1
-14.7166 68.1825 -95.83719 0 -1 0
-14.7166 68.1825 -95.83719 0 0 1
-14.7166 68.7309 -95.83719 0 0 1
-14.7166 68.7309 -95.83719 0 1 0
-14.7166 68.7309 -95.97349 0 0 -1
-14.7166 68.7309 -95.97349 0 1 0
-19.9258 68.7309 -95.97349 0 0 -1
-19.9258 68.7309 -95.97349 0 1 0
-19.9258 68.7309 -95.83719 0 0 1
-19.9258 68.7309 -95.83719 0 1 0
-19.9258 68.1825 -95.83719 0 -1 0
-19.9258 68.1825 -95.83719 0 0 1
-19.9258 68.1825 -95.97349 0 -1 0
-19.9258 68.1825 -95.97349 0 0 -1
19.9259 68.1836 -96.46209 0 -1 0
19.9259 68.1836 -96.46209 0 0 -1
19.9259 68.1836 -96.32059 0 -1 0
19.9259 68.1836 -96.32059 0 0 1
19.9259 68.7319 -96.32059 0 0 1
19.9259 68.7319 -96.32059 0 1 0
19.9259 68.7319 -96.46209 0 0 -1
19.9259 68.7319 -96.46209 0 1 0
14.7167 68.7319 -96.46209 0 0 -1
14.7167 68.7319 -96.46209 0 1 0
14.7167 68.7319 -96.32059 0 0 1
14.7167 68.7319 -96.32059 0 1 0
14.7167 68.1836 -96.32059 0 -1 0
14.7167 68.1836 -96.32059 0 0 1
14.7167 68.1836 -96.46209 0 -1 0
14.7167 68.1836 -96.46209 0 0 -1
14.7167 68.3183 -96.32108 0 -1 0
14.7167 68.3183 -95.97349 0 -1 0
14.7167 68.6121 -95.97349 0 1 0
14.7167 68.6121 -96.32108 0 1 0
19.9259 68.6121 -96.32108 0 1 0
19.9259 68.6121 -95.97349 0 1 0
19.9259 68.3183 -95.97349 0 -1 0
19.9259 68.3183 -96.32108 0 -1 0
14.7167 68.1825 -95.97349 0 -1 0
14.7167 68.1825 -95.97349 0 0 -1
14.7167 68.1825 -95.83719 0 -1 0
14.7167 68.1825 -95.83719 0 0 1
14.7167 68.7309 -95.83719 0 0 1
14.7167 68.7309 -95.83719 0 1 0
14.7167 68.7309 -95.97349 0 0 -1
14.7167 68.7309 -95.97349 0 1 0
19.9259 68.7309 -95.97349 0 0 -1
19.9259 68.7309 -95.97349 0 1 0
19.9259 68.7309 -95.83719 0 0 1
19.9259 68.7309 -95.83719 0 1 0
19.9259 68.1825 -95.83719 0 -1 0
19.9259 68.1825 -95.83719 0 0 1
19.9259 68.1825 -95.97349 0 -1 0
19.9259 68.1825 -95.97349 0 0 -1
-14.9607 68.1625 -89.89319 0 -1 0
-14.9607 68.1625 -89.89319 -1 0 0
-14.8192 68.1625 -89.89319 1 0 0
-14.8192 68.1625 -89.89319 0 -1 0
-14.8192 68.7108 -89.89319 1 0 0
-14.8192 68.7108 -89.89319 0 1 0
-14.9607 68.7108 -89.89319 0 1 0
-14.9607 68.7108 -89.89319 -1 0 0
-14.9607 68.7108 -125.81358 0 1 0
-14.9607 68.7108 -125.81358 -1 0 0
-14.8192 68.7108 -125.81358 1 0 0
-14.8192 68.7108 -125.81358 0 1 0
-14.8192 68.1625 -125.81358 1 0 0
-14.8192 68.1625 -125.81358 0 -1 0
-14.9607 68.1625 -125.81358 0 -1 0
-14.9607 68.1625 -125.81358 -1 0 0
-14.8197 68.2972 -125.81358 0 -1 0
-14.4721 68.2972 -125.81358 0 -1 0
-14.4721 68.591 -125.81358 0 1 0
-14.8197 68.591 -125.81358 0 1 0
-14.8197 68.591 -89.89319 0 1 0
-14.4721 68.591 -89.89319 0 1 0
-14.4721 68.2972 -89.89319 0 -1 0
-14.8197 68.2972 -89.89319 0 -1 0
-14.4721 68.1614 -125.81358 0 -1 0
-14.4721 68.1614 -125.81358 -1 0 0
-14.3358 68.1614 -125.81358 1 0 0
-14.3358 68.1614 -125.81358 0 -1 0
-14.3358 68.7098 -125.81358 1 0 0
-14.3358 68.7098 -125.81358 0 1 0
-14.4721 68.7098 -125.81358 0 1 0
-14.4721 68.7098 -125.81358 -1 0 0
-14.4721 68.7098 -89.89319 0 1 0
-14.4721 68.7098 -89.89319 -1 0 0
-14.3358 68.7098 -89.89319 1 0 0
-14.3358 68.7098 -89.89319 0 1 0
-14.3358 68.1614 -89.89319 1 0 0
-14.3358 68.1614 -89.89319 0 -1 0
-14.4721 68.1614 -89.89319 0 -1 0
-14.4721 68.1614 -89.89319 -1 0 0
14.9607 68.1625 -89.89319 1 0 0
14.9607 68.1625 -89.89319 0 -1 0
14.8192 68.1625 -89.89319 0 -1 0
14.8192 68.1625 -89.89319 -1 0 0
14.8192 68.7108 -89.89319 0 1 0
14.8192 68.7108 -89.89319 -1 0 0
14.9607 68.7108 -89.89319 1 0 0
14.9607 68.7108 -89.89319 0 1 0
14.9607 68.7108 -125.81358 1 0 0
14.9607 68.7108 -125.81358 0 1 0
14.8192 68.7108 -125.81358 0 1 0
14.8192 68.7108 -125.81358 -1 0 0
14.8192 68.1625 -125.81358 0 -1 0
14.8192 68.1625 -125.81358 -1 0 0
14.9607 68.1625 -125.81358 1 0 0
14.9607 68.1625 -125.81358 0 -1 0
14.8197 68.2972 -125.81358 0 -1 0
14.4721 68.2972 -125.81358 0 -1 0
14.4721 68.591 -125.81358 0 1 0
14.8197 68.591 -125.81358 0 1 0
14.8197 68.591 -89.89319 0 1 0
14.4721 68.591 -89.89319 0 1 0
14.4721 68.2972 -89.89319 0 -1 0
14.8197 68.2972 -89.89319 0 -1 0
14.4721 68.1614 -125.81358 1 0 0
14.4721 68.1614 -125.81358 0 -1 0
14.3358 68.1614 -125.81358 0 -1 0
14.3358 68.1614 -125.81358 -1 0 0
14.3358 68.7098 -125.81358 0 1 0
14.3358 68.7098 -125.81358 -1 0 0
14.4721 68.7098 -125.81358 1 0 0
14.4721 68.7098 -125.81358 0 1 0
14.4721 68.7098 -89.89319 1 0 0
14.4721 68.7098 -89.89319 0 1 0
14.3358 68.7098 -89.89319 0 1 0
14.3358 68.7098 -89.89319 -1 0 0
14.3358 68.1614 -89.89319 0 -1 0
14.3358 68.1614 -89.89319 -1 0 0
14.4721 68.1614 -89.89319 1 0 0
14.4721 68.1614 -89.89319 0 -1 0
-20.231 68.2989 -125.81358 0 -1 0
-19.8834 68.2989 -125.81358 0 -1 0
-19.8834 68.5927 -125.81358 0 1 0
-20.231 68.5927 -125.81358 0 1 0
-20.231 68.5927 -89.89319 0 1 0
-19.8834 68.5927 -89.89319 0 1 0
-19.8834 68.2989 -89.89319 0 -1 0
-20.231 68.2989 -89.89319 0 -1 0
-19.8834 68.1631 -125.81358 0 -1 0
-19.8834 68.1631 -125.81358 -1 0 0
-19.7471 68.1631 -125.81358 1 0 0
-19.7471 68.1631 -125.81358 0 -1 0
-19.7471 68.7115 -125.81358 1 0 0
-19.7471 68.7115 -125.81358 0 1 0
-19.8834 68.7115 -125.81358 0 1 0
-19.8834 68.7115 -125.81358 -1 0 0
-19.8834 68.7115 -89.89319 0 1 0
-19.8834 68.7115 -89.89319 -1 0 0
-19.7471 68.7115 -89.89319 1 0 0
-19.7471 68.7115 -89.89319 0 1 0
-19.7471 68.1631 -89.89319 1 0 0
-19.7471 68.1631 -89.89319 0 -1 0
-19.8834 68.1631 -89.89319 0 -1 0
-19.8834 68.1631 -89.89319 -1 0 0
20.2309 68.2989 -125.81358 0 -1 0
19.8833 68.2989 -125.81358 0 -1 0
19.8833 68.5927 -125.81358 0 1 0
20.2309 68.5927 -125.81358 0 1 0
20.2309 68.5927 -89.89319 0 1 0
19.8833 68.5927 -89.89319 0 1 0
19.8833 68.2989 -89.89319 0 -1 0
20.2309 68.2989 -89.89319 0 -1 0
19.8833 68.1631 -125.81358 1 0 0
19.8833 68.1631 -125.81358 0 -1 0
19.747 68.1631 -125.81358 0 -1 0
19.747 68.1631 -125.81358 -1 0 0
19.747 68.7115 -125.81358 0 1 0
19.747 68.7115 -125.81358 -1 0 0
19.8833 68.7115 -125.81358 1 0 0
19.8833 68.7115 -125.81358 0 1 0
19.8833 68.7115 -89.89319 1 0 0
19.8833 68.7115 -89.89319 0 1 0
19.747 68.7115 -89.89319 0 1 0
19.747 68.7115 -89.89319 -1 0 0
19.747 68.1631 -89.89319 0 -1 0
19.747 68.1631 -89.89319 -1 0 0
19.8833 68.1631 -89.89319 1 0 0
19.8833 68.1631 -89.89319 0 -1 0
8.47215 74.4714 -89.89319 1 0 0
8.47215 74.4714 -89.89319 0 -1 0
8.33585 74.4714 -89.89319 0 -1 0
8.33585 74.4714 -89.89319 -1 0 0
8.33585 75.0198 -89.89319 0 1 0
8.33585 75.0198 -89.89319 -1 0 0
8.47215 75.0198 -89.89319 1 0 0
8.47215 75.0198 -89.89319 0 1 0
8.47215 75.0198 -125.81358 1 0 0
8.47215 75.0198 -125.81358 0 1 0
8.33585 75.0198 -125.81358 0 1 0
8.33585 75.0198 -125.81358 -1 0 0
8.33585 74.4714 -125.81358 0 -1 0
8.33585 74.4714 -125.81358 -1 0 0
8.47215 74.4714 -125.81358 1 0 0
8.47215 74.4714 -125.81358 0 -1 0
8.81974 74.6072 -89.89319 0 -1 0
8.47215 74.6072 -89.89319 0 -1 0
8.47215 74.901 -89.89319 0 1 0
8.81974 74.901 -89.89319 0 1 0
8.81974 74.901 -125.81358 0 1 0
8.47215 74.901 -125.81358 0 1 0
8.47215 74.6072 -125.81358 0 -1 0
8.81974 74.6072 -125.81358 0 -1 0
8.96075 74.4725 -125.81358 1 0 0
8.96075 74.4725 -125.81358 0 -1 0
8.81924 74.4725 -125.81358 0 -1 0
8.81924 74.4725 -125.81358 -1 0 0
8.81924 75.0208 -125.81358 0 1 0
8.81924 75.0208 -125.81358 -1 0 0
8.96075 75.0208 -125.81358 1 0 0
8.96075 75.0208 -125.81358 0 1 0
8.96075 75.0208 -89.89319 1 0 0
8.96075 75.0208 -89.89319 0 1 0
8.81924 75.0208 -89.89319 0 1 0
8.81924 75.0208 -89.89319 -1 0 0
8.81924 74.4725 -89.89319 0 -1 0
8.81924 74.4725 -89.89319 -1 0 0
8.96075 74.4725 -89.89319 1 0 0
8.96075 74.4725 -89.89319 0 -1 0
2.96074 74.4725 -89.89319 1 0 0
2.96074 74.4725 -89.89319 0 -1 0
2.81924 74.4725 -89.89319 0 -1 0
2.81924 74.4725 -89.89319 -1 0 0
2.81924 75.0208 -89.89319 0 1 0
2.81924 75.0208 -89.89319 -1 0 0
2.96074 75.0208 -89.89319 1 0 0
2.96074 75.0208 -89.89319 0 1 0
2.96074 75.0208 -125.81358 1 0 0
2.96074 75.0208 -125.81358 0 1 0
2.81924 75.0208 -125.81358 0 1 0
2.81924 75.0208 -125.81358 -1 0 0
2.81924 74.4725 -125.81358 0 -1 0
2.81924 74.4725 -125.81358 -1 0 0
2.96074 74.4725 -125.81358 1 0 0
2.96074 74.4725 -125.81358 0 -1 0
2.81973 74.6072 -125.81358 0 -1 0
2.47214 74.6072 -125.81358 0 -1 0
2.47214 74.901 -125.81358 0 1 0
2.81973 74.901 -125.81358 0 1 0
2.81973 74.901 -89.89319 0 1 0
2.47214 74.901 -89.89319 0 1 0
2.47214 74.6072 -89.89319 0 -1 0
2.81973 74.6072 -89.89319 0 -1 0
2.47214 74.4714 -125.81358 1 0 0
2.47214 74.4714 -125.81358 0 -1 0
2.33584 74.4714 -125.81358 0 -1 0
2.33584 74.4714 -125.81358 -1 0 0
2.33584 75.0198 -125.81358 0 1 0
2.33584 75.0198 -125.81358 -1 0 0
2.47214 75.0198 -125.81358 1 0 0
2.47214 75.0198 -125.81358 0 1 0
2.47214 75.0198 -89.89319 1 0 0
2.47214 75.0198 -89.89319 0 1 0
2.33584 75.0198 -89.89319 0 1 0
2.33584 75.0198 -89.89319 -1 0 0
2.33584 74.4714 -89.89319 0 -1 0
2.33584 74.4714 -89.89319 -1 0 0
2.47214 74.4714 -89.89319 1 0 0
2.47214 74.4714 -89.89319 0 -1 0
-3.52786 74.4714 -89.89319 1 0 0
-3.52786 74.4714 -89.89319 0 -1 0
-3.66416 74.4714 -89.89319 0 -1 0
-3.66416 74.4714 -89.89319 -1 0 0
-3.66416 75.0198 -89.89319 0 1 0
-3.66416 75.0198 -89.89319 -1 0 0
-3.52786 75.0198 -89.89319 1 0 0
-3.52786 75.0198 -89.89319 0 1 0
-3.52786 75.0198 -125.81358 1 0 0
-3.52786 75.0198 -125.81358 0 1 0
-3.66416 75.0198 -125.81358 0 1 0
-3.66416 75.0198 -125.81358 -1 0 0
-3.66416 74.4714 -125.81358 0 -1 0
-3.66416 74.4714 -125.81358 -1 0 0
-3.52786 74.4714 -125.81358 1 0 0
-3.52786 74.4714 -125.81358 0 -1 0
-3.18027 74.6072 -89.89319 0 -1 0
-3.52786 74.6072 -89.89319 0 -1 0
-3.52786 74.901 -89.89319 0 1 0
-3.18027 74.901 -89.89319 0 1 0
-3.18027 74.901 -125.81358 0 1 0
-3.52786 74.901 -125.81358 0 1 0
-3.52786 74.6072 -125.81358 0 -1 0
-3.18027 74.6072 -125.81358 0 -1 0
-3.03926 74.4725 -125.81358 1 0 0
-3.03926 74.4725 -125.81358 0 -1 0
-3.18076 74.4725 -125.81358 0 -1 0
-3.18076 74.4725 -125.81358 -1 0 0
-3.18076 75.0208 -125.81358 0 1 0
-3.18076 75.0208 -125.81358 -1 0 0
-3.03926 75.0208 -125.81358 1 0 0
-3.03926 75.0208 -125.81358 0 1 0
-3.03926 75.0208 -89.89319 1 0 0
-3.03926 75.0208 -89.89319 0 1 0
-3.18076 75.0208 -89.89319 0 1 0
-3.18076 75.0208 -89.89319 -1 0 0
-3.18076 74.4725 -89.89319 0 -1 0
-3.18076 74.4725 -89.89319 -1 0 0
-3.03926 74.4725 -89.89319 1 0 0
-3.03926 74.4725 -89.89319 0 -1 0
-9.03926 74.4725 -89.89319 1 0 0
-9.03926 74.4725 -89.89319 0 -1 0
-9.18076 74.4725 -89.89319 0 -1 0
-9.18076 74.4725 -89.89319 -1 0 0
-9.18076 75.0208 -89.89319 0 1 0
-9.18076 75.0208 -89.89319 -1 0 0
-9.03926 75.0208 -89.89319 1 0 0
-9.03926 75.0208 -89.89319 0 1 0
-9.03926 75.0208 -125.81358 1 0 0
-9.03926 75.0208 -125.81358 0 1 0
-9.18076 75.0208 -125.81358 0 1 0
-9.18076 75.0208 -125.81358 -1 0 0
-9.18076 74.4725 -125.81358 0 -1 0
-9.18076 74.4725 -125.81358 -1 0 0
-9.03926 74.4725 -125.81358 1 0 0
-9.03926 74.4725 -125.81358 0 -1 0
-9.18027 74.6072 -125.81358 0 -1 0
-9.52786 74.6072 -125.81358 0 -1 0
-9.52786 74.901 -125.81358 0 1 0
-9.18027 74.901 -125.81358 0 1 0
-9.18027 74.901 -89.89319 0 1 0
-9.52786 74.901 -89.89319 0 1 0
-9.52786 74.6072 -89.89319 0 -1 0
-9.18027 74.6072 -89.89319 0 -1 0
-9.52786 74.4714 -125.81358 1 0 0
-9.52786 74.4714 -125.81358 0 -1 0
-9.66416 74.4714 -125.81358 0 -1 0
-9.66416 74.4714 -125.81358 -1 0 0
-9.66416 75.0198 -125.81358 0 1 0
-9.66416 75.0198 -125.81358 -1 0 0
-9.52786 75.0198 -125.81358 1 0 0
-9.52786 75.0198 -125.81358 0 1 0
-9.52786 75.0198 -89.89319 1 0 0
-9.52786 75.0198 -89.89319 0 1 0
-9.66416 75.0198 -89.89319 0 1 0
-9.66416 75.0198 -89.89319 -1 0 0
-9.66416 74.4714 -89.89319 0 -1 0
-9.66416 74.4714 -89.89319 -1 0 0
-9.52786 74.4714 -89.89319 1 0 0
-9.52786 74.4714 -89.89319 0 -1 0
14.4721 74.4714 -89.89319 1 0 0
14.4721 74.4714 -89.89319 0 -1 0
14.3358 74.4714 -89.89319 0 -1 0
14.3358 74.4714 -89.89319 -1 0 0
14.3358 75.0198 -89.89319 0 1 0
14.3358 75.0198 -89.89319 -1 0 0
14.4721 75.0198 -89.89319 1 0 0
14.4721 75.0198 -89.89319 0 1 0
14.4721 75.0198 -125.81358 1 0 0
14.4721 75.0198 -125.81358 0 1 0
14.3358 75.0198 -125.81358 0 1 0
14.3358 75.0198 -125.81358 -1 0 0
14.3358 74.4714 -125.81358 0 -1 0
14.3358 74.4714 -125.81358 -1 0 0
14.4721 74.4714 -125.81358 1 0 0
14.4721 74.4714 -125.81358 0 -1 0
14.8197 74.6072 -89.89319 0 -1 0
14.4721 74.6072 -89.89319 0 -1 0
14.4721 74.901 -89.89319 0 1 0
14.8197 74.901 -89.89319 0 1 0
14.8197 74.901 -125.81358 0 1 0
14.4721 74.901 -125.81358 0 1 0
14.4721 74.6072 -125.81358 0 -1 0
14.8197 74.6072 -125.81358 0 -1 0
14.9607 74.4725 -125.81358 1 0 0
14.9607 74.4725 -125.81358 0 -1 0
14.8192 74.4725 -125.81358 0 -1 0
14.8192 74.4725 -125.81358 -1 0 0
14.8192 75.0208 -125.81358 0 1 0
14.8192 75.0208 -125.81358 -1 0 0
14.9607 75.0208 -125.81358 1 0 0
14.9607 75.0208 -125.81358 0 1 0
14.9607 75.0208 -89.89319 1 0 0
14.9607 75.0208 -89.89319 0 1 0
14.8192 75.0208 -89.89319 0 1 0
14.8192 75.0208 -89.89319 -1 0 0
14.8192 74.4725 -89.89319 0 -1 0
14.8192 74.4725 -89.89319 -1 0 0
14.9607 74.4725 -89.89319 1 0 0
14.9607 74.4725 -89.89319 0 -1 0
-14.4721 74.4714 -89.89319 0 -1 0
-14.4721 74.4714 -89.89319 -1 0 0
-14.3358 74.4714 -89.89319 1 0 0
-14.3358 74.4714 -89.89319 0 -1 0
-14.3358 75.0198 -89.89319 1 0 0
-14.3358 75.0198 -89.89319 0 1 0
-14.4721 75.0198 -89.89319 0 1 0
-14.4721 75.0198 -89.89319 -1 0 0
-14.4721 75.0198 -125.81358 0 1 0
-14.4721 75.0198 -125.81358 -1 0 0
-14.3358 75.0198 -125.81358 1 0 0
-14.3358 75.0198 -125.81358 0 1 0
-14.3358 74.4714 -125.81358 1 0 0
-14.3358 74.4714 -125.81358 0 -1 0
-14.4721 74.4714 -125.81358 0 -1 0
-14.4721 74.4714 -125.81358 -1 0 0
-14.8197 74.6072 -89.89319 0 -1 0
-14.4721 74.6072 -89.89319 0 -1 0
-14.4721 74.901 -89.89319 0 1 0
-14.8197 74.901 -89.89319 0 1 0
-14.8197 74.901 -125.81358 0 1 0
-14.4721 74.901 -125.81358 0 1 0
-14.4721 74.6072 -125.81358 0 -1 0
-14.8197 74.6072 -125.81358 0 -1 0
-14.9607 74.4725 -125.81358 0 -1 0
-14.9607 74.4725 -125.81358 -1 0 0
-14.8192 74.4725 -125.81358 1 0 0
-14.8192 74.4725 -125.81358 0 -1 0
-14.8192 75.0208 -125.81358 1 0 0
-14.8192 75.0208 -125.81358 0 1 0
-14.9607 75.0208 -125.81358 0 1 0
-14.9607 75.0208 -125.81358 -1 0 0
-14.9607 75.0208 -89.89319 0 1 0
-14.9607 75.0208 -89.89319 -1 0 0
-14.8192 75.0208 -89.89319 1 0 0
-14.8192 75.0208 -89.89319 0 1 0
-14.8192 74.4725 -89.89319 1 0 0
-14.8192 74.4725 -89.89319 0 -1 0
-14.9607 74.4725 -89.89319 0 -1 0
-14.9607 74.4725 -89.89319 -1 0 0
-19.8834 74.4732 -89.89319 0 -1 0
-19.8834 74.4732 -89.89319 -1 0 0
-19.7471 74.4732 -89.89319 1 0 0
-19.7471 74.4732 -89.89319 0 -1 0
-19.7471 75.0216 -89.89319 1 0 0
-19.7471 75.0216 -89.89319 0 1 0
-19.8834 75.0216 -89.89319 0 1 0
-19.8834 75.0216 -89.89319 -1 0 0
-19.8834 75.0216 -125.81358 0 1 0
-19.8834 75.0216 -125.81358 -1 0 0
-19.7471 75.0216 -125.81358 1 0 0
-19.7471 75.0216 -125.81358 0 1 0
-19.7471 74.4732 -125.81358 1 0 0
-19.7471 74.4732 -125.81358 0 -1 0
-19.8834 74.4732 -125.81358 0 -1 0
-19.8834 74.4732 -125.81358 -1 0 0
-20.231 74.609 -89.89319 0 -1 0
-19.8834 74.609 -89.89319 0 -1 0
-19.8834 74.9028 -89.89319 0 1 0
-20.231 74.9028 -89.89319 0 1 0
-20.231 74.9028 -125.81358 0 1 0
-19.8834 74.9028 -125.81358 0 1 0
-19.8834 74.609 -125.81358 0 -1 0
-20.231 74.609 -125.81358 0 -1 0
19.8833 74.4732 -89.89319 1 0 0
19.8833 74.4732 -89.89319 0 -1 0
19.747 74.4732 -89.89319 0 -1 0
19.747 74.4732 -89.89319 -1 0 0
19.747 75.0216 -89.89319 0 1 0
19.747 75.0216 -89.89319 -1 0 0
19.8833 75.0216 -89.89319 1 0 0
19.8833 75.0216 -89.89319 0 1 0
19.8833 75.0216 -125.81358 1 0 0
19.8833 75.0216 -125.81358 0 1 0
19.747 75.0216 -125.81358 0 1 0
19.747 75.0216 -125.81358 -1 0 0
19.747 74.4732 -125.81358 0 -1 0
19.747 74.4732 -125.81358 -1 0 0
19.8833 74.4732 -125.81358 1 0 0
19.8833 74.4732 -125.81358 0 -1 0
20.2309 74.609 -89.89319 0 -1 0
19.8833 74.609 -89.89319 0 -1 0
19.8833 74.9028 -89.89319 0 1 0
20.2309 74.9028 -89.89319 0 1 0
20.2309 74.9028 -125.81358 0 1 0
19.8833 74.9028 -125.81358 0 1 0
19.8833 74.609 -125.81358 0 -1 0
20.2309 74.609 -125.81358 0 -1 0
-19.9231 54.2349 -125.24149 0 1 0
-19.9231 54.2349 -101.71258 0 1 0
-19.4587 54.2349 -101.71258 1 0 0
-19.4587 54.2349 -101.71258 0 1 0
-19.4587 53.9 -101.71258 1 0 0
-19.4587 53.9 -101.71258 0 -1 0
-19.9231 53.9 -101.71258 0 -1 0
-19.9231 53.9 -125.24149 0 -1 0
-19.4587 53.9 -125.24149 1 0 0
-19.4587 53.9 -125.24149 0 -1 0
19.4486 54.2349 -125.24149 0 1 0
19.4486 54.2349 -125.24149 -1 0 0
19.9131 54.2349 -125.24149 0 1 0
19.9131 54.2349 -101.71258 0 1 0
19.4486 54.2349 -101.71258 0 1 0
19.4486 54.2349 -101.71258 -1 0 0
19.4486 53.9 -101.71258 0 -1 0
19.4486 53.9 -101.71258 -1 0 0
19.9131 53.9 -101.71258 0 -1 0
19.9131 53.9 -125.24149 0 -1 0
19.4486 53.9 -125.24149 0 -1 0
19.4486 53.9 -125.24149 -1 0 0
19.9102 54.2349 -125.75758 0 1 0
-19.923 54.2349 -125.75758 0 1 0
-19.923 54.2349 -125.24209 0 0 1
-19.923 54.2349 -125.24209 0 1 0
19.9102 54.2349 -125.24209 0 0 1
19.9102 54.2349 -125.24209 0 1 0
19.9102 53.9 -125.24209 0 -1 0
19.9102 53.9 -125.24209 0 0 1
-19.923 53.9 -125.24209 0 -1 0
-19.923 53.9 -125.24209 0 0 1
-19.923 53.9 -125.75758 0 -1 0
19.9102 53.9 -125.75758 0 -1 0
-15.2086 53.9 -125.24149 1 0 0
-15.2086 53.9 -125.24149 0 -1 0
-15.6731 53.9 -125.24149 0 -1 0
-15.6731 53.9 -125.24149 -1 0 0
-15.6731 53.9 -101.71258 0 -1 0
-15.6731 53.9 -101.71258 -1 0 0
-15.2086 53.9 -101.71258 1 0 0
-15.2086 53.9 -101.71258 0 -1 0
-15.2086 54.2349 -101.71258 1 0 0
-15.2086 54.2349 -101.71258 0 1 0
-15.6731 54.2349 -101.71258 0 1 0
-15.6731 54.2349 -101.71258 -1 0 0
-15.6731 54.2349 -125.24149 0 1 0
-15.6731 54.2349 -125.24149 -1 0 0
-15.2086 54.2349 -125.24149 1 0 0
-15.2086 54.2349 -125.24149 0 1 0
15.2086 53.9 -125.24149 0 -1 0
15.2086 53.9 -125.24149 -1 0 0
15.6731 53.9 -125.24149 1 0 0
15.6731 53.9 -125.24149 0 -1 0
15.6731 53.9 -101.71258 1 0 0
15.6731 53.9 -101.71258 0 -1 0
15.2086 53.9 -101.71258 0 -1 0
15.2086 53.9 -101.71258 -1 0 0
15.2086 54.2349 -101.71258 0 1 0
15.2086 54.2349 -101.71258 -1 0 0
15.6731 54.2349 -101.71258 1 0 0
15.6731 54.2349 -101.71258 0 1 0
15.6731 54.2349 -125.24149 1 0 0
15.6731 54.2349 -125.24149 0 1 0
15.2086 54.2349 -125.24149 0 1 0
15.2086 54.2349 -125.24149 -1 0 0
-19.4587 54.2349 -125.24149 1 0 0
-19.4587 54.2349 -125.24149 0 1 0
-19.9231 57.335 -125.24149 0 1 0
-19.9231 57.335 -101.71258 0 1 0
-19.4587 57.335 -101.71258 1 0 0
-19.4587 57.335 -101.71258 0 1 0
-19.4587 57.0001 -101.71258 1 0 0
-19.4587 57.0001 -101.71258 0 -1 0
-19.9231 57.0001 -101.71258 0 -1 0
-19.9231 57.0001 -125.24149 0 -1 0
-19.4587 57.0001 -125.24149 1 0 0
-19.4587 57.0001 -125.24149 0 -1 0
19.4486 57.335 -125.24149 0 1 0
19.4486 57.335 -125.24149 -1 0 0
19.9131 57.335 -125.24149 0 1 0
19.9131 57.335 -101.71258 0 1 0
19.4486 57.335 -101.71258 0 1 0
19.4486 57.335 -101.71258 -1 0 0
19.4486 57.0001 -101.71258 0 -1 0
19.4486 57.0001 -101.71258 -1 0 0
19.9131 57.0001 -101.71258 0 -1 0
19.9131 57.0001 -125.24149 0 -1 0
19.4486 57.0001 -125.24149 0 -1 0
19.4486 57.0001 -125.24149 -1 0 0
19.9102 57.335 -125.75758 0 1 0
-19.923 57.335 -125.75758 0 1 0
-19.923 57.335 -125.24209 0 0 1
-19.923 57.335 -125.24209 0 1 0
19.9102 57.335 -125.24209 0 0 1
19.9102 57.335 -125.24209 0 1 0
19.9102 57.0001 -125.24209 0 -1 0
19.9102 57.0001 -125.24209 0 0 1
-19.923 57.0001 -125.24209 0 -1 0
-19.923 57.0001 -125.24209 0 0 1
-19.923 57.0001 -125.75758 0 -1 0
19.9102 57.0001 -125.75758 0 -1 0
-15.2086 57.0001 -125.24149 1 0 0
-15.2086 57.0001 -125.24149 0 -1 0
-15.6731 57.0001 -125.24149 0 -1 0
-15.6731 57.0001 -125.24149 -1 0 0
-15.6731 57.0001 -101.71258 0 -1 0
-15.6731 57.0001 -101.71258 -1 0 0
-15.2086 57.0001 -101.71258 1 0 0
-15.2086 57.0001 -101.71258 0 -1 0
-15.2086 57.335 -101.71258 1 0 0
-15.2086 57.335 -101.71258 0 1 0
-15.6731 57.335 -101.71258 0 1 0
-15.6731 57.335 -101.71258 -1 0 0
-15.6731 57.335 -125.24149 0 1 0
-15.6731 57.335 -125.24149 -1 0 0
-15.2086 57.335 -125.24149 1 0 0
-15.2086 57.335 -125.24149 0 1 0
15.2086 57.0001 -125.24149 0 -1 0
15.2086 57.0001 -125.24149 -1 0 0
15.6731 57.0001 -125.24149 1 0 0
15.6731 57.0001 -125.24149 0 -1 0
15.6731 57.0001 -101.71258 1 0 0
15.6731 57.0001 -101.71258 0 -1 0
15.2086 57.0001 -101.71258 0 -1 0
15.2086 57.0001 -101.71258 -1 0 0
15.2086 57.335 -101.71258 0 1 0
15.2086 57.335 -101.71258 -1 0 0
15.6731 57.335 -101.71258 1 0 0
15.6731 57.335 -101.71258 0 1 0
15.6731 57.335 -125.24149 1 0 0
15.6731 57.335 -125.24149 0 1 0
15.2086 57.335 -125.24149 0 1 0
15.2086 57.335 -125.24149 -1 0 0
-19.4587 57.335 -125.24149 1 0 0
-19.4587 57.335 -125.24149 0 1 0
-19.9231 60.2349 -125.24149 0 1 0
-19.9231 60.2349 -101.71258 0 1 0
-19.4587 60.2349 -101.71258 1 0 0
-19.4587 60.2349 -101.71258 0 1 0
-19.4587 59.9 -101.71258 1 0 0
-19.4587 59.9 -101.71258 0 -1 0
-19.9231 59.9 -101.71258 0 -1 0
-19.9231 59.9 -125.24149 0 -1 0
-19.4587 59.9 -125.24149 1 0 0
-19.4587 59.9 -125.24149 0 -1 0
19.4486 60.2349 -125.24149 0 1 0
19.4486 60.2349 -125.24149 -1 0 0
19.9131 60.2349 -125.24149 0 1 0
19.9131 60.2349 -101.71258 0 1 0
19.4486 60.2349 -101.71258 0 1 0
19.4486 60.2349 -101.71258 -1 0 0
19.4486 59.9 -101.71258 0 -1 0
19.4486 59.9 -101.71258 -1 0 0
19.9131 59.9 -101.71258 0 -1 0
19.9131 59.9 -125.24149 0 -1 0
19.4486 59.9 -125.24149 0 -1 0
19.4486 59.9 -125.24149 -1 0 0
19.9102 60.2349 -125.75758 0 1 0
-19.923 60.2349 -125.75758 0 1 0
-19.923 60.2349 -125.24209 0 0 1
-19.923 60.2349 -125.24209 0 1 0
19.9102 60.2349 -125.24209 0 0 1
19.9102 60.2349 -125.24209 0 1 0
19.9102 59.9 -125.24209 0 -1 0
19.9102 59.9 -125.24209 0 0 1
-19.923 59.9 -125.24209 0 -1 0
-19.923 59.9 -125.24209 0 0 1
-19.923 59.9 -125.75758 0 -1 0
19.9102 59.9 -125.75758 0 -1 0
-15.2086 59.9 -125.24149 1 0 0
-15.2086 59.9 -125.24149 0 -1 0
-15.6731 59.9 -125.24149 0 -1 0
-15.6731 59.9 -125.24149 -1 0 0
-15.6731 59.9 -101.71258 0 -1 0
-15.6731 59.9 -101.71258 -1 0 0
-15.2086 59.9 -101.71258 1 0 0
-15.2086 59.9 -101.71258 0 -1 0
-15.2086 60.2349 -101.71258 1 0 0
-15.2086 60.2349 -101.71258 0 1 0
-15.6731 60.2349 -101.71258 0 1 0
-15.6731 60.2349 -101.71258 -1 0 0
-15.6731 60.2349 -125.24149 0 1 0
-15.6731 60.2349 -125.24149 -1 0 0
-15.2086 60.2349 -125.24149 1 0 0
-15.2086 60.2349 -125.24149 0 1 0
15.2086 59.9 -125.24149 0 -1 0
15.2086 59.9 -125.24149 -1 0 0
15.6731 59.9 -125.24149 1 0 0
15.6731 59.9 -125.24149 0 -1 0
15.6731 59.9 -101.71258 1 0 0
15.6731 59.9 -101.71258 0 -1 0
15.2086 59.9 -101.71258 0 -1 0
15.2086 59.9 -101.71258 -1 0 0
15.2086 60.2349 -101.71258 0 1 0
15.2086 60.2349 -101.71258 -1 0 0
15.6731 60.2349 -101.71258 1 0 0
15.6731 60.2349 -101.71258 0 1 0
15.6731 60.2349 -125.24149 1 0 0
15.6731 60.2349 -125.24149 0 1 0
15.2086 60.2349 -125.24149 0 1 0
15.2086 60.2349 -125.24149 -1 0 0
-19.4587 60.2349 -125.24149 1 0 0
-19.4587 60.2349 -125.24149 0 1 0
-19.9231 63.335 -125.24149 0 1 0
-19.9231 63.335 -101.71258 0 1 0
-19.4587 63.335 -101.71258 1 0 0
-19.4587 63.335 -101.71258 0 1 0
-19.4587 63.0001 -101.71258 1 0 0
-19.4587 63.0001 -101.71258 0 -1 0
-19.9231 63.0001 -101.71258 0 -1 0
-19.9231 63.0001 -125.24149 0 -1 0
-19.4587 63.0001 -125.24149 1 0 0
-19.4587 63.0001 -125.24149 0 -1 0
19.4486 63.335 -125.24149 0 1 0
19.4486 63.335 -125.24149 -1 0 0
19.9131 63.335 -125.24149 0 1 0
19.9131 63.335 -101.71258 0 1 0
19.4486 63.335 -101.71258 0 1 0
19.4486 63.335 -101.71258 -1 0 0
19.4486 63.0001 -101.71258 0 -1 0
19.4486 63.0001 -101.71258 -1 0 0
19.9131 63.0001 -101.71258 0 -1 0
19.9131 63.0001 -125.24149 0 -1 0
19.4486 63.0001 -125.24149 0 -1 0
19.4486 63.0001 -125.24149 -1 0 0
19.9102 63.335 -125.75758 0 1 0
-19.923 63.335 -125.75758 0 1 0
-19.923 63.335 -125.24209 0 0 1
-19.923 63.335 -125.24209 0 1 0
19.9102 63.335 -125.24209 0 0 1
19.9102 63.335 -125.24209 0 1 0
19.9102 63.0001 -125.24209 0 -1 0
19.9102 63.0001 -125.24209 0 0 1
-19.923 63.0001 -125.24209 0 -1 0
-19.923 63.0001 -125.24209 0 0 1
-19.923 63.0001 -125.75758 0 -1 0
19.9102 63.0001 -125.75758 0 -1 0
-15.2086 63.0001 -125.24149 1 0 0
-15.2086 63.0001 -125.24149 0 -1 0
-15.6731 63.0001 -125.24149 0 -1 0
-15.6731 63.0001 -125.24149 -1 0 0
-15.6731 63.0001 -101.71258 0 -1 0
-15.6731 63.0001 -101.71258 -1 0 0
-15.2086 63.0001 -101.71258 1 0 0
-15.2086 63.0001 -101.71258 0 -1 0
-15.2086 63.335 -101.71258 1 0 0
-15.2086 63.335 -101.71258 0 1 0
-15.6731 63.335 -101.71258 0 1 0
-15.6731 63.335 -101.71258 -1 0 0
-15.6731 63.335 -125.24149 0 1 0
-15.6731 63.335 -125.24149 -1 0 0
-15.2086 63.335 -125.24149 1 0 0
-15.2086 63.335 -125.24149 0 1 0
15.2086 63.0001 -125.24149 0 -1 0
15.2086 63.0001 -125.24149 -1 0 0
15.6731 63.0001 -125.24149 1 0 0
15.6731 63.0001 -125.24149 0 -1 0
15.6731 63.0001 -101.71258 1 0 0
15.6731 63.0001 -101.71258 0 -1 0
15.2086 63.0001 -101.71258 0 -1 0
15.2086 63.0001 -101.71258 -1 0 0
15.2086 63.335 -101.71258 0 1 0
15.2086 63.335 -101.71258 -1 0 0
15.6731 63.335 -101.71258 1 0 0
15.6731 63.335 -101.71258 0 1 0
15.6731 63.335 -125.24149 1 0 0
15.6731 63.335 -125.24149 0 1 0
15.2086 63.335 -125.24149 0 1 0
15.2086 63.335 -125.24149 -1 0 0
-19.4587 63.335 -125.24149 1 0 0
-19.4587 63.335 -125.24149 0 1 0
-19.6459 65.4193 -125.41528 0 -1 0
-19.6459 65.4193 -125.41528 0 0 1
-19.6459 65.4193 -125.74469 0 -1 0
19.9203 65.4193 -125.74469 0 -1 0
19.9203 65.4193 -125.41528 0 -1 0
19.9203 65.4193 -125.41528 0 0 1
19.9203 65.7494 -125.41528 0 0 1
19.9203 65.7494 -125.41528 0 1 0
19.9203 65.7494 -125.74469 0 1 0
-19.6459 65.7494 -125.74469 0 1 0
-19.6459 65.7494 -125.41528 0 0 1
-19.6459 65.7494 -125.41528 0 1 0
-19.6459 67.7494 -125.41528 0 0 1
-19.6459 67.7494 -125.41528 0 1 0
-19.6459 67.7494 -125.74469 0 1 0
19.9203 67.7494 -125.74469 0 1 0
19.9203 67.7494 -125.41528 0 0 1
19.9203 67.7494 -125.41528 0 1 0
19.9203 67.4193 -125.41528 0 -1 0
19.9203 67.4193 -125.41528 0 0 1
19.9203 67.4193 -125.74469 0 -1 0
-19.6459 67.4193 -125.74469 0 -1 0
-19.6459 67.4193 -125.41528 0 -1 0
-19.6459 67.4193 -125.41528 0 0 1
-19.6459 70.5495 -125.41528 0 0 1
-19.6459 70.5495 -125.41528 0 1 0
-19.6459 70.5495 -125.74469 0 1 0
19.9203 70.5495 -125.74469 0 1 0
19.9203 70.5495 -125.41528 0 0 1
19.9203 70.5495 -125.41528 0 1 0
19.9203 70.2193 -125.41528 0 -1 0
19.9203 70.2193 -125.41528 0 0 1
19.9203 70.2193 -125.74469 0 -1 0
-19.6459 70.2193 -125.74469 0 -1 0
-19.6459 70.2193 -125.41528 0 -1 0
-19.6459 70.2193 -125.41528 0 0 1
-19.6459 72.2193 -125.41528 0 -1 0
-19.6459 72.2193 -125.41528 0 0 1
-19.6459 72.2193 -125.74469 0 -1 0
19.9203 72.2193 -125.74469 0 -1 0
19.9203 72.2193 -125.41528 0 -1 0
19.9203 72.2193 -125.41528 0 0 1
19.9203 72.5495 -125.41528 0 0 1
19.9203 72.5495 -125.41528 0 1 0
19.9203 72.5495 -125.74469 0 1 0
-19.6459 72.5495 -125.74469 0 1 0
-19.6459 72.5495 -125.41528 0 0 1
-19.6459 72.5495 -125.41528 0 1 0
-19.6459 74.7495 -125.41528 0 0 1
-19.6459 74.7495 -125.41528 0 1 0
-19.6459 74.7495 -125.74469 0 1 0
19.9203 74.7495 -125.74469 0 1 0
19.9203 74.7495 -125.41528 0 0 1
19.9203 74.7495 -125.41528 0 1 0
19.9203 74.4193 -125.41528 0 -1 0
19.9203 74.4193 -125.41528 0 0 1
19.9203 74.4193 -125.74469 0 -1 0
-19.6459 74.4193 -125.74469 0 -1 0
-19.6459 74.4193 -125.41528 0 -1 0
-19.6459 74.4193 -125.41528 0 0 1
19.9258 74.4757 -119.79752 0 -1 0
19.9258 74.4757 -119.79752 0 0 -1
19.9258 74.4757 -119.66122 0 -1 0
19.9258 74.4757 -119.66122 0 0 1
19.9258 75.0241 -119.66122 0 0 1
19.9258 75.0241 -119.66122 0 1 0
19.9258 75.0241 -119.79752 0 0 -1
19.9258 75.0241 -119.79752 0 1 0
-19.8705 75.0241 -119.79752 0 0 -1
-19.8705 75.0241 -119.79752 0 1 0
-19.8705 75.0241 -119.66122 0 0 1
-19.8705 75.0241 -119.66122 0 1 0
-19.8705 74.4757 -119.66122 0 -1 0
-19.8705 74.4757 -119.66122 0 0 1
-19.8705 74.4757 -119.79752 0 -1 0
-19.8705 74.4757 -119.79752 0 0 -1
19.9258 74.6115 -120.1451 0 -1 0
19.9258 74.6115 -119.79752 0 -1 0
19.9258 74.9053 -119.79752 0 1 0
19.9258 74.9053 -120.1451 0 1 0
-19.8705 74.9053 -120.1451 0 1 0
-19.8705 74.9053 -119.79752 0 1 0
-19.8705 74.6115 -119.79752 0 -1 0
-19.8705 74.6115 -120.1451 0 -1 0
-19.8705 74.4768 -120.28612 0 -1 0
-19.8705 74.4768 -120.28612 0 0 -1
-19.8705 74.4768 -120.14462 0 -1 0
-19.8705 74.4768 -120.14462 0 0 1
-19.8705 75.0251 -120.14462 0 0 1
-19.8705 75.0251 -120.14462 0 1 0
-19.8705 75.0251 -120.28612 0 0 -1
-19.8705 75.0251 -120.28612 0 1 0
19.9258 75.0251 -120.28612 0 0 -1
19.9258 75.0251 -120.28612 0 1 0
19.9258 75.0251 -120.14462 0 0 1
19.9258 75.0251 -120.14462 0 1 0
19.9258 74.4768 -120.14462 0 -1 0
19.9258 74.4768 -120.14462 0 0 1
19.9258 74.4768 -120.28612 0 -1 0
19.9258 74.4768 -120.28612 0 0 -1
19.9258 74.4725 -114.28941 0 -1 0
19.9258 74.4725 -114.28941 0 0 -1
19.9258 74.4725 -114.1479 0 -1 0
19.9258 74.4725 -114.1479 0 0 1
19.9258 75.0208 -114.1479 0 0 1
19.9258 75.0208 -114.1479 0 1 0
19.9258 75.0208 -114.28941 0 0 -1
19.9258 75.0208 -114.28941 0 1 0
-19.8705 75.0208 -114.28941 0 0 -1
-19.8705 75.0208 -114.28941 0 1 0
-19.8705 75.0208 -114.1479 0 0 1
-19.8705 75.0208 -114.1479 0 1 0
-19.8705 74.4725 -114.1479 0 -1 0
-19.8705 74.4725 -114.1479 0 0 1
-19.8705 74.4725 -114.28941 0 -1 0
-19.8705 74.4725 -114.28941 0 0 -1
-19.8705 74.6072 -114.14841 0 -1 0
-19.8705 74.6072 -113.80082 0 -1 0
-19.8705 74.901 -113.80082 0 1 0
-19.8705 74.901 -114.14841 0 1 0
19.9258 74.901 -114.14841 0 1 0
19.9258 74.901 -113.80082 0 1 0
19.9258 74.6072 -113.80082 0 -1 0
19.9258 74.6072 -114.14841 0 -1 0
-19.8705 74.4714 -113.80082 0 -1 0
-19.8705 74.4714 -113.80082 0 0 -1
-19.8705 74.4714 -113.66451 0 -1 0
-19.8705 74.4714 -113.66451 0 0 1
-19.8705 75.0198 -113.66451 0 0 1
-19.8705 75.0198 -113.66451 0 1 0
-19.8705 75.0198 -113.80082 0 0 -1
-19.8705 75.0198 -113.80082 0 1 0
19.9258 75.0198 -113.80082 0 0 -1
19.9258 75.0198 -113.80082 0 1 0
19.9258 75.0198 -113.66451 0 0 1
19.9258 75.0198 -113.66451 0 1 0
19.9258 74.4714 -113.66451 0 -1 0
19.9258 74.4714 -113.66451 0 0 1
19.9258 74.4714 -113.80082 0 -1 0
19.9258 74.4714 -113.80082 0 0 -1
19.9258 74.4714 -107.80412 0 -1 0
19.9258 74.4714 -107.80412 0 0 -1
19.9258 74.4714 -107.66781 0 -1 0
19.9258 74.4714 -107.66781 0 0 1
19.9258 75.0198 -107.66781 0 0 1
19.9258 75.0198 -107.66781 0 1 0
19.9258 75.0198 -107.80412 0 0 -1
19.9258 75.0198 -107.80412 0 1 0
-19.8705 75.0198 -107.80412 0 0 -1
-19.8705 75.0198 -107.80412 0 1 0
-19.8705 75.0198 -107.66781 0 0 1
-19.8705 75.0198 -107.66781 0 1 0
-19.8705 74.4714 -107.66781 0 -1 0
-19.8705 74.4714 -107.66781 0 0 1
-19.8705 74.4714 -107.80412 0 -1 0
-19.8705 74.4714 -107.80412 0 0 -1
19.9258 74.6072 -108.1517 0 -1 0
19.9258 74.6072 -107.80412 0 -1 0
19.9258 74.901 -107.80412 0 1 0
19.9258 74.901 -108.1517 0 1 0
-19.8705 74.901 -108.1517 0 1 0
-19.8705 74.901 -107.80412 0 1 0
-19.8705 74.6072 -107.80412 0 -1 0
-19.8705 74.6072 -108.1517 0 -1 0
-19.8705 74.4725 -108.29271 0 -1 0
-19.8705 74.4725 -108.29271 0 0 -1
-19.8705 74.4725 -108.15121 0 -1 0
-19.8705 74.4725 -108.15121 0 0 1
-19.8705 75.0208 -108.15121 0 0 1
-19.8705 75.0208 -108.15121 0 1 0
-19.8705 75.0208 -108.29271 0 0 -1
-19.8705 75.0208 -108.29271 0 1 0
19.9258 75.0208 -108.29271 0 0 -1
19.9258 75.0208 -108.29271 0 1 0
19.9258 75.0208 -108.15121 0 0 1
19.9258 75.0208 -108.15121 0 1 0
19.9258 74.4725 -108.15121 0 -1 0
19.9258 74.4725 -108.15121 0 0 1
19.9258 74.4725 -108.29271 0 -1 0
19.9258 74.4725 -108.29271 0 0 -1
19.9258 74.4683 -101.9835 0 -1 0
19.9258 74.4683 -101.9835 0 0 -1
19.9258 74.4683 -101.84198 0 -1 0
19.9258 74.4683 -101.84198 0 0 1
19.9258 75.0166 -101.84198 0 0 1
19.9258 75.0166 -101.84198 0 1 0
19.9258 75.0166 -101.9835 0 0 -1
19.9258 75.0166 -101.9835 0 1 0
-19.8705 75.0166 -101.9835 0 0 -1
-19.8705 75.0166 -101.9835 0 1 0
-19.8705 75.0166 -101.84198 0 0 1
-19.8705 75.0166 -101.84198 0 1 0
-19.8705 74.4683 -101.84198 0 -1 0
-19.8705 74.4683 -101.84198 0 0 1
-19.8705 74.4683 -101.9835 0 -1 0
-19.8705 74.4683 -101.9835 0 0 -1
-19.8705 74.603 -101.84248 0 -1 0
-19.8705 74.603 -101.49488 0 -1 0
-19.8705 74.8968 -101.49488 0 1 0
-19.8705 74.8968 -101.84248 0 1 0
19.9258 74.8968 -101.84248 0 1 0
19.9258 74.8968 -101.49488 0 1 0
19.9258 74.603 -101.49488 0 -1 0
19.9258 74.603 -101.84248 0 -1 0
-19.8705 74.4672 -101.49488 0 -1 0
-19.8705 74.4672 -101.49488 0 0 -1
-19.8705 74.4672 -101.35858 0 -1 0
-19.8705 74.4672 -101.35858 0 0 1
-19.8705 75.0156 -101.35858 0 0 1
-19.8705 75.0156 -101.35858 0 1 0
-19.8705 75.0156 -101.49488 0 0 -1
-19.8705 75.0156 -101.49488 0 1 0
19.9258 75.0156 -101.49488 0 0 -1
19.9258 75.0156 -101.49488 0 1 0
19.9258 75.0156 -101.35858 0 0 1
19.9258 75.0156 -101.35858 0 1 0
19.9258 74.4672 -101.35858 0 -1 0
19.9258 74.4672 -101.35858 0 0 1
19.9258 74.4672 -101.49488 0 -1 0
19.9258 74.4672 -101.49488 0 0 -1
19.9258 74.4672 -95.98569 0 -1 0
19.9258 74.4672 -95.98569 0 0 -1
19.9258 74.4672 -95.84939 0 -1 0
19.9258 74.4672 -95.84939 0 0 1
19.9258 75.0156 -95.84939 0 0 1
19.9258 75.0156 -95.84939 0 1 0
19.9258 75.0156 -95.98569 0 0 -1
19.9258 75.0156 -95.98569 0 1 0
-19.8705 75.0156 -95.98569 0 0 -1
-19.8705 75.0156 -95.98569 0 1 0
-19.8705 75.0156 -95.84939 0 0 1
-19.8705 75.0156 -95.84939 0 1 0
-19.8705 74.4672 -95.84939 0 -1 0
-19.8705 74.4672 -95.84939 0 0 1
-19.8705 74.4672 -95.98569 0 -1 0
-19.8705 74.4672 -95.98569 0 0 -1
19.9258 74.603 -96.33328 0 -1 0
19.9258 74.603 -95.98569 0 -1 0
19.9258 74.8968 -95.98569 0 1 0
19.9258 74.8968 -96.33328 0 1 0
-19.8705 74.8968 -96.33328 0 1 0
-19.8705 74.8968 -95.98569 0 1 0
-19.8705 74.603 -95.98569 0 -1 0
-19.8705 74.603 -96.33328 0 -1 0
-19.8705 74.4683 -96.47429 0 -1 0
-19.8705 74.4683 -96.47429 0 0 -1
-19.8705 74.4683 -96.33279 0 -1 0
-19.8705 74.4683 -96.33279 0 0 1
-19.8705 75.0166 -96.33279 0 0 1
-19.8705 75.0166 -96.33279 0 1 0
-19.8705 75.0166 -96.47429 0 0 -1
-19.8705 75.0166 -96.47429 0 1 0
19.9258 75.0166 -96.47429 0 0 -1
19.9258 75.0166 -96.47429 0 1 0
19.9258 75.0166 -96.33279 0 0 1
19.9258 75.0166 -96.33279 0 1 0
19.9258 74.4683 -96.33279 0 -1 0
19.9258 74.4683 -96.33279 0 0 1
19.9258 74.4683 -96.47429 0 -1 0
19.9258 74.4683 -96.47429 0 0 -1
-19.7997 3.83155 -97.62769 0.773541 -0.513348 0.37163
-14.5788 8.95949 -101.41158 0.773545 -0.513281 0.371714
-14.5788 8.68589 -101.78938 0.773545 -0.513283 0.371711
-19.7997 3.55798 -98.00558 0.77354 -0.513351 0.371626
-20.1554 4.0741 -97.81119 -0.773543 0.513301 -0.371689
-20.1554 3.80053 -98.18899 -0.773543 0.513302 -0.371689
-14.9345 8.92849 -101.97279 -0.773544 0.513289 -0.371705
-14.9345 9.20209 -101.59498 -0.773544 0.513288 -0.371706
-14.4825 3.86426 -97.64389 1 0 0
-14.4825 9.27569 -101.64208 1 0 0
-14.4825 9.00209 -102.01991 1 0 0
-14.4825 3.5907 -98.02168 1 0 0
-14.9539 3.86426 -97.64389 -1 0 0
-14.9539 3.5907 -98.02168 -1 0 0
-14.9539 9.00209 -102.01991 -1 0 0
-14.9539 9.27569 -101.64208 -1 0 0
-14.32395 4.65822 -97.64159 0 1 0
-14.96124 4.65822 -97.64159 0 1 0
-14.96124 4.65822 -98.11149 0 1 0
-14.32395 4.65822 -98.11149 0 1 0
-14.96124 2.17728 -104.6385 0 0 -1
-14.96124 1.32548 -104.6385 0 0 -1
-14.32395 1.32548 -104.6385 0 0 -1
-14.32395 2.17728 -104.6385 0 0 -1
-14.32395 3.8982 -98.11108 0 1 0
-14.32395 3.8982 -98.11108 1 0 0
-14.32395 3.43839 -98.11108 0 -1 0
-14.32395 3.43839 -98.11108 1 0 0
-14.96124 3.43839 -98.11108 -1 0 0
-14.96124 3.43839 -98.11108 0 -1 0
-14.96124 3.8982 -98.11108 0 1 0
-14.96124 3.8982 -98.11108 -1 0 0
-14.32395 3.8982 -101.67985 0 1 0
-14.32395 3.8982 -101.67985 1 0 0
-14.96124 3.8982 -101.67985 0 1 0
-14.96124 3.8982 -101.67985 -1 0 0
-14.96124 3.43839 -101.67985 -1 0 0
-14.96124 3.43839 -101.67985 0 -1 0
-14.32395 3.43839 -101.67985 0 -1 0
-14.32395 3.43839 -101.67985 1 0 0
-19.7997 3.83155 -97.62769 -0.00601945 0.5977 0.801697
-14.5788 8.95949 -101.41158 -0.0058438 0.597571 0.801795
-14.5788 8.68589 -101.78938 0.00585421 -0.597584 -0.801785
-19.7997 3.55798 -98.00558 0.00589346 -0.597607 -0.801768
-20.1554 4.0741 -97.81119 -0.00601295 0.597695 0.801701
-20.1554 3.80053 -98.18899 0.00589495 -0.597608 -0.801767
-14.9345 8.92849 -101.97279 0.0058557 -0.597585 -0.801784
-14.9345 9.20209 -101.59498 -0.0058373 0.597566 0.801798
-14.4825 3.86426 -97.64389 0 0.594241 0.804287
-14.4825 9.27569 -101.64208 0 0.594241 0.804287
-14.4825 9.00209 -102.01991 0 -0.594248 -0.804282
-14.4825 3.5907 -98.02168 0 -0.594248 -0.804282
-14.9539 3.86426 -97.64389 0 0.594241 0.804287
-14.9539 3.5907 -98.02168 0 -0.594248 -0.804282
-14.9539 9.00209 -102.01991 0 -0.594248 -0.804282
-14.9539 9.27569 -101.64208 0 0.594241 0.804287
-14.32395 0.02 -97.64159 0 0 1
-14.32395 0.02 -97.64159 1 0 0
-14.32395 0.02 -98.11149 0 0 -1
-14.32395 0.02 -98.11149 1 0 0
-14.96124 0.02 -98.11149 -1 0 0
-14.96124 0.02 -98.11149 0 0 -1
-14.96124 0.02 -97.64159 0 0 1
-14.96124 0.02 -97.64159 -1 0 0
-14.32395 4.65822 -97.64159 0 0 1
-14.32395 4.65822 -97.64159 1 0 0
-14.96124 4.65822 -97.64159 0 0 1
-14.96124 4.65822 -97.64159 -1 0 0
-14.96124 4.65822 -98.11149 -1 0 0
-14.96124 4.65822 -98.11149 0 0 -1
-14.32395 4.65822 -98.11149 0 0 -1
-14.32395 4.65822 -98.11149 1 0 0
-14.96124 2.17728 -97.87659 -1 0 0
-14.96124 2.17728 -97.87659 0 1 0
-14.32395 2.17728 -97.87659 1 0 0
-14.32395 2.17728 -97.87659 0 1 0
-14.32395 1.32548 -97.87659 0 -1 0
-14.32395 1.32548 -97.87659 1 0 0
-14.96124 1.32548 -97.87659 -1 0 0
-14.96124 1.32548 -97.87659 0 -1 0
-14.96124 2.17728 -104.6385 -1 0 0
-14.96124 2.17728 -104.6385 0 1 0
-14.96124 1.32548 -104.6385 -1 0 0
-14.96124 1.32548 -104.6385 0 -1 0
-14.32395 1.32548 -104.6385 0 -1 0
-14.32395 1.32548 -104.6385 1 0 0
-14.32395 2.17728 -104.6385 1 0 0
-14.32395 2.17728 -104.6385 0 1 0
-14.741 3.88921 -97.64159 0 0 1
-14.741 3.88921 -97.64159 1.84473e-06 1 0
-14.741 3.88921 -98.11149 0 0 -1
-14.741 3.88921 -98.11149 1.84473e-06 1 0
-14.741 3.42941 -98.11149 -1.84473e-06 -1 0
-14.741 3.42941 -98.11149 0 0 -1
-14.741 3.42941 -97.64159 0 0 1
-14.741 3.42941 -97.64159 -1.84473e-06 -1 0
-20.1692 3.88922 -97.64159 0 0 1
-20.1692 3.88922 -97.64159 1.84473e-06 1 0
-20.1692 3.42942 -97.64159 0 0 1
-20.1692 3.42942 -97.64159 -1.84473e-06 -1 0
-20.1692 3.42942 -98.11149 -1.84473e-06 -1 0
-20.1692 3.42942 -98.11149 0 0 -1
-20.1692 3.88922 -98.11149 0 0 -1
-20.1692 3.88922 -98.11149 1.84473e-06 1 0
-14.8834 3.84244 -97.64159 0 0 1
-14.8834 3.84244 -97.64159 -0.543989 0.839092 0
-14.8834 3.84244 -98.11149 0 0 -1
-14.8834 3.84244 -98.11149 -0.543989 0.839092 0
-14.57808 3.4762 -98.11149 0.541516 -0.840691 0
-14.57808 3.4762 -98.11149 0 0 -1
-14.57808 3.4762 -97.64159 0 0 1
-14.57808 3.4762 -97.64159 0.541516 -0.840691 0
-18.032 1.80118 -97.64159 0 0 1
-18.032 1.80118 -97.64159 -0.543989 0.839092 0
-17.7471 1.43493 -97.64159 0 0 1
-17.7471 1.43493 -97.64159 0.541516 -0.840691 0
-17.7471 1.43493 -98.11149 0.541516 -0.840691 0
-17.7471 1.43493 -98.11149 0 0 -1
-18.032 1.80118 -98.11149 0 0 -1
-18.032 1.80118 -98.11149 -0.543989 0.839092 0
-14.741 2.17728 -97.64159 0 0 1
-14.741 2.17728 -97.64159 0 1 0
-14.741 2.17728 -98.11149 0 0 -1
-14.741 2.17728 -98.11149 0 1 0
-14.741 1.32548 -98.11149 0 -1 0
-14.741 1.32548 -98.11149 0 0 -1
-14.741 1.32548 -97.64159 0 0 1
-14.741 1.32548 -97.64159 0 -1 0
-20.1692 2.17728 -97.64159 0 0 1
-20.1692 2.17728 -97.64159 0 1 0
-20.1692 1.32548 -97.64159 0 0 1
-20.1692 1.32548 -97.64159 0 -1 0
-20.1692 1.32548 -98.11149 0 -1 0
-20.1692 1.32548 -98.11149 0 0 -1
-20.1692 2.17728 -98.11149 0 0 -1
-20.1692 2.17728 -98.11149 0 1 0
-20.4068 3.4762 -97.64159 0 0 1
-20.4068 3.4762 -97.64159 -0.544003 -0.839083 0
-20.4068 3.4762 -98.11149 0 0 -1
-20.4068 3.4762 -98.11149 -0.544003 -0.839083 0
-20.1219 3.84244 -98.11149 0.544002 0.839084 0
-20.1219 3.84244 -98.11149 0 0 -1
-20.1219 3.84244 -97.64159 0 0 1
-20.1219 3.84244 -97.64159 0.544002 0.839084 0
-17.2583 1.43493 -97.64159 0 0 1
-17.2583 1.43493 -97.64159 -0.544003 -0.839083 0
-16.9734 1.80118 -97.64159 0 0 1
-16.9734 1.80118 -97.64159 0.544002 0.839084 0
-16.9734 1.80118 -98.11149 0.544002 0.839084 0
-16.9734 1.80118 -98.11149 0 0 -1
-17.2583 1.43493 -98.11149 0 0 -1
-17.2583 1.43493 -98.11149 -0.544003 -0.839083 0
19.7997 3.83155 -97.62769 -0.773541 -0.513348 0.37163
14.5788 8.95949 -101.41158 -0.773545 -0.513281 0.371714
14.5788 8.68589 -101.78938 -0.773545 -0.513283 0.371711
19.7997 3.55798 -98.00558 -0.77354 -0.513351 0.371626
20.1554 4.0741 -97.81119 0.773543 0.513301 -0.371689
20.1554 3.80053 -98.18899 0.773543 0.513302 -0.371689
14.9345 8.92849 -101.97279 0.773544 0.513289 -0.371705
14.9345 9.20209 -101.59498 0.773544 0.513288 -0.371706
14.4825 3.86426 -97.64389 -1 0 0
14.4825 9.27569 -101.64208 -1 0 0
14.4825 9.00209 -102.01991 -1 0 0
14.4825 3.5907 -98.02168 -1 0 0
14.9539 3.86426 -97.64389 1 0 0
14.9539 3.5907 -98.02168 1 0 0
14.9539 9.00209 -102.01991 1 0 0
14.9539 9.27569 -101.64208 1 0 0
14.31959 4.65822 -97.64159 0 1 0
14.96561 4.65822 -97.64159 0 1 0
14.96561 4.65822 -98.11149 0 1 0
14.31959 4.65822 -98.11149 0 1 0
14.96561 2.17728 -104.6385 0 0 -1
14.96561 1.32548 -104.6385 0 0 -1
14.31959 1.32548 -104.6385 0 0 -1
14.31959 2.17728 -104.6385 0 0 -1
14.31959 3.8982 -98.11108 0 1 0
14.31959 3.8982 -98.11108 -1 0 0
14.31959 3.43839 -98.11108 0 -1 0
14.31959 3.43839 -98.11108 -1 0 0
14.96561 3.43839 -98.11108 1 0 0
14.96561 3.43839 -98.11108 0 -1 0
14.96561 3.8982 -98.11108 0 1 0
14.96561 3.8982 -98.11108 1 0 0
14.31959 3.8982 -101.67985 0 1 0
14.31959 3.8982 -101.67985 -1 0 0
14.96561 3.8982 -101.67985 0 1 0
14.96561 3.8982 -101.67985 1 0 0
14.96561 3.43839 -101.67985 1 0 0
14.96561 3.43839 -101.67985 0 -1 0
14.31959 3.43839 -101.67985 0 -1 0
14.31959 3.43839 -101.67985 -1 0 0
19.7997 3.83155 -97.62769 0.00601945 0.5977 0.801697
14.5788 8.95949 -101.41158 0.0058438 0.597571 0.801795
14.5788 8.68589 -101.78938 -0.00585421 -0.597584 -0.801785
19.7997 3.55798 -98.00558 -0.00589346 -0.597607 -0.801768
20.1554 4.0741 -97.81119 0.00601295 0.597695 0.801701
20.1554 3.80053 -98.18899 -0.00589495 -0.597608 -0.801767
14.9345 8.92849 -101.97279 -0.0058557 -0.597585 -0.801784
14.9345 9.20209 -101.59498 0.0058373 0.597566 0.801798
14.4825 3.86426 -97.64389 0 0.594241 0.804287
14.4825 9.27569 -101.64208 0 0.594241 0.804287
14.4825 9.00209 -102.01991 0 -0.594248 -0.804282
14.4825 3.5907 -98.02168 0 -0.594248 -0.804282
14.9539 3.86426 -97.64389 0 0.594241 0.804287
14.9539 3.5907 -98.02168 0 -0.594248 -0.804282
14.9539 9.00209 -102.01991 0 -0.594248 -0.804282
14.9539 9.27569 -101.64208 0 0.594241 0.804287
14.31959 0.02 -97.64159 0 0 1
14.31959 0.02 -97.64159 -1 0 0
14.31959 0.02 -98.11149 0 0 -1
14.31959 0.02 -98.11149 -1 0 0
14.96561 0.02 -98.11149 1 0 0
14.96561 0.02 -98.11149 0 0 -1
14.96561 0.02 -97.64159 0 0 1
14.96561 0.02 -97.64159 1 0 0
14.31959 4.65822 -97.64159 0 0 1
14.31959 4.65822 -97.64159 -1 0 0
14.96561 4.65822 -97.64159 0 0 1
14.96561 4.65822 -97.64159 1 0 0
14.96561 4.65822 -98.11149 1 0 0
14.96561 4.65822 -98.11149 0 0 -1
14.31959 4.65822 -98.11149 0 0 -1
14.31959 4.65822 -98.11149 -1 0 0
14.96561 2.17728 -97.87659 1 0 0
14.96561 2.17728 -97.87659 0 1 0
14.31959 2.17728 -97.87659 -1 0 0
14.31959 2.17728 -97.87659 0 1 0
14.31959 1.32548 -97.87659 0 -1 0
14.31959 1.32548 -97.87659 -1 0 0
14.96561 1.32548 -97.87659 1 0 0
14.96561 1.32548 -97.87659 0 -1 0
14.96561 2.17728 -104.6385 1 0 0
14.96561 2.17728 -104.6385 0 1 0
14.96561 1.32548 -104.6385 1 0 0
14.96561 1.32548 -104.6385 0 -1 0
14.31959 1.32548 -104.6385 0 -1 0
14.31959 1.32548 -104.6385 -1 0 0
14.31959 2.17728 -104.6385 -1 0 0
14.31959 2.17728 -104.6385 0 1 0
14.741 3.88921 -97.64159 0 0 1
14.741 3.88921 -97.64159 -1.84473e-06 1 0
14.741 3.88921 -98.11149 0 0 -1
14.741 3.88921 -98.11149 -1.84473e-06 1 0
14.741 3.42941 -98.11149 1.84473e-06 -1 0
14.741 3.42941 -98.11149 0 0 -1
14.741 3.42941 -97.64159 0 0 1
14.741 3.42941 -97.64159 1.84473e-06 -1 0
20.1692 3.88922 -97.64159 0 0 1
20.1692 3.88922 -97.64159 -1.84473e-06 1 0
20.1692 3.42942 -97.64159 0 0 1
20.1692 3.42942 -97.64159 1.84473e-06 -1 0
20.1692 3.42942 -98.11149 1.84473e-06 -1 0
20.1692 3.42942 -98.11149 0 0 -1
20.1692 3.88922 -98.11149 0 0 -1
20.1692 3.88922 -98.11149 -1.84473e-06 1 0
14.8834 3.84244 -97.64159 0 0 1
14.8834 3.84244 -97.64159 0.543989 0.839092 0
14.8834 3.84244 -98.11149 0 0 -1
14.8834 3.84244 -98.11149 0.543989 0.839092 0
14.57365 3.4762 -98.11149 -0.540982 -0.841034 0
14.57365 3.4762 -98.11149 0 0 -1
14.57365 3.4762 -97.64159 0 0 1
14.57365 3.4762 -97.64159 -0.540982 -0.841034 0
18.032 1.80118 -97.64159 0 0 1
18.032 1.80118 -97.64159 0.543989 0.839092 0
17.7471 1.43493 -97.64159 0 0 1
17.7471 1.43493 -97.64159 -0.540982 -0.841034 0
17.7471 1.43493 -98.11149 -0.540982 -0.841034 0
17.7471 1.43493 -98.11149 0 0 -1
18.032 1.80118 -98.11149 0 0 -1
18.032 1.80118 -98.11149 0.543989 0.839092 0
14.741 2.17728 -97.64159 0 0 1
14.741 2.17728 -97.64159 0 1 0
14.741 2.17728 -98.11149 0 0 -1
14.741 2.17728 -98.11149 0 1 0
14.741 1.32548 -98.11149 0 -1 0
14.741 1.32548 -98.11149 0 0 -1
14.741 1.32548 -97.64159 0 0 1
14.741 1.32548 -97.64159 0 -1 0
20.1692 2.17728 -97.64159 0 0 1
20.1692 2.17728 -97.64159 0 1 0
20.1692 1.32548 -97.64159 0 0 1
20.1692 1.32548 -97.64159 0 -1 0
20.1692 1.32548 -98.11149 0 -1 0
20.1692 1.32548 -98.11149 0 0 -1
20.1692 2.17728 -98.11149 0 0 -1
20.1692 2.17728 -98.11149 0 1 0
20.4068 3.4762 -97.64159 0 0 1
20.4068 3.4762 -97.64159 0.544003 -0.839083 0
20.4068 3.4762 -98.11149 0 0 -1
20.4068 3.4762 -98.11149 0.544003 -0.839083 0
20.1219 3.84244 -98.11149 -0.544002 0.839084 0
20.1219 3.84244 -98.11149 0 0 -1
20.1219 3.84244 -97.64159 0 0 1
20.1219 3.84244 -97.64159 -0.544002 0.839084 0
17.2583 1.43493 -97.64159 0 0 1
17.2583 1.43493 -97.64159 0.544003 -0.839083 0
16.9734 1.80118 -97.64159 0 0 1
16.9734 1.80118 -97.64159 -0.544002 0.839084 0
16.9734 1.80118 -98.11149 -0.544002 0.839084 0
16.9734 1.80118 -98.11149 0 0 -1
17.2583 1.43493 -98.11149 0 0 -1
17.2583 1.43493 -98.11149 0.544003 -0.839083 0
14.7799 3.28119 -119.83884 1 0 0
14.7799 3.28119 -119.83884 0 -0.708479 0.705732
14.5048 3.28119 -119.83884 0 -0.708479 0.705732
14.5048 3.28119 -119.83884 -1 0 0
14.5048 3.5169 -120.07458 0 0.70848 -0.705731
14.5048 3.5169 -120.07458 -1 0 0
14.7799 3.5169 -120.07458 1 0 0
14.7799 3.5169 -120.07458 0 0.70848 -0.705731
14.7799 9.49861 -114.06956 1 0 0
14.7799 9.49861 -114.06956 0 0.70848 -0.705731
14.5048 9.49861 -114.06956 0 0.70848 -0.705731
14.5048 9.49861 -114.06956 -1 0 0
14.5048 9.26291 -113.83384 0 -0.708479 0.705732
14.5048 9.26291 -113.83384 -1 0 0
14.7799 9.26291 -113.83384 1 0 0
14.7799 9.26291 -113.83384 0 -0.708479 0.705732
-14.7799 3.28119 -119.83884 0 -0.708479 0.705732
-14.7799 3.28119 -119.83884 -1 0 0
-14.5047 3.28119 -119.83884 1 0 0
-14.5047 3.28119 -119.83884 0 -0.708479 0.705732
-14.5047 3.5169 -120.07458 1 0 0
-14.5047 3.5169 -120.07458 0 0.70848 -0.705731
-14.7799 3.5169 -120.07458 0 0.70848 -0.705731
-14.7799 3.5169 -120.07458 -1 0 0
-14.7799 9.49861 -114.06956 0 0.70848 -0.705731
-14.7799 9.49861 -114.06956 -1 0 0
-14.5047 9.49861 -114.06956 1 0 0
-14.5047 9.49861 -114.06956 0 0.70848 -0.705731
-14.5047 9.26291 -113.83384 1 0 0
-14.5047 9.26291 -113.83384 0 -0.708479 0.705732
-14.7799 9.26291 -113.83384 0 -0.708479 0.705732
-14.7799 9.26291 -113.83384 -1 0 0
14.7798 9.26291 -114.07458 1 0 0
14.7798 9.26291 -114.07458 0 -0.708479 -0.705731
14.5047 9.26291 -114.07458 0 -0.708479 -0.705731
14.5047 9.26291 -114.07458 -1 0 0
14.5047 9.49861 -113.83884 0 0.70848 0.705731
14.5047 9.49861 -113.83884 -1 0 0
14.7798 9.49861 -113.83884 1 0 0
14.7798 9.49861 -113.83884 0 0.70848 0.705731
14.7798 3.5169 -107.83384 1 0 0
14.7798 3.5169 -107.83384 0 0.70848 0.705731
14.5047 3.5169 -107.83384 0 0.70848 0.705731
14.5047 3.5169 -107.83384 -1 0 0
14.5047 3.28119 -108.06956 0 -0.708479 -0.705731
14.5047 3.28119 -108.06956 -1 0 0
14.7798 3.28119 -108.06956 1 0 0
14.7798 3.28119 -108.06956 0 -0.708479 -0.705731
-14.7798 9.26291 -114.07458 0 -0.708479 -0.705732
-14.7798 9.26291 -114.07458 -1 0 0
-14.5048 9.26291 -114.07458 1 0 0
-14.5048 9.26291 -114.07458 0 -0.708479 -0.705732
-14.5048 9.49861 -113.83884 1 0 0
-14.5048 9.49861 -113.83884 0 0.708479 0.705732
-14.7798 9.49861 -113.83884 0 0.708479 0.705732
-14.7798 9.49861 -113.83884 -1 0 0
-14.7798 3.5169 -107.83385 0 0.708479 0.705732
-14.7798 3.5169 -107.83385 -1 0 0
-14.5048 3.5169 -107.83385 1 0 0
-14.5048 3.5169 -107.83385 0 0.708479 0.705732
-14.5048 3.28119 -108.06958 1 0 0
-14.5048 3.28119 -108.06958 0 -0.708479 -0.705732
-14.7798 3.28119 -108.06958 0 -0.708479 -0.705732
-14.7798 3.28119 -108.06958 -1 0 0
-14.7798 3.28119 -101.77258 0 -0.725297 -0.688436
-14.7798 3.28119 -101.77258 -1 0 0
-14.5048 3.28119 -101.77258 1 0 0
-14.5048 3.28119 -101.77258 0 -0.725297 -0.688436
-14.5048 3.5169 -101.53688 1 0 0
-14.5048 3.5169 -101.53688 0 0.725296 0.688437
-14.7798 3.5169 -101.53688 0 0.725296 0.688437
-14.7798 3.5169 -101.53688 -1 0 0
-14.7798 9.49861 -107.83884 0 0.725296 0.688437
-14.7798 9.49861 -107.83884 -1 0 0
-14.5048 9.49861 -107.83884 1 0 0
-14.5048 9.49861 -107.83884 0 0.725296 0.688437
-14.5048 9.26291 -108.07458 1 0 0
-14.5048 9.26291 -108.07458 0 -0.725297 -0.688436
-14.7798 9.26291 -108.07458 0 -0.725297 -0.688436
-14.7798 9.26291 -108.07458 -1 0 0
14.7798 3.28119 -101.77258 1 0 0
14.7798 3.28119 -101.77258 0 -0.725297 -0.688436
14.5047 3.28119 -101.77258 0 -0.725297 -0.688436
14.5047 3.28119 -101.77258 -1 0 0
14.5047 3.5169 -101.53688 0 0.725296 0.688437
14.5047 3.5169 -101.53688 -1 0 0
14.7798 3.5169 -101.53688 1 0 0
14.7798 3.5169 -101.53688 0 0.725296 0.688437
14.7798 9.49861 -107.83884 1 0 0
14.7798 9.49861 -107.83884 0 0.725296 0.688437
14.5047 9.49861 -107.83884 0 0.725296 0.688437
14.5047 9.49861 -107.83884 -1 0 0
14.5047 9.26291 -108.07458 0 -0.725297 -0.688436
14.5047 9.26291 -108.07458 -1 0 0
14.7798 9.26291 -108.07458 1 0 0
14.7798 9.26291 -108.07458 0 -0.725297 -0.688436
14.7799 9.28118 -119.83884 1 0 0
14.7799 9.28118 -119.83884 0 -0.708479 0.705732
14.5048 9.28118 -119.83884 0 -0.708479 0.705732
14.5048 9.28118 -119.83884 -1 0 0
14.5048 9.51689 -120.07458 0 0.70848 -0.705731
14.5048 9.51689 -120.07458 -1 0 0
14.7799 9.51689 -120.07458 1 0 0
14.7799 9.51689 -120.07458 0 0.70848 -0.705731
14.7799 15.4986 -114.06956 1 0 0
14.7799 15.4986 -114.06956 0 0.70848 -0.705731
14.5048 15.4986 -114.06956 0 0.70848 -0.705731
14.5048 15.4986 -114.06956 -1 0 0
14.5048 15.2629 -113.83384 0 -0.708479 0.705732
14.5048 15.2629 -113.83384 -1 0 0
14.7799 15.2629 -113.83384 1 0 0
14.7799 15.2629 -113.83384 0 -0.708479 0.705732
-14.7799 9.28118 -119.83884 0 -0.708479 0.705732
-14.7799 9.28118 -119.83884 -1 0 0
-14.5047 9.28118 -119.83884 1 0 0
-14.5047 9.28118 -119.83884 0 -0.708479 0.705732
-14.5047 9.51689 -120.07458 1 0 0
-14.5047 9.51689 -120.07458 0 0.70848 -0.705731
-14.7799 9.51689 -120.07458 0 0.70848 -0.705731
-14.7799 9.51689 -120.07458 -1 0 0
-14.7799 15.4986 -114.06956 0 0.70848 -0.705731
-14.7799 15.4986 -114.06956 -1 0 0
-14.5047 15.4986 -114.06956 1 0 0
-14.5047 15.4986 -114.06956 0 0.70848 -0.705731
-14.5047 15.2629 -113.83384 1 0 0
-14.5047 15.2629 -113.83384 0 -0.708479 0.705732
-14.7799 15.2629 -113.83384 0 -0.708479 0.705732
-14.7799 15.2629 -113.83384 -1 0 0
14.7798 15.2629 -114.07458 1 0 0
14.7798 15.2629 -114.07458 0 -0.708479 -0.705731
14.5047 15.2629 -114.07458 0 -0.708479 -0.705731
14.5047 15.2629 -114.07458 -1 0 0
14.5047 15.4986 -113.83884 0 0.70848 0.705731
14.5047 15.4986 -113.83884 -1 0 0
14.7798 15.4986 -113.83884 1 0 0
14.7798 15.4986 -113.83884 0 0.70848 0.705731
14.7798 9.51689 -107.83384 1 0 0
14.7798 9.51689 -107.83384 0 0.70848 0.705731
14.5047 9.51689 -107.83384 0 0.70848 0.705731
14.5047 9.51689 -107.83384 -1 0 0
14.5047 9.28118 -108.06956 0 -0.708479 -0.705731
14.5047 9.28118 -108.06956 -1 0 0
14.7798 9.28118 -108.06956 1 0 0
14.7798 9.28118 -108.06956 0 -0.708479 -0.705731
-14.7798 15.2629 -114.07458 0 -0.708479 -0.705732
-14.7798 15.2629 -114.07458 -1 0 0
-14.5048 15.2629 -114.07458 1 0 0
-14.5048 15.2629 -114.07458 0 -0.708479 -0.705732
-14.5048 15.4986 -113.83884 1 0 0
-14.5048 15.4986 -113.83884 0 0.708479 0.705732
-14.7798 15.4986 -113.83884 0 0.708479 0.705732
-14.7798 15.4986 -113.83884 -1 0 0
-14.7798 9.51689 -107.83385 0 0.708479 0.705732
-14.7798 9.51689 -107.83385 -1 0 0
-14.5048 9.51689 -107.83385 1 0 0
-14.5048 9.51689 -107.83385 0 0.708479 0.705732
-14.5048 9.28118 -108.06958 1 0 0
-14.5048 9.28118 -108.06958 0 -0.708479 -0.705732
-14.7798 9.28118 -108.06958 0 -0.708479 -0.705732
-14.7798 9.28118 -108.06958 -1 0 0
-14.7798 9.28118 -101.77258 0 -0.725297 -0.688436
-14.7798 9.28118 -101.77258 -1 0 0
-14.5048 9.28118 -101.77258 1 0 0
-14.5048 9.28118 -101.77258 0 -0.725297 -0.688436
-14.5048 9.51689 -101.53688 1 0 0
-14.5048 9.51689 -101.53688 0 0.725296 0.688438
-14.7798 9.51689 -101.53688 0 0.725296 0.688438
-14.7798 9.51689 -101.53688 -1 0 0
-14.7798 15.4986 -107.83884 0 0.725296 0.688438
-14.7798 15.4986 -107.83884 -1 0 0
-14.5048 15.4986 -107.83884 1 0 0
-14.5048 15.4986 -107.83884 0 0.725296 0.688438
-14.5048 15.2629 -108.07458 1 0 0
-14.5048 15.2629 -108.07458 0 -0.725297 -0.688436
-14.7798 15.2629 -108.07458 0 -0.725297 -0.688436
-14.7798 15.2629 -108.07458 -1 0 0
14.7798 9.28118 -101.77258 1 0 0
14.7798 9.28118 -101.77258 0 -0.725297 -0.688436
14.5047 9.28118 -101.77258 0 -0.725297 -0.688436
14.5047 9.28118 -101.77258 -1 0 0
14.5047 9.51689 -101.53688 0 0.725296 0.688438
14.5047 9.51689 -101.53688 -1 0 0
14.7798 9.51689 -101.53688 1 0 0
14.7798 9.51689 -101.53688 0 0.725296 0.688438
14.7798 15.4986 -107.83884 1 0 0
14.7798 15.4986 -107.83884 0 0.725296 0.688438
14.5047 15.4986 -107.83884 0 0.725296 0.688438
14.5047 15.4986 -107.83884 -1 0 0
14.5047 15.2629 -108.07458 0 -0.725297 -0.688436
14.5047 15.2629 -108.07458 -1 0 0
14.7798 15.2629 -108.07458 1 0 0
14.7798 15.2629 -108.07458 0 -0.725297 -0.688436
14.7799 15.2812 -119.83884 1 0 0
14.7799 15.2812 -119.83884 0 -0.70848 0.705731
14.5048 15.2812 -119.83884 0 -0.70848 0.705731
14.5048 15.2812 -119.83884 -1 0 0
14.5048 15.5169 -120.07458 0 0.708481 -0.70573
14.5048 15.5169 -120.07458 -1 0 0
14.7799 15.5169 -120.07458 1 0 0
14.7799 15.5169 -120.07458 0 0.708481 -0.70573
14.7799 21.4986 -114.06956 1 0 0
14.7799 21.4986 -114.06956 0 0.708481 -0.70573
14.5048 21.4986 -114.06956 0 0.708481 -0.70573
14.5048 21.4986 -114.06956 -1 0 0
14.5048 21.2629 -113.83384 0 -0.70848 0.705731
14.5048 21.2629 -113.83384 -1 0 0
14.7799 21.2629 -113.83384 1 0 0
14.7799 21.2629 -113.83384 0 -0.70848 0.705731
-14.7799 15.2812 -119.83884 0 -0.70848 0.705731
-14.7799 15.2812 -119.83884 -1 0 0
-14.5047 15.2812 -119.83884 1 0 0
-14.5047 15.2812 -119.83884 0 -0.70848 0.705731
-14.5047 15.5169 -120.07458 1 0 0
-14.5047 15.5169 -120.07458 0 0.708481 -0.70573
-14.7799 15.5169 -120.07458 0 0.708481 -0.70573
-14.7799 15.5169 -120.07458 -1 0 0
-14.7799 21.4986 -114.06956 0 0.708481 -0.70573
-14.7799 21.4986 -114.06956 -1 0 0
-14.5047 21.4986 -114.06956 1 0 0
-14.5047 21.4986 -114.06956 0 0.708481 -0.70573
-14.5047 21.2629 -113.83384 1 0 0
-14.5047 21.2629 -113.83384 0 -0.70848 0.705731
-14.7799 21.2629 -113.83384 0 -0.70848 0.705731
-14.7799 21.2629 -113.83384 -1 0 0
14.7798 21.2629 -114.07458 1 0 0
14.7798 21.2629 -114.07458 0 -0.708481 -0.70573
14.5047 21.2629 -114.07458 0 -0.708481 -0.70573
14.5047 21.2629 -114.07458 -1 0 0
14.5047 21.4986 -113.83884 0 0.70848 0.705731
14.5047 21.4986 -113.83884 -1 0 0
14.7798 21.4986 -113.83884 1 0 0
14.7798 21.4986 -113.83884 0 0.70848 0.705731
14.7798 15.5169 -107.83384 1 0 0
14.7798 15.5169 -107.83384 0 0.70848 0.705731
14.5047 15.5169 -107.83384 0 0.70848 0.705731
14.5047 15.5169 -107.83384 -1 0 0
14.5047 15.2812 -108.06956 0 -0.708481 -0.70573
14.5047 15.2812 -108.06956 -1 0 0
14.7798 15.2812 -108.06956 1 0 0
14.7798 15.2812 -108.06956 0 -0.708481 -0.70573
-14.7798 21.2629 -114.07458 0 -0.70848 -0.705731
-14.7798 21.2629 -114.07458 -1 0 0
-14.5048 21.2629 -114.07458 1 0 0
-14.5048 21.2629 -114.07458 0 -0.70848 -0.705731
-14.5048 21.4986 -113.83884 1 0 0
-14.5048 21.4986 -113.83884 0 0.70848 0.705731
-14.7798 21.4986 -113.83884 0 0.70848 0.705731
-14.7798 21.4986 -113.83884 -1 0 0
-14.7798 15.5169 -107.83385 0 0.70848 0.705731
-14.7798 15.5169 -107.83385 -1 0 0
-14.5048 15.5169 -107.83385 1 0 0
-14.5048 15.5169 -107.83385 0 0.70848 0.705731
-14.5048 15.2812 -108.06958 1 0 0
-14.5048 15.2812 -108.06958 0 -0.70848 -0.705731
-14.7798 15.2812 -108.06958 0 -0.70848 -0.705731
-14.7798 15.2812 -108.06958 -1 0 0
-14.7798 15.2812 -101.77258 0 -0.725298 -0.688435
-14.7798 15.2812 -101.77258 -1 0 0
-14.5048 15.2812 -101.77258 1 0 0
-14.5048 15.2812 -101.77258 0 -0.725298 -0.688435
-14.5048 15.5169 -101.53688 1 0 0
-14.5048 15.5169 -101.53688 0 0.725296 0.688437
-14.7798 15.5169 -101.53688 0 0.725296 0.688437
-14.7798 15.5169 -101.53688 -1 0 0
-14.7798 21.4986 -107.83884 0 0.725296 0.688437
-14.7798 21.4986 -107.83884 -1 0 0
-14.5048 21.4986 -107.83884 1 0 0
-14.5048 21.4986 -107.83884 0 0.725296 0.688437
-14.5048 21.2629 -108.07458 1 0 0
-14.5048 21.2629 -108.07458 0 -0.725298 -0.688435
-14.7798 21.2629 -108.07458 0 -0.725298 -0.688435
-14.7798 21.2629 -108.07458 -1 0 0
14.7798 15.2812 -101.77258 1 0 0
14.7798 15.2812 -101.77258 0 -0.725298 -0.688435
14.5047 15.2812 -101.77258 0 -0.725298 -0.688435
14.5047 15.2812 -101.77258 -1 0 0
14.5047 15.5169 -101.53688 0 0.725296 0.688437
14.5047 15.5169 -101.53688 -1 0 0
14.7798 15.5169 -101.53688 1 0 0
14.7798 15.5169 -101.53688 0 0.725296 0.688437
14.7798 21.4986 -107.83884 1 0 0
14.7798 21.4986 -107.83884 0 0.725296 0.688437
14.5047 21.4986 -107.83884 0 0.725296 0.688437
14.5047 21.4986 -107.83884 -1 0 0
14.5047 21.2629 -108.07458 0 -0.725298 -0.688435
14.5047 21.2629 -108.07458 -1 0 0
14.7798 21.2629 -108.07458 1 0 0
14.7798 21.2629 -108.07458 0 -0.725298 -0.688435
14.7799 21.2812 -119.83884 1 0 0
14.7799 21.2812 -119.83884 0 -0.70848 0.705731
14.5048 21.2812 -119.83884 0 -0.70848 0.705731
14.5048 21.2812 -119.83884 -1 0 0
14.5048 21.5169 -120.07458 0 0.708481 -0.70573
14.5048 21.5169 -120.07458 -1 0 0
14.7799 21.5169 -120.07458 1 0 0
14.7799 21.5169 -120.07458 0 0.708481 -0.70573
14.7799 27.4986 -114.06956 1 0 0
14.7799 27.4986 -114.06956 0 0.708481 -0.70573
14.5048 27.4986 -114.06956 0 0.708481 -0.70573
14.5048 27.4986 -114.06956 -1 0 0
14.5048 27.2629 -113.83384 0 -0.70848 0.705731
14.5048 27.2629 -113.83384 -1 0 0
14.7799 27.2629 -113.83384 1 0 0
14.7799 27.2629 -113.83384 0 -0.70848 0.705731
-14.7799 21.2812 -119.83884 0 -0.70848 0.705731
-14.7799 21.2812 -119.83884 -1 0 0
-14.5047 21.2812 -119.83884 1 0 0
-14.5047 21.2812 -119.83884 0 -0.70848 0.705731
-14.5047 21.5169 -120.07458 1 0 0
-14.5047 21.5169 -120.07458 0 0.708481 -0.70573
-14.7799 21.5169 -120.07458 0 0.708481 -0.70573
-14.7799 21.5169 -120.07458 -1 0 0
-14.7799 27.4986 -114.06956 0 0.708481 -0.70573
-14.7799 27.4986 -114.06956 -1 0 0
-14.5047 27.4986 -114.06956 1 0 0
-14.5047 27.4986 -114.06956 0 0.708481 -0.70573
-14.5047 27.2629 -113.83384 1 0 0
-14.5047 27.2629 -113.83384 0 -0.70848 0.705731
-14.7799 27.2629 -113.83384 0 -0.70848 0.705731
-14.7799 27.2629 -113.83384 -1 0 0
14.7798 27.2629 -114.07458 1 0 0
14.7798 27.2629 -114.07458 0 -0.708481 -0.70573
14.5047 27.2629 -114.07458 0 -0.708481 -0.70573
14.5047 27.2629 -114.07458 -1 0 0
14.5047 27.4986 -113.83884 0 0.70848 0.705731
14.5047 27.4986 -113.83884 -1 0 0
14.7798 27.4986 -113.83884 1 0 0
14.7798 27.4986 -113.83884 0 0.70848 0.705731
14.7798 21.5169 -107.83384 1 0 0
14.7798 21.5169 -107.83384 0 0.70848 0.705731
14.5047 21.5169 -107.83384 0 0.70848 0.705731
14.5047 21.5169 -107.83384 -1 0 0
14.5047 21.2812 -108.06956 0 -0.708481 -0.70573
14.5047 21.2812 -108.06956 -1 0 0
14.7798 21.2812 -108.06956 1 0 0
14.7798 21.2812 -108.06956 0 -0.708481 -0.70573
-14.7798 27.2629 -114.07458 0 -0.70848 -0.705731
-14.7798 27.2629 -114.07458 -1 0 0
-14.5048 27.2629 -114.07458 1 0 0
-14.5048 27.2629 -114.07458 0 -0.70848 -0.705731
-14.5048 27.4986 -113.83884 1 0 0
-14.5048 27.4986 -113.83884 0 0.70848 0.705731
-14.7798 27.4986 -113.83884 0 0.70848 0.705731
-14.7798 27.4986 -113.83884 -1 0 0
-14.7798 21.5169 -107.83385 0 0.70848 0.705731
-14.7798 21.5169 -107.83385 -1 0 0
-14.5048 21.5169 -107.83385 1 0 0
-14.5048 21.5169 -107.83385 0 0.70848 0.705731
-14.5048 21.2812 -108.06958 1 0 0
-14.5048 21.2812 -108.06958 0 -0.70848 -0.705731
-14.7798 21.2812 -108.06958 0 -0.70848 -0.705731
-14.7798 21.2812 -108.06958 -1 0 0
-14.7798 21.2812 -101.77258 0 -0.725298 -0.688435
-14.7798 21.2812 -101.77258 -1 0 0
-14.5048 21.2812 -101.77258 1 0 0
-14.5048 21.2812 -101.77258 0 -0.725298 -0.688435
-14.5048 21.5169 -101.53688 1 0 0
-14.5048 21.5169 -101.53688 0 0.725296 0.688437
-14.7798 21.5169 -101.53688 0 0.725296 0.688437
-14.7798 21.5169 -101.53688 -1 0 0
-14.7798 27.4986 -107.83884 0 0.725296 0.688437
-14.7798 27.4986 -107.83884 -1 0 0
-14.5048 27.4986 -107.83884 1 0 0
-14.5048 27.4986 -107.83884 0 0.725296 0.688437
-14.5048 27.2629 -108.07458 1 0 0
-14.5048 27.2629 -108.07458 0 -0.725298 -0.688435
-14.7798 27.2629 -108.07458 0 -0.725298 -0.688435
-14.7798 27.2629 -108.07458 -1 0 0
14.7798 21.2812 -101.77258 1 0 0
14.7798 21.2812 -101.77258 0 -0.725298 -0.688435
14.5047 21.2812 -101.77258 0 -0.725298 -0.688435
14.5047 21.2812 -101.77258 -1 0 0
14.5047 21.5169 -101.53688 0 0.725296 0.688437
14.5047 21.5169 -101.53688 -1 0 0
14.7798 21.5169 -101.53688 1 0 0
14.7798 21.5169 -101.53688 0 0.725296 0.688437
14.7798 27.4986 -107.83884 1 0 0
14.7798 27.4986 -107.83884 0 0.725296 0.688437
14.5047 27.4986 -107.83884 0 0.725296 0.688437
14.5047 27.4986 -107.83884 -1 0 0
14.5047 27.2629 -108.07458 0 -0.725298 -0.688435
14.5047 27.2629 -108.07458 -1 0 0
14.7798 27.2629 -108.07458 1 0 0
14.7798 27.2629 -108.07458 0 -0.725298 -0.688435
14.7799 27.2812 -119.83884 1 0 0
14.7799 27.2812 -119.83884 0 -0.70848 0.705731
14.5048 27.2812 -119.83884 0 -0.70848 0.705731
14.5048 27.2812 -119.83884 -1 0 0
14.5048 27.5169 -120.07458 0 0.708481 -0.70573
14.5048 27.5169 -120.07458 -1 0 0
14.7799 27.5169 -120.07458 1 0 0
14.7799 27.5169 -120.07458 0 0.708481 -0.70573
14.7799 33.4986 -114.06956 1 0 0
14.7799 33.4986 -114.06956 0 0.708481 -0.70573
14.5048 33.4986 -114.06956 0 0.708481 -0.70573
14.5048 33.4986 -114.06956 -1 0 0
14.5048 33.2629 -113.83384 0 -0.70848 0.705731
14.5048 33.2629 -113.83384 -1 0 0
14.7799 33.2629 -113.83384 1 0 0
14.7799 33.2629 -113.83384 0 -0.70848 0.705731
-14.7799 27.2812 -119.83884 0 -0.70848 0.705731
-14.7799 27.2812 -119.83884 -1 0 0
-14.5047 27.2812 -119.83884 1 0 0
-14.5047 27.2812 -119.83884 0 -0.70848 0.705731
-14.5047 27.5169 -120.07458 1 0 0
-14.5047 27.5169 -120.07458 0 0.708481 -0.70573
-14.7799 27.5169 -120.07458 0 0.708481 -0.70573
-14.7799 27.5169 -120.07458 -1 0 0
-14.7799 33.4986 -114.06956 0 0.708481 -0.70573
-14.7799 33.4986 -114.06956 -1 0 0
-14.5047 33.4986 -114.06956 1 0 0
-14.5047 33.4986 -114.06956 0 0.708481 -0.70573
-14.5047 33.2629 -113.83384 1 0 0
-14.5047 33.2629 -113.83384 0 -0.70848 0.705731
-14.7799 33.2629 -113.83384 0 -0.70848 0.705731
-14.7799 33.2629 -113.83384 -1 0 0
14.7798 33.2629 -114.07458 1 0 0
14.7798 33.2629 -114.07458 0 -0.708481 -0.70573
14.5047 33.2629 -114.07458 0 -0.708481 -0.70573
14.5047 33.2629 -114.07458 -1 0 0
14.5047 33.4986 -113.83884 0 0.70848 0.705731
14.5047 33.4986 -113.83884 -1 0 0
14.7798 33.4986 -113.83884 1 0 0
14.7798 33.4986 -113.83884 0 0.70848 0.705731
14.7798 27.5169 -107.83384 1 0 0
14.7798 27.5169 -107.83384 0 0.70848 0.705731
14.5047 27.5169 -107.83384 0 0.70848 0.705731
14.5047 27.5169 -107.83384 -1 0 0
14.5047 27.2812 -108.06956 0 -0.708481 -0.70573
14.5047 27.2812 -108.06956 -1 0 0
14.7798 27.2812 -108.06956 1 0 0
14.7798 27.2812 -108.06956 0 -0.708481 -0.70573
-14.7798 33.2629 -114.07458 0 -0.70848 -0.705731
-14.7798 33.2629 -114.07458 -1 0 0
-14.5048 33.2629 -114.07458 1 0 0
-14.5048 33.2629 -114.07458 0 -0.70848 -0.705731
-14.5048 33.4986 -113.83884 1 0 0
-14.5048 33.4986 -113.83884 0 0.70848 0.705731
-14.7798 33.4986 -113.83884 0 0.70848 0.705731
-14.7798 33.4986 -113.83884 -1 0 0
-14.7798 27.5169 -107.83385 0 0.70848 0.705731
-14.7798 27.5169 -107.83385 -1 0 0
-14.5048 27.5169 -107.83385 1 0 0
-14.5048 27.5169 -107.83385 0 0.70848 0.705731
-14.5048 27.2812 -108.06958 1 0 0
-14.5048 27.2812 -108.06958 0 -0.70848 -0.705731
-14.7798 27.2812 -108.06958 0 -0.70848 -0.705731
-14.7798 27.2812 -108.06958 -1 0 0
-14.7798 27.2812 -101.77258 0 -0.725298 -0.688435
-14.7798 27.2812 -101.77258 -1 0 0
-14.5048 27.2812 -101.77258 1 0 0
-14.5048 27.2812 -101.77258 0 -0.725298 -0.688435
-14.5048 27.5169 -101.53688 1 0 0
-14.5048 27.5169 -101.53688 0 0.725296 0.688437
-14.7798 27.5169 -101.53688 0 0.725296 0.688437
-14.7798 27.5169 -101.53688 -1 0 0
-14.7798 33.4986 -107.83884 0 0.725296 0.688437
-14.7798 33.4986 -107.83884 -1 0 0
-14.5048 33.4986 -107.83884 1 0 0
-14.5048 33.4986 -107.83884 0 0.725296 0.688437
-14.5048 33.2629 -108.07458 1 0 0
-14.5048 33.2629 -108.07458 0 -0.725298 -0.688435
-14.7798 33.2629 -108.07458 0 -0.725298 -0.688435
-14.7798 33.2629 -108.07458 -1 0 0
14.7798 27.2812 -101.77258 1 0 0
14.7798 27.2812 -101.77258 0 -0.725298 -0.688435
14.5047 27.2812 -101.77258 0 -0.725298 -0.688435
14.5047 27.2812 -101.77258 -1 0 0
14.5047 27.5169 -101.53688 0 0.725296 0.688437
14.5047 27.5169 -101.53688 -1 0 0
14.7798 27.5169 -101.53688 1 0 0
14.7798 27.5169 -101.53688 0 0.725296 0.688437
14.7798 33.4986 -107.83884 1 0 0
14.7798 33.4986 -107.83884 0 0.725296 0.688437
14.5047 33.4986 -107.83884 0 0.725296 0.688437
14.5047 33.4986 -107.83884 -1 0 0
14.5047 33.2629 -108.07458 0 -0.725298 -0.688435
14.5047 33.2629 -108.07458 -1 0 0
14.7798 33.2629 -108.07458 1 0 0
14.7798 33.2629 -108.07458 0 -0.725298 -0.688435
14.7799 39.2812 -119.83884 1 0 0
14.7799 39.2812 -119.83884 0 -0.70848 0.705731
14.5048 39.2812 -119.83884 0 -0.70848 0.705731
14.5048 39.2812 -119.83884 -1 0 0
14.5048 39.5169 -120.07458 0 0.708481 -0.70573
14.5048 39.5169 -120.07458 -1 0 0
14.7799 39.5169 -120.07458 1 0 0
14.7799 39.5169 -120.07458 0 0.708481 -0.70573
14.7799 45.4986 -114.06956 1 0 0
14.7799 45.4986 -114.06956 0 0.708481 -0.70573
14.5048 45.4986 -114.06956 0 0.708481 -0.70573
14.5048 45.4986 -114.06956 -1 0 0
14.5048 45.2629 -113.83384 0 -0.70848 0.705731
14.5048 45.2629 -113.83384 -1 0 0
14.7799 45.2629 -113.83384 1 0 0
14.7799 45.2629 -113.83384 0 -0.70848 0.705731
-14.7799 39.2812 -119.83884 0 -0.70848 0.705731
-14.7799 39.2812 -119.83884 -1 0 0
-14.5047 39.2812 -119.83884 1 0 0
-14.5047 39.2812 -119.83884 0 -0.70848 0.705731
-14.5047 39.5169 -120.07458 1 0 0
-14.5047 39.5169 -120.07458 0 0.708481 -0.70573
-14.7799 39.5169 -120.07458 0 0.708481 -0.70573
-14.7799 39.5169 -120.07458 -1 0 0
-14.7799 45.4986 -114.06956 0 0.708481 -0.70573
-14.7799 45.4986 -114.06956 -1 0 0
-14.5047 45.4986 -114.06956 1 0 0
-14.5047 45.4986 -114.06956 0 0.708481 -0.70573
-14.5047 45.2629 -113.83384 1 0 0
-14.5047 45.2629 -113.83384 0 -0.70848 0.705731
-14.7799 45.2629 -113.83384 0 -0.70848 0.705731
-14.7799 45.2629 -113.83384 -1 0 0
-14.7798 45.2629 -114.07458 0 -0.70848 -0.705731
-14.7798 45.2629 -114.07458 -1 0 0
-14.5048 45.2629 -114.07458 1 0 0
-14.5048 45.2629 -114.07458 0 -0.70848 -0.705731
-14.5048 45.4986 -113.83884 1 0 0
-14.5048 45.4986 -113.83884 0 0.70848 0.705731
-14.7798 45.4986 -113.83884 0 0.70848 0.705731
-14.7798 45.4986 -113.83884 -1 0 0
-14.7798 39.5169 -107.83385 0 0.70848 0.705731
-14.7798 39.5169 -107.83385 -1 0 0
-14.5048 39.5169 -107.83385 1 0 0
-14.5048 39.5169 -107.83385 0 0.70848 0.705731
-14.5048 39.2812 -108.06958 1 0 0
-14.5048 39.2812 -108.06958 0 -0.70848 -0.705731
-14.7798 39.2812 -108.06958 0 -0.70848 -0.705731
-14.7798 39.2812 -108.06958 -1 0 0
-14.7798 39.2812 -101.77258 0 -0.725298 -0.688435
-14.7798 39.2812 -101.77258 -1 0 0
-14.5048 39.2812 -101.77258 1 0 0
-14.5048 39.2812 -101.77258 0 -0.725298 -0.688435
-14.5048 39.5169 -101.53688 1 0 0
-14.5048 39.5169 -101.53688 0 0.725296 0.688437
-14.7798 39.5169 -101.53688 0 0.725296 0.688437
-14.7798 39.5169 -101.53688 -1 0 0
-14.7798 45.4986 -107.83884 0 0.725296 0.688437
-14.7798 45.4986 -107.83884 -1 0 0
-14.5048 45.4986 -107.83884 1 0 0
-14.5048 45.4986 -107.83884 0 0.725296 0.688437
-14.5048 45.2629 -108.07458 1 0 0
-14.5048 45.2629 -108.07458 0 -0.725298 -0.688435
-14.7798 45.2629 -108.07458 0 -0.725298 -0.688435
-14.7798 45.2629 -108.07458 -1 0 0
14.7798 39.2812 -101.77258 1 0 0
14.7798 39.2812 -101.77258 0 -0.725298 -0.688435
14.5047 39.2812 -101.77258 0 -0.725298 -0.688435
14.5047 39.2812 -101.77258 -1 0 0
14.5047 39.5169 -101.53688 0 0.725296 0.688437
14.5047 39.5169 -101.53688 -1 0 0
14.7798 39.5169 -101.53688 1 0 0
14.7798 39.5169 -101.53688 0 0.725296 0.688437
14.7798 45.4986 -107.83884 1 0 0
14.7798 45.4986 -107.83884 0 0.725296 0.688437
14.5047 45.4986 -107.83884 0 0.725296 0.688437
14.5047 45.4986 -107.83884 -1 0 0
14.5047 45.2629 -108.07458 0 -0.725298 -0.688435
14.5047 45.2629 -108.07458 -1 0 0
14.7798 45.2629 -108.07458 1 0 0
14.7798 45.2629 -108.07458 0 -0.725298 -0.688435
14.7799 45.2812 -119.83884 1 0 0
14.7799 45.2812 -119.83884 0 -0.70848 0.705731
14.5048 45.2812 -119.83884 0 -0.70848 0.705731
14.5048 45.2812 -119.83884 -1 0 0
14.5048 45.5169 -120.07458 0 0.708481 -0.70573
14.5048 45.5169 -120.07458 -1 0 0
14.7799 45.5169 -120.07458 1 0 0
14.7799 45.5169 -120.07458 0 0.708481 -0.70573
14.7799 51.4986 -114.06956 1 0 0
14.7799 51.4986 -114.06956 0 0.708481 -0.70573
14.5048 51.4986 -114.06956 0 0.708481 -0.70573
14.5048 51.4986 -114.06956 -1 0 0
14.5048 51.2629 -113.83384 0 -0.70848 0.705731
14.5048 51.2629 -113.83384 -1 0 0
14.7799 51.2629 -113.83384 1 0 0
14.7799 51.2629 -113.83384 0 -0.70848 0.705731
-14.7799 45.2812 -119.83884 0 -0.70848 0.705731
-14.7799 45.2812 -119.83884 -1 0 0
-14.5047 45.2812 -119.83884 1 0 0
-14.5047 45.2812 -119.83884 0 -0.70848 0.705731
-14.5047 45.5169 -120.07458 1 0 0
-14.5047 45.5169 -120.07458 0 0.708481 -0.70573
-14.7799 45.5169 -120.07458 0 0.708481 -0.70573
-14.7799 45.5169 -120.07458 -1 0 0
-14.7799 51.4986 -114.06956 0 0.708481 -0.70573
-14.7799 51.4986 -114.06956 -1 0 0
-14.5047 51.4986 -114.06956 1 0 0
-14.5047 51.4986 -114.06956 0 0.708481 -0.70573
-14.5047 51.2629 -113.83384 1 0 0
-14.5047 51.2629 -113.83384 0 -0.70848 0.705731
-14.7799 51.2629 -113.83384 0 -0.70848 0.705731
-14.7799 51.2629 -113.83384 -1 0 0
14.7798 51.2629 -114.07458 1 0 0
14.7798 51.2629 -114.07458 0 -0.708481 -0.70573
14.5047 51.2629 -114.07458 0 -0.708481 -0.70573
14.5047 51.2629 -114.07458 -1 0 0
14.5047 51.4986 -113.83884 0 0.70848 0.705731
14.5047 51.4986 -113.83884 -1 0 0
14.7798 51.4986 -113.83884 1 0 0
14.7798 51.4986 -113.83884 0 0.70848 0.705731
14.7798 45.5169 -107.83384 1 0 0
14.7798 45.5169 -107.83384 0 0.70848 0.705731
14.5047 45.5169 -107.83384 0 0.70848 0.705731
14.5047 45.5169 -107.83384 -1 0 0
14.5047 45.2812 -108.06956 0 -0.708481 -0.70573
14.5047 45.2812 -108.06956 -1 0 0
14.7798 45.2812 -108.06956 1 0 0
14.7798 45.2812 -108.06956 0 -0.708481 -0.70573
-14.7798 51.2629 -114.07458 0 -0.70848 -0.705731
-14.7798 51.2629 -114.07458 -1 0 0
-14.5048 51.2629 -114.07458 1 0 0
-14.5048 51.2629 -114.07458 0 -0.70848 -0.705731
-14.5048 51.4986 -113.83884 1 0 0
-14.5048 51.4986 -113.83884 0 0.70848 0.705731
-14.7798 51.4986 -113.83884 0 0.70848 0.705731
-14.7798 51.4986 -113.83884 -1 0 0
-14.7798 45.5169 -107.83385 0 0.70848 0.705731
-14.7798 45.5169 -107.83385 -1 0 0
-14.5048 45.5169 -107.83385 1 0 0
-14.5048 45.5169 -107.83385 0 0.70848 0.705731
-14.5048 45.2812 -108.06958 1 0 0
-14.5048 45.2812 -108.06958 0 -0.70848 -0.705731
-14.7798 45.2812 -108.06958 0 -0.70848 -0.705731
-14.7798 45.2812 -108.06958 -1 0 0
-14.7798 45.2812 -101.77258 0 -0.725298 -0.688435
-14.7798 45.2812 -101.77258 -1 0 0
-14.5048 45.2812 -101.77258 1 0 0
-14.5048 45.2812 -101.77258 0 -0.725298 -0.688435
-14.5048 45.5169 -101.53688 1 0 0
-14.5048 45.5169 -101.53688 0 0.725296 0.688437
-14.7798 45.5169 -101.53688 0 0.725296 0.688437
-14.7798 45.5169 -101.53688 -1 0 0
-14.7798 51.4986 -107.83884 0 0.725296 0.688437
-14.7798 51.4986 -107.83884 -1 0 0
-14.5048 51.4986 -107.83884 1 0 0
-14.5048 51.4986 -107.83884 0 0.725296 0.688437
-14.5048 51.2629 -108.07458 1 0 0
-14.5048 51.2629 -108.07458 0 -0.725298 -0.688435
-14.7798 51.2629 -108.07458 0 -0.725298 -0.688435
-14.7798 51.2629 -108.07458 -1 0 0
14.7798 45.2812 -101.77258 1 0 0
14.7798 45.2812 -101.77258 0 -0.725298 -0.688435
14.5047 45.2812 -101.77258 0 -0.725298 -0.688435
14.5047 45.2812 -101.77258 -1 0 0
14.5047 45.5169 -101.53688 0 0.725296 0.688437
14.5047 45.5169 -101.53688 -1 0 0
14.7798 45.5169 -101.53688 1 0 0
14.7798 45.5169 -101.53688 0 0.725296 0.688437
14.7798 51.4986 -107.83884 1 0 0
14.7798 51.4986 -107.83884 0 0.725296 0.688437
14.5047 51.4986 -107.83884 0 0.725296 0.688437
14.5047 51.4986 -107.83884 -1 0 0
14.5047 51.2629 -108.07458 0 -0.725298 -0.688435
14.5047 51.2629 -108.07458 -1 0 0
14.7798 51.2629 -108.07458 1 0 0
14.7798 51.2629 -108.07458 0 -0.725298 -0.688435
14.7799 51.2812 -119.83884 1 0 0
14.7799 51.2812 -119.83884 0 -0.70848 0.705731
14.5048 51.2812 -119.83884 0 -0.70848 0.705731
14.5048 51.2812 -119.83884 -1 0 0
14.5048 51.5169 -120.07458 0 0.708481 -0.70573
14.5048 51.5169 -120.07458 -1 0 0
14.7799 51.5169 -120.07458 1 0 0
14.7799 51.5169 -120.07458 0 0.708481 -0.70573
14.7799 57.4986 -114.06956 1 0 0
14.7799 57.4986 -114.06956 0 0.708481 -0.70573
14.5048 57.4986 -114.06956 0 0.708481 -0.70573
14.5048 57.4986 -114.06956 -1 0 0
14.5048 57.2629 -113.83384 0 -0.70848 0.705731
14.5048 57.2629 -113.83384 -1 0 0
14.7799 57.2629 -113.83384 1 0 0
14.7799 57.2629 -113.83384 0 -0.70848 0.705731
-14.7799 51.2812 -119.83884 0 -0.70848 0.705731
-14.7799 51.2812 -119.83884 -1 0 0
-14.5047 51.2812 -119.83884 1 0 0
-14.5047 51.2812 -119.83884 0 -0.70848 0.705731
-14.5047 51.5169 -120.07458 1 0 0
-14.5047 51.5169 -120.07458 0 0.708481 -0.70573
-14.7799 51.5169 -120.07458 0 0.708481 -0.70573
-14.7799 51.5169 -120.07458 -1 0 0
-14.7799 57.4986 -114.06956 0 0.708481 -0.70573
-14.7799 57.4986 -114.06956 -1 0 0
-14.5047 57.4986 -114.06956 1 0 0
-14.5047 57.4986 -114.06956 0 0.708481 -0.70573
-14.5047 57.2629 -113.83384 1 0 0
-14.5047 57.2629 -113.83384 0 -0.70848 0.705731
-14.7799 57.2629 -113.83384 0 -0.70848 0.705731
-14.7799 57.2629 -113.83384 -1 0 0
14.7798 57.2629 -114.07458 1 0 0
14.7798 57.2629 -114.07458 0 -0.708481 -0.70573
14.5047 57.2629 -114.07458 0 -0.708481 -0.70573
14.5047 57.2629 -114.07458 -1 0 0
14.5047 57.4986 -113.83884 0 0.70848 0.705731
14.5047 57.4986 -113.83884 -1 0 0
14.7798 57.4986 -113.83884 1 0 0
14.7798 57.4986 -113.83884 0 0.70848 0.705731
14.7798 51.5169 -107.83384 1 0 0
14.7798 51.5169 -107.83384 0 0.70848 0.705731
14.5047 51.5169 -107.83384 0 0.70848 0.705731
14.5047 51.5169 -107.83384 -1 0 0
14.5047 51.2812 -108.06956 0 -0.708481 -0.70573
14.5047 51.2812 -108.06956 -1 0 0
14.7798 51.2812 -108.06956 1 0 0
14.7798 51.2812 -108.06956 0 -0.708481 -0.70573
-14.7798 57.2629 -114.07458 0 -0.70848 -0.705731
-14.7798 57.2629 -114.07458 -1 0 0
-14.5048 57.2629 -114.07458 1 0 0
-14.5048 57.2629 -114.07458 0 -0.70848 -0.705731
-14.5048 57.4986 -113.83884 1 0 0
-14.5048 57.4986 -113.83884 0 0.70848 0.705731
-14.7798 57.4986 -113.83884 0 0.70848 0.705731
-14.7798 57.4986 -113.83884 -1 0 0
-14.7798 51.5169 -107.83385 0 0.70848 0.705731
-14.7798 51.5169 -107.83385 -1 0 0
-14.5048 51.5169 -107.83385 1 0 0
-14.5048 51.5169 -107.83385 0 0.70848 0.705731
-14.5048 51.2812 -108.06958 1 0 0
-14.5048 51.2812 -108.06958 0 -0.70848 -0.705731
-14.7798 51.2812 -108.06958 0 -0.70848 -0.705731
-14.7798 51.2812 -108.06958 -1 0 0
-14.7798 51.2812 -101.77258 0 -0.725298 -0.688435
-14.7798 51.2812 -101.77258 -1 0 0
-14.5048 51.2812 -101.77258 1 0 0
-14.5048 51.2812 -101.77258 0 -0.725298 -0.688435
-14.5048 51.5169 -101.53688 1 0 0
-14.5048 51.5169 -101.53688 0 0.725296 0.688437
-14.7798 51.5169 -101.53688 0 0.725296 0.688437
-14.7798 51.5169 -101.53688 -1 0 0
-14.7798 57.4986 -107.83884 0 0.725296 0.688437
-14.7798 57.4986 -107.83884 -1 0 0
-14.5048 57.4986 -107.83884 1 0 0
-14.5048 57.4986 -107.83884 0 0.725296 0.688437
-14.5048 57.2629 -108.07458 1 0 0
-14.5048 57.2629 -108.07458 0 -0.725298 -0.688435
-14.7798 57.2629 -108.07458 0 -0.725298 -0.688435
-14.7798 57.2629 -108.07458 -1 0 0
14.7798 51.2812 -101.77258 1 0 0
14.7798 51.2812 -101.77258 0 -0.725298 -0.688435
14.5047 51.2812 -101.77258 0 -0.725298 -0.688435
14.5047 51.2812 -101.77258 -1 0 0
14.5047 51.5169 -101.53688 0 0.725296 0.688437
14.5047 51.5169 -101.53688 -1 0 0
14.7798 51.5169 -101.53688 1 0 0
14.7798 51.5169 -101.53688 0 0.725296 0.688437
14.7798 57.4986 -107.83884 1 0 0
14.7798 57.4986 -107.83884 0 0.725296 0.688437
14.5047 57.4986 -107.83884 0 0.725296 0.688437
14.5047 57.4986 -107.83884 -1 0 0
14.5047 57.2629 -108.07458 0 -0.725298 -0.688435
14.5047 57.2629 -108.07458 -1 0 0
14.7798 57.2629 -108.07458 1 0 0
14.7798 57.2629 -108.07458 0 -0.725298 -0.688435
14.7799 57.2812 -119.83884 1 0 0
14.7799 57.2812 -119.83884 0 -0.70848 0.705731
14.5048 57.2812 -119.83884 0 -0.70848 0.705731
14.5048 57.2812 -119.83884 -1 0 0
14.5048 57.5169 -120.07458 0 0.708481 -0.70573
14.5048 57.5169 -120.07458 -1 0 0
14.7799 57.5169 -120.07458 1 0 0
14.7799 57.5169 -120.07458 0 0.708481 -0.70573
14.7799 63.4986 -114.06956 1 0 0
14.7799 63.4986 -114.06956 0 0.708481 -0.70573
14.5048 63.4986 -114.06956 0 0.708481 -0.70573
14.5048 63.4986 -114.06956 -1 0 0
14.5048 63.2629 -113.83384 0 -0.70848 0.705731
14.5048 63.2629 -113.83384 -1 0 0
14.7799 63.2629 -113.83384 1 0 0
14.7799 63.2629 -113.83384 0 -0.70848 0.705731
-14.7799 57.2812 -119.83884 0 -0.70848 0.705731
-14.7799 57.2812 -119.83884 -1 0 0
-14.5047 57.2812 -119.83884 1 0 0
-14.5047 57.2812 -119.83884 0 -0.70848 0.705731
-14.5047 57.5169 -120.07458 1 0 0
-14.5047 57.5169 -120.07458 0 0.708481 -0.70573
-14.7799 57.5169 -120.07458 0 0.708481 -0.70573
-14.7799 57.5169 -120.07458 -1 0 0
-14.7799 63.4986 -114.06956 0 0.708481 -0.70573
-14.7799 63.4986 -114.06956 -1 0 0
-14.5047 63.4986 -114.06956 1 0 0
-14.5047 63.4986 -114.06956 0 0.708481 -0.70573
-14.5047 63.2629 -113.83384 1 0 0
-14.5047 63.2629 -113.83384 0 -0.70848 0.705731
-14.7799 63.2629 -113.83384 0 -0.70848 0.705731
-14.7799 63.2629 -113.83384 -1 0 0
14.7798 63.2629 -114.07458 1 0 0
14.7798 63.2629 -114.07458 0 -0.708481 -0.70573
14.5047 63.2629 -114.07458 0 -0.708481 -0.70573
14.5047 63.2629 -114.07458 -1 0 0
14.5047 63.4986 -113.83884 0 0.70848 0.705731
14.5047 63.4986 -113.83884 -1 0 0
14.7798 63.4986 -113.83884 1 0 0
14.7798 63.4986 -113.83884 0 0.70848 0.705731
14.7798 57.5169 -107.83384 1 0 0
14.7798 57.5169 -107.83384 0 0.70848 0.705731
14.5047 57.5169 -107.83384 0 0.70848 0.705731
14.5047 57.5169 -107.83384 -1 0 0
14.5047 57.2812 -108.06956 0 -0.708481 -0.70573
14.5047 57.2812 -108.06956 -1 0 0
14.7798 57.2812 -108.06956 1 0 0
14.7798 57.2812 -108.06956 0 -0.708481 -0.70573
-14.7798 63.2629 -114.07458 0 -0.70848 -0.705731
-14.7798 63.2629 -114.07458 -1 0 0
-14.5048 63.2629 -114.07458 1 0 0
-14.5048 63.2629 -114.07458 0 -0.70848 -0.705731
-14.5048 63.4986 -113.83884 1 0 0
-14.5048 63.4986 -113.83884 0 0.70848 0.705731
-14.7798 63.4986 -113.83884 0 0.70848 0.705731
-14.7798 63.4986 -113.83884 -1 0 0
-14.7798 57.5169 -107.83385 0 0.70848 0.705731
-14.7798 57.5169 -107.83385 -1 0 0
-14.5048 57.5169 -107.83385 1 0 0
-14.5048 57.5169 -107.83385 0 0.70848 0.705731
-14.5048 57.2812 -108.06958 1 0 0
-14.5048 57.2812 -108.06958 0 -0.70848 -0.705731
-14.7798 57.2812 -108.06958 0 -0.70848 -0.705731
-14.7798 57.2812 -108.06958 -1 0 0
-14.7798 57.2812 -101.77258 0 -0.725298 -0.688435
-14.7798 57.2812 -101.77258 -1 0 0
-14.5048 57.2812 -101.77258 1 0 0
-14.5048 57.2812 -101.77258 0 -0.725298 -0.688435
-14.5048 57.5169 -101.53688 1 0 0
-14.5048 57.5169 -101.53688 0 0.725296 0.688437
-14.7798 57.5169 -101.53688 0 0.725296 0.688437
-14.7798 57.5169 -101.53688 -1 0 0
-14.7798 63.4986 -107.83884 0 0.725296 0.688437
-14.7798 63.4986 -107.83884 -1 0 0
-14.5048 63.4986 -107.83884 1 0 0
-14.5048 63.4986 -107.83884 0 0.725296 0.688437
-14.5048 63.2629 -108.07458 1 0 0
-14.5048 63.2629 -108.07458 0 -0.725298 -0.688435
-14.7798 63.2629 -108.07458 0 -0.725298 -0.688435
-14.7798 63.2629 -108.07458 -1 0 0
14.7798 57.2812 -101.77258 1 0 0
14.7798 57.2812 -101.77258 0 -0.725298 -0.688435
14.5047 57.2812 -101.77258 0 -0.725298 -0.688435
14.5047 57.2812 -101.77258 -1 0 0
14.5047 57.5169 -101.53688 0 0.725296 0.688437
14.5047 57.5169 -101.53688 -1 0 0
14.7798 57.5169 -101.53688 1 0 0
14.7798 57.5169 -101.53688 0 0.725296 0.688437
14.7798 63.4986 -107.83884 1 0 0
14.7798 63.4986 -107.83884 0 0.725296 0.688437
14.5047 63.4986 -107.83884 0 0.725296 0.688437
14.5047 63.4986 -107.83884 -1 0 0
14.5047 63.2629 -108.07458 0 -0.725298 -0.688435
14.5047 63.2629 -108.07458 -1 0 0
14.7798 63.2629 -108.07458 1 0 0
14.7798 63.2629 -108.07458 0 -0.725298 -0.688435
14.7799 62.6467 -119.83884 1 0 0
14.7799 62.6467 -119.83884 0 -0.70848 0.705731
14.5048 62.6467 -119.83884 0 -0.70848 0.705731
14.5048 62.6467 -119.83884 -1 0 0
14.5048 62.8824 -120.07458 0 0.708481 -0.70573
14.5048 62.8824 -120.07458 -1 0 0
14.7799 62.8824 -120.07458 1 0 0
14.7799 62.8824 -120.07458 0 0.708481 -0.70573
14.7799 68.8641 -114.06956 1 0 0
14.7799 68.8641 -114.06956 0 0.708481 -0.70573
14.5048 68.8641 -114.06956 0 0.708481 -0.70573
14.5048 68.8641 -114.06956 -1 0 0
14.5048 68.6284 -113.83384 0 -0.70848 0.705731
14.5048 68.6284 -113.83384 -1 0 0
14.7799 68.6284 -113.83384 1 0 0
14.7799 68.6284 -113.83384 0 -0.70848 0.705731
-14.7799 62.6467 -119.83884 0 -0.70848 0.705731
-14.7799 62.6467 -119.83884 -1 0 0
-14.5047 62.6467 -119.83884 1 0 0
-14.5047 62.6467 -119.83884 0 -0.70848 0.705731
-14.5047 62.8824 -120.07458 1 0 0
-14.5047 62.8824 -120.07458 0 0.708481 -0.70573
-14.7799 62.8824 -120.07458 0 0.708481 -0.70573
-14.7799 62.8824 -120.07458 -1 0 0
-14.7799 68.8641 -114.06956 0 0.708481 -0.70573
-14.7799 68.8641 -114.06956 -1 0 0
-14.5047 68.8641 -114.06956 1 0 0
-14.5047 68.8641 -114.06956 0 0.708481 -0.70573
-14.5047 68.6284 -113.83384 1 0 0
-14.5047 68.6284 -113.83384 0 -0.70848 0.705731
-14.7799 68.6284 -113.83384 0 -0.70848 0.705731
-14.7799 68.6284 -113.83384 -1 0 0
14.7798 68.6284 -114.07458 1 0 0
14.7798 68.6284 -114.07458 0 -0.708481 -0.70573
14.5047 68.6284 -114.07458 0 -0.708481 -0.70573
14.5047 68.6284 -114.07458 -1 0 0
14.5047 68.8641 -113.83884 0 0.70848 0.70573
14.5047 68.8641 -113.83884 -1 0 0
14.7798 68.8641 -113.83884 1 0 0
14.7798 68.8641 -113.83884 0 0.70848 0.70573
14.7798 62.8824 -107.83384 1 0 0
14.7798 62.8824 -107.83384 0 0.70848 0.70573
14.5047 62.8824 -107.83384 0 0.70848 0.70573
14.5047 62.8824 -107.83384 -1 0 0
14.5047 62.6467 -108.06956 0 -0.708481 -0.70573
14.5047 62.6467 -108.06956 -1 0 0
14.7798 62.6467 -108.06956 1 0 0
14.7798 62.6467 -108.06956 0 -0.708481 -0.70573
-14.7798 68.6284 -114.07458 0 -0.70848 -0.705731
-14.7798 68.6284 -114.07458 -1 0 0
-14.5048 68.6284 -114.07458 1 0 0
-14.5048 68.6284 -114.07458 0 -0.70848 -0.705731
-14.5048 68.8641 -113.83884 1 0 0
-14.5048 68.8641 -113.83884 0 0.70848 0.705731
-14.7798 68.8641 -113.83884 0 0.70848 0.705731
-14.7798 68.8641 -113.83884 -1 0 0
-14.7798 62.8824 -107.83385 0 0.70848 0.705731
-14.7798 62.8824 -107.83385 -1 0 0
-14.5048 62.8824 -107.83385 1 0 0
-14.5048 62.8824 -107.83385 0 0.70848 0.705731
-14.5048 62.6467 -108.06958 1 0 0
-14.5048 62.6467 -108.06958 0 -0.70848 -0.705731
-14.7798 62.6467 -108.06958 0 -0.70848 -0.705731
-14.7798 62.6467 -108.06958 -1 0 0
-14.7798 62.6467 -101.77258 0 -0.725298 -0.688435
-14.7798 62.6467 -101.77258 -1 0 0
-14.5048 62.6467 -101.77258 1 0 0
-14.5048 62.6467 -101.77258 0 -0.725298 -0.688435
-14.5048 62.8824 -101.53688 1 0 0
-14.5048 62.8824 -101.53688 0 0.725296 0.688437
-14.7798 62.8824 -101.53688 0 0.725296 0.688437
-14.7798 62.8824 -101.53688 -1 0 0
-14.7798 68.8641 -107.83884 0 0.725296 0.688437
-14.7798 68.8641 -107.83884 -1 0 0
-14.5048 68.8641 -107.83884 1 0 0
-14.5048 68.8641 -107.83884 0 0.725296 0.688437
-14.5048 68.6284 -108.07458 1 0 0
-14.5048 68.6284 -108.07458 0 -0.725298 -0.688435
-14.7798 68.6284 -108.07458 0 -0.725298 -0.688435
-14.7798 68.6284 -108.07458 -1 0 0
14.7798 62.6467 -101.77258 1 0 0
14.7798 62.6467 -101.77258 0 -0.725298 -0.688435
14.5047 62.6467 -101.77258 0 -0.725298 -0.688435
14.5047 62.6467 -101.77258 -1 0 0
14.5047 62.8824 -101.53688 0 0.725296 0.688437
14.5047 62.8824 -101.53688 -1 0 0
14.7798 62.8824 -101.53688 1 0 0
14.7798 62.8824 -101.53688 0 0.725296 0.688437
14.7798 68.8641 -107.83884 1 0 0
14.7798 68.8641 -107.83884 0 0.725296 0.688437
14.5047 68.8641 -107.83884 0 0.725296 0.688437
14.5047 68.8641 -107.83884 -1 0 0
14.5047 68.6284 -108.07458 0 -0.725298 -0.688435
14.5047 68.6284 -108.07458 -1 0 0
14.7798 68.6284 -108.07458 1 0 0
14.7798 68.6284 -108.07458 0 -0.725298 -0.688435
-14.9488 66.8334 -96.43889 0 0 -1
-14.9488 66.8334 -96.43889 -0.254623 -0.96704 0
-14.9488 66.9833 -96.43889 0.255559 0.966793 0
-14.9488 66.9833 -96.43889 0 0 -1
-14.9488 66.9833 -95.89049 0.255559 0.966793 0
-14.9488 66.9833 -95.89049 0 0 1
-14.9488 66.8334 -95.89049 0 0 1
-14.9488 66.8334 -95.89049 -0.254623 -0.96704 0
-19.91113 68.13998 -95.89049 0 0 1
-19.91113 68.13998 -95.89049 -0.254623 -0.96704 0
-19.87293 68.28493 -95.89049 0.255559 0.966793 0
-19.87293 68.28493 -95.89049 0 0 1
-19.87293 68.28493 -96.43889 0.255559 0.966793 0
-19.87293 68.28493 -96.43889 0 0 -1
-19.91113 68.13998 -96.43889 0 0 -1
-19.91113 68.13998 -96.43889 -0.254623 -0.96704 0
-19.87306 68.28445 -96.30408 0 0 -1
-19.78449 68.62057 -96.30408 0 0 -1
-19.78449 68.62057 -96.01028 0 0 1
-19.87306 68.28445 -96.01028 0 0 1
-14.9488 66.98289 -96.01028 0 0 1
-14.9488 67.3304 -96.01028 0 0 1
-14.9488 67.3304 -96.30408 0 0 -1
-14.9488 66.98289 -96.30408 0 0 -1
-19.78449 68.62057 -96.43989 0 0 -1
-19.78449 68.62057 -96.43989 -0.257786 -0.966202 0
-19.74975 68.75237 -96.43989 0.258681 0.965963 0
-19.74975 68.75237 -96.43989 0 0 -1
-19.74975 68.75237 -95.89159 0.258681 0.965963 0
-19.74975 68.75237 -95.89159 0 0 1
-19.78449 68.62057 -95.89159 0 0 1
-19.78449 68.62057 -95.89159 -0.257786 -0.966202 0
-14.9488 67.3304 -95.89159 0 0 1
-14.9488 67.3304 -95.89159 -0.257786 -0.966202 0
-14.9488 67.4667 -95.89159 0.258681 0.965963 0
-14.9488 67.4667 -95.89159 0 0 1
-14.9488 67.4667 -96.43989 0.258681 0.965963 0
-14.9488 67.4667 -96.43989 0 0 -1
-14.9488 67.3304 -96.43989 0 0 -1
-14.9488 67.3304 -96.43989 -0.257786 -0.966202 0
-14.7799 68.3808 -89.60669 0 -0.746364 -0.665538
-14.7799 68.3808 -89.60669 -1 0 0
-14.5048 68.3808 -89.60669 1 0 0
-14.5048 68.3808 -89.60669 0 -0.746364 -0.665538
-14.5048 68.6165 -89.38389 1 0 0
-14.5048 68.6165 -89.38389 0 0.746364 0.665538
-14.7799 68.6165 -89.38389 0 0.746364 0.665538
-14.7799 68.6165 -89.38389 -1 0 0
-14.7799 74.5682 -96.05839 0 0.746364 0.665538
-14.7799 74.5682 -96.05839 -1 0 0
-14.5048 74.5682 -96.05839 1 0 0
-14.5048 74.5682 -96.05839 0 0.746364 0.665538
-14.5048 74.3325 -96.28119 1 0 0
-14.5048 74.3325 -96.28119 0 -0.746364 -0.665538
-14.7799 74.3325 -96.28119 0 -0.746364 -0.665538
-14.7799 74.3325 -96.28119 -1 0 0
14.7798 68.3808 -89.60669 1 0 0
14.7798 68.3808 -89.60669 0 -0.746364 -0.665538
14.5048 68.3808 -89.60669 0 -0.746364 -0.665538
14.5048 68.3808 -89.60669 -1 0 0
14.5048 68.6165 -89.38389 0 0.746364 0.665538
14.5048 68.6165 -89.38389 -1 0 0
14.7798 68.6165 -89.38389 1 0 0
14.7798 68.6165 -89.38389 0 0.746364 0.665538
14.7798 74.5682 -96.05839 1 0 0
14.7798 74.5682 -96.05839 0 0.746364 0.665538
14.5048 74.5682 -96.05839 0 0.746364 0.665538
14.5048 74.5682 -96.05839 -1 0 0
14.5048 74.3325 -96.28119 0 -0.746364 -0.665538
14.5048 74.3325 -96.28119 -1 0 0
14.7798 74.3325 -96.28119 1 0 0
14.7798 74.3325 -96.28119 0 -0.746364 -0.665538
14.7798 74.3325 -101.88418 1 0 0
14.7798 74.3325 -101.88418 0 -0.693913 -0.720059
14.5048 74.3325 -101.88418 0 -0.693913 -0.720059
14.5048 74.3325 -101.88418 -1 0 0
14.5048 74.5682 -101.66138 0 0.693913 0.720058
14.5048 74.5682 -101.66138 -1 0 0
14.7798 74.5682 -101.66138 1 0 0
14.7798 74.5682 -101.66138 0 0.693913 0.720058
14.7798 68.6165 -95.92579 1 0 0
14.7798 68.6165 -95.92579 0 0.693913 0.720058
14.5048 68.6165 -95.92579 0 0.693913 0.720058
14.5048 68.6165 -95.92579 -1 0 0
14.5048 68.3808 -96.14859 0 -0.693913 -0.720059
14.5048 68.3808 -96.14859 -1 0 0
14.7798 68.3808 -96.14859 1 0 0
14.7798 68.3808 -96.14859 0 -0.693913 -0.720059
-14.7799 74.3325 -101.88418 0 -0.693913 -0.720059
-14.7799 74.3325 -101.88418 -1 0 0
-14.5048 74.3325 -101.88418 1 0 0
-14.5048 74.3325 -101.88418 0 -0.693913 -0.720059
-14.5048 74.5682 -101.66138 1 0 0
-14.5048 74.5682 -101.66138 0 0.693913 0.720058
-14.7799 74.5682 -101.66138 0 0.693913 0.720058
-14.7799 74.5682 -101.66138 -1 0 0
-14.7799 68.6165 -95.92579 0 0.693913 0.720058
-14.7799 68.6165 -95.92579 -1 0 0
-14.5048 68.6165 -95.92579 1 0 0
-14.5048 68.6165 -95.92579 0 0.693913 0.720058
-14.5048 68.3808 -96.14859 1 0 0
-14.5048 68.3808 -96.14859 0 -0.693913 -0.720059
-14.7799 68.3808 -96.14859 0 -0.693913 -0.720059
-14.7799 68.3808 -96.14859 -1 0 0
-14.7799 68.3808 -101.75168 0 -0.728517 -0.685028
-14.7799 68.3808 -101.75168 -1 0 0
-14.5048 68.3808 -101.75168 1 0 0
-14.5048 68.3808 -101.75168 0 -0.728517 -0.685028
-14.5048 68.6165 -101.52879 1 0 0
-14.5048 68.6165 -101.52879 0 0.72852 0.685025
-14.7799 68.6165 -101.52879 0 0.72852 0.685025
-14.7799 68.6165 -101.52879 -1 0 0
-14.7799 74.5682 -107.85838 0 0.72852 0.685025
-14.7799 74.5682 -107.85838 -1 0 0
-14.5048 74.5682 -107.85838 1 0 0
-14.5048 74.5682 -107.85838 0 0.72852 0.685025
-14.5048 74.3325 -108.08122 1 0 0
-14.5048 74.3325 -108.08122 0 -0.728517 -0.685028
-14.7799 74.3325 -108.08122 0 -0.728517 -0.685028
-14.7799 74.3325 -108.08122 -1 0 0
14.7798 68.3808 -101.75168 1 0 0
14.7798 68.3808 -101.75168 0 -0.728517 -0.685028
14.5048 68.3808 -101.75168 0 -0.728517 -0.685028
14.5048 68.3808 -101.75168 -1 0 0
14.5048 68.6165 -101.52879 0 0.72852 0.685025
14.5048 68.6165 -101.52879 -1 0 0
14.7798 68.6165 -101.52879 1 0 0
14.7798 68.6165 -101.52879 0 0.72852 0.685025
14.7798 74.5682 -107.85838 1 0 0
14.7798 74.5682 -107.85838 0 0.72852 0.685025
14.5048 74.5682 -107.85838 0 0.72852 0.685025
14.5048 74.5682 -107.85838 -1 0 0
14.5048 74.3325 -108.08122 0 -0.728517 -0.685028
14.5048 74.3325 -108.08122 -1 0 0
14.7798 74.3325 -108.08122 1 0 0
14.7798 74.3325 -108.08122 0 -0.728517 -0.685028
14.7798 74.3325 -114.07441 1 0 0
14.7798 74.3325 -114.07441 0 -0.711863 -0.702318
14.5048 74.3325 -114.07441 0 -0.711863 -0.702318
14.5048 74.3325 -114.07441 -1 0 0
14.5048 74.5682 -113.85158 0 0.711865 0.702316
14.5048 74.5682 -113.85158 -1 0 0
14.7798 74.5682 -113.85158 1 0 0
14.7798 74.5682 -113.85158 0 0.711865 0.702316
14.7798 68.6165 -107.81895 1 0 0
14.7798 68.6165 -107.81895 0 0.711865 0.702316
14.5048 68.6165 -107.81895 0 0.711865 0.702316
14.5048 68.6165 -107.81895 -1 0 0
14.5048 68.3808 -108.04182 0 -0.711863 -0.702318
14.5048 68.3808 -108.04182 -1 0 0
14.7798 68.3808 -108.04182 1 0 0
14.7798 68.3808 -108.04182 0 -0.711863 -0.702318
-14.7799 74.3325 -114.07441 0 -0.711863 -0.702318
-14.7799 74.3325 -114.07441 -1 0 0
-14.5048 74.3325 -114.07441 1 0 0
-14.5048 74.3325 -114.07441 0 -0.711863 -0.702318
-14.5048 74.5682 -113.85158 1 0 0
-14.5048 74.5682 -113.85158 0 0.711865 0.702316
-14.7799 74.5682 -113.85158 0 0.711865 0.702316
-14.7799 74.5682 -113.85158 -1 0 0
-14.7799 68.6165 -107.81895 0 0.711865 0.702316
-14.7799 68.6165 -107.81895 -1 0 0
-14.5048 68.6165 -107.81895 1 0 0
-14.5048 68.6165 -107.81895 0 0.711865 0.702316
-14.5048 68.3808 -108.04182 1 0 0
-14.5048 68.3808 -108.04182 0 -0.711863 -0.702318
-14.7799 68.3808 -108.04182 0 -0.711863 -0.702318
-14.7799 68.3808 -108.04182 -1 0 0
-14.7799 68.3808 -114.06184 0 -0.707763 -0.70645
-14.7799 68.3808 -114.06184 -1 0 0
-14.5048 68.3808 -114.06184 1 0 0
-14.5048 68.3808 -114.06184 0 -0.707763 -0.70645
-14.5048 68.6165 -113.84154 1 0 0
-14.5048 68.6165 -113.84154 0 0.707765 0.706448
-14.7799 68.6165 -113.84154 0 0.707765 0.706448
-14.7799 68.6165 -113.84154 -1 0 0
-14.7799 74.5682 -119.80434 0 0.707765 0.706448
-14.7799 74.5682 -119.80434 -1 0 0
-14.5048 74.5682 -119.80434 1 0 0
-14.5048 74.5682 -119.80434 0 0.707765 0.706448
-14.5048 74.3325 -120.0246 1 0 0
-14.5048 74.3325 -120.0246 0 -0.707763 -0.70645
-14.7799 74.3325 -120.0246 0 -0.707763 -0.70645
-14.7799 74.3325 -120.0246 -1 0 0
14.7798 68.3808 -114.06184 1 0 0
14.7798 68.3808 -114.06184 0 -0.707763 -0.70645
14.5048 68.3808 -114.06184 0 -0.707763 -0.70645
14.5048 68.3808 -114.06184 -1 0 0
14.5048 68.6165 -113.84154 0 0.707765 0.706448
14.5048 68.6165 -113.84154 -1 0 0
14.7798 68.6165 -113.84154 1 0 0
14.7798 68.6165 -113.84154 0 0.707765 0.706448
14.7798 74.5682 -119.80434 1 0 0
14.7798 74.5682 -119.80434 0 0.707765 0.706448
14.5048 74.5682 -119.80434 0 0.707765 0.706448
14.5048 74.5682 -119.80434 -1 0 0
14.5048 74.3325 -120.0246 0 -0.707763 -0.70645
14.5048 74.3325 -120.0246 -1 0 0
14.7798 74.3325 -120.0246 1 0 0
14.7798 74.3325 -120.0246 0 -0.707763 -0.70645
14.7798 74.3325 -125.77259 1 0 0
14.7798 74.3325 -125.77259 0 -0.693544 -0.720415
14.5048 74.3325 -125.77259 0 -0.693544 -0.720415
14.5048 74.3325 -125.77259 -1 0 0
14.5048 74.5682 -125.53689 0 0.693548 0.72041
14.5048 74.5682 -125.53689 -1 0 0
14.7798 74.5682 -125.53689 1 0 0
14.7798 74.5682 -125.53689 0 0.693548 0.72041
14.7798 68.6165 -119.80711 1 0 0
14.7798 68.6165 -119.80711 0 0.693548 0.72041
14.5048 68.6165 -119.80711 0 0.693548 0.72041
14.5048 68.6165 -119.80711 -1 0 0
14.5048 68.3808 -120.04288 0 -0.693544 -0.720415
14.5048 68.3808 -120.04288 -1 0 0
14.7798 68.3808 -120.04288 1 0 0
14.7798 68.3808 -120.04288 0 -0.693544 -0.720415
-14.7799 74.3325 -125.77259 0 -0.693544 -0.720415
-14.7799 74.3325 -125.77259 -1 0 0
-14.5048 74.3325 -125.77259 1 0 0
-14.5048 74.3325 -125.77259 0 -0.693544 -0.720415
-14.5048 74.5682 -125.53689 1 0 0
-14.5048 74.5682 -125.53689 0 0.693548 0.72041
-14.7799 74.5682 -125.53689 0 0.693548 0.72041
-14.7799 74.5682 -125.53689 -1 0 0
-14.7799 68.6165 -119.80711 0 0.693548 0.72041
-14.7799 68.6165 -119.80711 -1 0 0
-14.5048 68.6165 -119.80711 1 0 0
-14.5048 68.6165 -119.80711 0 0.693548 0.72041
-14.5048 68.3808 -120.04288 1 0 0
-14.5048 68.3808 -120.04288 0 -0.693544 -0.720415
-14.7799 68.3808 -120.04288 0 -0.693544 -0.720415
-14.7799 68.3808 -120.04288 -1 0 0
-9.04246 74.9893 -108.25101 1 0 0
-9.04246 74.9893 -108.25101 0 0 -1
-9.19156 74.9893 -108.25101 0 0 -1
-9.19156 74.9893 -108.25101 -1 0 0
-9.19156 74.9893 -107.70203 0 0 1
-9.19156 74.9893 -107.70203 -1 0 0
-9.04246 74.9893 -107.70203 1 0 0
-9.04246 74.9893 -107.70203 0 0 1
-9.04246 81.6306 -107.70203 1 0 0
-9.04246 81.6306 -107.70203 0 0 1
-9.19156 81.6306 -107.70203 0 0 1
-9.19156 81.6306 -107.70203 -1 0 0
-9.19156 81.6306 -108.25101 0 0 -1
-9.19156 81.6306 -108.25101 -1 0 0
-9.04246 81.6306 -108.25101 1 0 0
-9.04246 81.6306 -108.25101 0 0 -1
-9.19106 81.6306 -108.11607 0 0 -1
-9.53686 81.6306 -108.11607 0 0 -1
-9.53686 81.6306 -107.82197 0 0 1
-9.19106 81.6306 -107.82197 0 0 1
-9.19106 74.9893 -107.82197 0 0 1
-9.53686 74.9893 -107.82197 0 0 1
-9.53686 74.9893 -108.11607 0 0 -1
-9.19106 74.9893 -108.11607 0 0 -1
-9.53686 81.6306 -108.25203 1 0 0
-9.53686 81.6306 -108.25203 0 0 -1
-9.67236 81.6306 -108.25203 0 0 -1
-9.67236 81.6306 -108.25203 -1 0 0
-9.67236 81.6306 -107.70306 0 0 1
-9.67236 81.6306 -107.70306 -1 0 0
-9.53686 81.6306 -107.70306 1 0 0
-9.53686 81.6306 -107.70306 0 0 1
-9.53686 74.9893 -107.70306 1 0 0
-9.53686 74.9893 -107.70306 0 0 1
-9.67236 74.9893 -107.70306 0 0 1
-9.67236 74.9893 -107.70306 -1 0 0
-9.67236 74.9893 -108.25203 0 0 -1
-9.67236 74.9893 -108.25203 -1 0 0
-9.53686 74.9893 -108.25203 1 0 0
-9.53686 74.9893 -108.25203 0 0 -1
-9.53686 75.0153 -114.25203 1 0 0
-9.53686 75.0153 -114.25203 0 0 -1
-9.67236 75.0153 -114.25203 0 0 -1
-9.67236 75.0153 -114.25203 -1 0 0
-9.67236 75.0153 -113.70306 0 0 1
-9.67236 75.0153 -113.70306 -1 0 0
-9.53686 75.0153 -113.70306 1 0 0
-9.53686 75.0153 -113.70306 0 0 1
-9.53686 81.6565 -113.70306 1 0 0
-9.53686 81.6565 -113.70306 0 0 1
-9.67236 81.6565 -113.70306 0 0 1
-9.67236 81.6565 -113.70306 -1 0 0
-9.67236 81.6565 -114.25203 0 0 -1
-9.67236 81.6565 -114.25203 -1 0 0
-9.53686 81.6565 -114.25203 1 0 0
-9.53686 81.6565 -114.25203 0 0 -1
-9.19106 75.0153 -114.11607 0 0 -1
-9.53686 75.0153 -114.11607 0 0 -1
-9.53686 75.0153 -113.82198 0 0 1
-9.19106 75.0153 -113.82198 0 0 1
-9.19106 81.6565 -113.82198 0 0 1
-9.53686 81.6565 -113.82198 0 0 1
-9.53686 81.6565 -114.11607 0 0 -1
-9.19106 81.6565 -114.11607 0 0 -1
-9.04246 81.6565 -114.25101 1 0 0
-9.04246 81.6565 -114.25101 0 0 -1
-9.19156 81.6565 -114.25101 0 0 -1
-9.19156 81.6565 -114.25101 -1 0 0
-9.19156 81.6565 -113.70203 0 0 1
-9.19156 81.6565 -113.70203 -1 0 0
-9.04246 81.6565 -113.70203 1 0 0
-9.04246 81.6565 -113.70203 0 0 1
-9.04246 75.0153 -113.70203 1 0 0
-9.04246 75.0153 -113.70203 0 0 1
-9.19156 75.0153 -113.70203 0 0 1
-9.19156 75.0153 -113.70203 -1 0 0
-9.19156 75.0153 -114.25101 0 0 -1
-9.19156 75.0153 -114.25101 -1 0 0
-9.04246 75.0153 -114.25101 1 0 0
-9.04246 75.0153 -114.25101 0 0 -1
-9.04246 75.0671 -120.25102 1 0 0
-9.04246 75.0671 -120.25102 0 0 -1
-9.19156 75.0671 -120.25102 0 0 -1
-9.19156 75.0671 -120.25102 -1 0 0
-9.19156 75.0671 -119.70203 0 0 1
-9.19156 75.0671 -119.70203 -1 0 0
-9.04246 75.0671 -119.70203 1 0 0
-9.04246 75.0671 -119.70203 0 0 1
-9.04246 81.7084 -119.70203 1 0 0
-9.04246 81.7084 -119.70203 0 0 1
-9.19156 81.7084 -119.70203 0 0 1
-9.19156 81.7084 -119.70203 -1 0 0
-9.19156 81.7084 -120.25102 0 0 -1
-9.19156 81.7084 -120.25102 -1 0 0
-9.04246 81.7084 -120.25102 1 0 0
-9.04246 81.7084 -120.25102 0 0 -1
-9.19106 81.7084 -120.11613 0 0 -1
-9.53686 81.7084 -120.11613 0 0 -1
-9.53686 81.7084 -119.82193 0 0 1
-9.19106 81.7084 -119.82193 0 0 1
-9.19106 75.0671 -119.82193 0 0 1
-9.53686 75.0671 -119.82193 0 0 1
-9.53686 75.0671 -120.11613 0 0 -1
-9.19106 75.0671 -120.11613 0 0 -1
-9.53686 81.7084 -120.25203 1 0 0
-9.53686 81.7084 -120.25203 0 0 -1
-9.67236 81.7084 -120.25203 0 0 -1
-9.67236 81.7084 -120.25203 -1 0 0
-9.67236 81.7084 -119.70312 0 0 1
-9.67236 81.7084 -119.70312 -1 0 0
-9.53686 81.7084 -119.70312 1 0 0
-9.53686 81.7084 -119.70312 0 0 1
-9.53686 75.0671 -119.70312 1 0 0
-9.53686 75.0671 -119.70312 0 0 1
-9.67236 75.0671 -119.70312 0 0 1
-9.67236 75.0671 -119.70312 -1 0 0
-9.67236 75.0671 -120.25203 0 0 -1
-9.67236 75.0671 -120.25203 -1 0 0
-9.53686 75.0671 -120.25203 1 0 0
-9.53686 75.0671 -120.25203 0 0 -1
-9.53776 74.9661 -96.43979 1 0 0
-9.53776 74.9661 -96.43979 0 0 -1
-9.67406 74.9661 -96.43979 0 0 -1
-9.67406 74.9661 -96.43979 -1 0 0
-9.67406 74.9661 -95.89149 0 0 1
-9.67406 74.9661 -95.89149 -1 0 0
-9.53776 74.9661 -95.89149 1 0 0
-9.53776 74.9661 -95.89149 0 0 1
-9.53776 81.6099 -95.89149 1 0 0
-9.53776 81.6099 -95.89149 0 0 1
-9.67406 81.6099 -95.89149 0 0 1
-9.67406 81.6099 -95.89149 -1 0 0
-9.67406 81.6099 -96.43979 0 0 -1
-9.67406 81.6099 -96.43979 -1 0 0
-9.53776 81.6099 -96.43979 1 0 0
-9.53776 81.6099 -96.43979 0 0 -1
-9.19016 74.9661 -96.30399 0 0 -1
-9.53776 74.9661 -96.30399 0 0 -1
-9.53776 74.9661 -96.01028 0 0 1
-9.19016 74.9661 -96.01028 0 0 1
-9.19016 81.6099 -96.01028 0 0 1
-9.53776 81.6099 -96.01028 0 0 1
-9.53776 81.6099 -96.30399 0 0 -1
-9.19016 81.6099 -96.30399 0 0 -1
-9.04076 81.6099 -96.43879 1 0 0
-9.04076 81.6099 -96.43879 0 0 -1
-9.19066 81.6099 -96.43879 0 0 -1
-9.19066 81.6099 -96.43879 -1 0 0
-9.19066 81.6099 -95.89049 0 0 1
-9.19066 81.6099 -95.89049 -1 0 0
-9.04076 81.6099 -95.89049 1 0 0
-9.04076 81.6099 -95.89049 0 0 1
-9.04076 74.9661 -95.89049 1 0 0
-9.04076 74.9661 -95.89049 0 0 1
-9.19066 74.9661 -95.89049 0 0 1
-9.19066 74.9661 -95.89049 -1 0 0
-9.19066 74.9661 -96.43879 0 0 -1
-9.19066 74.9661 -96.43879 -1 0 0
-9.04076 74.9661 -96.43879 1 0 0
-9.04076 74.9661 -96.43879 0 0 -1
-9.04236 74.9662 -101.94209 1 0 0
-9.04236 74.9662 -101.94209 0 0 -1
-9.19156 74.9662 -101.94209 0 0 -1
-9.19156 74.9662 -101.94209 -1 0 0
-9.19156 74.9662 -101.39308 0 0 1
-9.19156 74.9662 -101.39308 -1 0 0
-9.04236 74.9662 -101.39308 1 0 0
-9.04236 74.9662 -101.39308 0 0 1
-9.04236 81.6075 -101.39308 1 0 0
-9.04236 81.6075 -101.39308 0 0 1
-9.19156 81.6075 -101.39308 0 0 1
-9.19156 81.6075 -101.39308 -1 0 0
-9.19156 81.6075 -101.94209 0 0 -1
-9.19156 81.6075 -101.94209 -1 0 0
-9.04236 81.6075 -101.94209 1 0 0
-9.04236 81.6075 -101.94209 0 0 -1
-9.19106 81.6075 -101.80718 0 0 -1
-9.53676 81.6075 -101.80718 0 0 -1
-9.53676 81.6075 -101.51298 0 0 1
-9.19106 81.6075 -101.51298 0 0 1
-9.19106 74.9662 -101.51298 0 0 1
-9.53676 74.9662 -101.51298 0 0 1
-9.53676 74.9662 -101.80718 0 0 -1
-9.19106 74.9662 -101.80718 0 0 -1
-9.53676 81.6075 -101.94308 1 0 0
-9.53676 81.6075 -101.94308 0 0 -1
-9.67236 81.6075 -101.94308 0 0 -1
-9.67236 81.6075 -101.94308 -1 0 0
-9.67236 81.6075 -101.39418 0 0 1
-9.67236 81.6075 -101.39418 -1 0 0
-9.53676 81.6075 -101.39418 1 0 0
-9.53676 81.6075 -101.39418 0 0 1
-9.53676 74.9662 -101.39418 1 0 0
-9.53676 74.9662 -101.39418 0 0 1
-9.67236 74.9662 -101.39418 0 0 1
-9.67236 74.9662 -101.39418 -1 0 0
-9.67236 74.9662 -101.94308 0 0 -1
-9.67236 74.9662 -101.94308 -1 0 0
-9.53676 74.9662 -101.94308 1 0 0
-9.53676 74.9662 -101.94308 0 0 -1
-3.53686 75.0671 -120.25203 1 0 0
-3.53686 75.0671 -120.25203 0 0 -1
-3.67236 75.0671 -120.25203 0 0 -1
-3.67236 75.0671 -120.25203 -1 0 0
-3.67236 75.0671 -119.70312 0 0 1
-3.67236 75.0671 -119.70312 -1 0 0
-3.53686 75.0671 -119.70312 1 0 0
-3.53686 75.0671 -119.70312 0 0 1
-3.53686 81.7084 -119.70312 1 0 0
-3.53686 81.7084 -119.70312 0 0 1
-3.67236 81.7084 -119.70312 0 0 1
-3.67236 81.7084 -119.70312 -1 0 0
-3.67236 81.7084 -120.25203 0 0 -1
-3.67236 81.7084 -120.25203 -1 0 0
-3.53686 81.7084 -120.25203 1 0 0
-3.53686 81.7084 -120.25203 0 0 -1
-3.19106 75.0671 -120.11613 0 0 -1
-3.53686 75.0671 -120.11613 0 0 -1
-3.53686 75.0671 -119.82193 0 0 1
-3.19106 75.0671 -119.82193 0 0 1
-3.19106 81.7084 -119.82193 0 0 1
-3.53686 81.7084 -119.82193 0 0 1
-3.53686 81.7084 -120.11613 0 0 -1
-3.19106 81.7084 -120.11613 0 0 -1
-3.04246 81.7084 -120.25102 1 0 0
-3.04246 81.7084 -120.25102 0 0 -1
-3.19156 81.7084 -120.25102 0 0 -1
-3.19156 81.7084 -120.25102 -1 0 0
-3.19156 81.7084 -119.70203 0 0 1
-3.19156 81.7084 -119.70203 -1 0 0
-3.04246 81.7084 -119.70203 1 0 0
-3.04246 81.7084 -119.70203 0 0 1
-3.04246 75.0671 -119.70203 1 0 0
-3.04246 75.0671 -119.70203 0 0 1
-3.19156 75.0671 -119.70203 0 0 1
-3.19156 75.0671 -119.70203 -1 0 0
-3.19156 75.0671 -120.25102 0 0 -1
-3.19156 75.0671 -120.25102 -1 0 0
-3.04246 75.0671 -120.25102 1 0 0
-3.04246 75.0671 -120.25102 0 0 -1
-3.04246 75.0153 -114.25101 1 0 0
-3.04246 75.0153 -114.25101 0 0 -1
-3.19156 75.0153 -114.25101 0 0 -1
-3.19156 75.0153 -114.25101 -1 0 0
-3.19156 75.0153 -113.70203 0 0 1
-3.19156 75.0153 -113.70203 -1 0 0
-3.04246 75.0153 -113.70203 1 0 0
-3.04246 75.0153 -113.70203 0 0 1
-3.04246 81.6565 -113.70203 1 0 0
-3.04246 81.6565 -113.70203 0 0 1
-3.19156 81.6565 -113.70203 0 0 1
-3.19156 81.6565 -113.70203 -1 0 0
-3.19156 81.6565 -114.25101 0 0 -1
-3.19156 81.6565 -114.25101 -1 0 0
-3.04246 81.6565 -114.25101 1 0 0
-3.04246 81.6565 -114.25101 0 0 -1
-3.19106 81.6565 -114.11607 0 0 -1
-3.53686 81.6565 -114.11607 0 0 -1
-3.53686 81.6565 -113.82198 0 0 1
-3.19106 81.6565 -113.82198 0 0 1
-3.19106 75.0153 -113.82198 0 0 1
-3.53686 75.0153 -113.82198 0 0 1
-3.53686 75.0153 -114.11607 0 0 -1
-3.19106 75.0153 -114.11607 0 0 -1
-3.53686 81.6565 -114.25203 1 0 0
-3.53686 81.6565 -114.25203 0 0 -1
-3.67236 81.6565 -114.25203 0 0 -1
-3.67236 81.6565 -114.25203 -1 0 0
-3.67236 81.6565 -113.70306 0 0 1
-3.67236 81.6565 -113.70306 -1 0 0
-3.53686 81.6565 -113.70306 1 0 0
-3.53686 81.6565 -113.70306 0 0 1
-3.53686 75.0153 -113.70306 1 0 0
-3.53686 75.0153 -113.70306 0 0 1
-3.67236 75.0153 -113.70306 0 0 1
-3.67236 75.0153 -113.70306 -1 0 0
-3.67236 75.0153 -114.25203 0 0 -1
-3.67236 75.0153 -114.25203 -1 0 0
-3.53686 75.0153 -114.25203 1 0 0
-3.53686 75.0153 -114.25203 0 0 -1
-3.53686 74.9893 -108.25203 1 0 0
-3.53686 74.9893 -108.25203 0 0 -1
-3.67236 74.9893 -108.25203 0 0 -1
-3.67236 74.9893 -108.25203 -1 0 0
-3.67236 74.9893 -107.70306 0 0 1
-3.67236 74.9893 -107.70306 -1 0 0
-3.53686 74.9893 -107.70306 1 0 0
-3.53686 74.9893 -107.70306 0 0 1
-3.53686 81.6306 -107.70306 1 0 0
-3.53686 81.6306 -107.70306 0 0 1
-3.67236 81.6306 -107.70306 0 0 1
-3.67236 81.6306 -107.70306 -1 0 0
-3.67236 81.6306 -108.25203 0 0 -1
-3.67236 81.6306 -108.25203 -1 0 0
-3.53686 81.6306 -108.25203 1 0 0
-3.53686 81.6306 -108.25203 0 0 -1
-3.19106 74.9893 -108.11607 0 0 -1
-3.53686 74.9893 -108.11607 0 0 -1
-3.53686 74.9893 -107.82197 0 0 1
-3.19106 74.9893 -107.82197 0 0 1
-3.19106 81.6306 -107.82197 0 0 1
-3.53686 81.6306 -107.82197 0 0 1
-3.53686 81.6306 -108.11607 0 0 -1
-3.19106 81.6306 -108.11607 0 0 -1
-3.04246 81.6306 -108.25101 1 0 0
-3.04246 81.6306 -108.25101 0 0 -1
-3.19156 81.6306 -108.25101 0 0 -1
-3.19156 81.6306 -108.25101 -1 0 0
-3.19156 81.6306 -107.70203 0 0 1
-3.19156 81.6306 -107.70203 -1 0 0
-3.04246 81.6306 -107.70203 1 0 0
-3.04246 81.6306 -107.70203 0 0 1
-3.04246 74.9893 -107.70203 1 0 0
-3.04246 74.9893 -107.70203 0 0 1
-3.19156 74.9893 -107.70203 0 0 1
-3.19156 74.9893 -107.70203 -1 0 0
-3.19156 74.9893 -108.25101 0 0 -1
-3.19156 74.9893 -108.25101 -1 0 0
-3.04246 74.9893 -108.25101 1 0 0
-3.04246 74.9893 -108.25101 0 0 -1
-3.53676 74.9662 -101.94308 1 0 0
-3.53676 74.9662 -101.94308 0 0 -1
-3.67236 74.9662 -101.94308 0 0 -1
-3.67236 74.9662 -101.94308 -1 0 0
-3.67236 74.9662 -101.39418 0 0 1
-3.67236 74.9662 -101.39418 -1 0 0
-3.53676 74.9662 -101.39418 1 0 0
-3.53676 74.9662 -101.39418 0 0 1
-3.53676 81.6075 -101.39418 1 0 0
-3.53676 81.6075 -101.39418 0 0 1
-3.67236 81.6075 -101.39418 0 0 1
-3.67236 81.6075 -101.39418 -1 0 0
-3.67236 81.6075 -101.94308 0 0 -1
-3.67236 81.6075 -101.94308 -1 0 0
-3.53676 81.6075 -101.94308 1 0 0
-3.53676 81.6075 -101.94308 0 0 -1
-3.19106 74.9662 -101.80718 0 0 -1
-3.53676 74.9662 -101.80718 0 0 -1
-3.53676 74.9662 -101.51298 0 0 1
-3.19106 74.9662 -101.51298 0 0 1
-3.19106 81.6075 -101.51298 0 0 1
-3.53676 81.6075 -101.51298 0 0 1
-3.53676 81.6075 -101.80718 0 0 -1
-3.19106 81.6075 -101.80718 0 0 -1
-3.04236 81.6075 -101.94209 1 0 0
-3.04236 81.6075 -101.94209 0 0 -1
-3.19156 81.6075 -101.94209 0 0 -1
-3.19156 81.6075 -101.94209 -1 0 0
-3.19156 81.6075 -101.39308 0 0 1
-3.19156 81.6075 -101.39308 -1 0 0
-3.04236 81.6075 -101.39308 1 0 0
-3.04236 81.6075 -101.39308 0 0 1
-3.04236 74.9662 -101.39308 1 0 0
-3.04236 74.9662 -101.39308 0 0 1
-3.19156 74.9662 -101.39308 0 0 1
-3.19156 74.9662 -101.39308 -1 0 0
-3.19156 74.9662 -101.94209 0 0 -1
-3.19156 74.9662 -101.94209 -1 0 0
-3.04236 74.9662 -101.94209 1 0 0
-3.04236 74.9662 -101.94209 0 0 -1
-3.04076 74.9661 -96.43879 1 0 0
-3.04076 74.9661 -96.43879 0 0 -1
-3.19066 74.9661 -96.43879 0 0 -1
-3.19066 74.9661 -96.43879 -1 0 0
-3.19066 74.9661 -95.89049 0 0 1
-3.19066 74.9661 -95.89049 -1 0 0
-3.04076 74.9661 -95.89049 1 0 0
-3.04076 74.9661 -95.89049 0 0 1
-3.04076 81.6099 -95.89049 1 0 0
-3.04076 81.6099 -95.89049 0 0 1
-3.19066 81.6099 -95.89049 0 0 1
-3.19066 81.6099 -95.89049 -1 0 0
-3.19066 81.6099 -96.43879 0 0 -1
-3.19066 81.6099 -96.43879 -1 0 0
-3.04076 81.6099 -96.43879 1 0 0
-3.04076 81.6099 -96.43879 0 0 -1
-3.19016 81.6099 -96.30399 0 0 -1
-3.53776 81.6099 -96.30399 0 0 -1
-3.53776 81.6099 -96.01028 0 0 1
-3.19016 81.6099 -96.01028 0 0 1
-3.19016 74.9661 -96.01028 0 0 1
-3.53776 74.9661 -96.01028 0 0 1
-3.53776 74.9661 -96.30399 0 0 -1
-3.19016 74.9661 -96.30399 0 0 -1
-3.53776 81.6099 -96.43979 1 0 0
-3.53776 81.6099 -96.43979 0 0 -1
-3.67406 81.6099 -96.43979 0 0 -1
-3.67406 81.6099 -96.43979 -1 0 0
-3.67406 81.6099 -95.89149 0 0 1
-3.67406 81.6099 -95.89149 -1 0 0
-3.53776 81.6099 -95.89149 1 0 0
-3.53776 81.6099 -95.89149 0 0 1
-3.53776 74.9661 -95.89149 1 0 0
-3.53776 74.9661 -95.89149 0 0 1
-3.67406 74.9661 -95.89149 0 0 1
-3.67406 74.9661 -95.89149 -1 0 0
-3.67406 74.9661 -96.43979 0 0 -1
-3.67406 74.9661 -96.43979 -1 0 0
-3.53776 74.9661 -96.43979 1 0 0
-3.53776 74.9661 -96.43979 0 0 -1
2.95754 74.9893 -108.25101 1 0 0
2.95754 74.9893 -108.25101 0 0 -1
2.80844 74.9893 -108.25101 0 0 -1
2.80844 74.9893 -108.25101 -1 0 0
2.80844 74.9893 -107.70203 0 0 1
2.80844 74.9893 -107.70203 -1 0 0
2.95754 74.9893 -107.70203 1 0 0
2.95754 74.9893 -107.70203 0 0 1
2.95754 81.6306 -107.70203 1 0 0
2.95754 81.6306 -107.70203 0 0 1
2.80844 81.6306 -107.70203 0 0 1
2.80844 81.6306 -107.70203 -1 0 0
2.80844 81.6306 -108.25101 0 0 -1
2.80844 81.6306 -108.25101 -1 0 0
2.95754 81.6306 -108.25101 1 0 0
2.95754 81.6306 -108.25101 0 0 -1
2.80894 81.6306 -108.11607 0 0 -1
2.46314 81.6306 -108.11607 0 0 -1
2.46314 81.6306 -107.82197 0 0 1
2.80894 81.6306 -107.82197 0 0 1
2.80894 74.9893 -107.82197 0 0 1
2.46314 74.9893 -107.82197 0 0 1
2.46314 74.9893 -108.11607 0 0 -1
2.80894 74.9893 -108.11607 0 0 -1
2.46314 81.6306 -108.25203 1 0 0
2.46314 81.6306 -108.25203 0 0 -1
2.32764 81.6306 -108.25203 0 0 -1
2.32764 81.6306 -108.25203 -1 0 0
2.32764 81.6306 -107.70306 0 0 1
2.32764 81.6306 -107.70306 -1 0 0
2.46314 81.6306 -107.70306 1 0 0
2.46314 81.6306 -107.70306 0 0 1
2.46314 74.9893 -107.70306 1 0 0
2.46314 74.9893 -107.70306 0 0 1
2.32764 74.9893 -107.70306 0 0 1
2.32764 74.9893 -107.70306 -1 0 0
2.32764 74.9893 -108.25203 0 0 -1
2.32764 74.9893 -108.25203 -1 0 0
2.46314 74.9893 -108.25203 1 0 0
2.46314 74.9893 -108.25203 0 0 -1
2.46314 75.0153 -114.25203 1 0 0
2.46314 75.0153 -114.25203 0 0 -1
2.32764 75.0153 -114.25203 0 0 -1
2.32764 75.0153 -114.25203 -1 0 0
2.32764 75.0153 -113.70306 0 0 1
2.32764 75.0153 -113.70306 -1 0 0
2.46314 75.0153 -113.70306 1 0 0
2.46314 75.0153 -113.70306 0 0 1
2.46314 81.6565 -113.70306 1 0 0
2.46314 81.6565 -113.70306 0 0 1
2.32764 81.6565 -113.70306 0 0 1
2.32764 81.6565 -113.70306 -1 0 0
2.32764 81.6565 -114.25203 0 0 -1
2.32764 81.6565 -114.25203 -1 0 0
2.46314 81.6565 -114.25203 1 0 0
2.46314 81.6565 -114.25203 0 0 -1
2.80894 75.0153 -114.11607 0 0 -1
2.46314 75.0153 -114.11607 0 0 -1
2.46314 75.0153 -113.82198 0 0 1
2.80894 75.0153 -113.82198 0 0 1
2.80894 81.6565 -113.82198 0 0 1
2.46314 81.6565 -113.82198 0 0 1
2.46314 81.6565 -114.11607 0 0 -1
2.80894 81.6565 -114.11607 0 0 -1
2.95754 81.6565 -114.25101 1 0 0
2.95754 81.6565 -114.25101 0 0 -1
2.80844 81.6565 -114.25101 0 0 -1
2.80844 81.6565 -114.25101 -1 0 0
2.80844 81.6565 -113.70203 0 0 1
2.80844 81.6565 -113.70203 -1 0 0
2.95754 81.6565 -113.70203 1 0 0
2.95754 81.6565 -113.70203 0 0 1
2.95754 75.0153 -113.70203 1 0 0
2.95754 75.0153 -113.70203 0 0 1
2.80844 75.0153 -113.70203 0 0 1
2.80844 75.0153 -113.70203 -1 0 0
2.80844 75.0153 -114.25101 0 0 -1
2.80844 75.0153 -114.25101 -1 0 0
2.95754 75.0153 -114.25101 1 0 0
2.95754 75.0153 -114.25101 0 0 -1
2.95754 75.0671 -120.25102 1 0 0
2.95754 75.0671 -120.25102 0 0 -1
2.80844 75.0671 -120.25102 0 0 -1
2.80844 75.0671 -120.25102 -1 0 0
2.80844 75.0671 -119.70203 0 0 1
2.80844 75.0671 -119.70203 -1 0 0
2.95754 75.0671 -119.70203 1 0 0
2.95754 75.0671 -119.70203 0 0 1
2.95754 81.7084 -119.70203 1 0 0
2.95754 81.7084 -119.70203 0 0 1
2.80844 81.7084 -119.70203 0 0 1
2.80844 81.7084 -119.70203 -1 0 0
2.80844 81.7084 -120.25102 0 0 -1
2.80844 81.7084 -120.25102 -1 0 0
2.95754 81.7084 -120.25102 1 0 0
2.95754 81.7084 -120.25102 0 0 -1
2.80894 81.7084 -120.11613 0 0 -1
2.46314 81.7084 -120.11613 0 0 -1
2.46314 81.7084 -119.82193 0 0 1
2.80894 81.7084 -119.82193 0 0 1
2.80894 75.0671 -119.82193 0 0 1
2.46314 75.0671 -119.82193 0 0 1
2.46314 75.0671 -120.11613 0 0 -1
2.80894 75.0671 -120.11613 0 0 -1
2.46314 81.7084 -120.25203 1 0 0
2.46314 81.7084 -120.25203 0 0 -1
2.32764 81.7084 -120.25203 0 0 -1
2.32764 81.7084 -120.25203 -1 0 0
2.32764 81.7084 -119.70312 0 0 1
2.32764 81.7084 -119.70312 -1 0 0
2.46314 81.7084 -119.70312 1 0 0
2.46314 81.7084 -119.70312 0 0 1
2.46314 75.0671 -119.70312 1 0 0
2.46314 75.0671 -119.70312 0 0 1
2.32764 75.0671 -119.70312 0 0 1
2.32764 75.0671 -119.70312 -1 0 0
2.32764 75.0671 -120.25203 0 0 -1
2.32764 75.0671 -120.25203 -1 0 0
2.46314 75.0671 -120.25203 1 0 0
2.46314 75.0671 -120.25203 0 0 -1
2.46224 74.9661 -96.43979 1 0 0
2.46224 74.9661 -96.43979 0 0 -1
2.32594 74.9661 -96.43979 0 0 -1
2.32594 74.9661 -96.43979 -1 0 0
2.32594 74.9661 -95.89149 0 0 1
2.32594 74.9661 -95.89149 -1 0 0
2.46224 74.9661 -95.89149 1 0 0
2.46224 74.9661 -95.89149 0 0 1
2.46224 81.6099 -95.89149 1 0 0
2.46224 81.6099 -95.89149 0 0 1
2.32594 81.6099 -95.89149 0 0 1
2.32594 81.6099 -95.89149 -1 0 0
2.32594 81.6099 -96.43979 0 0 -1
2.32594 81.6099 -96.43979 -1 0 0
2.46224 81.6099 -96.43979 1 0 0
2.46224 81.6099 -96.43979 0 0 -1
2.80984 74.9661 -96.30399 0 0 -1
2.46224 74.9661 -96.30399 0 0 -1
2.46224 74.9661 -96.01028 0 0 1
2.80984 74.9661 -96.01028 0 0 1
2.80984 81.6099 -96.01028 0 0 1
2.46224 81.6099 -96.01028 0 0 1
2.46224 81.6099 -96.30399 0 0 -1
2.80984 81.6099 -96.30399 0 0 -1
2.95924 81.6099 -96.43879 1 0 0
2.95924 81.6099 -96.43879 0 0 -1
2.80934 81.6099 -96.43879 0 0 -1
2.80934 81.6099 -96.43879 -1 0 0
2.80934 81.6099 -95.89049 0 0 1
2.80934 81.6099 -95.89049 -1 0 0
2.95924 81.6099 -95.89049 1 0 0
2.95924 81.6099 -95.89049 0 0 1
2.95924 74.9661 -95.89049 1 0 0
2.95924 74.9661 -95.89049 0 0 1
2.80934 74.9661 -95.89049 0 0 1
2.80934 74.9661 -95.89049 -1 0 0
2.80934 74.9661 -96.43879 0 0 -1
2.80934 74.9661 -96.43879 -1 0 0
2.95924 74.9661 -96.43879 1 0 0
2.95924 74.9661 -96.43879 0 0 -1
2.95764 74.9662 -101.94209 1 0 0
2.95764 74.9662 -101.94209 0 0 -1
2.80844 74.9662 -101.94209 0 0 -1
2.80844 74.9662 -101.94209 -1 0 0
2.80844 74.9662 -101.39308 0 0 1
2.80844 74.9662 -101.39308 -1 0 0
2.95764 74.9662 -101.39308 1 0 0
2.95764 74.9662 -101.39308 0 0 1
2.95764 81.6075 -101.39308 1 0 0
2.95764 81.6075 -101.39308 0 0 1
2.80844 81.6075 -101.39308 0 0 1
2.80844 81.6075 -101.39308 -1 0 0
2.80844 81.6075 -101.94209 0 0 -1
2.80844 81.6075 -101.94209 -1 0 0
2.95764 81.6075 -101.94209 1 0 0
2.95764 81.6075 -101.94209 0 0 -1
2.80894 81.6075 -101.80718 0 0 -1
2.46324 81.6075 -101.80718 0 0 -1
2.46324 81.6075 -101.51298 0 0 1
2.80894 81.6075 -101.51298 0 0 1
2.80894 74.9662 -101.51298 0 0 1
2.46324 74.9662 -101.51298 0 0 1
2.46324 74.9662 -101.80718 0 0 -1
2.80894 74.9662 -101.80718 0 0 -1
2.46324 81.6075 -101.94308 1 0 0
2.46324 81.6075 -101.94308 0 0 -1
2.32764 81.6075 -101.94308 0 0 -1
2.32764 81.6075 -101.94308 -1 0 0
2.32764 81.6075 -101.39418 0 0 1
2.32764 81.6075 -101.39418 -1 0 0
2.46324 81.6075 -101.39418 1 0 0
2.46324 81.6075 -101.39418 0 0 1
2.46324 74.9662 -101.39418 1 0 0
2.46324 74.9662 -101.39418 0 0 1
2.32764 74.9662 -101.39418 0 0 1
2.32764 74.9662 -101.39418 -1 0 0
2.32764 74.9662 -101.94308 0 0 -1
2.32764 74.9662 -101.94308 -1 0 0
2.46324 74.9662 -101.94308 1 0 0
2.46324 74.9662 -101.94308 0 0 -1
8.46314 75.0671 -120.25203 1 0 0
8.46314 75.0671 -120.25203 0 0 -1
8.32764 75.0671 -120.25203 0 0 -1
8.32764 75.0671 -120.25203 -1 0 0
8.32764 75.0671 -119.70312 0 0 1
8.32764 75.0671 -119.70312 -1 0 0
8.46314 75.0671 -119.70312 1 0 0
8.46314 75.0671 -119.70312 0 0 1
8.46314 81.7084 -119.70312 1 0 0
8.46314 81.7084 -119.70312 0 0 1
8.32764 81.7084 -119.70312 0 0 1
8.32764 81.7084 -119.70312 -1 0 0
8.32764 81.7084 -120.25203 0 0 -1
8.32764 81.7084 -120.25203 -1 0 0
8.46314 81.7084 -120.25203 1 0 0
8.46314 81.7084 -120.25203 0 0 -1
8.80894 75.0671 -120.11613 0 0 -1
8.46314 75.0671 -120.11613 0 0 -1
8.46314 75.0671 -119.82193 0 0 1
8.80894 75.0671 -119.82193 0 0 1
8.80894 81.7084 -119.82193 0 0 1
8.46314 81.7084 -119.82193 0 0 1
8.46314 81.7084 -120.11613 0 0 -1
8.80894 81.7084 -120.11613 0 0 -1
8.95754 81.7084 -120.25102 1 0 0
8.95754 81.7084 -120.25102 0 0 -1
8.80844 81.7084 -120.25102 0 0 -1
8.80844 81.7084 -120.25102 -1 0 0
8.80844 81.7084 -119.70203 0 0 1
8.80844 81.7084 -119.70203 -1 0 0
8.95754 81.7084 -119.70203 1 0 0
8.95754 81.7084 -119.70203 0 0 1
8.95754 75.0671 -119.70203 1 0 0
8.95754 75.0671 -119.70203 0 0 1
8.80844 75.0671 -119.70203 0 0 1
8.80844 75.0671 -119.70203 -1 0 0
8.80844 75.0671 -120.25102 0 0 -1
8.80844 75.0671 -120.25102 -1 0 0
8.95754 75.0671 -120.25102 1 0 0
8.95754 75.0671 -120.25102 0 0 -1
8.95754 75.0153 -114.25101 1 0 0
8.95754 75.0153 -114.25101 0 0 -1
8.80844 75.0153 -114.25101 0 0 -1
8.80844 75.0153 -114.25101 -1 0 0
8.80844 75.0153 -113.70203 0 0 1
8.80844 75.0153 -113.70203 -1 0 0
8.95754 75.0153 -113.70203 1 0 0
8.95754 75.0153 -113.70203 0 0 1
8.95754 81.6565 -113.70203 1 0 0
8.95754 81.6565 -113.70203 0 0 1
8.80844 81.6565 -113.70203 0 0 1
8.80844 81.6565 -113.70203 -1 0 0
8.80844 81.6565 -114.25101 0 0 -1
8.80844 81.6565 -114.25101 -1 0 0
8.95754 81.6565 -114.25101 1 0 0
8.95754 81.6565 -114.25101 0 0 -1
8.80894 81.6565 -114.11607 0 0 -1
8.46314 81.6565 -114.11607 0 0 -1
8.46314 81.6565 -113.82198 0 0 1
8.80894 81.6565 -113.82198 0 0 1
8.80894 75.0153 -113.82198 0 0 1
8.46314 75.0153 -113.82198 0 0 1
8.46314 75.0153 -114.11607 0 0 -1
8.80894 75.0153 -114.11607 0 0 -1
8.46314 81.6565 -114.25203 1 0 0
8.46314 81.6565 -114.25203 0 0 -1
8.32764 81.6565 -114.25203 0 0 -1
8.32764 81.6565 -114.25203 -1 0 0
8.32764 81.6565 -113.70306 0 0 1
8.32764 81.6565 -113.70306 -1 0 0
8.46314 81.6565 -113.70306 1 0 0
8.46314 81.6565 -113.70306 0 0 1
8.46314 75.0153 -113.70306 1 0 0
8.46314 75.0153 -113.70306 0 0 1
8.32764 75.0153 -113.70306 0 0 1
8.32764 75.0153 -113.70306 -1 0 0
8.32764 75.0153 -114.25203 0 0 -1
8.32764 75.0153 -114.25203 -1 0 0
8.46314 75.0153 -114.25203 1 0 0
8.46314 75.0153 -114.25203 0 0 -1
8.46314 74.9893 -108.25203 1 0 0
8.46314 74.9893 -108.25203 0 0 -1
8.32764 74.9893 -108.25203 0 0 -1
8.32764 74.9893 -108.25203 -1 0 0
8.32764 74.9893 -107.70306 0 0 1
8.32764 74.9893 -107.70306 -1 0 0
8.46314 74.9893 -107.70306 1 0 0
8.46314 74.9893 -107.70306 0 0 1
8.46314 81.6306 -107.70306 1 0 0
8.46314 81.6306 -107.70306 0 0 1
8.32764 81.6306 -107.70306 0 0 1
8.32764 81.6306 -107.70306 -1 0 0
8.32764 81.6306 -108.25203 0 0 -1
8.32764 81.6306 -108.25203 -1 0 0
8.46314 81.6306 -108.25203 1 0 0
8.46314 81.6306 -108.25203 0 0 -1
8.80894 74.9893 -108.11607 0 0 -1
8.46314 74.9893 -108.11607 0 0 -1
8.46314 74.9893 -107.82197 0 0 1
8.80894 74.9893 -107.82197 0 0 1
8.80894 81.6306 -107.82197 0 0 1
8.46314 81.6306 -107.82197 0 0 1
8.46314 81.6306 -108.11607 0 0 -1
8.80894 81.6306 -108.11607 0 0 -1
8.95754 81.6306 -108.25101 1 0 0
8.95754 81.6306 -108.25101 0 0 -1
8.80844 81.6306 -108.25101 0 0 -1
8.80844 81.6306 -108.25101 -1 0 0
8.80844 81.6306 -107.70203 0 0 1
8.80844 81.6306 -107.70203 -1 0 0
8.95754 81.6306 -107.70203 1 0 0
8.95754 81.6306 -107.70203 0 0 1
8.95754 74.9893 -107.70203 1 0 0
8.95754 74.9893 -107.70203 0 0 1
8.80844 74.9893 -107.70203 0 0 1
8.80844 74.9893 -107.70203 -1 0 0
8.80844 74.9893 -108.25101 0 0 -1
8.80844 74.9893 -108.25101 -1 0 0
8.95754 74.9893 -108.25101 1 0 0
8.95754 74.9893 -108.25101 0 0 -1
8.46324 74.9662 -101.94308 1 0 0
8.46324 74.9662 -101.94308 0 0 -1
8.32764 74.9662 -101.94308 0 0 -1
8.32764 74.9662 -101.94308 -1 0 0
8.32764 74.9662 -101.39418 0 0 1
8.32764 74.9662 -101.39418 -1 0 0
8.46324 74.9662 -101.39418 1 0 0
8.46324 74.9662 -101.39418 0 0 1
8.46324 81.6075 -101.39418 1 0 0
8.46324 81.6075 -101.39418 0 0 1
8.32764 81.6075 -101.39418 0 0 1
8.32764 81.6075 -101.39418 -1 0 0
8.32764 81.6075 -101.94308 0 0 -1
8.32764 81.6075 -101.94308 -1 0 0
8.46324 81.6075 -101.94308 1 0 0
8.46324 81.6075 -101.94308 0 0 -1
8.80894 74.9662 -101.80718 0 0 -1
8.46324 74.9662 -101.80718 0 0 -1
8.46324 74.9662 -101.51298 0 0 1
8.80894 74.9662 -101.51298 0 0 1
8.80894 81.6075 -101.51298 0 0 1
8.46324 81.6075 -101.51298 0 0 1
8.46324 81.6075 -101.80718 0 0 -1
8.80894 81.6075 -101.80718 0 0 -1
8.95764 81.6075 -101.94209 1 0 0
8.95764 81.6075 -101.94209 0 0 -1
8.80844 81.6075 -101.94209 0 0 -1
8.80844 81.6075 -101.94209 -1 0 0
8.80844 81.6075 -101.39308 0 0 1
8.80844 81.6075 -101.39308 -1 0 0
8.95764 81.6075 -101.39308 1 0 0
8.95764 81.6075 -101.39308 0 0 1
8.95764 74.9662 -101.39308 1 0 0
8.95764 74.9662 -101.39308 0 0 1
8.80844 74.9662 -101.39308 0 0 1
8.80844 74.9662 -101.39308 -1 0 0
8.80844 74.9662 -101.94209 0 0 -1
8.80844 74.9662 -101.94209 -1 0 0
8.95764 74.9662 -101.94209 1 0 0
8.95764 74.9662 -101.94209 0 0 -1
8.95924 74.9661 -96.43879 1 0 0
8.95924 74.9661 -96.43879 0 0 -1
8.80934 74.9661 -96.43879 0 0 -1
8.80934 74.9661 -96.43879 -1 0 0
8.80934 74.9661 -95.89049 0 0 1
8.80934 74.9661 -95.89049 -1 0 0
8.95924 74.9661 -95.89049 1 0 0
8.95924 74.9661 -95.89049 0 0 1
8.95924 81.6099 -95.89049 1 0 0
8.95924 81.6099 -95.89049 0 0 1
8.80934 81.6099 -95.89049 0 0 1
8.80934 81.6099 -95.89049 -1 0 0
8.80934 81.6099 -96.43879 0 0 -1
8.80934 81.6099 -96.43879 -1 0 0
8.95924 81.6099 -96.43879 1 0 0
8.95924 81.6099 -96.43879 0 0 -1
8.80984 81.6099 -96.30399 0 0 -1
8.46224 81.6099 -96.30399 0 0 -1
8.46224 81.6099 -96.01028 0 0 1
8.80984 81.6099 -96.01028 0 0 1
8.80984 74.9661 -96.01028 0 0 1
8.46224 74.9661 -96.01028 0 0 1
8.46224 74.9661 -96.30399 0 0 -1
8.80984 74.9661 -96.30399 0 0 -1
8.46224 81.6099 -96.43979 1 0 0
8.46224 81.6099 -96.43979 0 0 -1
8.32594 81.6099 -96.43979 0 0 -1
8.32594 81.6099 -96.43979 -1 0 0
8.32594 81.6099 -95.89149 0 0 1
8.32594 81.6099 -95.89149 -1 0 0
8.46224 81.6099 -95.89149 1 0 0
8.46224 81.6099 -95.89149 0 0 1
8.46224 74.9661 -95.89149 1 0 0
8.46224 74.9661 -95.89149 0 0 1
8.32594 74.9661 -95.89149 0 0 1
8.32594 74.9661 -95.89149 -1 0 0
8.32594 74.9661 -96.43979 0 0 -1
8.32594 74.9661 -96.43979 -1 0 0
8.46224 74.9661 -96.43979 1 0 0
8.46224 74.9661 -96.43979 0 0 -1
-14.4623 3.2709 -120.25172 0 -1 0
-14.4623 3.2709 -120.25172 0 0 -1
-14.4623 3.2709 -120.25172 -1 0 0
-14.326 3.2709 -120.25172 1 0 0
-14.326 3.2709 -120.25172 0 -1 0
-14.326 3.2709 -120.25172 0 0 -1
-14.326 3.2709 -119.70343 1 0 0
-14.326 3.2709 -119.70343 0 -1 0
-14.326 3.2709 -119.70343 0 0 1
-14.4623 3.2709 -119.70343 0 -1 0
-14.4623 3.2709 -119.70343 0 0 1
-14.4623 3.2709 -119.70343 -1 0 0
-14.4623 81.536 -119.70343 0 0 1
-14.4623 81.536 -119.70343 -1 0 0
-14.326 81.536 -119.70343 1 0 0
-14.326 81.536 -119.70343 0 0 1
-14.326 81.536 -120.25172 1 0 0
-14.326 81.536 -120.25172 0 0 -1
-14.4623 81.536 -120.25172 0 0 -1
-14.4623 81.536 -120.25172 -1 0 0
-14.8099 3.2709 -120.11593 0 -1 0
-14.8099 3.2709 -120.11593 0 0 -1
-14.4623 3.2709 -120.11593 0 -1 0
-14.4623 3.2709 -120.11593 0 0 -1
-14.4623 3.2709 -119.82213 0 -1 0
-14.4623 3.2709 -119.82213 0 0 1
-14.8099 3.2709 -119.82213 0 -1 0
-14.8099 3.2709 -119.82213 0 0 1
-14.8099 81.536 -119.82213 0 0 1
-14.4623 81.536 -119.82213 0 0 1
-14.4623 81.536 -120.11593 0 0 -1
-14.8099 81.536 -120.11593 0 0 -1
-14.9593 81.536 -120.25072 0 0 -1
-14.9593 81.536 -120.25072 -1 0 0
-14.8094 81.536 -120.25072 1 0 0
-14.8094 81.536 -120.25072 0 0 -1
-14.8094 81.536 -119.70232 1 0 0
-14.8094 81.536 -119.70232 0 0 1
-14.9593 81.536 -119.70232 0 0 1
-14.9593 81.536 -119.70232 -1 0 0
-14.9593 3.2709 -119.70232 0 -1 0
-14.9593 3.2709 -119.70232 0 0 1
-14.9593 3.2709 -119.70232 -1 0 0
-14.8094 3.2709 -119.70232 1 0 0
-14.8094 3.2709 -119.70232 0 -1 0
-14.8094 3.2709 -119.70232 0 0 1
-14.8094 3.2709 -120.25072 1 0 0
-14.8094 3.2709 -120.25072 0 -1 0
-14.8094 3.2709 -120.25072 0 0 -1
-14.9593 3.2709 -120.25072 0 -1 0
-14.9593 3.2709 -120.25072 0 0 -1
-14.9593 3.2709 -120.25072 -1 0 0
14.4622 3.2709 -120.25172 1 0 0
14.4622 3.2709 -120.25172 0 -1 0
14.4622 3.2709 -120.25172 0 0 -1
14.3259 3.2709 -120.25172 0 -1 0
14.3259 3.2709 -120.25172 0 0 -1
14.3259 3.2709 -120.25172 -1 0 0
14.3259 3.2709 -119.70343 0 -1 0
14.3259 3.2709 -119.70343 0 0 1
14.3259 3.2709 -119.70343 -1 0 0
14.4622 3.2709 -119.70343 1 0 0
14.4622 3.2709 -119.70343 0 -1 0
14.4622 3.2709 -119.70343 0 0 1
14.4622 81.536 -119.70343 1 0 0
14.4622 81.536 -119.70343 0 0 1
14.3259 81.536 -119.70343 0 0 1
14.3259 81.536 -119.70343 -1 0 0
14.3259 81.536 -120.25172 0 0 -1
14.3259 81.536 -120.25172 -1 0 0
14.4622 81.536 -120.25172 1 0 0
14.4622 81.536 -120.25172 0 0 -1
14.8098 3.2709 -120.11593 0 -1 0
14.8098 3.2709 -120.11593 0 0 -1
14.4622 3.2709 -120.11593 0 -1 0
14.4622 3.2709 -120.11593 0 0 -1
14.4622 3.2709 -119.82213 0 -1 0
14.4622 3.2709 -119.82213 0 0 1
14.8098 3.2709 -119.82213 0 -1 0
14.8098 3.2709 -119.82213 0 0 1
14.8098 81.536 -119.82213 0 0 1
14.4622 81.536 -119.82213 0 0 1
14.4622 81.536 -120.11593 0 0 -1
14.8098 81.536 -120.11593 0 0 -1
14.9592 81.536 -120.25072 1 0 0
14.9592 81.536 -120.25072 0 0 -1
14.8093 81.536 -120.25072 0 0 -1
14.8093 81.536 -120.25072 -1 0 0
14.8093 81.536 -119.70232 0 0 1
14.8093 81.536 -119.70232 -1 0 0
14.9592 81.536 -119.70232 1 0 0
14.9592 81.536 -119.70232 0 0 1
14.9592 3.2709 -119.70232 1 0 0
14.9592 3.2709 -119.70232 0 -1 0
14.9592 3.2709 -119.70232 0 0 1
14.8093 3.2709 -119.70232 0 -1 0
14.8093 3.2709 -119.70232 0 0 1
14.8093 3.2709 -119.70232 -1 0 0
14.8093 3.2709 -120.25072 0 -1 0
14.8093 3.2709 -120.25072 0 0 -1
14.8093 3.2709 -120.25072 -1 0 0
14.9592 3.2709 -120.25072 1 0 0
14.9592 3.2709 -120.25072 0 -1 0
14.9592 3.2709 -120.25072 0 0 -1
14.9592 3.2709 -114.25069 1 0 0
14.9592 3.2709 -114.25069 0 -1 0
14.9592 3.2709 -114.25069 0 0 -1
14.8093 3.2709 -114.25069 0 -1 0
14.8093 3.2709 -114.25069 0 0 -1
14.8093 3.2709 -114.25069 -1 0 0
14.8093 3.2709 -113.70229 0 -1 0
14.8093 3.2709 -113.70229 0 0 1
14.8093 3.2709 -113.70229 -1 0 0
14.9592 3.2709 -113.70229 1 0 0
14.9592 3.2709 -113.70229 0 -1 0
14.9592 3.2709 -113.70229 0 0 1
14.9592 81.536 -113.70229 1 0 0
14.9592 81.536 -113.70229 0 0 1
14.8093 81.536 -113.70229 0 0 1
14.8093 81.536 -113.70229 -1 0 0
14.8093 81.536 -114.25069 0 0 -1
14.8093 81.536 -114.25069 -1 0 0
14.9592 81.536 -114.25069 1 0 0
14.9592 81.536 -114.25069 0 0 -1
14.8098 81.536 -114.11588 0 0 -1
14.4622 81.536 -114.11588 0 0 -1
14.4622 81.536 -113.82208 0 0 1
14.8098 81.536 -113.82208 0 0 1
14.8098 3.2709 -113.82208 0 -1 0
14.8098 3.2709 -113.82208 0 0 1
14.4622 3.2709 -113.82208 0 -1 0
14.4622 3.2709 -113.82208 0 0 1
14.4622 3.2709 -114.11588 0 -1 0
14.4622 3.2709 -114.11588 0 0 -1
14.8098 3.2709 -114.11588 0 -1 0
14.8098 3.2709 -114.11588 0 0 -1
14.4622 81.536 -114.25169 1 0 0
14.4622 81.536 -114.25169 0 0 -1
14.3259 81.536 -114.25169 0 0 -1
14.3259 81.536 -114.25169 -1 0 0
14.3259 81.536 -113.70338 0 0 1
14.3259 81.536 -113.70338 -1 0 0
14.4622 81.536 -113.70338 1 0 0
14.4622 81.536 -113.70338 0 0 1
14.4622 3.2709 -113.70338 1 0 0
14.4622 3.2709 -113.70338 0 -1 0
14.4622 3.2709 -113.70338 0 0 1
14.3259 3.2709 -113.70338 0 -1 0
14.3259 3.2709 -113.70338 0 0 1
14.3259 3.2709 -113.70338 -1 0 0
14.3259 3.2709 -114.25169 0 -1 0
14.3259 3.2709 -114.25169 0 0 -1
14.3259 3.2709 -114.25169 -1 0 0
14.4622 3.2709 -114.25169 1 0 0
14.4622 3.2709 -114.25169 0 -1 0
14.4622 3.2709 -114.25169 0 0 -1
-14.9593 3.2709 -114.25069 0 -1 0
-14.9593 3.2709 -114.25069 0 0 -1
-14.9593 3.2709 -114.25069 -1 0 0
-14.8094 3.2709 -114.25069 1 0 0
-14.8094 3.2709 -114.25069 0 -1 0
-14.8094 3.2709 -114.25069 0 0 -1
-14.8094 3.2709 -113.70229 1 0 0
-14.8094 3.2709 -113.70229 0 -1 0
-14.8094 3.2709 -113.70229 0 0 1
-14.9593 3.2709 -113.70229 0 -1 0
-14.9593 3.2709 -113.70229 0 0 1
-14.9593 3.2709 -113.70229 -1 0 0
-14.9593 81.536 -113.70229 0 0 1
-14.9593 81.536 -113.70229 -1 0 0
-14.8094 81.536 -113.70229 1 0 0
-14.8094 81.536 -113.70229 0 0 1
-14.8094 81.536 -114.25069 1 0 0
-14.8094 81.536 -114.25069 0 0 -1
-14.9593 81.536 -114.25069 0 0 -1
-14.9593 81.536 -114.25069 -1 0 0
-14.8099 81.536 -114.11588 0 0 -1
-14.4623 81.536 -114.11588 0 0 -1
-14.4623 81.536 -113.82208 0 0 1
-14.8099 81.536 -113.82208 0 0 1
-14.8099 3.2709 -113.82208 0 -1 0
-14.8099 3.2709 -113.82208 0 0 1
-14.4623 3.2709 -113.82208 0 -1 0
-14.4623 3.2709 -113.82208 0 0 1
-14.4623 3.2709 -114.11588 0 -1 0
-14.4623 3.2709 -114.11588 0 0 -1
-14.8099 3.2709 -114.11588 0 -1 0
-14.8099 3.2709 -114.11588 0 0 -1
-14.4623 81.536 -114.25169 0 0 -1
-14.4623 81.536 -114.25169 -1 0 0
-14.326 81.536 -114.25169 1 0 0
-14.326 81.536 -114.25169 0 0 -1
-14.326 81.536 -113.70338 1 0 0
-14.326 81.536 -113.70338 0 0 1
-14.4623 81.536 -113.70338 0 0 1
-14.4623 81.536 -113.70338 -1 0 0
-14.4623 3.2709 -113.70338 0 -1 0
-14.4623 3.2709 -113.70338 0 0 1
-14.4623 3.2709 -113.70338 -1 0 0
-14.326 3.2709 -113.70338 1 0 0
-14.326 3.2709 -113.70338 0 -1 0
-14.326 3.2709 -113.70338 0 0 1
-14.326 3.2709 -114.25169 1 0 0
-14.326 3.2709 -114.25169 0 -1 0
-14.326 3.2709 -114.25169 0 0 -1
-14.4623 3.2709 -114.25169 0 -1 0
-14.4623 3.2709 -114.25169 0 0 -1
-14.4623 3.2709 -114.25169 -1 0 0
-14.4623 3.2709 -108.25169 0 -1 0
-14.4623 3.2709 -108.25169 0 0 -1
-14.4623 3.2709 -108.25169 -1 0 0
-14.326 3.2709 -108.25169 1 0 0
-14.326 3.2709 -108.25169 0 -1 0
-14.326 3.2709 -108.25169 0 0 -1
-14.326 3.2709 -107.70338 1 0 0
-14.326 3.2709 -107.70338 0 -1 0
-14.326 3.2709 -107.70338 0 0 1
-14.4623 3.2709 -107.70338 0 -1 0
-14.4623 3.2709 -107.70338 0 0 1
-14.4623 3.2709 -107.70338 -1 0 0
-14.4623 81.536 -107.70338 0 0 1
-14.4623 81.536 -107.70338 -1 0 0
-14.326 81.536 -107.70338 1 0 0
-14.326 81.536 -107.70338 0 0 1
-14.326 81.536 -108.25169 1 0 0
-14.326 81.536 -108.25169 0 0 -1
-14.4623 81.536 -108.25169 0 0 -1
-14.4623 81.536 -108.25169 -1 0 0
-14.8099 3.2709 -108.11588 0 -1 0
-14.8099 3.2709 -108.11588 0 0 -1
-14.4623 3.2709 -108.11588 0 -1 0
-14.4623 3.2709 -108.11588 0 0 -1
-14.4623 3.2709 -107.82208 0 -1 0
-14.4623 3.2709 -107.82208 0 0 1
-14.8099 3.2709 -107.82208 0 -1 0
-14.8099 3.2709 -107.82208 0 0 1
-14.8099 81.536 -107.82208 0 0 1
-14.4623 81.536 -107.82208 0 0 1
-14.4623 81.536 -108.11588 0 0 -1
-14.8099 81.536 -108.11588 0 0 -1
-14.9593 81.536 -108.25069 0 0 -1
-14.9593 81.536 -108.25069 -1 0 0
-14.8094 81.536 -108.25069 1 0 0
-14.8094 81.536 -108.25069 0 0 -1
-14.8094 81.536 -107.70229 1 0 0
-14.8094 81.536 -107.70229 0 0 1
-14.9593 81.536 -107.70229 0 0 1
-14.9593 81.536 -107.70229 -1 0 0
-14.9593 3.2709 -107.70229 0 -1 0
-14.9593 3.2709 -107.70229 0 0 1
-14.9593 3.2709 -107.70229 -1 0 0
-14.8094 3.2709 -107.70229 1 0 0
-14.8094 3.2709 -107.70229 0 -1 0
-14.8094 3.2709 -107.70229 0 0 1
-14.8094 3.2709 -108.25069 1 0 0
-14.8094 3.2709 -108.25069 0 -1 0
-14.8094 3.2709 -108.25069 0 0 -1
-14.9593 3.2709 -108.25069 0 -1 0
-14.9593 3.2709 -108.25069 0 0 -1
-14.9593 3.2709 -108.25069 -1 0 0
14.4622 3.2709 -108.25169 1 0 0
14.4622 3.2709 -108.25169 0 -1 0
14.4622 3.2709 -108.25169 0 0 -1
14.3259 3.2709 -108.25169 0 -1 0
14.3259 3.2709 -108.25169 0 0 -1
14.3259 3.2709 -108.25169 -1 0 0
14.3259 3.2709 -107.70338 0 -1 0
14.3259 3.2709 -107.70338 0 0 1
14.3259 3.2709 -107.70338 -1 0 0
14.4622 3.2709 -107.70338 1 0 0
14.4622 3.2709 -107.70338 0 -1 0
14.4622 3.2709 -107.70338 0 0 1
14.4622 81.536 -107.70338 1 0 0
14.4622 81.536 -107.70338 0 0 1
14.3259 81.536 -107.70338 0 0 1
14.3259 81.536 -107.70338 -1 0 0
14.3259 81.536 -108.25169 0 0 -1
14.3259 81.536 -108.25169 -1 0 0
14.4622 81.536 -108.25169 1 0 0
14.4622 81.536 -108.25169 0 0 -1
14.8098 3.2709 -108.11588 0 -1 0
14.8098 3.2709 -108.11588 0 0 -1
14.4622 3.2709 -108.11588 0 -1 0
14.4622 3.2709 -108.11588 0 0 -1
14.4622 3.2709 -107.82208 0 -1 0
14.4622 3.2709 -107.82208 0 0 1
14.8098 3.2709 -107.82208 0 -1 0
14.8098 3.2709 -107.82208 0 0 1
14.8098 81.536 -107.82208 0 0 1
14.4622 81.536 -107.82208 0 0 1
14.4622 81.536 -108.11588 0 0 -1
14.8098 81.536 -108.11588 0 0 -1
14.9592 81.536 -108.25069 1 0 0
14.9592 81.536 -108.25069 0 0 -1
14.8093 81.536 -108.25069 0 0 -1
14.8093 81.536 -108.25069 -1 0 0
14.8093 81.536 -107.70229 0 0 1
14.8093 81.536 -107.70229 -1 0 0
14.9592 81.536 -107.70229 1 0 0
14.9592 81.536 -107.70229 0 0 1
14.9592 3.2709 -107.70229 1 0 0
14.9592 3.2709 -107.70229 0 -1 0
14.9592 3.2709 -107.70229 0 0 1
14.8093 3.2709 -107.70229 0 -1 0
14.8093 3.2709 -107.70229 0 0 1
14.8093 3.2709 -107.70229 -1 0 0
14.8093 3.2709 -108.25069 0 -1 0
14.8093 3.2709 -108.25069 0 0 -1
14.8093 3.2709 -108.25069 -1 0 0
14.9592 3.2709 -108.25069 1 0 0
14.9592 3.2709 -108.25069 0 -1 0
14.9592 3.2709 -108.25069 0 0 -1
14.9592 2.17728 -101.95368 1 0 0
14.9592 2.17728 -101.95368 0 0 -1
14.8093 2.17728 -101.95368 0 0 -1
14.8093 2.17728 -101.95368 -1 0 0
14.8093 2.17728 -101.40528 0 0 1
14.8093 2.17728 -101.40528 -1 0 0
14.9592 2.17728 -101.40528 1 0 0
14.9592 2.17728 -101.40528 0 0 1
14.9592 81.536 -101.40528 1 0 0
14.9592 81.536 -101.40528 0 0 1
14.8093 81.536 -101.40528 0 0 1
14.8093 81.536 -101.40528 -1 0 0
14.8093 81.536 -101.95368 0 0 -1
14.8093 81.536 -101.95368 -1 0 0
14.9592 81.536 -101.95368 1 0 0
14.9592 81.536 -101.95368 0 0 -1
14.8098 81.536 -101.81889 0 0 -1
14.4622 81.536 -101.81889 0 0 -1
14.4622 81.536 -101.52508 0 0 1
14.8098 81.536 -101.52508 0 0 1
14.8098 2.17728 -101.52508 0 0 1
14.4622 2.17728 -101.52508 0 0 1
14.4622 2.17728 -101.81889 0 0 -1
14.8098 2.17728 -101.81889 0 0 -1
14.4622 81.536 -101.95468 1 0 0
14.4622 81.536 -101.95468 0 0 -1
14.3259 81.536 -101.95468 0 0 -1
14.3259 81.536 -101.95468 -1 0 0
14.3259 81.536 -101.40638 0 0 1
14.3259 81.536 -101.40638 -1 0 0
14.4622 81.536 -101.40638 1 0 0
14.4622 81.536 -101.40638 0 0 1
14.4622 2.17728 -101.40638 1 0 0
14.4622 2.17728 -101.40638 0 0 1
14.3259 2.17728 -101.40638 0 0 1
14.3259 2.17728 -101.40638 -1 0 0
14.3259 2.17728 -101.95468 0 0 -1
14.3259 2.17728 -101.95468 -1 0 0
14.4622 2.17728 -101.95468 1 0 0
14.4622 2.17728 -101.95468 0 0 -1
-14.9593 2.17728 -101.95368 0 0 -1
-14.9593 2.17728 -101.95368 -1 -1.20173e-08 0
-14.8094 2.17728 -101.95368 1 -1.20173e-08 0
-14.8094 2.17728 -101.95368 0 0 -1
-14.8094 2.17728 -101.40528 1 -1.20173e-08 0
-14.8094 2.17728 -101.40528 0 0 1
-14.9593 2.17728 -101.40528 0 0 1
-14.9593 2.17728 -101.40528 -1 -1.20173e-08 0
-14.9593 81.536 -101.40528 0 0 1
-14.9593 81.536 -101.40528 -1 -1.20173e-08 0
-14.8094 81.536 -101.40528 1 -1.20173e-08 0
-14.8094 81.536 -101.40528 0 0 1
-14.8094 81.536 -101.95368 1 -1.20173e-08 0
-14.8094 81.536 -101.95368 0 0 -1
-14.9593 81.536 -101.95368 0 0 -1
-14.9593 81.536 -101.95368 -1 -1.20173e-08 0
-14.8099 81.536 -101.81889 0 0 -1
-14.4623 81.536 -101.81889 0 0 -1
-14.4623 81.536 -101.52508 0 0 1
-14.8099 81.536 -101.52508 0 0 1
-14.8099 2.17728 -101.52508 0 0 1
-14.4623 2.17728 -101.52508 0 0 1
-14.4623 2.17728 -101.81889 0 0 -1
-14.8099 2.17728 -101.81889 0 0 -1
-14.4623 81.536 -101.95468 0 0 -1
-14.4623 81.536 -101.95468 -1 1.20173e-08 0
-14.326 81.536 -101.95468 1 0 0
-14.326 81.536 -101.95468 0 0 -1
-14.326 81.536 -101.40638 1 0 0
-14.326 81.536 -101.40638 0 0 1
-14.4623 81.536 -101.40638 0 0 1
-14.4623 81.536 -101.40638 -1 1.20173e-08 0
-14.4623 2.17728 -101.40638 0 0 1
-14.4623 2.17728 -101.40638 -1 1.20173e-08 0
-14.326 2.17728 -101.40638 1 0 0
-14.326 2.17728 -101.40638 0 0 1
-14.326 2.17728 -101.95468 1 0 0
-14.326 2.17728 -101.95468 0 0 -1
-14.4623 2.17728 -101.95468 0 0 -1
-14.4623 2.17728 -101.95468 -1 1.20173e-08 0
-14.9593 66.7934 -96.43879 0 -1 0
-14.9593 66.7934 -96.43879 0 0 -1
-14.9593 66.7934 -96.43879 -1 0 0
-14.8094 66.7934 -96.43879 1 0 0
-14.8094 66.7934 -96.43879 0 -1 0
-14.8094 66.7934 -96.43879 0 0 -1
-14.8094 66.7934 -95.89049 1 0 0
-14.8094 66.7934 -95.89049 0 -1 0
-14.8094 66.7934 -95.89049 0 0 1
-14.9593 66.7934 -95.89049 0 -1 0
-14.9593 66.7934 -95.89049 0 0 1
-14.9593 66.7934 -95.89049 -1 0 0
-14.9593 81.5182 -95.89049 0 0 1
-14.9593 81.5182 -95.89049 -1 0 0
-14.8094 81.5182 -95.89049 1 0 0
-14.8094 81.5182 -95.89049 0 0 1
-14.8094 81.5182 -96.43879 1 0 0
-14.8094 81.5182 -96.43879 0 0 -1
-14.9593 81.5182 -96.43879 0 0 -1
-14.9593 81.5182 -96.43879 -1 0 0
-14.8099 81.5182 -96.30399 0 0 -1
-14.4623 81.5182 -96.30399 0 0 -1
-14.4623 81.5182 -96.01028 0 0 1
-14.8099 81.5182 -96.01028 0 0 1
-14.8099 66.7934 -96.01028 0 0 1
-14.4623 66.7934 -96.01028 0 0 1
-14.4623 66.7934 -96.30399 0 0 -1
-14.8099 66.7934 -96.30399 0 0 -1
-14.4623 81.5182 -96.43979 0 0 -1
-14.4623 81.5182 -96.43979 -1 0 0
-14.326 81.5182 -96.43979 1 0 0
-14.326 81.5182 -96.43979 0 0 -1
-14.326 81.5182 -95.89149 1 0 0
-14.326 81.5182 -95.89149 0 0 1
-14.4623 81.5182 -95.89149 0 0 1
-14.4623 81.5182 -95.89149 -1 0 0
-14.4623 66.7934 -95.89149 0 -1 0
-14.4623 66.7934 -95.89149 0 0 1
-14.4623 66.7934 -95.89149 -1 0 0
-14.326 66.7934 -95.89149 1 0 0
-14.326 66.7934 -95.89149 0 -1 0
-14.326 66.7934 -95.89149 0 0 1
-14.326 66.7934 -96.43979 1 0 0
-14.326 66.7934 -96.43979 0 -1 0
-14.326 66.7934 -96.43979 0 0 -1
-14.4623 66.7934 -96.43979 0 -1 0
-14.4623 66.7934 -96.43979 0 0 -1
-14.4623 66.7934 -96.43979 -1 0 0
14.9592 66.7934 -96.43879 1 0 0
14.9592 66.7934 -96.43879 0 -1 0
14.9592 66.7934 -96.43879 0 0 -1
14.8093 66.7934 -96.43879 0 -1 0
14.8093 66.7934 -96.43879 0 0 -1
14.8093 66.7934 -96.43879 -1 0 0
14.8093 66.7934 -95.89049 0 -1 0
14.8093 66.7934 -95.89049 0 0 1
14.8093 66.7934 -95.89049 -1 0 0
14.9592 66.7934 -95.89049 1 0 0
14.9592 66.7934 -95.89049 0 -1 0
14.9592 66.7934 -95.89049 0 0 1
14.9592 81.5182 -95.89049 1 0 0
14.9592 81.5182 -95.89049 0 0 1
14.8093 81.5182 -95.89049 0 0 1
14.8093 81.5182 -95.89049 -1 0 0
14.8093 81.5182 -96.43879 0 0 -1
14.8093 81.5182 -96.43879 -1 0 0
14.9592 81.5182 -96.43879 1 0 0
14.9592 81.5182 -96.43879 0 0 -1
14.8098 81.5182 -96.30399 0 0 -1
14.4622 81.5182 -96.30399 0 0 -1
14.4622 81.5182 -96.01028 0 0 1
14.8098 81.5182 -96.01028 0 0 1
14.8098 66.7934 -96.01028 0 0 1
14.4622 66.7934 -96.01028 0 0 1
14.4622 66.7934 -96.30399 0 0 -1
14.8098 66.7934 -96.30399 0 0 -1
14.4622 81.5182 -96.43979 1 0 0
14.4622 81.5182 -96.43979 0 0 -1
14.3259 81.5182 -96.43979 0 0 -1
14.3259 81.5182 -96.43979 -1 0 0
14.3259 81.5182 -95.89149 0 0 1
14.3259 81.5182 -95.89149 -1 0 0
14.4622 81.5182 -95.89149 1 0 0
14.4622 81.5182 -95.89149 0 0 1
14.4622 66.7934 -95.89149 1 0 0
14.4622 66.7934 -95.89149 0 -1 0
14.4622 66.7934 -95.89149 0 0 1
14.3259 66.7934 -95.89149 0 -1 0
14.3259 66.7934 -95.89149 0 0 1
14.3259 66.7934 -95.89149 -1 0 0
14.3259 66.7934 -96.43979 0 -1 0
14.3259 66.7934 -96.43979 0 0 -1
14.3259 66.7934 -96.43979 -1 0 0
14.4622 66.7934 -96.43979 1 0 0
14.4622 66.7934 -96.43979 0 -1 0
14.4622 66.7934 -96.43979 0 0 -1
14.4622 66.7934 -89.79789 1 0 0
14.4622 66.7934 -89.79789 0 -1 0
14.4622 66.7934 -89.79789 0 0 -1
14.3259 66.7934 -89.79789 0 -1 0
14.3259 66.7934 -89.79789 0 0 -1
14.3259 66.7934 -89.79789 -1 0 0
14.3259 66.7934 -89.24959 0 -1 0
14.3259 66.7934 -89.24959 0 0 1
14.3259 66.7934 -89.24959 -1 0 0
14.4622 66.7934 -89.24959 1 0 0
14.4622 66.7934 -89.24959 0 -1 0
14.4622 66.7934 -89.24959 0 0 1
14.4622 81.5182 -89.24959 1 0 0
14.4622 81.5182 -89.24959 0 0 1
14.3259 81.5182 -89.24959 0 0 1
14.3259 81.5182 -89.24959 -1 0 0
14.3259 81.5182 -89.79789 0 0 -1
14.3259 81.5182 -89.79789 -1 0 0
14.4622 81.5182 -89.79789 1 0 0
14.4622 81.5182 -89.79789 0 0 -1
14.8098 66.7934 -89.66209 0 0 -1
14.4622 66.7934 -89.66209 0 0 -1
14.4622 66.7934 -89.36829 0 0 1
14.8098 66.7934 -89.36829 0 0 1
14.8098 81.5182 -89.36829 0 0 1
14.4622 81.5182 -89.36829 0 0 1
14.4622 81.5182 -89.66209 0 0 -1
14.8098 81.5182 -89.66209 0 0 -1
14.9592 81.5182 -89.79688 1 0 0
14.9592 81.5182 -89.79688 0 0 -1
14.8093 81.5182 -89.79688 0 0 -1
14.8093 81.5182 -89.79688 -1 0 0
14.8093 81.5182 -89.24849 0 0 1
14.8093 81.5182 -89.24849 -1 0 0
14.9592 81.5182 -89.24849 1 0 0
14.9592 81.5182 -89.24849 0 0 1
14.9592 66.7934 -89.24849 1 0 0
14.9592 66.7934 -89.24849 0 -1 0
14.9592 66.7934 -89.24849 0 0 1
14.8093 66.7934 -89.24849 0 -1 0
14.8093 66.7934 -89.24849 0 0 1
14.8093 66.7934 -89.24849 -1 0 0
14.8093 66.7934 -89.79688 0 -1 0
14.8093 66.7934 -89.79688 0 0 -1
14.8093 66.7934 -89.79688 -1 0 0
14.9592 66.7934 -89.79688 1 0 0
14.9592 66.7934 -89.79688 0 -1 0
14.9592 66.7934 -89.79688 0 0 -1
-14.4623 66.7934 -89.79789 0 -1 0
-14.4623 66.7934 -89.79789 0 0 -1
-14.4623 66.7934 -89.79789 -1 0 0
-14.326 66.7934 -89.79789 1 0 0
-14.326 66.7934 -89.79789 0 -1 0
-14.326 66.7934 -89.79789 0 0 -1
-14.326 66.7934 -89.24959 1 0 0
-14.326 66.7934 -89.24959 0 -1 0
-14.326 66.7934 -89.24959 0 0 1
-14.4623 66.7934 -89.24959 0 -1 0
-14.4623 66.7934 -89.24959 0 0 1
-14.4623 66.7934 -89.24959 -1 0 0
-14.4623 81.5182 -89.24959 0 0 1
-14.4623 81.5182 -89.24959 -1 0 0
-14.326 81.5182 -89.24959 1 0 0
-14.326 81.5182 -89.24959 0 0 1
-14.326 81.5182 -89.79789 1 0 0
-14.326 81.5182 -89.79789 0 0 -1
-14.4623 81.5182 -89.79789 0 0 -1
-14.4623 81.5182 -89.79789 -1 0 0
-14.8099 66.7934 -89.66209 0 0 -1
-14.4623 66.7934 -89.66209 0 0 -1
-14.4623 66.7934 -89.36829 0 0 1
-14.8099 66.7934 -89.36829 0 0 1
-14.8099 81.5182 -89.36829 0 0 1
-14.4623 81.5182 -89.36829 0 0 1
-14.4623 81.5182 -89.66209 0 0 -1
-14.8099 81.5182 -89.66209 0 0 -1
-14.9593 81.5182 -89.79688 0 0 -1
-14.9593 81.5182 -89.79688 -1 0 0
-14.8094 81.5182 -89.79688 1 0 0
-14.8094 81.5182 -89.79688 0 0 -1
-14.8094 81.5182 -89.24849 1 0 0
-14.8094 81.5182 -89.24849 0 0 1
-14.9593 81.5182 -89.24849 0 0 1
-14.9593 81.5182 -89.24849 -1 0 0
-14.9593 66.7934 -89.24849 0 -1 0
-14.9593 66.7934 -89.24849 0 0 1
-14.9593 66.7934 -89.24849 -1 0 0
-14.8094 66.7934 -89.24849 1 0 0
-14.8094 66.7934 -89.24849 0 -1 0
-14.8094 66.7934 -89.24849 0 0 1
-14.8094 66.7934 -89.79688 1 0 0
-14.8094 66.7934 -89.79688 0 -1 0
-14.8094 66.7934 -89.79688 0 0 -1
-14.9593 66.7934 -89.79688 0 -1 0
-14.9593 66.7934 -89.79688 0 0 -1
-14.9593 66.7934 -89.79688 -1 0 0
14.7799 33.2812 -119.83884 1 0 0
14.7799 33.2812 -119.83884 0 -0.70848 0.705731
14.5048 33.2812 -119.83884 0 -0.70848 0.705731
14.5048 33.2812 -119.83884 -1 0 0
14.5048 33.5169 -120.07458 0 0.708481 -0.70573
14.5048 33.5169 -120.07458 -1 0 0
14.7799 33.5169 -120.07458 1 0 0
14.7799 33.5169 -120.07458 0 0.708481 -0.70573
14.7799 39.4986 -114.06956 1 0 0
14.7799 39.4986 -114.06956 0 0.708481 -0.70573
14.5048 39.4986 -114.06956 0 0.708481 -0.70573
14.5048 39.4986 -114.06956 -1 0 0
14.5048 39.2629 -113.83384 0 -0.70848 0.705731
14.5048 39.2629 -113.83384 -1 0 0
14.7799 39.2629 -113.83384 1 0 0
14.7799 39.2629 -113.83384 0 -0.70848 0.705731
-14.7799 33.2812 -119.83884 0 -0.70848 0.705731
-14.7799 33.2812 -119.83884 -1 0 0
-14.5047 33.2812 -119.83884 1 0 0
-14.5047 33.2812 -119.83884 0 -0.70848 0.705731
-14.5047 33.5169 -120.07458 1 0 0
-14.5047 33.5169 -120.07458 0 0.708481 -0.70573
-14.7799 33.5169 -120.07458 0 0.708481 -0.70573
-14.7799 33.5169 -120.07458 -1 0 0
-14.7799 39.4986 -114.06956 0 0.708481 -0.70573
-14.7799 39.4986 -114.06956 -1 0 0
-14.5047 39.4986 -114.06956 1 0 0
-14.5047 39.4986 -114.06956 0 0.708481 -0.70573
-14.5047 39.2629 -113.83384 1 0 0
-14.5047 39.2629 -113.83384 0 -0.70848 0.705731
-14.7799 39.2629 -113.83384 0 -0.70848 0.705731
-14.7799 39.2629 -113.83384 -1 0 0
-14.7798 39.2629 -114.07458 0 -0.70848 -0.705731
-14.7798 39.2629 -114.07458 -1 0 0
-14.5048 39.2629 -114.07458 1 0 0
-14.5048 39.2629 -114.07458 0 -0.70848 -0.705731
-14.5048 39.4986 -113.83884 1 0 0
-14.5048 39.4986 -113.83884 0 0.70848 0.705731
-14.7798 39.4986 -113.83884 0 0.70848 0.705731
-14.7798 39.4986 -113.83884 -1 0 0
-14.7798 33.5169 -107.83385 0 0.70848 0.705731
-14.7798 33.5169 -107.83385 -1 0 0
-14.5048 33.5169 -107.83385 1 0 0
-14.5048 33.5169 -107.83385 0 0.70848 0.705731
-14.5048 33.2812 -108.06958 1 0 0
-14.5048 33.2812 -108.06958 0 -0.70848 -0.705731
-14.7798 33.2812 -108.06958 0 -0.70848 -0.705731
-14.7798 33.2812 -108.06958 -1 0 0
-14.7798 33.2812 -101.77258 0 -0.725298 -0.688435
-14.7798 33.2812 -101.77258 -1 0 0
-14.5048 33.2812 -101.77258 1 0 0
-14.5048 33.2812 -101.77258 0 -0.725298 -0.688435
-14.5048 33.5169 -101.53688 1 0 0
-14.5048 33.5169 -101.53688 0 0.725296 0.688437
-14.7798 33.5169 -101.53688 0 0.725296 0.688437
-14.7798 33.5169 -101.53688 -1 0 0
-14.7798 39.4986 -107.83884 0 0.725296 0.688437
-14.7798 39.4986 -107.83884 -1 0 0
-14.5048 39.4986 -107.83884 1 0 0
-14.5048 39.4986 -107.83884 0 0.725296 0.688437
-14.5048 39.2629 -108.07458 1 0 0
-14.5048 39.2629 -108.07458 0 -0.725298 -0.688435
-14.7798 39.2629 -108.07458 0 -0.725298 -0.688435
-14.7798 39.2629 -108.07458 -1 0 0
14.7798 33.2812 -101.77258 1 0 0
14.7798 33.2812 -101.77258 0 -0.725298 -0.688435
14.5047 33.2812 -101.77258 0 -0.725298 -0.688435
14.5047 33.2812 -101.77258 -1 0 0
14.5047 33.5169 -101.53688 0 0.725296 0.688437
14.5047 33.5169 -101.53688 -1 0 0
14.7798 33.5169 -101.53688 1 0 0
14.7798 33.5169 -101.53688 0 0.725296 0.688437
14.7798 39.4986 -107.83884 1 0 0
14.7798 39.4986 -107.83884 0 0.725296 0.688437
14.5047 39.4986 -107.83884 0 0.725296 0.688437
14.5047 39.4986 -107.83884 -1 0 0
14.5047 39.2629 -108.07458 0 -0.725298 -0.688435
14.5047 39.2629 -108.07458 -1 0 0
14.7798 39.2629 -108.07458 1 0 0
14.7798 39.2629 -108.07458 0 -0.725298 -0.688435
-14.9488 67.3304 -89.79997 -0.257786 -0.966202 0
-14.9488 67.3304 -89.79997 0 0 -1
-14.9488 67.4667 -89.79997 0 0 -1
-14.9488 67.4667 -89.79997 0.258681 0.965963 0
-14.9488 67.4667 -89.25167 0 0 1
-14.9488 67.4667 -89.25167 0.258681 0.965963 0
-14.9488 67.3304 -89.25167 -0.257786 -0.966202 0
-14.9488 67.3304 -89.25167 0 0 1
-19.78449 68.62057 -89.25167 -0.257786 -0.966202 0
-19.78449 68.62057 -89.25167 0 0 1
-19.74975 68.75237 -89.25167 0 0 1
-19.74975 68.75237 -89.25167 0.258681 0.965963 0
-19.74975 68.75237 -89.79997 0 0 -1
-19.74975 68.75237 -89.79997 0.258681 0.965963 0
-19.78449 68.62057 -89.79997 -0.257786 -0.966202 0
-19.78449 68.62057 -89.79997 0 0 -1
-14.9488 66.98289 -89.66417 0 0 -1
-14.9488 67.3304 -89.66417 0 0 -1
-14.9488 67.3304 -89.37037 0 0 1
-14.9488 66.98289 -89.37037 0 0 1
-19.87306 68.28445 -89.37037 0 0 1
-19.78449 68.62057 -89.37037 0 0 1
-19.78449 68.62057 -89.66417 0 0 -1
-19.87306 68.28445 -89.66417 0 0 -1
-19.91113 68.13998 -89.79897 -0.254623 -0.96704 0
-19.91113 68.13998 -89.79897 0 0 -1
-19.87293 68.28493 -89.79897 0 0 -1
-19.87293 68.28493 -89.79897 0.255559 0.966793 0
-19.87293 68.28493 -89.25057 0 0 1
-19.87293 68.28493 -89.25057 0.255559 0.966793 0
-19.91113 68.13998 -89.25057 -0.254623 -0.96704 0
-19.91113 68.13998 -89.25057 0 0 1
-14.9488 66.8334 -89.25057 -0.254623 -0.96704 0
-14.9488 66.8334 -89.25057 0 0 1
-14.9488 66.9833 -89.25057 0 0 1
-14.9488 66.9833 -89.25057 0.255559 0.966793 0
-14.9488 66.9833 -89.79897 0 0 -1
-14.9488 66.9833 -89.79897 0.255559 0.966793 0
-14.9488 66.8334 -89.79897 -0.254623 -0.96704 0
-14.9488 66.8334 -89.79897 0 0 -1
-19.7997 3.83155 -129.89432 0.77354 -0.513348 -0.37163
-14.5788 8.95949 -126.11042 0.773545 -0.513277 -0.371719
-14.5788 8.68589 -125.73263 0.773545 -0.51328 -0.371715
-19.7997 3.55798 -129.51642 0.77354 -0.513351 -0.371627
-20.1554 4.0741 -129.71082 -0.773542 0.513305 0.371685
-20.1554 3.80053 -129.33301 -0.773542 0.513306 0.371684
-14.9345 8.92849 -125.54922 -0.773543 0.513293 0.3717
-14.9345 9.20209 -125.92704 -0.773543 0.513292 0.371701
-14.4825 3.86426 -129.87811 1 0 0
-14.4825 9.27569 -125.87992 1 0 0
-14.4825 9.00209 -125.5021 1 0 0
-14.4825 3.5907 -129.50032 1 0 0
-14.9539 3.86426 -129.87811 -1 0 0
-14.9539 3.5907 -129.50032 -1 0 0
-14.9539 9.00209 -125.5021 -1 0 0
-14.9539 9.27569 -125.87992 -1 0 0
-14.32395 4.65822 -129.88042 0 1 0
-14.96124 4.65822 -129.88042 0 1 0
-14.96124 4.65822 -129.41052 0 1 0
-14.32395 4.65822 -129.41052 0 1 0
-14.96124 2.17728 -122.88351 0 0 1
-14.96124 1.32548 -122.88351 0 0 1
-14.32395 1.32548 -122.88351 0 0 1
-14.32395 2.17728 -122.88351 0 0 1
-14.32395 3.8982 -129.41092 0 1 0
-14.32395 3.8982 -129.41092 1 0 0
-14.32395 3.43839 -129.41092 0 -1 0
-14.32395 3.43839 -129.41092 1 0 0
-14.96124 3.43839 -129.41092 -1 0 0
-14.96124 3.43839 -129.41092 0 -1 0
-14.96124 3.8982 -129.41092 0 1 0
-14.96124 3.8982 -129.41092 -1 0 0
-14.32395 3.8982 -125.84217 0 1 0
-14.32395 3.8982 -125.84217 1 0 0
-14.96124 3.8982 -125.84217 0 1 0
-14.96124 3.8982 -125.84217 -1 0 0
-14.96124 3.43839 -125.84217 -1 0 0
-14.96124 3.43839 -125.84217 0 -1 0
-14.32395 3.43839 -125.84217 0 -1 0
-14.32395 3.43839 -125.84217 1 0 0
-19.7997 3.83155 -129.89432 -0.00601945 0.5977 -0.801697
-14.5788 8.95949 -126.11042 -0.00582522 0.597557 -0.801805
-14.5788 8.68589 -125.73263 0.00585469 -0.597583 0.801785
-19.7997 3.55798 -129.51642 0.00590415 -0.597612 0.801764
-20.1554 4.0741 -129.71082 -0.00601226 0.597694 -0.801701
-20.1554 3.80053 -129.33301 0.00590603 -0.597613 0.801763
-14.9345 8.92849 -125.54922 0.00585657 -0.597585 0.801784
-14.9345 9.20209 -125.92704 -0.00581804 0.597552 -0.801809
-14.4825 3.86426 -129.87811 0 0.594241 -0.804287
-14.4825 9.27569 -125.87992 0 0.594241 -0.804287
-14.4825 9.00209 -125.5021 0 -0.594247 0.804283
-14.4825 3.5907 -129.50032 0 -0.594247 0.804283
-14.9539 3.86426 -129.87811 0 0.594241 -0.804287
-14.9539 3.5907 -129.50032 0 -0.594247 0.804283
-14.9539 9.00209 -125.5021 0 -0.594247 0.804283
-14.9539 9.27569 -125.87992 0 0.594241 -0.804287
-14.32395 0.02 -129.88042 0 0 -1
-14.32395 0.02 -129.88042 1 0 0
-14.32395 0.02 -129.41052 0 0 1
-14.32395 0.02 -129.41052 1 0 0
-14.96124 0.02 -129.41052 -1 0 0
-14.96124 0.02 -129.41052 0 0 1
-14.96124 0.02 -129.88042 0 0 -1
-14.96124 0.02 -129.88042 -1 0 0
-14.32395 4.65822 -129.88042 0 0 -1
-14.32395 4.65822 -129.88042 1 0 0
-14.96124 4.65822 -129.88042 0 0 -1
-14.96124 4.65822 -129.88042 -1 0 0
-14.96124 4.65822 -129.41052 -1 0 0
-14.96124 4.65822 -129.41052 0 0 1
-14.32395 4.65822 -129.41052 0 0 1
-14.32395 4.65822 -129.41052 1 0 0
-14.96124 2.17728 -129.64542 -1 0 0
-14.96124 2.17728 -129.64542 0 1 0
-14.32395 2.17728 -129.64542 1 0 0
-14.32395 2.17728 -129.64542 0 1 0
-14.32395 1.32548 -129.64542 0 -1 0
-14.32395 1.32548 -129.64542 1 0 0
-14.96124 1.32548 -129.64542 -1 0 0
-14.96124 1.32548 -129.64542 0 -1 0
-14.96124 2.17728 -122.88351 -1 0 0
-14.96124 2.17728 -122.88351 0 1 0
-14.96124 1.32548 -122.88351 -1 0 0
-14.96124 1.32548 -122.88351 0 -1 0
-14.32395 1.32548 -122.88351 0 -1 0
-14.32395 1.32548 -122.88351 1 0 0
-14.32395 2.17728 -122.88351 1 0 0
-14.32395 2.17728 -122.88351 0 1 0
-14.741 3.88921 -129.88042 0 0 -1
-14.741 3.88921 -129.88042 1.84473e-06 1 0
-14.741 3.88921 -129.41052 0 0 1
-14.741 3.88921 -129.41052 1.84473e-06 1 0
-14.741 3.42941 -129.41052 -1.84473e-06 -1 0
-14.741 3.42941 -129.41052 0 0 1
-14.741 3.42941 -129.88042 0 0 -1
-14.741 3.42941 -129.88042 -1.84473e-06 -1 0
-20.1692 3.88922 -129.88042 0 0 -1
-20.1692 3.88922 -129.88042 1.84473e-06 1 0
-20.1692 3.42942 -129.88042 0 0 -1
-20.1692 3.42942 -129.88042 -1.84473e-06 -1 0
-20.1692 3.42942 -129.41052 -1.84473e-06 -1 0
-20.1692 3.42942 -129.41052 0 0 1
-20.1692 3.88922 -129.41052 0 0 1
-20.1692 3.88922 -129.41052 1.84473e-06 1 0
-14.8834 3.84244 -129.88042 0 0 -1
-14.8834 3.84244 -129.88042 -0.543989 0.839092 0
-14.8834 3.84244 -129.41052 0 0 1
-14.8834 3.84244 -129.41052 -0.543989 0.839092 0
-14.57808 3.4762 -129.41052 0.541516 -0.840691 0
-14.57808 3.4762 -129.41052 0 0 1
-14.57808 3.4762 -129.88042 0 0 -1
-14.57808 3.4762 -129.88042 0.541516 -0.840691 0
-18.032 1.80118 -129.88042 0 0 -1
-18.032 1.80118 -129.88042 -0.543989 0.839092 0
-17.7471 1.43493 -129.88042 0 0 -1
-17.7471 1.43493 -129.88042 0.541516 -0.840691 0
-17.7471 1.43493 -129.41052 0.541516 -0.840691 0
-17.7471 1.43493 -129.41052 0 0 1
-18.032 1.80118 -129.41052 0 0 1
-18.032 1.80118 -129.41052 -0.543989 0.839092 0
-14.741 2.17728 -129.88042 0 0 -1
-14.741 2.17728 -129.88042 0 1 0
-14.741 2.17728 -129.41052 0 0 1
-14.741 2.17728 -129.41052 0 1 0
-14.741 1.32548 -129.41052 0 -1 0
-14.741 1.32548 -129.41052 0 0 1
-14.741 1.32548 -129.88042 0 0 -1
-14.741 1.32548 -129.88042 0 -1 0
-20.1692 2.17728 -129.88042 0 0 -1
-20.1692 2.17728 -129.88042 0 1 0
-20.1692 1.32548 -129.88042 0 0 -1
-20.1692 1.32548 -129.88042 0 -1 0
-20.1692 1.32548 -129.41052 0 -1 0
-20.1692 1.32548 -129.41052 0 0 1
-20.1692 2.17728 -129.41052 0 0 1
-20.1692 2.17728 -129.41052 0 1 0
-20.4068 3.4762 -129.88042 0 0 -1
-20.4068 3.4762 -129.88042 -0.544003 -0.839083 0
-20.4068 3.4762 -129.41052 0 0 1
-20.4068 3.4762 -129.41052 -0.544003 -0.839083 0
-20.1219 3.84244 -129.41052 0.544002 0.839084 0
-20.1219 3.84244 -129.41052 0 0 1
-20.1219 3.84244 -129.88042 0 0 -1
-20.1219 3.84244 -129.88042 0.544002 0.839084 0
-17.2583 1.43493 -129.88042 0 0 -1
-17.2583 1.43493 -129.88042 -0.544003 -0.839083 0
-16.9734 1.80118 -129.88042 0 0 -1
-16.9734 1.80118 -129.88042 0.544002 0.839084 0
-16.9734 1.80118 -129.41052 0.544002 0.839084 0
-16.9734 1.80118 -129.41052 0 0 1
-17.2583 1.43493 -129.41052 0 0 1
-17.2583 1.43493 -129.41052 -0.544003 -0.839083 0
19.7997 3.83155 -129.89432 -0.77354 -0.513349 -0.37163
14.5788 8.95949 -126.11042 -0.773545 -0.513277 -0.371719
14.5788 8.68589 -125.73263 -0.773545 -0.51328 -0.371715
19.7997 3.55798 -129.51642 -0.77354 -0.513351 -0.371627
20.1554 4.0741 -129.71082 0.773542 0.513306 0.371685
20.1554 3.80053 -129.33301 0.773542 0.513306 0.371684
14.9345 8.92849 -125.54922 0.773543 0.513293 0.3717
14.9345 9.20209 -125.92704 0.773543 0.513293 0.371701
14.4825 3.86426 -129.87811 -1 0 0
14.4825 9.27569 -125.87992 -1 0 0
14.4825 9.00209 -125.5021 -1 0 0
14.4825 3.5907 -129.50032 -1 0 0
14.9539 3.86426 -129.87811 1 0 0
14.9539 3.5907 -129.50032 1 0 0
14.9539 9.00209 -125.5021 1 0 0
14.9539 9.27569 -125.87992 1 0 0
14.31959 4.65822 -129.88042 0 1 0
14.96561 4.65822 -129.88042 0 1 0
14.96561 4.65822 -129.41052 0 1 0
14.31959 4.65822 -129.41052 0 1 0
14.96561 2.17728 -122.88351 0 0 1
14.96561 1.32548 -122.88351 0 0 1
14.31959 1.32548 -122.88351 0 0 1
14.31959 2.17728 -122.88351 0 0 1
14.31959 3.8982 -129.41092 0 1 0
14.31959 3.8982 -129.41092 -1 0 0
14.31959 3.43839 -129.41092 0 -1 0
14.31959 3.43839 -129.41092 -1 0 0
14.96561 3.43839 -129.41092 1 0 0
14.96561 3.43839 -129.41092 0 -1 0
14.96561 3.8982 -129.41092 0 1 0
14.96561 3.8982 -129.41092 1 0 0
14.31959 3.8982 -125.84217 0 1 0
14.31959 3.8982 -125.84217 -1 0 0
14.96561 3.8982 -125.84217 0 1 0
14.96561 3.8982 -125.84217 1 0 0
14.96561 3.43839 -125.84217 1 0 0
14.96561 3.43839 -125.84217 0 -1 0
14.31959 3.43839 -125.84217 0 -1 0
14.31959 3.43839 -125.84217 -1 0 0
19.7997 3.83155 -129.89432 0.00601947 0.5977 -0.801697
14.5788 8.95949 -126.11042 0.00582524 0.597557 -0.801805
14.5788 8.68589 -125.73263 -0.00585471 -0.597584 0.801785
19.7997 3.55798 -129.51642 -0.00590417 -0.597612 0.801764
20.1554 4.0741 -129.71082 0.00601228 0.597694 -0.801701
20.1554 3.80053 -129.33301 -0.00590604 -0.597613 0.801763
14.9345 8.92849 -125.54922 -0.00585659 -0.597585 0.801784
14.9345 9.20209 -125.92704 0.00581805 0.597552 -0.801809
14.4825 3.86426 -129.87811 0 0.594241 -0.804287
14.4825 9.27569 -125.87992 0 0.594241 -0.804287
14.4825 9.00209 -125.5021 0 -0.594247 0.804283
14.4825 3.5907 -129.50032 0 -0.594247 0.804283
14.9539 3.86426 -129.87811 0 0.594241 -0.804287
14.9539 3.5907 -129.50032 0 -0.594247 0.804283
14.9539 9.00209 -125.5021 0 -0.594247 0.804283
14.9539 9.27569 -125.87992 0 0.594241 -0.804287
14.31959 0.02 -129.88042 0 0 -1
14.31959 0.02 -129.88042 -1 0 0
14.31959 0.02 -129.41052 0 0 1
14.31959 0.02 -129.41052 -1 0 0
14.96561 0.02 -129.41052 1 0 0
14.96561 0.02 -129.41052 0 0 1
14.96561 0.02 -129.88042 0 0 -1
14.96561 0.02 -129.88042 1 0 0
14.31959 4.65822 -129.88042 0 0 -1
14.31959 4.65822 -129.88042 -1 0 0
14.96561 4.65822 -129.88042 0 0 -1
14.96561 4.65822 -129.88042 1 0 0
14.96561 4.65822 -129.41052 1 0 0
14.96561 4.65822 -129.41052 0 0 1
14.31959 4.65822 -129.41052 0 0 1
14.31959 4.65822 -129.41052 -1 0 0
14.96561 2.17728 -129.64542 1 0 0
14.96561 2.17728 -129.64542 0 1 0
14.31959 2.17728 -129.64542 -1 0 0
14.31959 2.17728 -129.64542 0 1 0
14.31959 1.32548 -129.64542 0 -1 0
14.31959 1.32548 -129.64542 -1 0 0
14.96561 1.32548 -129.64542 1 0 0
14.96561 1.32548 -129.64542 0 -1 0
14.96561 2.17728 -122.88351 1 0 0
14.96561 2.17728 -122.88351 0 1 0
14.96561 1.32548 -122.88351 1 0 0
14.96561 1.32548 -122.88351 0 -1 0
14.31959 1.32548 -122.88351 0 -1 0
14.31959 1.32548 -122.88351 -1 0 0
14.31959 2.17728 -122.88351 -1 0 0
14.31959 2.17728 -122.88351 0 1 0
14.741 3.88921 -129.88042 0 0 -1
14.741 3.88921 -129.88042 -1.84473e-06 1 0
14.741 3.88921 -129.41052 0 0 1
14.741 3.88921 -129.41052 -1.84473e-06 1 0
14.741 3.42941 -129.41052 1.84473e-06 -1 0
14.741 3.42941 -129.41052 0 0 1
14.741 3.42941 -129.88042 0 0 -1
14.741 3.42941 -129.88042 1.84473e-06 -1 0
20.1692 3.88922 -129.88042 0 0 -1
20.1692 3.88922 -129.88042 -1.84473e-06 1 0
20.1692 3.42942 -129.88042 0 0 -1
20.1692 3.42942 -129.88042 1.84473e-06 -1 0
20.1692 3.42942 -129.41052 1.84473e-06 -1 0
20.1692 3.42942 -129.41052 0 0 1
20.1692 3.88922 -129.41052 0 0 1
20.1692 3.88922 -129.41052 -1.84473e-06 1 0
14.8834 3.84244 -129.88042 0 0 -1
14.8834 3.84244 -129.88042 0.543989 0.839092 0
14.8834 3.84244 -129.41052 0 0 1
14.8834 3.84244 -129.41052 0.543989 0.839092 0
14.57365 3.4762 -129.41052 -0.540982 -0.841034 0
14.57365 3.4762 -129.41052 0 0 1
14.57365 3.4762 -129.88042 0 0 -1
14.57365 3.4762 -129.88042 -0.540982 -0.841034 0
18.032 1.80118 -129.88042 0 0 -1
18.032 1.80118 -129.88042 0.543989 0.839092 0
17.7471 1.43493 -129.88042 0 0 -1
17.7471 1.43493 -129.88042 -0.540982 -0.841034 0
17.7471 1.43493 -129.41052 -0.540982 -0.841034 0
17.7471 1.43493 -129.41052 0 0 1
18.032 1.80118 -129.41052 0 0 1
18.032 1.80118 -129.41052 0.543989 0.839092 0
14.741 2.17728 -129.88042 0 0 -1
14.741 2.17728 -129.88042 0 1 0
14.741 2.17728 -129.41052 0 0 1
14.741 2.17728 -129.41052 0 1 0
14.741 1.32548 -129.41052 0 -1 0
14.741 1.32548 -129.41052 0 0 1
14.741 1.32548 -129.88042 0 0 -1
14.741 1.32548 -129.88042 0 -1 0
20.1692 2.17728 -129.88042 0 0 -1
20.1692 2.17728 -129.88042 0 1 0
20.1692 1.32548 -129.88042 0 0 -1
20.1692 1.32548 -129.88042 0 -1 0
20.1692 1.32548 -129.41052 0 -1 0
20.1692 1.32548 -129.41052 0 0 1
20.1692 2.17728 -129.41052 0 0 1
20.1692 2.17728 -129.41052 0 1 0
20.4068 3.4762 -129.88042 0 0 -1
20.4068 3.4762 -129.88042 0.544003 -0.839083 0
20.4068 3.4762 -129.41052 0 0 1
20.4068 3.4762 -129.41052 0.544003 -0.839083 0
20.1219 3.84244 -129.41052 -0.544002 0.839084 0
20.1219 3.84244 -129.41052 0 0 1
20.1219 3.84244 -129.88042 0 0 -1
20.1219 3.84244 -129.88042 -0.544002 0.839084 0
17.2583 1.43493 -129.88042 0 0 -1
17.2583 1.43493 -129.88042 0.544003 -0.839083 0
16.9734 1.80118 -129.88042 0 0 -1
16.9734 1.80118 -129.88042 -0.544002 0.839084 0
16.9734 1.80118 -129.41052 -0.544002 0.839084 0
16.9734 1.80118 -129.41052 0 0 1
17.2583 1.43493 -129.41052 0 0 1
17.2583 1.43493 -129.41052 0.544003 -0.839083 0
-20.12389 3.86426 -129.87811 1 0 0
-20.12389 9.27569 -125.87992 1 0 0
-20.12389 9.00209 -125.5021 1 0 0
-20.12389 3.5907 -129.50032 1 0 0
-20.59529 3.86426 -129.87811 -1 0 0
-20.59529 3.5907 -129.50032 -1 0 0
-20.59529 9.00209 -125.5021 -1 0 0
-20.59529 9.27569 -125.87992 -1 0 0
-19.96535 4.65822 -129.88042 0 1 0
-20.60264 4.65822 -129.88042 0 1 0
-20.60264 4.65822 -129.41052 0 1 0
-19.96535 4.65822 -129.41052 0 1 0
-20.60264 2.17728 -122.88351 0 0 1
-20.60264 1.32548 -122.88351 0 0 1
-19.96535 1.32548 -122.88351 0 0 1
-19.96535 2.17728 -122.88351 0 0 1
-19.96535 3.8982 -129.41092 0 1 0
-19.96535 3.8982 -129.41092 1 0 0
-19.96535 3.43839 -129.41092 0 -1 0
-19.96535 3.43839 -129.41092 1 0 0
-20.60264 3.43839 -129.41092 -1 0 0
-20.60264 3.43839 -129.41092 0 -1 0
-20.60264 3.8982 -129.41092 0 1 0
-20.60264 3.8982 -129.41092 -1 0 0
-19.96535 3.8982 -125.84217 0 1 0
-19.96535 3.8982 -125.84217 1 0 0
-20.60264 3.8982 -125.84217 0 1 0
-20.60264 3.8982 -125.84217 -1 0 0
-20.60264 3.43839 -125.84217 -1 0 0
-20.60264 3.43839 -125.84217 0 -1 0
-19.96535 3.43839 -125.84217 0 -1 0
-19.96535 3.43839 -125.84217 1 0 0
-20.12389 3.86426 -129.87811 0 0.594241 -0.804287
-20.12389 9.27569 -125.87992 0 0.594241 -0.804287
-20.12389 9.00209 -125.5021 0 -0.594247 0.804283
-20.12389 3.5907 -129.50032 0 -0.594247 0.804283
-20.59529 3.86426 -129.87811 0 0.594241 -0.804287
-20.59529 3.5907 -129.50032 0 -0.594247 0.804283
-20.59529 9.00209 -125.5021 0 -0.594247 0.804283
-20.59529 9.27569 -125.87992 0 0.594241 -0.804287
-19.96535 0.02 -129.88042 0 0 -1
-19.96535 0.02 -129.88042 1 0 0
-19.96535 0.02 -129.41052 0 0 1
-19.96535 0.02 -129.41052 1 0 0
-20.60264 0.02 -129.41052 -1 0 0
-20.60264 0.02 -129.41052 0 0 1
-20.60264 0.02 -129.88042 0 0 -1
-20.60264 0.02 -129.88042 -1 0 0
-19.96535 4.65822 -129.88042 0 0 -1
-19.96535 4.65822 -129.88042 1 0 0
-20.60264 4.65822 -129.88042 0 0 -1
-20.60264 4.65822 -129.88042 -1 0 0
-20.60264 4.65822 -129.41052 -1 0 0
-20.60264 4.65822 -129.41052 0 0 1
-19.96535 4.65822 -129.41052 0 0 1
-19.96535 4.65822 -129.41052 1 0 0
-20.60264 2.17728 -129.64542 -1 0 0
-20.60264 2.17728 -129.64542 0 1 0
-19.96535 2.17728 -129.64542 1 0 0
-19.96535 2.17728 -129.64542 0 1 0
-19.96535 1.32548 -129.64542 0 -1 0
-19.96535 1.32548 -129.64542 1 0 0
-20.60264 1.32548 -129.64542 -1 0 0
-20.60264 1.32548 -129.64542 0 -1 0
-20.60264 2.17728 -122.88351 -1 0 0
-20.60264 2.17728 -122.88351 0 1 0
-20.60264 1.32548 -122.88351 -1 0 0
-20.60264 1.32548 -122.88351 0 -1 0
-19.96535 1.32548 -122.88351 0 -1 0
-19.96535 1.32548 -122.88351 1 0 0
-19.96535 2.17728 -122.88351 1 0 0
-19.96535 2.17728 -122.88351 0 1 0
20.12389 3.86426 -129.87811 -1 0 0
20.12389 9.27569 -125.87992 -1 0 0
20.12389 9.00209 -125.5021 -1 0 0
20.12389 3.5907 -129.50032 -1 0 0
20.59529 3.86426 -129.87811 1 0 0
20.59529 3.5907 -129.50032 1 0 0
20.59529 9.00209 -125.5021 1 0 0
20.59529 9.27569 -125.87992 1 0 0
19.96098 4.65822 -129.88042 0 1 0
20.607 4.65822 -129.88042 0 1 0
20.607 4.65822 -129.41052 0 1 0
19.96098 4.65822 -129.41052 0 1 0
20.607 2.17728 -122.88351 0 0 1
20.607 1.32548 -122.88351 0 0 1
19.96098 1.32548 -122.88351 0 0 1
19.96098 2.17728 -122.88351 0 0 1
19.96098 3.8982 -129.41092 0 1 0
19.96098 3.8982 -129.41092 -1 0 0
19.96098 3.43839 -129.41092 0 -1 0
19.96098 3.43839 -129.41092 -1 0 0
20.607 3.43839 -129.41092 1 0 0
20.607 3.43839 -129.41092 0 -1 0
20.607 3.8982 -129.41092 0 1 0
20.607 3.8982 -129.41092 1 0 0
19.96098 3.8982 -125.84217 0 1 0
19.96098 3.8982 -125.84217 -1 0 0
20.607 3.8982 -125.84217 0 1 0
20.607 3.8982 -125.84217 1 0 0
20.607 3.43839 -125.84217 1 0 0
20.607 3.43839 -125.84217 0 -1 0
19.96098 3.43839 -125.84217 0 -1 0
19.96098 3.43839 -125.84217 -1 0 0
20.12389 3.86426 -129.87811 0 0.594241 -0.804287
20.12389 9.27569 -125.87992 0 0.594241 -0.804287
20.12389 9.00209 -125.5021 0 -0.594247 0.804283
20.12389 3.5907 -129.50032 0 -0.594247 0.804283
20.59529 3.86426 -129.87811 0 0.594241 -0.804287
20.59529 3.5907 -129.50032 0 -0.594247 0.804283
20.59529 9.00209 -125.5021 0 -0.594247 0.804283
20.59529 9.27569 -125.87992 0 0.594241 -0.804287
19.96098 0.02 -129.88042 0 0 -1
19.96098 0.02 -129.88042 -1 0 0
19.96098 0.02 -129.41052 0 0 1
19.96098 0.02 -129.41052 -1 0 0
20.607 0.02 -129.41052 1 0 0
20.607 0.02 -129.41052 0 0 1
20.607 0.02 -129.88042 0 0 -1
20.607 0.02 -129.88042 1 0 0
19.96098 4.65822 -129.88042 0 0 -1
19.96098 4.65822 -129.88042 -1 0 0
20.607 4.65822 -129.88042 0 0 -1
20.607 4.65822 -129.88042 1 0 0
20.607 4.65822 -129.41052 1 0 0
20.607 4.65822 -129.41052 0 0 1
19.96098 4.65822 -129.41052 0 0 1
19.96098 4.65822 -129.41052 -1 0 0
20.607 2.17728 -129.64542 1 0 0
20.607 2.17728 -129.64542 0 1 0
19.96098 2.17728 -129.64542 -1 0 0
19.96098 2.17728 -129.64542 0 1 0
19.96098 1.32548 -129.64542 0 -1 0
19.96098 1.32548 -129.64542 -1 0 0
20.607 1.32548 -129.64542 1 0 0
20.607 1.32548 -129.64542 0 -1 0
20.607 2.17728 -122.88351 1 0 0
20.607 2.17728 -122.88351 0 1 0
20.607 1.32548 -122.88351 1 0 0
20.607 1.32548 -122.88351 0 -1 0
19.96098 1.32548 -122.88351 0 -1 0
19.96098 1.32548 -122.88351 -1 0 0
19.96098 2.17728 -122.88351 -1 0 0
19.96098 2.17728 -122.88351 0 1 0
-14.9488 66.8334 -96.43889 0 0 -1
-14.9488 66.8334 -96.43889 -0.254623 -0.96704 0
-14.9488 66.9833 -96.43889 0.255559 0.966793 0
-14.9488 66.9833 -96.43889 0 0 -1
-14.9488 66.9833 -95.89049 0.255559 0.966793 0
-14.9488 66.9833 -95.89049 0 0 1
-14.9488 66.8334 -95.89049 0 0 1
-14.9488 66.8334 -95.89049 -0.254623 -0.96704 0
-19.91113 68.13998 -95.89049 0 0 1
-19.91113 68.13998 -95.89049 -0.254623 -0.96704 0
-19.87293 68.28493 -95.89049 0.255559 0.966793 0
-19.87293 68.28493 -95.89049 0 0 1
-19.87293 68.28493 -96.43889 0.255559 0.966793 0
-19.87293 68.28493 -96.43889 0 0 -1
-19.91113 68.13998 -96.43889 0 0 -1
-19.91113 68.13998 -96.43889 -0.254623 -0.96704 0
-19.87306 68.28445 -96.30408 0 0 -1
-19.78449 68.62057 -96.30408 0 0 -1
-19.78449 68.62057 -96.01028 0 0 1
-19.87306 68.28445 -96.01028 0 0 1
-14.9488 66.98289 -96.01028 0 0 1
-14.9488 67.3304 -96.01028 0 0 1
-14.9488 67.3304 -96.30408 0 0 -1
-14.9488 66.98289 -96.30408 0 0 -1
-19.78449 68.62057 -96.43989 0 0 -1
-19.78449 68.62057 -96.43989 -0.257786 -0.966202 0
-19.74975 68.75237 -96.43989 0.258681 0.965963 0
-19.74975 68.75237 -96.43989 0 0 -1
-19.74975 68.75237 -95.89159 0.258681 0.965963 0
-19.74975 68.75237 -95.89159 0 0 1
-19.78449 68.62057 -95.89159 0 0 1
-19.78449 68.62057 -95.89159 -0.257786 -0.966202 0
-14.9488 67.3304 -95.89159 0 0 1
-14.9488 67.3304 -95.89159 -0.257786 -0.966202 0
-14.9488 67.4667 -95.89159 0.258681 0.965963 0
-14.9488 67.4667 -95.89159 0 0 1
-14.9488 67.4667 -96.43989 0.258681 0.965963 0
-14.9488 67.4667 -96.43989 0 0 -1
-14.9488 67.3304 -96.43989 0 0 -1
-14.9488 67.3304 -96.43989 -0.257786 -0.966202 0
-14.9488 67.3304 -89.79997 -0.257786 -0.966202 0
-14.9488 67.3304 -89.79997 0 0 -1
-14.9488 67.4667 -89.79997 0 0 -1
-14.9488 67.4667 -89.79997 0.258681 0.965963 0
-14.9488 67.4667 -89.25167 0 0 1
-14.9488 67.4667 -89.25167 0.258681 0.965963 0
-14.9488 67.3304 -89.25167 -0.257786 -0.966202 0
-14.9488 67.3304 -89.25167 0 0 1
-19.78449 68.62057 -89.25167 -0.257786 -0.966202 0
-19.78449 68.62057 -89.25167 0 0 1
-19.74975 68.75237 -89.25167 0 0 1
-19.74975 68.75237 -89.25167 0.258681 0.965963 0
-19.74975 68.75237 -89.79997 0 0 -1
-19.74975 68.75237 -89.79997 0.258681 0.965963 0
-19.78449 68.62057 -89.79997 -0.257786 -0.966202 0
-19.78449 68.62057 -89.79997 0 0 -1
-14.9488 66.98289 -89.66417 0 0 -1
-14.9488 67.3304 -89.66417 0 0 -1
-14.9488 67.3304 -89.37037 0 0 1
-14.9488 66.98289 -89.37037 0 0 1
-19.87306 68.28445 -89.37037 0 0 1
-19.78449 68.62057 -89.37037 0 0 1
-19.78449 68.62057 -89.66417 0 0 -1
-19.87306 68.28445 -89.66417 0 0 -1
-19.91113 68.13998 -89.79897 -0.254623 -0.96704 0
-19.91113 68.13998 -89.79897 0 0 -1
-19.87293 68.28493 -89.79897 0 0 -1
-19.87293 68.28493 -89.79897 0.255559 0.966793 0
-19.87293 68.28493 -89.25057 0 0 1
-19.87293 68.28493 -89.25057 0.255559 0.966793 0
-19.91113 68.13998 -89.25057 -0.254623 -0.96704 0
-19.91113 68.13998 -89.25057 0 0 1
-14.9488 66.8334 -89.25057 -0.254623 -0.96704 0
-14.9488 66.8334 -89.25057 0 0 1
-14.9488 66.9833 -89.25057 0 0 1
-14.9488 66.9833 -89.25057 0.255559 0.966793 0
-14.9488 66.9833 -89.79897 0 0 -1
-14.9488 66.9833 -89.79897 0.255559 0.966793 0
-14.9488 66.8334 -89.79897 -0.254623 -0.96704 0
-14.9488 66.8334 -89.79897 0 0 -1
14.9488 66.8334 -96.43889 0 0 -1
14.9488 66.8334 -96.43889 0.254623 -0.96704 0
14.9488 66.9833 -96.43889 -0.255559 0.966793 0
14.9488 66.9833 -96.43889 0 0 -1
14.9488 66.9833 -95.89049 -0.255559 0.966793 0
14.9488 66.9833 -95.89049 0 0 1
14.9488 66.8334 -95.89049 0 0 1
14.9488 66.8334 -95.89049 0.254623 -0.96704 0
19.91113 68.13998 -95.89049 0 0 1
19.91113 68.13998 -95.89049 0.254623 -0.96704 0
19.87293 68.28493 -95.89049 -0.255559 0.966793 0
19.87293 68.28493 -95.89049 0 0 1
19.87293 68.28493 -96.43889 -0.255559 0.966793 0
19.87293 68.28493 -96.43889 0 0 -1
19.91113 68.13998 -96.43889 0 0 -1
19.91113 68.13998 -96.43889 0.254623 -0.96704 0
19.87306 68.28445 -96.30408 0 0 -1
19.78449 68.62057 -96.30408 0 0 -1
19.78449 68.62057 -96.01028 0 0 1
19.87306 68.28445 -96.01028 0 0 1
14.9488 66.98289 -96.01028 0 0 1
14.9488 67.3304 -96.01028 0 0 1
14.9488 67.3304 -96.30408 0 0 -1
14.9488 66.98289 -96.30408 0 0 -1
19.78449 68.62057 -96.43989 0 0 -1
19.78449 68.62057 -96.43989 0.257786 -0.966202 0
19.74975 68.75237 -96.43989 -0.258681 0.965963 0
19.74975 68.75237 -96.43989 0 0 -1
19.74975 68.75237 -95.89159 -0.258681 0.965963 0
19.74975 68.75237 -95.89159 0 0 1
19.78449 68.62057 -95.89159 0 0 1
19.78449 68.62057 -95.89159 0.257786 -0.966202 0
14.9488 67.3304 -95.89159 0 0 1
14.9488 67.3304 -95.89159 0.257786 -0.966202 0
14.9488 67.4667 -95.89159 -0.258681 0.965963 0
14.9488 67.4667 -95.89159 0 0 1
14.9488 67.4667 -96.43989 -0.258681 0.965963 0
14.9488 67.4667 -96.43989 0 0 -1
14.9488 67.3304 -96.43989 0 0 -1
14.9488 67.3304 -96.43989 0.257786 -0.966202 0
14.9488 67.3304 -89.79997 0.257786 -0.966202 0
14.9488 67.3304 -89.79997 0 0 -1
14.9488 67.4667 -89.79997 0 0 -1
14.9488 67.4667 -89.79997 -0.258681 0.965963 0
14.9488 67.4667 -89.25167 0 0 1
14.9488 67.4667 -89.25167 -0.258681 0.965963 0
14.9488 67.3304 -89.25167 0.257786 -0.966202 0
14.9488 67.3304 -89.25167 0 0 1
19.78449 68.62057 -89.25167 0.257786 -0.966202 0
19.78449 68.62057 -89.25167 0 0 1
19.74975 68.75237 -89.25167 0 0 1
19.74975 68.75237 -89.25167 -0.258681 0.965963 0
19.74975 68.75237 -89.79997 0 0 -1
19.74975 68.75237 -89.79997 -0.258681 0.965963 0
19.78449 68.62057 -89.79997 0.257786 -0.966202 0
19.78449 68.62057 -89.79997 0 0 -1
14.9488 66.98289 -89.66417 0 0 -1
14.9488 67.3304 -89.66417 0 0 -1
14.9488 67.3304 -89.37037 0 0 1
14.9488 66.98289 -89.37037 0 0 1
19.87306 68.28445 -89.37037 0 0 1
19.78449 68.62057 -89.37037 0 0 1
19.78449 68.62057 -89.66417 0 0 -1
19.87306 68.28445 -89.66417 0 0 -1
19.91113 68.13998 -89.79897 0.254623 -0.96704 0
19.91113 68.13998 -89.79897 0 0 -1
19.87293 68.28493 -89.79897 0 0 -1
19.87293 68.28493 -89.79897 -0.255559 0.966793 0
19.87293 68.28493 -89.25057 0 0 1
19.87293 68.28493 -89.25057 -0.255559 0.966793 0
19.91113 68.13998 -89.25057 0.254623 -0.96704 0
19.91113 68.13998 -89.25057 0 0 1
14.9488 66.8334 -89.25057 0.254623 -0.96704 0
14.9488 66.8334 -89.25057 0 0 1
14.9488 66.9833 -89.25057 0 0 1
14.9488 66.9833 -89.25057 -0.255559 0.966793 0
14.9488 66.9833 -89.79897 0 0 -1
14.9488 66.9833 -89.79897 -0.255559 0.966793 0
14.9488 66.8334 -89.79897 0.254623 -0.96704 0
14.9488 66.8334 -89.79897 0 0 -1
-14.3219 68.8485 -89.89319 0 0 1
-14.3219 68.8485 -89.89319 0 1 0
-14.3219 68.8485 -89.89319 -1 0 0
-14.3219 68.707 -89.89319 0 -1 0
-14.3219 68.707 -89.89319 0 0 1
-14.3219 68.707 -89.89319 -1 0 0
-13.7736 68.707 -89.89319 1 0 0
-13.7736 68.707 -89.89319 0 -1 0
-13.7736 68.707 -89.89319 0 0 1
-13.7736 68.8485 -89.89319 1 0 0
-13.7736 68.8485 -89.89319 0 0 1
-13.7736 68.8485 -89.89319 0 1 0
-13.7736 68.8485 -126.06548 1 0 0
-13.7736 68.8485 -126.06548 0 1 0
-13.7736 68.707 -126.06548 1 0 0
-13.7736 68.707 -126.06548 0 -1 0
-14.3219 68.707 -126.06548 0 -1 0
-14.3219 68.707 -126.06548 -1 0 0
-14.3219 68.8485 -126.06548 0 1 0
-14.3219 68.8485 -126.06548 -1 0 0
-14.127 68.7075 -126.06548 -1 0 0
-14.127 68.2599 -126.06548 -1 0 0
-13.9535 68.2599 -126.06548 1 0 0
-13.9535 68.7075 -126.06548 1 0 0
-13.9535 68.7075 -89.89319 1 0 0
-13.9535 68.7075 -89.89319 0 0 1
-13.9535 68.2599 -89.89319 1 0 0
-13.9535 68.2599 -89.89319 0 0 1
-14.127 68.2599 -89.89319 0 0 1
-14.127 68.2599 -89.89319 -1 0 0
-14.127 68.7075 -89.89319 0 0 1
-14.127 68.7075 -89.89319 -1 0 0
-14.3229 68.2599 -126.06548 0 1 0
-14.3229 68.2599 -126.06548 -1 0 -2.7683e-06
-14.3229 68.1236 -126.06548 0 -1 0
-14.3229 68.1236 -126.06548 -1 0 -2.7683e-06
-13.7746 68.1236 -126.06548 1 0 0
-13.7746 68.1236 -126.06548 0 -1 0
-13.7746 68.2599 -126.06548 1 0 0
-13.7746 68.2599 -126.06548 0 1 0
-13.7746 68.2599 -89.89319 1 0 0
-13.7746 68.2599 -89.89319 0 0 1
-13.7746 68.2599 -89.89319 0 1 0
-13.7746 68.1236 -89.89319 1 0 0
-13.7746 68.1236 -89.89319 0 -1 0
-13.7746 68.1236 -89.89319 0 0 1
-14.323 68.1236 -89.89319 0 -1 0
-14.323 68.1236 -89.89319 0 0 1
-14.323 68.1236 -89.89319 -1 0 -2.7683e-06
-14.323 68.2599 -89.89319 0 0 1
-14.323 68.2599 -89.89319 0 1 0
-14.323 68.2599 -89.89319 -1 0 -2.7683e-06
14.3219 68.8485 -89.89319 1 0 0
14.3219 68.8485 -89.89319 0 0 1
14.3219 68.8485 -89.89319 0 1 0
14.3219 68.707 -89.89319 1 0 0
14.3219 68.707 -89.89319 0 -1 0
14.3219 68.707 -89.89319 0 0 1
13.7736 68.707 -89.89319 0 -1 0
13.7736 68.707 -89.89319 0 0 1
13.7736 68.707 -89.89319 -1 0 0
13.7736 68.8485 -89.89319 0 0 1
13.7736 68.8485 -89.89319 0 1 0
13.7736 68.8485 -89.89319 -1 0 0
13.7736 68.8485 -126.06548 0 1 0
13.7736 68.8485 -126.06548 -1 0 0
13.7736 68.707 -126.06548 0 -1 0
13.7736 68.707 -126.06548 -1 0 0
14.3219 68.707 -126.06548 1 0 0
14.3219 68.707 -126.06548 0 -1 0
14.3219 68.8485 -126.06548 1 0 0
14.3219 68.8485 -126.06548 0 1 0
14.127 68.7075 -126.06548 1 0 0
14.127 68.2599 -126.06548 1 0 0
13.9535 68.2599 -126.06548 -1 0 0
13.9535 68.7075 -126.06548 -1 0 0
13.9535 68.7075 -89.89319 0 0 1
13.9535 68.7075 -89.89319 -1 0 0
13.9535 68.2599 -89.89319 0 0 1
13.9535 68.2599 -89.89319 -1 0 0
14.127 68.2599 -89.89319 1 0 0
14.127 68.2599 -89.89319 0 0 1
14.127 68.7075 -89.89319 1 0 0
14.127 68.7075 -89.89319 0 0 1
14.3229 68.2599 -126.06548 1 0 0
14.3229 68.2599 -126.06548 0 1 0
14.3229 68.1236 -126.06548 1 0 0
14.3229 68.1236 -126.06548 0 -1 0
13.7746 68.1236 -126.06548 0 -1 0
13.7746 68.1236 -126.06548 -1 0 0
13.7746 68.2599 -126.06548 0 1 0
13.7746 68.2599 -126.06548 -1 0 0
13.7746 68.2599 -89.89319 0 0 1
13.7746 68.2599 -89.89319 0 1 0
13.7746 68.2599 -89.89319 -1 0 0
13.7746 68.1236 -89.89319 0 -1 0
13.7746 68.1236 -89.89319 0 0 1
13.7746 68.1236 -89.89319 -1 0 0
14.3229 68.1236 -89.89319 1 0 0
14.3229 68.1236 -89.89319 0 -1 0
14.3229 68.1236 -89.89319 0 0 1
14.3229 68.2599 -89.89319 1 0 0
14.3229 68.2599 -89.89319 0 0 1
14.3229 68.2599 -89.89319 0 1 0
6 0 4
2 4 0
9 11 15
13 15 11
14 1 8
7 8 1
3 12 5
10 5 12
22 16 20
18 20 16
25 27 31
29 31 27
30 17 24
23 24 17
19 28 21
26 21 28
38 32 36
34 36 32
41 43 47
45 47 43
46 33 40
39 40 33
35 44 37
42 37 44
54 48 52
50 52 48
57 59 63
61 63 59
62 49 56
55 56 49
51 60 53
58 53 60
86 88 96
94 96 88
91 85 93
99 93 85
90 89 84
87 84 89
95 92 97
98 97 92
70 67 79
81 79 67
64 71 82
74 82 71
68 78 72
76 72 78
69 73 66
65 66 73
75 77 83
80 83 77
168 167 174
177 174 167
165 170 179
172 179 170
176 166 178
164 178 166
169 175 171
173 171 175
161 158 160
159 160 158
157 162 156
163 156 162
151 145 149
147 149 145
142 152 140
154 140 152
155 148 141
146 141 148
150 153 144
143 144 153
134 137 128
127 128 137
139 132 125
130 125 132
126 136 124
138 124 136
135 129 133
131 133 129
118 121 119
120 119 121
122 117 123
116 123 117
105 111 107
109 107 111
112 102 114
100 114 102
101 106 115
108 115 106
104 103 110
113 110 103
248 247 254
257 254 247
245 250 259
252 259 250
256 246 258
244 258 246
249 255 251
253 251 255
242 237 243
236 243 237
238 241 239
240 239 241
231 225 229
227 229 225
222 232 220
234 220 232
235 228 221
226 221 228
230 233 224
223 224 233
214 217 208
207 208 217
219 212 205
210 205 212
206 216 204
218 204 216
215 209 213
211 213 209
197 202 196
203 196 202
201 198 200
199 200 198
185 191 187
189 187 191
192 182 194
180 194 182
181 186 195
188 195 186
184 183 190
193 190 183
329 327 335
337 335 327
330 332 324
338 324 332
339 336 325
326 325 336
334 333 328
331 328 333
323 322 316
317 316 322
321 320 318
319 318 320
304 307 310
309 310 307
301 302 315
312 315 302
308 306 314
300 314 306
305 311 303
313 303 311
288 294 286
296 286 294
291 285 293
299 293 285
297 298 287
284 287 298
292 295 290
289 290 295
282 283 277
276 277 283
280 281 279
278 279 281
266 265 268
271 268 265
263 260 273
274 273 260
267 269 261
275 261 269
270 264 272
262 272 264
377 375 383
385 383 375
378 380 372
386 372 380
387 384 373
374 373 384
382 381 376
379 376 381
371 370 364
365 364 370
369 368 366
367 366 368
352 358 350
360 350 358
355 349 357
363 357 349
361 362 351
348 351 362
356 359 354
353 354 359
346 347 341
340 341 347
344 345 343
342 343 345
423 417 425
415 425 417
418 420 412
426 412 420
427 424 413
414 413 424
422 421 416
419 416 421
406 407 409
408 409 407
404 405 411
410 411 405
392 395 398
397 398 395
389 390 403
400 403 390
396 394 402
388 402 394
399 401 393
391 393 401
457 455 463
465 463 455
458 460 452
466 452 460
467 464 453
454 453 464
462 461 456
459 456 461
451 450 444
445 444 450
449 448 446
447 446 448
432 435 438
437 438 435
429 430 443
440 443 430
436 434 442
428 442 434
433 439 431
441 431 439
503 497 505
495 505 497
498 500 492
506 492 500
507 504 493
494 493 504
502 501 496
499 496 501
486 487 489
488 489 487
484 485 491
490 491 485
472 475 478
477 478 475
469 470 483
480 483 470
476 474 482
468 482 474
479 481 473
471 473 481
537 535 543
545 543 535
538 540 532
546 532 540
547 544 533
534 533 544
542 541 536
539 536 541
531 530 524
525 524 530
529 528 526
527 526 528
512 515 518
517 518 515
509 510 523
520 523 510
516 514 522
508 522 514
513 519 511
521 511 519
616 622 614
624 614 622
621 619 627
613 627 619
625 626 615
612 615 626
620 623 618
617 618 623
607 606 608
609 608 606
605 604 610
611 610 604
594 593 596
599 596 593
591 588 601
602 601 588
597 603 595
589 595 603
598 592 600
590 600 592
583 577 585
575 585 577
578 580 572
586 572 580
587 584 573
574 573 584
582 581 576
579 576 581
566 567 569
568 569 567
564 565 571
570 571 565
552 555 558
557 558 555
549 550 563
560 563 550
556 554 562
548 562 554
559 561 553
551 553 561
670 671 673
672 673 671
668 669 675
674 675 669
656 659 662
661 662 659
653 654 667
664 667 654
660 658 666
652 666 658
663 665 657
655 657 665
647 646 648
649 648 646
645 644 650
651 650 644
634 633 636
639 636 633
631 628 641
642 641 628
637 643 635
629 635 643
638 632 640
630 640 632
731 732 729
726 729 732
734 737 740
739 740 737
735 741 733
727 733 741
738 736 728
730 728 736
717 714 711
712 711 714
720 719 722
725 722 719
724 718 710
716 710 718
721 723 715
713 715 723
700 707 702
705 702 707
701 703 699
698 699 703
704 706 709
708 709 706
691 687 693
697 693 687
690 689 686
688 686 689
694 692 695
696 695 692
742 678 684
680 684 678
677 679 676
743 676 679
681 682 685
683 685 682
799 800 797
794 797 800
802 805 808
807 808 805
803 809 801
795 801 809
806 804 796
798 796 804
785 782 779
780 779 782
788 787 790
793 790 787
792 786 778
784 778 786
789 791 783
781 783 791
768 775 770
773 770 775
769 771 767
766 767 771
772 774 777
776 777 774
759 755 761
765 761 755
758 757 754
756 754 757
762 760 763
764 763 760
810 746 752
748 752 746
745 747 744
811 744 747
749 750 753
751 753 750
867 868 865
862 865 868
870 873 876
875 876 873
871 877 869
863 869 877
874 872 864
866 864 872
853 850 847
848 847 850
856 855 858
861 858 855
860 854 846
852 846 854
857 859 851
849 851 859
836 843 838
841 838 843
837 839 835
834 835 839
840 842 845
844 845 842
827 823 829
833 829 823
826 825 822
824 822 825
830 828 831
832 831 828
878 814 820
816 820 814
813 815 812
879 812 815
817 818 821
819 821 818
935 936 933
930 933 936
938 941 944
943 944 941
939 945 937
931 937 945
942 940 932
934 932 940
921 918 915
916 915 918
924 923 926
929 926 923
928 922 914
920 914 922
925 927 919
917 919 927
904 911 906
909 906 911
905 907 903
902 903 907
908 910 913
912 913 910
895 891 897
901 897 891
894 893 890
892 890 893
898 896 899
900 899 896
946 882 888
884 888 882
881 883 880
947 880 883
885 886 889
887 889 886
952 948 951
950 951 948
959 955 957
956 957 955
958 949 954
953 954 949
960 971 964
967 964 971
961 965 962
963 962 965
966 970 968
969 968 970
972 983 976
979 976 983
973 977 974
975 974 977
978 982 980
981 980 982
988 984 987
986 987 984
995 991 993
992 993 991
994 985 990
989 990 985
996 1007 1000
1003 1000 1007
997 1001 998
999 998 1001
1002 1006 1004
1005 1004 1006
1036 1035 1042
1045 1042 1035
1033 1038 1047
1040 1047 1038
1044 1034 1046
1032 1046 1034
1037 1043 1039
1041 1039 1043
1029 1026 1028
1027 1028 1026
1025 1030 1024
1031 1024 1030
1019 1013 1017
1015 1017 1013
1010 1020 1008
1022 1008 1020
1023 1016 1009
1014 1009 1016
1018 1021 1012
1011 1012 1021
1076 1075 1082
1085 1082 1075
1073 1078 1087
1080 1087 1078
1084 1074 1086
1072 1086 1074
1077 1083 1079
1081 1079 1083
1070 1065 1071
1064 1071 1065
1066 1069 1067
1068 1067 1069
1059 1053 1057
1055 1057 1053
1050 1060 1048
1062 1048 1060
1063 1056 1049
1054 1049 1056
1058 1061 1052
1051 1052 1061
1116 1115 1122
1125 1122 1115
1113 1118 1127
1120 1127 1118
1124 1114 1126
1112 1126 1114
1117 1123 1119
1121 1119 1123
1109 1106 1108
1107 1108 1106
1105 1110 1104
1111 1104 1110
1099 1093 1097
1095 1097 1093
1090 1100 1088
1102 1088 1100
1103 1096 1089
1094 1089 1096
1098 1101 1092
1091 1092 1101
1156 1155 1162
1165 1162 1155
1153 1158 1167
1160 1167 1158
1164 1154 1166
1152 1166 1154
1157 1163 1159
1161 1159 1163
1150 1145 1151
1144 1151 1145
1146 1149 1147
1148 1147 1149
1139 1133 1137
1135 1137 1133
1130 1140 1128
1142 1128 1140
1143 1136 1129
1134 1129 1136
1138 1141 1132
1131 1132 1141
1196 1195 1202
1205 1202 1195
1193 1198 1207
1200 1207 1198
1204 1194 1206
1192 1206 1194
1197 1203 1199
1201 1199 1203
1189 1186 1188
1187 1188 1186
1185 1190 1184
1191 1184 1190
1179 1173 1177
1175 1177 1173
1170 1180 1168
1182 1168 1180
1183 1176 1169
1174 1169 1176
1178 1181 1172
1171 1172 1181
1511 1499 1505
1497 1505 1499
1509 1501 1510
1498 1510 1501
1507 1503 1508
1500 1508 1503
1504 1496 1506
1502 1506 1496
1495 1483 1489
1481 1489 1483
1493 1485 1494
1482 1494 1485
1491 1487 1492
1484 1492 1487
1488 1480 1490
1486 1490 1480
1479 1467 1473
1465 1473 1467
1477 1469 1478
1466 1478 1469
1475 1471 1476
1468 1476 1471
1472 1464 1474
1470 1474 1464
1463 1451 1457
1449 1457 1451
1461 1453 1462
1450 1462 1453
1459 1455 1460
1452 1460 1455
1456 1448 1458
1454 1458 1448
1447 1435 1441
1433 1441 1435
1445 1437 1446
1434 1446 1437
1443 1439 1444
1436 1444 1439
1440 1432 1442
1438 1442 1432
1383 1380 1382
1381 1382 1380
1431 1419 1425
1417 1425 1419
1429 1421 1430
1418 1430 1421
1427 1423 1428
1420 1428 1423
1424 1416 1426
1422 1426 1416
1379 1376 1378
1377 1378 1376
1415 1409 1412
1408 1412 1409
1413 1411 1414
1410 1414 1411
1375 1372 1374
1373 1374 1372
1371 1368 1370
1369 1370 1368
1407 1401 1404
1400 1404 1401
1405 1403 1406
1402 1406 1403
1367 1364 1366
1365 1366 1364
1363 1360 1362
1361 1362 1360
1399 1387 1393
1385 1393 1387
1397 1389 1398
1386 1398 1389
1395 1391 1396
1388 1396 1391
1392 1384 1394
1390 1394 1384
1353 1347 1359
1347 1353 1345
1358 1349 1357
1349 1358 1346
1356 1351 1355
1351 1356 1348
1354 1344 1352
1344 1354 1350
1337 1331 1343
1331 1337 1329
1342 1333 1341
1333 1342 1330
1340 1335 1339
1335 1340 1332
1338 1328 1336
1328 1338 1334
1321 1315 1327
1315 1321 1313
1326 1317 1325
1317 1326 1314
1324 1319 1323
1319 1324 1316
1322 1312 1320
1312 1322 1318
1305 1299 1311
1299 1305 1297
1310 1301 1309
1301 1310 1298
1308 1303 1307
1303 1308 1300
1306 1296 1304
1296 1306 1302
1289 1283 1295
1283 1289 1281
1294 1285 1293
1285 1294 1282
1292 1287 1291
1287 1292 1284
1290 1280 1288
1280 1290 1286
1230 1228 1231
1228 1230 1229
1273 1267 1279
1267 1273 1265
1278 1269 1277
1269 1278 1266
1276 1271 1275
1271 1276 1268
1274 1264 1272
1264 1274 1270
1226 1224 1227
1224 1226 1225
1260 1257 1263
1257 1260 1256
1262 1259 1261
1259 1262 1258
1222 1220 1223
1220 1222 1221
1218 1216 1219
1216 1218 1217
1252 1249 1255
1249 1252 1248
1254 1251 1253
1251 1254 1250
1214 1212 1215
1212 1214 1213
1210 1208 1211
1208 1210 1209
1241 1235 1247
1235 1241 1233
1246 1237 1245
1237 1246 1234
1244 1239 1243
1239 1244 1236
1242 1232 1240
1232 1242 1238
1603 1605 1597
1595 1597 1605
1600 1598 1606
1592 1606 1598
1593 1594 1607
1604 1607 1594
1596 1599 1602
1601 1602 1599
1586 1580 1588
1578 1588 1580
1585 1591 1583
1577 1583 1591
1579 1576 1589
1590 1589 1576
1582 1581 1584
1587 1584 1581
1568 1571 1566
1565 1566 1571
1573 1574 1563
1560 1563 1574
1567 1561 1569
1575 1569 1561
1564 1570 1562
1572 1562 1570
1554 1553 1548
1551 1548 1553
1559 1556 1545
1546 1545 1556
1550 1552 1544
1558 1544 1552
1549 1547 1555
1557 1555 1547
1538 1540 1532
1530 1532 1540
1537 1535 1543
1529 1543 1535
1541 1542 1531
1528 1531 1542
1536 1539 1534
1533 1534 1539
1523 1517 1525
1515 1525 1517
1520 1526 1518
1512 1518 1526
1527 1524 1513
1514 1513 1524
1522 1521 1516
1519 1516 1521
1699 1701 1693
1691 1693 1701
1696 1694 1702
1688 1702 1694
1689 1690 1703
1700 1703 1690
1692 1695 1698
1697 1698 1695
1682 1676 1684
1674 1684 1676
1681 1687 1679
1673 1679 1687
1675 1672 1685
1686 1685 1672
1678 1677 1680
1683 1680 1677
1664 1667 1662
1661 1662 1667
1669 1670 1659
1656 1659 1670
1663 1657 1665
1671 1665 1657
1660 1666 1658
1668 1658 1666
1650 1649 1644
1647 1644 1649
1655 1652 1641
1642 1641 1652
1646 1648 1640
1654 1640 1648
1645 1643 1651
1653 1651 1643
1634 1636 1628
1626 1628 1636
1633 1631 1639
1625 1639 1631
1637 1638 1627
1624 1627 1638
1632 1635 1630
1629 1630 1635
1619 1613 1621
1611 1621 1613
1616 1622 1614
1608 1614 1622
1623 1620 1609
1610 1609 1620
1618 1617 1612
1615 1612 1617
1795 1797 1789
1787 1789 1797
1792 1790 1798
1784 1798 1790
1785 1786 1799
1796 1799 1786
1788 1791 1794
1793 1794 1791
1778 1772 1780
1770 1780 1772
1777 1783 1775
1769 1775 1783
1771 1768 1781
1782 1781 1768
1774 1773 1776
1779 1776 1773
1760 1763 1758
1757 1758 1763
1765 1766 1755
1752 1755 1766
1759 1753 1761
1767 1761 1753
1756 1762 1754
1764 1754 1762
1746 1745 1740
1743 1740 1745
1751 1748 1737
1738 1737 1748
1742 1744 1736
1750 1736 1744
1741 1739 1747
1749 1747 1739
1730 1732 1724
1722 1724 1732
1729 1727 1735
1721 1735 1727
1733 1734 1723
1720 1723 1734
1728 1731 1726
1725 1726 1731
1715 1709 1717
1707 1717 1709
1712 1718 1710
1704 1710 1718
1719 1716 1705
1706 1705 1716
1714 1713 1708
1711 1708 1713
1891 1893 1885
1883 1885 1893
1888 1886 1894
1880 1894 1886
1881 1882 1895
1892 1895 1882
1884 1887 1890
1889 1890 1887
1874 1868 1876
1866 1876 1868
1873 1879 1871
1865 1871 1879
1867 1864 1877
1878 1877 1864
1870 1869 1872
1875 1872 1869
1856 1859 1854
1853 1854 1859
1861 1862 1851
1848 1851 1862
1855 1849 1857
1863 1857 1849
1852 1858 1850
1860 1850 1858
1842 1841 1836
1839 1836 1841
1847 1844 1833
1834 1833 1844
1838 1840 1832
1846 1832 1840
1837 1835 1843
1845 1843 1835
1826 1828 1820
1818 1820 1828
1825 1823 1831
1817 1831 1823
1829 1830 1819
1816 1819 1830
1824 1827 1822
1821 1822 1827
1811 1805 1813
1803 1813 1805
1808 1814 1806
1800 1806 1814
1815 1812 1801
1802 1801 1812
1810 1809 1804
1807 1804 1809
1987 1989 1981
1979 1981 1989
1984 1982 1990
1976 1990 1982
1977 1978 1991
1988 1991 1978
1980 1983 1986
1985 1986 1983
1970 1964 1972
1962 1972 1964
1969 1975 1967
1961 1967 1975
1963 1960 1973
1974 1973 1960
1966 1965 1968
1971 1968 1965
1952 1955 1950
1949 1950 1955
1957 1958 1947
1944 1947 1958
1951 1945 1953
1959 1953 1945
1948 1954 1946
1956 1946 1954
1938 1937 1932
1935 1932 1937
1943 1940 1929
1930 1929 1940
1934 1936 1928
1942 1928 1936
1933 1931 1939
1941 1939 1931
1922 1924 1916
1914 1916 1924
1921 1919 1927
1913 1927 1919
1925 1926 1915
1912 1915 1926
1920 1923 1918
1917 1918 1923
1907 1901 1909
1899 1909 1901
1904 1910 1902
1896 1902 1910
1911 1908 1897
1898 1897 1908
1906 1905 1900
1903 1900 1905
2067 2069 2061
2059 2061 2069
2064 2062 2070
2056 2070 2062
2057 2058 2071
2068 2071 2058
2060 2063 2066
2065 2066 2063
2050 2044 2052
2042 2052 2044
2049 2055 2047
2041 2047 2055
2043 2040 2053
2054 2053 2040
2046 2045 2048
2051 2048 2045
2032 2035 2030
2029 2030 2035
2037 2038 2027
2024 2027 2038
2031 2025 2033
2039 2033 2025
2028 2034 2026
2036 2026 2034
2018 2020 2012
2010 2012 2020
2017 2015 2023
2009 2023 2015
2021 2022 2011
2008 2011 2022
2016 2019 2014
2013 2014 2019
2003 1997 2005
1995 2005 1997
2000 2006 1998
1992 1998 2006
2007 2004 1993
1994 1993 2004
2002 2001 1996
1999 1996 2001
2163 2165 2157
2155 2157 2165
2160 2158 2166
2152 2166 2158
2153 2154 2167
2164 2167 2154
2156 2159 2162
2161 2162 2159
2146 2140 2148
2138 2148 2140
2145 2151 2143
2137 2143 2151
2139 2136 2149
2150 2149 2136
2142 2141 2144
2147 2144 2141
2128 2131 2126
2125 2126 2131
2133 2134 2123
2120 2123 2134
2127 2121 2129
2135 2129 2121
2124 2130 2122
2132 2122 2130
2114 2113 2108
2111 2108 2113
2119 2116 2105
2106 2105 2116
2110 2112 2104
2118 2104 2112
2109 2107 2115
2117 2115 2107
2098 2100 2092
2090 2092 2100
2097 2095 2103
2089 2103 2095
2101 2102 2091
2088 2091 2102
2096 2099 2094
2093 2094 2099
2083 2077 2085
2075 2085 2077
2080 2086 2078
2072 2078 2086
2087 2084 2073
2074 2073 2084
2082 2081 2076
2079 2076 2081
2259 2261 2253
2251 2253 2261
2256 2254 2262
2248 2262 2254
2249 2250 2263
2260 2263 2250
2252 2255 2258
2257 2258 2255
2242 2236 2244
2234 2244 2236
2241 2247 2239
2233 2239 2247
2235 2232 2245
2246 2245 2232
2238 2237 2240
2243 2240 2237
2224 2227 2222
2221 2222 2227
2229 2230 2219
2216 2219 2230
2223 2217 2225
2231 2225 2217
2220 2226 2218
2228 2218 2226
2210 2209 2204
2207 2204 2209
2215 2212 2201
2202 2201 2212
2206 2208 2200
2214 2200 2208
2205 2203 2211
2213 2211 2203
2194 2196 2188
2186 2188 2196
2193 2191 2199
2185 2199 2191
2197 2198 2187
2184 2187 2198
2192 2195 2190
2189 2190 2195
2179 2173 2181
2171 2181 2173
2176 2182 2174
2168 2174 2182
2183 2180 2169
2170 2169 2180
2178 2177 2172
2175 2172 2177
2355 2357 2349
2347 2349 2357
2352 2350 2358
2344 2358 2350
2345 2346 2359
2356 2359 2346
2348 2351 2354
2353 2354 2351
2338 2332 2340
2330 2340 2332
2337 2343 2335
2329 2335 2343
2331 2328 2341
2342 2341 2328
2334 2333 2336
2339 2336 2333
2320 2323 2318
2317 2318 2323
2325 2326 2315
2312 2315 2326
2319 2313 2321
2327 2321 2313
2316 2322 2314
2324 2314 2322
2306 2305 2300
2303 2300 2305
2311 2308 2297
2298 2297 2308
2302 2304 2296
2310 2296 2304
2301 2299 2307
2309 2307 2299
2290 2292 2284
2282 2284 2292
2289 2287 2295
2281 2295 2287
2293 2294 2283
2280 2283 2294
2288 2291 2286
2285 2286 2291
2275 2269 2277
2267 2277 2269
2272 2278 2270
2264 2270 2278
2279 2276 2265
2266 2265 2276
2274 2273 2268
2271 2268 2273
2451 2453 2445
2443 2445 2453
2448 2446 2454
2440 2454 2446
2441 2442 2455
2452 2455 2442
2444 2447 2450
2449 2450 2447
2434 2428 2436
2426 2436 2428
2433 2439 2431
2425 2431 2439
2427 2424 2437
2438 2437 2424
2430 2429 2432
2435 2432 2429
2416 2419 2414
2413 2414 2419
2421 2422 2411
2408 2411 2422
2415 2409 2417
2423 2417 2409
2412 2418 2410
2420 2410 2418
2402 2401 2396
2399 2396 2401
2407 2404 2393
2394 2393 2404
2398 2400 2392
2406 2392 2400
2397 2395 2403
2405 2403 2395
2386 2388 2380
2378 2380 2388
2385 2383 2391
2377 2391 2383
2389 2390 2379
2376 2379 2390
2384 2387 2382
2381 2382 2387
2371 2365 2373
2363 2373 2365
2368 2374 2366
2360 2366 2374
2375 2372 2361
2362 2361 2372
2370 2369 2364
2367 2364 2369
2482 2484 2492
2490 2492 2484
2487 2481 2489
2495 2489 2481
2480 2483 2494
2493 2494 2483
2485 2486 2491
2488 2491 2486
2472 2473 2479
2478 2479 2473
2474 2475 2477
2476 2477 2475
2467 2464 2461
2462 2461 2464
2470 2469 2456
2459 2456 2469
2465 2471 2463
2457 2463 2471
2468 2466 2458
2460 2458 2466
2516 2519 2522
2521 2522 2519
2513 2514 2527
2524 2527 2514
2520 2518 2526
2512 2526 2518
2523 2525 2517
2515 2517 2525
2502 2501 2504
2507 2504 2501
2499 2496 2509
2510 2509 2496
2505 2511 2503
2497 2503 2511
2506 2500 2508
2498 2508 2500
2548 2554 2546
2556 2546 2554
2551 2545 2553
2559 2553 2545
2557 2558 2547
2544 2547 2558
2552 2555 2550
2549 2550 2555
2533 2531 2539
2541 2539 2531
2534 2536 2528
2542 2528 2536
2543 2540 2529
2530 2529 2540
2538 2537 2532
2535 2532 2537
2580 2583 2586
2585 2586 2583
2577 2578 2591
2588 2591 2578
2584 2582 2590
2576 2590 2582
2587 2589 2581
2579 2581 2589
2566 2565 2568
2571 2568 2565
2563 2560 2573
2574 2573 2560
2569 2575 2567
2561 2567 2575
2570 2564 2572
2562 2572 2564
2612 2618 2610
2620 2610 2618
2615 2609 2617
2623 2617 2609
2621 2622 2611
2608 2611 2622
2616 2619 2614
2613 2614 2619
2597 2595 2603
2605 2603 2595
2598 2600 2592
2606 2592 2600
2607 2604 2593
2594 2593 2604
2602 2601 2596
2599 2596 2601
2644 2647 2650
2649 2650 2647
2641 2642 2655
2652 2655 2642
2648 2646 2654
2640 2654 2646
2651 2653 2645
2643 2645 2653
2630 2629 2632
2635 2632 2629
2627 2624 2637
2638 2637 2624
2633 2639 2631
2625 2631 2639
2634 2628 2636
2626 2636 2628
2676 2682 2674
2684 2674 2682
2679 2673 2681
2687 2681 2673
2685 2686 2675
2672 2675 2686
2680 2683 2678
2677 2678 2683
2661 2659 2667
2669 2667 2659
2662 2664 2656
2670 2656 2664
2671 2668 2657
2658 2657 2668
2666 2665 2660
2663 2660 2665
2797 2795 2803
2805 2803 2795
2792 2798 2806
2800 2806 2798
2804 2794 2807
2793 2807 2794
2796 2802 2799
2801 2799 2802
2790 2785 2791
2784 2791 2785
2786 2789 2787
2788 2787 2789
2778 2772 2777
2775 2777 2772
2770 2780 2769
2783 2769 2780
2782 2776 2768
2774 2768 2776
2779 2781 2773
2771 2773 2781
2757 2755 2763
2765 2763 2755
2752 2758 2766
2760 2766 2758
2764 2754 2767
2753 2767 2754
2756 2762 2759
2761 2759 2762
2749 2746 2748
2747 2748 2746
2745 2750 2744
2751 2744 2750
2738 2732 2737
2735 2737 2732
2730 2740 2729
2743 2729 2740
2742 2736 2728
2734 2728 2736
2739 2741 2733
2731 2733 2741
2717 2715 2723
2725 2723 2715
2712 2718 2726
2720 2726 2718
2724 2714 2727
2713 2727 2714
2716 2722 2719
2721 2719 2722
2710 2705 2711
2704 2711 2705
2706 2709 2707
2708 2707 2709
2698 2692 2697
2695 2697 2692
2690 2700 2689
2703 2689 2700
2702 2696 2688
2694 2688 2696
2699 2701 2693
2691 2693 2701
2877 2875 2883
2885 2883 2875
2872 2878 2886
2880 2886 2878
2884 2874 2887
2873 2887 2874
2876 2882 2879
2881 2879 2882
2870 2865 2871
2864 2871 2865
2866 2869 2867
2868 2867 2869
2858 2852 2857
2855 2857 2852
2850 2860 2849
2863 2849 2860
2862 2856 2848
2854 2848 2856
2859 2861 2853
2851 2853 2861
2837 2835 2843
2845 2843 2835
2832 2838 2846
2840 2846 2838
2844 2834 2847
2833 2847 2834
2836 2842 2839
2841 2839 2842
2829 2826 2828
2827 2828 2826
2825 2830 2824
2831 2824 2830
2818 2812 2817
2815 2817 2812
2810 2820 2809
2823 2809 2820
2822 2816 2808
2814 2808 2816
2819 2821 2813
2811 2813 2821
2997 2995 3003
3005 3003 2995
2992 2998 3006
3000 3006 2998
3004 2994 3007
2993 3007 2994
2996 3002 2999
3001 2999 3002
2989 2986 2988
2987 2988 2986
2985 2990 2984
2991 2984 2990
2978 2972 2977
2975 2977 2972
2970 2980 2969
2983 2969 2980
2982 2976 2968
2974 2968 2976
2979 2981 2973
2971 2973 2981
2957 2955 2963
2965 2963 2955
2952 2958 2966
2960 2966 2958
2964 2954 2967
2953 2967 2954
2956 2962 2959
2961 2959 2962
2950 2945 2951
2944 2951 2945
2946 2949 2947
2948 2947 2949
2938 2932 2937
2935 2937 2932
2930 2940 2929
2943 2929 2940
2942 2936 2928
2934 2928 2936
2939 2941 2933
2931 2933 2941
2917 2915 2923
2925 2923 2915
2912 2918 2926
2920 2926 2918
2924 2914 2927
2913 2927 2914
2916 2922 2919
2921 2919 2922
2909 2906 2908
2907 2908 2906
2905 2910 2904
2911 2904 2910
2898 2892 2897
2895 2897 2892
2890 2900 2889
2903 2889 2900
2902 2896 2888
2894 2888 2896
2899 2901 2893
2891 2893 2901
3077 3075 3083
3085 3083 3075
3072 3078 3086
3080 3086 3078
3084 3074 3087
3073 3087 3074
3076 3082 3079
3081 3079 3082
3070 3065 3071
3064 3071 3065
3066 3069 3067
3068 3067 3069
3058 3052 3057
3055 3057 3052
3050 3060 3049
3063 3049 3060
3062 3056 3048
3054 3048 3056
3059 3061 3053
3051 3053 3061
3037 3035 3043
3045 3043 3035
3032 3038 3046
3040 3046 3038
3044 3034 3047
3033 3047 3034
3036 3042 3039
3041 3039 3042
3029 3026 3028
3027 3028 3026
3025 3030 3024
3031 3024 3030
3018 3012 3017
3015 3017 3012
3010 3020 3009
3023 3009 3020
3022 3016 3008
3014 3008 3016
3019 3021 3013
3011 3013 3021
3197 3195 3203
3205 3203 3195
3192 3198 3206
3200 3206 3198
3204 3194 3207
3193 3207 3194
3196 3202 3199
3201 3199 3202
3190 3185 3191
3184 3191 3185
3186 3189 3187
3188 3187 3189
3178 3172 3177
3175 3177 3172
3170 3180 3169
3183 3169 3180
3182 3176 3168
3174 3168 3176
3179 3181 3173
3171 3173 3181
3157 3155 3163
3165 3163 3155
3152 3158 3166
3160 3166 3158
3164 3154 3167
3153 3167 3154
3156 3162 3159
3161 3159 3162
3149 3146 3148
3147 3148 3146
3145 3150 3144
3151 3144 3150
3138 3132 3137
3135 3137 3132
3130 3140 3129
3143 3129 3140
3142 3136 3128
3134 3128 3136
3139 3141 3133
3131 3133 3141
3117 3115 3123
3125 3123 3115
3112 3118 3126
3120 3126 3118
3124 3114 3127
3113 3127 3114
3116 3122 3119
3121 3119 3122
3110 3105 3111
3104 3111 3105
3106 3109 3107
3108 3107 3109
3098 3092 3097
3095 3097 3092
3090 3100 3089
3103 3089 3100
3102 3096 3088
3094 3088 3096
3099 3101 3093
3091 3093 3101
3277 3275 3283
3285 3283 3275
3272 3278 3286
3280 3286 3278
3284 3274 3287
3273 3287 3274
3276 3282 3279
3281 3279 3282
3270 3265 3271
3264 3271 3265
3266 3269 3267
3268 3267 3269
3258 3252 3257
3255 3257 3252
3250 3260 3249
3263 3249 3260
3262 3256 3248
3254 3248 3256
3259 3261 3253
3251 3253 3261
3237 3235 3243
3245 3243 3235
3232 3238 3246
3240 3246 3238
3244 3234 3247
3233 3247 3234
3236 3242 3239
3241 3239 3242
3229 3226 3228
3227 3228 3226
3225 3230 3224
3231 3224 3230
3218 3212 3217
3215 3217 3212
3210 3220 3209
3223 3209 3220
3222 3216 3208
3214 3208 3216
3219 3221 3213
3211 3213 3221
3397 3395 3403
3405 3403 3395
3392 3398 3406
3400 3406 3398
3404 3394 3407
3393 3407 3394
3396 3402 3399
3401 3399 3402
3389 3386 3388
3387 3388 3386
3385 3390 3384
3391 3384 3390
3378 3372 3377
3375 3377 3372
3370 3380 3369
3383 3369 3380
3382 3376 3368
3374 3368 3376
3379 3381 3373
3371 3373 3381
3357 3355 3363
3365 3363 3355
3352 3358 3366
3360 3366 3358
3364 3354 3367
3353 3367 3354
3356 3362 3359
3361 3359 3362
3350 3345 3351
3344 3351 3345
3346 3349 3347
3348 3347 3349
3338 3332 3337
3335 3337 3332
3330 3340 3329
3343 3329 3340
3342 3336 3328
3334 3328 3336
3339 3341 3333
3331 3333 3341
3317 3315 3323
3325 3323 3315
3312 3318 3326
3320 3326 3318
3324 3314 3327
3313 3327 3314
3316 3322 3319
3321 3319 3322
3309 3306 3308
3307 3308 3306
3305 3310 3304
3311 3304 3310
3298 3292 3297
3295 3297 3292
3290 3300 3289
3303 3289 3300
3302 3296 3288
3294 3288 3296
3299 3301 3293
3291 3293 3301
3477 3475 3483
3485 3483 3475
3472 3478 3486
3480 3486 3478
3484 3474 3487
3473 3487 3474
3476 3482 3479
3481 3479 3482
3470 3465 3471
3464 3471 3465
3466 3469 3467
3468 3467 3469
3458 3452 3457
3455 3457 3452
3450 3460 3449
3463 3449 3460
3462 3456 3448
3454 3448 3456
3459 3461 3453
3451 3453 3461
3437 3435 3443
3445 3443 3435
3432 3438 3446
3440 3446 3438
3444 3434 3447
3433 3447 3434
3436 3442 3439
3441 3439 3442
3429 3426 3428
3427 3428 3426
3425 3430 3424
3431 3424 3430
3418 3412 3417
3415 3417 3412
3410 3420 3409
3423 3409 3420
3422 3416 3408
3414 3408 3416
3419 3421 3413
3411 3413 3421
3577 3575 3585
3588 3585 3575
3572 3578 3589
3580 3589 3578
3587 3574 3591
3573 3591 3574
3576 3584 3579
3582 3579 3584
3581 3583 3590
3586 3590 3583
3566 3564 3560
3562 3560 3564
3569 3565 3568
3567 3568 3565
3563 3570 3561
3571 3561 3570
3550 3546 3541
3543 3541 3546
3554 3547 3553
3551 3553 3547
3544 3556 3542
3559 3542 3556
3558 3552 3540
3549 3540 3552
3555 3557 3548
3545 3548 3557
3522 3524 3534
3531 3534 3524
3527 3521 3530
3539 3530 3521
3538 3520 3536
3523 3536 3520
3526 3529 3525
3533 3525 3529
3532 3528 3535
3537 3535 3528
3512 3514 3510
3508 3510 3514
3516 3515 3517
3513 3517 3515
3509 3519 3511
3518 3511 3519
3495 3497 3492
3488 3492 3497
3500 3498 3503
3496 3503 3498
3489 3506 3493
3505 3493 3506
3501 3507 3499
3490 3499 3507
3504 3502 3491
3494 3491 3502
3678 3680 3690
3687 3690 3680
3683 3677 3686
3695 3686 3677
3694 3676 3692
3679 3692 3676
3682 3685 3681
3689 3681 3685
3688 3684 3691
3693 3691 3684
3675 3664 3673
3665 3673 3664
3667 3669 3666
3671 3666 3669
3670 3668 3672
3674 3672 3668
3651 3653 3648
3644 3648 3653
3656 3654 3659
3652 3659 3654
3645 3662 3649
3661 3649 3662
3657 3663 3655
3646 3655 3663
3660 3658 3647
3650 3647 3658
3629 3627 3637
3640 3637 3627
3624 3630 3641
3632 3641 3630
3639 3626 3643
3625 3643 3626
3628 3636 3631
3634 3631 3636
3633 3635 3642
3638 3642 3635
3621 3613 3623
3612 3623 3613
3614 3619 3615
3617 3615 3619
3616 3618 3622
3620 3622 3618
3602 3598 3593
3595 3593 3598
3606 3599 3605
3603 3605 3599
3596 3608 3594
3611 3594 3608
3610 3604 3592
3601 3592 3604
3607 3609 3600
3597 3600 3609
3785 3783 3793
3796 3793 3783
3780 3786 3797
3788 3797 3786
3795 3782 3799
3781 3799 3782
3784 3792 3787
3790 3787 3792
3789 3791 3798
3794 3798 3791
3774 3772 3768
3770 3768 3772
3777 3773 3776
3775 3776 3773
3771 3778 3769
3779 3769 3778
3758 3754 3749
3751 3749 3754
3762 3755 3761
3759 3761 3755
3752 3764 3750
3767 3750 3764
3766 3760 3748
3757 3748 3760
3763 3765 3756
3753 3756 3765
3730 3732 3742
3739 3742 3732
3735 3729 3738
3747 3738 3729
3746 3728 3744
3731 3744 3728
3734 3737 3733
3741 3733 3737
3740 3736 3743
3745 3743 3736
3720 3722 3718
3716 3718 3722
3724 3723 3725
3721 3725 3723
3717 3727 3719
3726 3719 3727
3703 3705 3700
3696 3700 3705
3708 3706 3711
3704 3711 3706
3697 3714 3701
3713 3701 3714
3709 3715 3707
3698 3707 3715
3712 3710 3699
3702 3699 3710
3866 3868 3876
3874 3876 3868
3871 3865 3873
3879 3873 3865
3878 3864 3877
3867 3877 3864
3870 3872 3869
3875 3869 3872
3863 3856 3862
3857 3862 3856
3859 3860 3858
3861 3858 3860
3848 3846 3851
3845 3851 3846
3840 3854 3843
3853 3843 3854
3849 3855 3847
3841 3847 3855
3852 3850 3842
3844 3842 3850
3829 3827 3835
3837 3835 3827
3824 3830 3838
3832 3838 3830
3836 3826 3839
3825 3839 3826
3828 3834 3831
3833 3831 3834
3822 3817 3823
3816 3823 3817
3818 3821 3819
3820 3819 3821
3810 3804 3809
3807 3809 3804
3802 3812 3801
3815 3801 3812
3814 3808 3800
3806 3800 3808
3811 3813 3805
3803 3805 3813
3961 3959 3969
3972 3969 3959
3956 3962 3973
3964 3973 3962
3971 3958 3975
3957 3975 3958
3960 3968 3963
3966 3963 3968
3965 3967 3974
3970 3974 3967
3954 3949 3955
3948 3955 3949
3950 3953 3951
3952 3951 3953
3938 3934 3929
3931 3929 3934
3942 3935 3941
3939 3941 3935
3932 3944 3930
3947 3930 3944
3946 3940 3928
3937 3928 3940
3943 3945 3936
3933 3936 3945
3910 3912 3922
3919 3922 3912
3915 3909 3918
3927 3918 3909
3926 3908 3924
3911 3924 3908
3914 3917 3913
3921 3913 3917
3920 3916 3923
3925 3923 3916
3907 3900 3906
3901 3906 3900
3903 3904 3902
3905 3902 3904
3887 3889 3884
3880 3884 3889
3892 3890 3895
3888 3895 3890
3881 3898 3885
3897 3885 3898
3893 3899 3891
3882 3891 3899
3896 3894 3883
3886 3883 3894
4054 4056 4066
4063 4066 4056
4059 4053 4062
4071 4062 4053
4070 4052 4068
4055 4068 4052
4058 4061 4057
4065 4057 4061
4064 4060 4067
4069 4067 4060
4048 4047 4049
4046 4049 4047
4044 4051 4045
4050 4045 4051
4031 4033 4028
4024 4028 4033
4036 4034 4039
4032 4039 4034
4025 4042 4029
4041 4029 4042
4037 4043 4035
4026 4035 4043
4040 4038 4027
4030 4027 4038
4009 4007 4017
4020 4017 4007
4004 4010 4021
4012 4021 4010
4019 4006 4023
4005 4023 4006
4008 4016 4011
4014 4011 4016
4013 4015 4022
4018 4022 4015
4001 3998 4000
3999 4000 3998
3997 4002 3996
4003 3996 4002
3986 3982 3977
3979 3977 3982
3990 3983 3989
3987 3989 3983
3980 3992 3978
3995 3978 3992
3994 3988 3976
3985 3976 3988
3991 3993 3984
3981 3984 3993
4147 4149 4141
4139 4141 4149
4144 4142 4150
4136 4150 4142
4137 4138 4151
4148 4151 4138
4140 4143 4146
4145 4146 4143
4130 4124 4132
4122 4132 4124
4129 4135 4127
4121 4127 4135
4123 4120 4133
4134 4133 4120
4126 4125 4128
4131 4128 4125
4112 4115 4110
4109 4110 4115
4117 4118 4107
4104 4107 4118
4111 4105 4113
4119 4113 4105
4108 4114 4106
4116 4106 4114
4098 4100 4092
4090 4092 4100
4097 4095 4103
4089 4103 4095
4101 4102 4091
4088 4091 4102
4096 4099 4094
4093 4094 4099
4083 4077 4085
4075 4085 4077
4080 4086 4078
4072 4078 4086
4087 4084 4073
4074 4073 4084
4082 4081 4076
4079 4076 4081
4187 4189 4181
4179 4181 4189
4190 4184 4176
4182 4176 4184
4188 4191 4178
4177 4178 4191
4185 4186 4183
4180 4183 4186
4171 4170 4172
4173 4172 4170
4169 4168 4174
4175 4174 4168
4159 4156 4161
4162 4161 4156
4154 4153 4164
4167 4164 4153
4152 4158 4166
4160 4166 4158
4157 4155 4163
4165 4163 4155
4495 4489 4483
4481 4483 4489
4493 4494 4485
4482 4485 4494
4491 4492 4487
4484 4487 4492
4488 4490 4480
4486 4480 4490
4479 4473 4467
4465 4467 4473
4477 4478 4469
4466 4469 4478
4475 4476 4471
4468 4471 4476
4472 4474 4464
4470 4464 4474
4463 4457 4451
4449 4451 4457
4461 4462 4453
4450 4453 4462
4459 4460 4455
4452 4455 4460
4456 4458 4448
4454 4448 4458
4447 4441 4435
4433 4435 4441
4445 4446 4437
4434 4437 4446
4443 4444 4439
4436 4439 4444
4440 4442 4432
4438 4432 4442
4431 4425 4419
4417 4419 4425
4429 4430 4421
4418 4421 4430
4427 4428 4423
4420 4423 4428
4424 4426 4416
4422 4416 4426
4367 4366 4364
4365 4364 4366
4415 4409 4403
4401 4403 4409
4413 4414 4405
4402 4405 4414
4411 4412 4407
4404 4407 4412
4408 4410 4400
4406 4400 4410
4363 4362 4360
4361 4360 4362
4399 4396 4393
4392 4393 4396
4397 4398 4395
4394 4395 4398
4359 4358 4356
4357 4356 4358
4355 4354 4352
4353 4352 4354
4391 4388 4385
4384 4385 4388
4389 4390 4387
4386 4387 4390
4351 4350 4348
4349 4348 4350
4347 4346 4344
4345 4344 4346
4383 4377 4371
4369 4371 4377
4381 4382 4373
4370 4373 4382
4379 4380 4375
4372 4375 4380
4376 4378 4368
4374 4368 4378
4337 4343 4331
4331 4329 4337
4342 4341 4333
4333 4330 4342
4340 4339 4335
4335 4332 4340
4338 4336 4328
4328 4334 4338
4321 4327 4315
4315 4313 4321
4326 4325 4317
4317 4314 4326
4324 4323 4319
4319 4316 4324
4322 4320 4312
4312 4318 4322
4305 4311 4299
4299 4297 4305
4310 4309 4301
4301 4298 4310
4308 4307 4303
4303 4300 4308
4306 4304 4296
4296 4302 4306
4289 4295 4283
4283 4281 4289
4294 4293 4285
4285 4282 4294
4292 4291 4287
4287 4284 4292
4290 4288 4280
4280 4286 4290
4273 4279 4267
4267 4265 4273
4278 4277 4269
4269 4266 4278
4276 4275 4271
4271 4268 4276
4274 4272 4264
4264 4270 4274
4214 4215 4212
4212 4213 4214
4257 4263 4251
4251 4249 4257
4262 4261 4253
4253 4250 4262
4260 4259 4255
4255 4252 4260
4258 4256 4248
4248 4254 4258
4210 4211 4208
4208 4209 4210
4244 4247 4241
4241 4240 4244
4246 4245 4243
4243 4242 4246
4206 4207 4204
4204 4205 4206
4202 4203 4200
4200 4201 4202
4236 4239 4233
4233 4232 4236
4238 4237 4235
4235 4234 4238
4198 4199 4196
4196 4197 4198
4194 4195 4192
4192 4193 4194
4225 4231 4219
4219 4217 4225
4230 4229 4221
4221 4218 4230
4228 4227 4223
4223 4220 4228
4226 4224 4216
4216 4222 4226
4561 4567 4555
4555 4553 4561
4566 4565 4557
4557 4554 4566
4564 4563 4559
4559 4556 4564
4562 4560 4552
4552 4558 4562
4510 4511 4508
4508 4509 4510
4545 4551 4539
4539 4537 4545
4550 4549 4541
4541 4538 4550
4548 4547 4543
4543 4540 4548
4546 4544 4536
4536 4542 4546
4506 4507 4504
4504 4505 4506
4532 4535 4529
4529 4528 4532
4534 4533 4531
4531 4530 4534
4502 4503 4500
4500 4501 4502
4498 4499 4496
4496 4497 4498
4521 4527 4515
4515 4513 4521
4526 4525 4517
4517 4514 4526
4524 4523 4519
4519 4516 4524
4522 4520 4512
4512 4518 4522
4639 4633 4627
4625 4627 4633
4637 4638 4629
4626 4629 4638
4635 4636 4631
4628 4631 4636
4632 4634 4624
4630 4624 4634
4583 4582 4580
4581 4580 4582
4623 4617 4611
4609 4611 4617
4621 4622 4613
4610 4613 4622
4619 4620 4615
4612 4615 4620
4616 4618 4608
4614 4608 4618
4579 4578 4576
4577 4576 4578
4607 4604 4601
4600 4601 4604
4605 4606 4603
4602 4603 4606
4575 4574 4572
4573 4572 4574
4571 4570 4568
4569 4568 4570
4599 4593 4587
4585 4587 4593
4597 4598 4589
4586 4589 4598
4595 4596 4591
4588 4591 4596
4592 4594 4584
4590 4584 4594
4666 4668 4676
4674 4676 4668
4671 4665 4673
4679 4673 4665
4664 4667 4678
4677 4678 4667
4669 4670 4675
4672 4675 4670
4656 4657 4663
4662 4663 4657
4658 4659 4661
4660 4661 4659
4651 4648 4645
4646 4645 4648
4654 4653 4640
4643 4640 4653
4649 4655 4647
4641 4647 4655
4652 4650 4642
4644 4642 4650
4715 4717 4709
4707 4709 4717
4718 4712 4704
4710 4704 4712
4716 4719 4706
4705 4706 4719
4713 4714 4711
4708 4711 4714
4699 4698 4700
4701 4700 4698
4697 4696 4702
4703 4702 4696
4687 4684 4689
4690 4689 4684
4682 4681 4692
4695 4692 4681
4680 4686 4694
4688 4694 4686
4685 4683 4691
4693 4691 4683
4746 4756 4748
4754 4748 4756
4751 4753 4745
4759 4745 4753
4744 4758 4747
4757 4747 4758
4749 4755 4750
4752 4750 4755
4736 4743 4737
4742 4737 4743
4738 4741 4739
4740 4739 4741
4731 4725 4728
4726 4728 4725
4734 4720 4733
4723 4733 4720
4729 4727 4735
4721 4735 4727
4732 4722 4730
4724 4730 4722
4795 4789 4797
4787 4797 4789
4798 4784 4792
4790 4792 4784
4796 4786 4799
4785 4799 4786
4793 4791 4794
4788 4794 4791
4779 4780 4778
4781 4778 4780
4777 4782 4776
4783 4776 4782
4767 4769 4764
4770 4764 4769
4762 4772 4761
4775 4761 4772
4760 4774 4766
4768 4766 4774
4765 4771 4763
4773 4763 4771
4899 4895 4887
4888 4887 4895
4893 4903 4890
4885 4890 4903
4884 4901 4886
4898 4886 4901
4894 4891 4897
4889 4897 4891
4892 4896 4902
4900 4902 4896
4872 4882 4873
4880 4873 4882
4877 4875 4879
4874 4879 4875
4876 4878 4883
4881 4883 4878
4861 4859 4853
4857 4853 4859
4863 4865 4860
4867 4860 4865
4870 4852 4868
4855 4868 4852
4862 4854 4864
4871 4864 4854
4856 4858 4869
4866 4869 4858
4844 4846 4837
4834 4837 4846
4850 4842 4832
4839 4832 4842
4851 4833 4848
4835 4848 4833
4838 4840 4836
4843 4836 4840
4849 4847 4841
4845 4841 4847
4831 4820 4829
4821 4829 4820
4823 4824 4822
4826 4822 4824
4830 4828 4825
4827 4825 4828
4800 4804 4810
4808 4810 4804
4812 4809 4814
4806 4814 4809
4802 4819 4805
4817 4805 4819
4801 4811 4818
4813 4818 4811
4807 4803 4815
4816 4815 4803
LABEL handrails
MATERIAL 3
TEXTURE 0
GEOM 12208 6104
15.1573 51.3349 -109.46109 1 0 0
15.1573 51.3349 -109.46109 0 0 -1
15.1073 51.3349 -109.46109 0 0 -1
15.1073 51.3349 -109.46109 -1 0 0
15.1073 51.3349 -109.41109 0 0 1
15.1073 51.3349 -109.41109 -1 0 0
15.1573 51.3349 -109.41109 1 0 0
15.1573 51.3349 -109.41109 0 0 1
15.1573 52.6096 -109.41109 1 0 0
15.1573 52.6096 -109.41109 0 0 1
15.1073 52.6096 -109.41109 0 0 1
15.1073 52.6096 -109.41109 -1 0 0
15.1073 52.6096 -109.46109 0 0 -1
15.1073 52.6096 -109.46109 -1 0 0
15.1573 52.6096 -109.46109 1 0 0
15.1573 52.6096 -109.46109 0 0 -1
-15.1591 51.3349 -109.46109 0 0 -1
-15.1591 51.3349 -109.46109 -1 0 0
-15.1091 51.3349 -109.46109 1 0 0
-15.1091 51.3349 -109.46109 0 0 -1
-15.1091 51.3349 -109.41109 1 0 0
-15.1091 51.3349 -109.41109 0 0 1
-15.1591 51.3349 -109.41109 0 0 1
-15.1591 51.3349 -109.41109 -1 0 0
-15.1591 52.6096 -109.41109 0 0 1
-15.1591 52.6096 -109.41109 -1 0 0
-15.1091 52.6096 -109.41109 1 0 0
-15.1091 52.6096 -109.41109 0 0 1
-15.1091 52.6096 -109.46109 1 0 0
-15.1091 52.6096 -109.46109 0 0 -1
-15.1591 52.6096 -109.46109 0 0 -1
-15.1591 52.6096 -109.46109 -1 0 0
15.1573 52.6096 -110.98611 1 0 0
15.1573 52.6096 -110.98611 0 0 -1
15.1073 52.6096 -110.98611 0 0 -1
15.1073 52.6096 -110.98611 -1 0 0
15.1073 52.6096 -110.9361 0 0 1
15.1073 52.6096 -110.9361 -1 0 0
15.1573 52.6096 -110.9361 1 0 0
15.1573 52.6096 -110.9361 0 0 1
15.1573 51.3349 -110.9361 1 0 0
15.1573 51.3349 -110.9361 0 0 1
15.1073 51.3349 -110.9361 0 0 1
15.1073 51.3349 -110.9361 -1 0 0
15.1073 51.3349 -110.98611 0 0 -1
15.1073 51.3349 -110.98611 -1 0 0
15.1573 51.3349 -110.98611 1 0 0
15.1573 51.3349 -110.98611 0 0 -1
-15.1591 52.6096 -110.98611 0 0 -1
-15.1591 52.6096 -110.98611 -1 0 0
-15.1091 52.6096 -110.98611 1 0 0
-15.1091 52.6096 -110.98611 0 0 -1
-15.1091 52.6096 -110.9361 1 0 0
-15.1091 52.6096 -110.9361 0 0 1
-15.1591 52.6096 -110.9361 0 0 1
-15.1591 52.6096 -110.9361 -1 0 0
-15.1591 51.3349 -110.9361 0 0 1
-15.1591 51.3349 -110.9361 -1 0 0
-15.1091 51.3349 -110.9361 1 0 0
-15.1091 51.3349 -110.9361 0 0 1
-15.1091 51.3349 -110.98611 1 0 0
-15.1091 51.3349 -110.98611 0 0 -1
-15.1591 51.3349 -110.98611 0 0 -1
-15.1591 51.3349 -110.98611 -1 0 0
15.1573 51.3349 -112.51111 1 0 0
15.1573 51.3349 -112.51111 0 0 -1
15.1073 51.3349 -112.51111 0 0 -1
15.1073 51.3349 -112.51111 -1 0 0
15.1073 51.3349 -112.46111 0 0 1
15.1073 51.3349 -112.46111 -1 0 0
15.1573 51.3349 -112.46111 1 0 0
15.1573 51.3349 -112.46111 0 0 1
15.1573 52.6096 -112.46111 1 0 0
15.1573 52.6096 -112.46111 0 0 1
15.1073 52.6096 -112.46111 0 0 1
15.1073 52.6096 -112.46111 -1 0 0
15.1073 52.6096 -112.51111 0 0 -1
15.1073 52.6096 -112.51111 -1 0 0
15.1573 52.6096 -112.51111 1 0 0
15.1573 52.6096 -112.51111 0 0 -1
-15.1591 51.3349 -112.51111 0 0 -1
-15.1591 51.3349 -112.51111 -1 0 0
-15.1091 51.3349 -112.51111 1 0 0
-15.1091 51.3349 -112.51111 0 0 -1
-15.1091 51.3349 -112.46111 1 0 0
-15.1091 51.3349 -112.46111 0 0 1
-15.1591 51.3349 -112.46111 0 0 1
-15.1591 51.3349 -112.46111 -1 0 0
-15.1591 52.6096 -112.46111 0 0 1
-15.1591 52.6096 -112.46111 -1 0 0
-15.1091 52.6096 -112.46111 1 0 0
-15.1091 52.6096 -112.46111 0 0 1
-15.1091 52.6096 -112.51111 1 0 0
-15.1091 52.6096 -112.51111 0 0 -1
-15.1591 52.6096 -112.51111 0 0 -1
-15.1591 52.6096 -112.51111 -1 0 0
-14.9781 52.6096 -120.02594 1 0 0
-14.9781 52.6096 -120.02594 0 0 -1
-15.0281 52.6096 -120.02594 0 0 -1
-15.0281 52.6096 -120.02594 -1 0 0
-15.0281 52.6096 -119.9759 0 0 1
-15.0281 52.6096 -119.9759 -1 0 0
-14.9781 52.6096 -119.9759 1 0 0
-14.9781 52.6096 -119.9759 0 0 1
-14.9781 51.3349 -119.9759 1 0 0
-14.9781 51.3349 -119.9759 0 0 1
-15.0281 51.3349 -119.9759 0 0 1
-15.0281 51.3349 -119.9759 -1 0 0
-15.0281 51.3349 -120.02594 0 0 -1
-15.0281 51.3349 -120.02594 -1 0 0
-14.9781 51.3349 -120.02594 1 0 0
-14.9781 51.3349 -120.02594 0 0 -1
0.023695 51.3349 -120.02594 1 0 0
0.023695 51.3349 -120.02594 0 0 -1
-0.026305 51.3349 -120.02594 0 0 -1
-0.026305 51.3349 -120.02594 -1 0 0
-0.026305 51.3349 -119.9759 0 0 1
-0.026305 51.3349 -119.9759 -1 0 0
0.023695 51.3349 -119.9759 1 0 0
0.023695 51.3349 -119.9759 0 0 1
0.023695 52.6096 -119.9759 1 0 0
0.023695 52.6096 -119.9759 0 0 1
-0.026305 52.6096 -119.9759 0 0 1
-0.026305 52.6096 -119.9759 -1 0 0
-0.026305 52.6096 -120.02594 0 0 -1
-0.026305 52.6096 -120.02594 -1 0 0
0.023695 52.6096 -120.02594 1 0 0
0.023695 52.6096 -120.02594 0 0 -1
15.1573 51.3349 -103.46109 1 0 0
15.1573 51.3349 -103.46109 0 0 -1
15.1073 51.3349 -103.46109 0 0 -1
15.1073 51.3349 -103.46109 -1 0 0
15.1073 51.3349 -103.41109 0 0 1
15.1073 51.3349 -103.41109 -1 0 0
15.1573 51.3349 -103.41109 1 0 0
15.1573 51.3349 -103.41109 0 0 1
15.1573 52.6096 -103.41109 1 0 0
15.1573 52.6096 -103.41109 0 0 1
15.1073 52.6096 -103.41109 0 0 1
15.1073 52.6096 -103.41109 -1 0 0
15.1073 52.6096 -103.46109 0 0 -1
15.1073 52.6096 -103.46109 -1 0 0
15.1573 52.6096 -103.46109 1 0 0
15.1573 52.6096 -103.46109 0 0 -1
-15.1591 51.3349 -103.46109 0 0 -1
-15.1591 51.3349 -103.46109 -1 0 0
-15.1091 51.3349 -103.46109 1 0 0
-15.1091 51.3349 -103.46109 0 0 -1
-15.1091 51.3349 -103.41109 1 0 0
-15.1091 51.3349 -103.41109 0 0 1
-15.1591 51.3349 -103.41109 0 0 1
-15.1591 51.3349 -103.41109 -1 0 0
-15.1591 52.6096 -103.41109 0 0 1
-15.1591 52.6096 -103.41109 -1 0 0
-15.1091 52.6096 -103.41109 1 0 0
-15.1091 52.6096 -103.41109 0 0 1
-15.1091 52.6096 -103.46109 1 0 0
-15.1091 52.6096 -103.46109 0 0 -1
-15.1591 52.6096 -103.46109 0 0 -1
-15.1591 52.6096 -103.46109 -1 0 0
15.1573 52.6096 -104.98611 1 0 0
15.1573 52.6096 -104.98611 0 0 -1
15.1073 52.6096 -104.98611 0 0 -1
15.1073 52.6096 -104.98611 -1 0 0
15.1073 52.6096 -104.9361 0 0 1
15.1073 52.6096 -104.9361 -1 0 0
15.1573 52.6096 -104.9361 1 0 0
15.1573 52.6096 -104.9361 0 0 1
15.1573 51.3349 -104.9361 1 0 0
15.1573 51.3349 -104.9361 0 0 1
15.1073 51.3349 -104.9361 0 0 1
15.1073 51.3349 -104.9361 -1 0 0
15.1073 51.3349 -104.98611 0 0 -1
15.1073 51.3349 -104.98611 -1 0 0
15.1573 51.3349 -104.98611 1 0 0
15.1573 51.3349 -104.98611 0 0 -1
-15.1591 52.6096 -104.98611 0 0 -1
-15.1591 52.6096 -104.98611 -1 0 0
-15.1091 52.6096 -104.98611 1 0 0
-15.1091 52.6096 -104.98611 0 0 -1
-15.1091 52.6096 -104.9361 1 0 0
-15.1091 52.6096 -104.9361 0 0 1
-15.1591 52.6096 -104.9361 0 0 1
-15.1591 52.6096 -104.9361 -1 0 0
-15.1591 51.3349 -104.9361 0 0 1
-15.1591 51.3349 -104.9361 -1 0 0
-15.1091 51.3349 -104.9361 1 0 0
-15.1091 51.3349 -104.9361 0 0 1
-15.1091 51.3349 -104.98611 1 0 0
-15.1091 51.3349 -104.98611 0 0 -1
-15.1591 51.3349 -104.98611 0 0 -1
-15.1591 51.3349 -104.98611 -1 0 0
15.1573 51.3349 -106.51111 1 0 0
15.1573 51.3349 -106.51111 0 0 -1
15.1073 51.3349 -106.51111 0 0 -1
15.1073 51.3349 -106.51111 -1 0 0
15.1073 51.3349 -106.46111 0 0 1
15.1073 51.3349 -106.46111 -1 0 0
15.1573 51.3349 -106.46111 1 0 0
15.1573 51.3349 -106.46111 0 0 1
15.1573 52.6096 -106.46111 1 0 0
15.1573 52.6096 -106.46111 0 0 1
15.1073 52.6096 -106.46111 0 0 1
15.1073 52.6096 -106.46111 -1 0 0
15.1073 52.6096 -106.51111 0 0 -1
15.1073 52.6096 -106.51111 -1 0 0
15.1573 52.6096 -106.51111 1 0 0
15.1573 52.6096 -106.51111 0 0 -1
-15.1591 51.3349 -106.51111 0 0 -1
-15.1591 51.3349 -106.51111 -1 0 0
-15.1091 51.3349 -106.51111 1 0 0
-15.1091 51.3349 -106.51111 0 0 -1
-15.1091 51.3349 -106.46111 1 0 0
-15.1091 51.3349 -106.46111 0 0 1
-15.1591 51.3349 -106.46111 0 0 1
-15.1591 51.3349 -106.46111 -1 0 0
-15.1591 52.6096 -106.46111 0 0 1
-15.1591 52.6096 -106.46111 -1 0 0
-15.1091 52.6096 -106.46111 1 0 0
-15.1091 52.6096 -106.46111 0 0 1
-15.1091 52.6096 -106.51111 1 0 0
-15.1091 52.6096 -106.51111 0 0 -1
-15.1591 52.6096 -106.51111 0 0 -1
-15.1591 52.6096 -106.51111 -1 0 0
15.1573 51.9349 -101.99689 1 0 0
15.1573 51.9349 -101.99689 0 -1 0
15.1073 51.9349 -101.99689 0 -1 0
15.1073 51.9349 -101.99689 -1 0 0
15.1073 51.9849 -101.99689 0 1 0
15.1073 51.9849 -101.99689 -1 0 0
15.1573 51.9849 -101.99689 1 0 0
15.1573 51.9849 -101.99689 0 1 0
15.1573 51.9849 -119.97654 1 0 0
15.1573 51.9849 -119.97654 0 1 0
15.1073 51.9849 -119.97654 0 1 0
15.1073 51.9849 -119.97654 -1 0 0
15.1073 51.9349 -119.97654 0 -1 0
15.1073 51.9349 -119.97654 -1 0 0
15.1573 51.9349 -119.97654 1 0 0
15.1573 51.9349 -119.97654 0 -1 0
-15.1591 51.9349 -101.99689 0 -1 0
-15.1591 51.9349 -101.99689 -1 0 0
-15.1091 51.9349 -101.99689 1 0 0
-15.1091 51.9349 -101.99689 0 -1 0
-15.1091 51.9849 -101.99689 1 0 0
-15.1091 51.9849 -101.99689 0 1 0
-15.1591 51.9849 -101.99689 0 1 0
-15.1591 51.9849 -101.99689 -1 0 0
-15.1591 51.9849 -119.97654 0 1 0
-15.1591 51.9849 -119.97654 -1 0 0
-15.1091 51.9849 -119.97654 1 0 0
-15.1091 51.9849 -119.97654 0 1 0
-15.1091 51.9349 -119.97654 1 0 0
-15.1091 51.9349 -119.97654 0 -1 0
-15.1591 51.9349 -119.97654 0 -1 0
-15.1591 51.9349 -119.97654 -1 0 0
15.1573 52.6099 -119.97616 1 0 0
15.1573 52.6099 -119.97616 0 -1 0
15.1073 52.6099 -119.97616 0 -1 0
15.1073 52.6099 -119.97616 -1 0 0
15.1073 52.6599 -119.97616 0 1 0
15.1073 52.6599 -119.97616 -1 0 0
15.1573 52.6599 -119.97616 1 0 0
15.1573 52.6599 -119.97616 0 1 0
15.1573 52.6599 -101.99638 1 0 0
15.1573 52.6599 -101.99638 0 1 0
15.1073 52.6599 -101.99638 0 1 0
15.1073 52.6599 -101.99638 -1 0 0
15.1073 52.6099 -101.99638 0 -1 0
15.1073 52.6099 -101.99638 -1 0 0
15.1573 52.6099 -101.99638 1 0 0
15.1573 52.6099 -101.99638 0 -1 0
-15.1591 52.6099 -119.97616 0 -1 0
-15.1591 52.6099 -119.97616 -1 0 0
-15.1091 52.6099 -119.97616 1 0 0
-15.1091 52.6099 -119.97616 0 -1 0
-15.1091 52.6599 -119.97616 1 0 0
-15.1091 52.6599 -119.97616 0 1 0
-15.1591 52.6599 -119.97616 0 1 0
-15.1591 52.6599 -119.97616 -1 0 0
-15.1591 52.6599 -101.99638 0 1 0
-15.1591 52.6599 -101.99638 -1 0 0
-15.1091 52.6599 -101.99638 1 0 0
-15.1091 52.6599 -101.99638 0 1 0
-15.1091 52.6099 -101.99638 1 0 0
-15.1091 52.6099 -101.99638 0 -1 0
-15.1591 52.6099 -101.99638 0 -1 0
-15.1591 52.6099 -101.99638 -1 0 0
15.1571 52.6099 -120.02644 1 0 0
15.1571 52.6099 -120.02644 0 -1 0
15.1571 52.6099 -120.02644 0 0 -1
15.1571 52.6099 -119.97642 1 0 0
15.1571 52.6099 -119.97642 0 -1 0
15.1571 52.6099 -119.97642 0 0 1
15.1571 52.6599 -119.97642 1 0 0
15.1571 52.6599 -119.97642 0 0 1
15.1571 52.6599 -119.97642 0 1 0
15.1571 52.6599 -120.02644 1 0 0
15.1571 52.6599 -120.02644 0 0 -1
15.1571 52.6599 -120.02644 0 1 0
-15.1587 52.6599 -120.02644 0 0 -1
-15.1587 52.6599 -120.02644 0 1 0
-15.1587 52.6599 -120.02644 -1 0 0
-15.1587 52.6599 -119.97642 0 0 1
-15.1587 52.6599 -119.97642 0 1 0
-15.1587 52.6599 -119.97642 -1 0 0
-15.1587 52.6099 -119.97642 0 -1 0
-15.1587 52.6099 -119.97642 0 0 1
-15.1587 52.6099 -119.97642 -1 0 0
-15.1587 52.6099 -120.02644 0 -1 0
-15.1587 52.6099 -120.02644 0 0 -1
-15.1587 52.6099 -120.02644 -1 0 0
-15.1593 51.9349 -120.02644 0 -1 0
-15.1593 51.9349 -120.02644 0 0 -1
-15.1593 51.9349 -120.02644 -1 0 0
-15.1593 51.9349 -119.97642 0 -1 0
-15.1593 51.9349 -119.97642 0 0 1
-15.1593 51.9349 -119.97642 -1 0 0
-15.1593 51.9849 -119.97642 0 0 1
-15.1593 51.9849 -119.97642 0 1 0
-15.1593 51.9849 -119.97642 -1 0 0
-15.1593 51.9849 -120.02644 0 0 -1
-15.1593 51.9849 -120.02644 0 1 0
-15.1593 51.9849 -120.02644 -1 0 0
15.1565 51.9849 -120.02644 1 0 0
15.1565 51.9849 -120.02644 0 0 -1
15.1565 51.9849 -120.02644 0 1 0
15.1565 51.9849 -119.97642 1 0 0
15.1565 51.9849 -119.97642 0 0 1
15.1565 51.9849 -119.97642 0 1 0
15.1565 51.9349 -119.97642 1 0 0
15.1565 51.9349 -119.97642 0 -1 0
15.1565 51.9349 -119.97642 0 0 1
15.1565 51.9349 -120.02644 1 0 0
15.1565 51.9349 -120.02644 0 -1 0
15.1565 51.9349 -120.02644 0 0 -1
15.1573 51.3349 -115.46109 1 0 0
15.1573 51.3349 -115.46109 0 0 -1
15.1073 51.3349 -115.46109 0 0 -1
15.1073 51.3349 -115.46109 -1 0 0
15.1073 51.3349 -115.41109 0 0 1
15.1073 51.3349 -115.41109 -1 0 0
15.1573 51.3349 -115.41109 1 0 0
15.1573 51.3349 -115.41109 0 0 1
15.1573 52.6096 -115.41109 1 0 0
15.1573 52.6096 -115.41109 0 0 1
15.1073 52.6096 -115.41109 0 0 1
15.1073 52.6096 -115.41109 -1 0 0
15.1073 52.6096 -115.46109 0 0 -1
15.1073 52.6096 -115.46109 -1 0 0
15.1573 52.6096 -115.46109 1 0 0
15.1573 52.6096 -115.46109 0 0 -1
-15.1591 51.3349 -115.46109 0 0 -1
-15.1591 51.3349 -115.46109 -1 0 0
-15.1091 51.3349 -115.46109 1 0 0
-15.1091 51.3349 -115.46109 0 0 -1
-15.1091 51.3349 -115.41109 1 0 0
-15.1091 51.3349 -115.41109 0 0 1
-15.1591 51.3349 -115.41109 0 0 1
-15.1591 51.3349 -115.41109 -1 0 0
-15.1591 52.6096 -115.41109 0 0 1
-15.1591 52.6096 -115.41109 -1 0 0
-15.1091 52.6096 -115.41109 1 0 0
-15.1091 52.6096 -115.41109 0 0 1
-15.1091 52.6096 -115.46109 1 0 0
-15.1091 52.6096 -115.46109 0 0 -1
-15.1591 52.6096 -115.46109 0 0 -1
-15.1591 52.6096 -115.46109 -1 0 0
15.1573 52.6096 -116.98611 1 0 0
15.1573 52.6096 -116.98611 0 0 -1
15.1073 52.6096 -116.98611 0 0 -1
15.1073 52.6096 -116.98611 -1 0 0
15.1073 52.6096 -116.9361 0 0 1
15.1073 52.6096 -116.9361 -1 0 0
15.1573 52.6096 -116.9361 1 0 0
15.1573 52.6096 -116.9361 0 0 1
15.1573 51.3349 -116.9361 1 0 0
15.1573 51.3349 -116.9361 0 0 1
15.1073 51.3349 -116.9361 0 0 1
15.1073 51.3349 -116.9361 -1 0 0
15.1073 51.3349 -116.98611 0 0 -1
15.1073 51.3349 -116.98611 -1 0 0
15.1573 51.3349 -116.98611 1 0 0
15.1573 51.3349 -116.98611 0 0 -1
-15.1591 52.6096 -116.98611 0 0 -1
-15.1591 52.6096 -116.98611 -1 0 0
-15.1091 52.6096 -116.98611 1 0 0
-15.1091 52.6096 -116.98611 0 0 -1
-15.1091 52.6096 -116.9361 1 0 0
-15.1091 52.6096 -116.9361 0 0 1
-15.1591 52.6096 -116.9361 0 0 1
-15.1591 52.6096 -116.9361 -1 0 0
-15.1591 51.3349 -116.9361 0 0 1
-15.1591 51.3349 -116.9361 -1 0 0
-15.1091 51.3349 -116.9361 1 0 0
-15.1091 51.3349 -116.9361 0 0 1
-15.1091 51.3349 -116.98611 1 0 0
-15.1091 51.3349 -116.98611 0 0 -1
-15.1591 51.3349 -116.98611 0 0 -1
-15.1591 51.3349 -116.98611 -1 0 0
15.1573 51.3349 -118.51111 1 0 0
15.1573 51.3349 -118.51111 0 0 -1
15.1073 51.3349 -118.51111 0 0 -1
15.1073 51.3349 -118.51111 -1 0 0
15.1073 51.3349 -118.46111 0 0 1
15.1073 51.3349 -118.46111 -1 0 0
15.1573 51.3349 -118.46111 1 0 0
15.1573 51.3349 -118.46111 0 0 1
15.1573 52.6096 -118.46111 1 0 0
15.1573 52.6096 -118.46111 0 0 1
15.1073 52.6096 -118.46111 0 0 1
15.1073 52.6096 -118.46111 -1 0 0
15.1073 52.6096 -118.51111 0 0 -1
15.1073 52.6096 -118.51111 -1 0 0
15.1573 52.6096 -118.51111 1 0 0
15.1573 52.6096 -118.51111 0 0 -1
-15.1591 51.3349 -118.51111 0 0 -1
-15.1591 51.3349 -118.51111 -1 0 0
-15.1091 51.3349 -118.51111 1 0 0
-15.1091 51.3349 -118.51111 0 0 -1
-15.1091 51.3349 -118.46111 1 0 0
-15.1091 51.3349 -118.46111 0 0 1
-15.1591 51.3349 -118.46111 0 0 1
-15.1591 51.3349 -118.46111 -1 0 0
-15.1591 52.6096 -118.46111 0 0 1
-15.1591 52.6096 -118.46111 -1 0 0
-15.1091 52.6096 -118.46111 1 0 0
-15.1091 52.6096 -118.46111 0 0 1
-15.1091 52.6096 -118.51111 1 0 0
-15.1091 52.6096 -118.51111 0 0 -1
-15.1591 52.6096 -118.51111 0 0 -1
-15.1591 52.6096 -118.51111 -1 0 0
13.8237 51.3349 -120.02594 1 0 0
13.8237 51.3349 -120.02594 0 0 -1
13.7737 51.3349 -120.02594 0 0 -1
13.7737 51.3349 -120.02594 -1 0 0
13.7737 51.3349 -119.9759 0 0 1
13.7737 51.3349 -119.9759 -1 0 0
13.8237 51.3349 -119.9759 1 0 0
13.8237 51.3349 -119.9759 0 0 1
13.8237 52.6096 -119.9759 1 0 0
13.8237 52.6096 -119.9759 0 0 1
13.7737 52.6096 -119.9759 0 0 1
13.7737 52.6096 -119.9759 -1 0 0
13.7737 52.6096 -120.02594 0 0 -1
13.7737 52.6096 -120.02594 -1 0 0
13.8237 52.6096 -120.02594 1 0 0
13.8237 52.6096 -120.02594 0 0 -1
12.3237 52.6096 -120.02594 1 0 0
12.3237 52.6096 -120.02594 0 0 -1
12.2737 52.6096 -120.02594 0 0 -1
12.2737 52.6096 -120.02594 -1 0 0
12.2737 52.6096 -119.9759 0 0 1
12.2737 52.6096 -119.9759 -1 0 0
12.3237 52.6096 -119.9759 1 0 0
12.3237 52.6096 -119.9759 0 0 1
12.3237 51.3349 -119.9759 1 0 0
12.3237 51.3349 -119.9759 0 0 1
12.2737 51.3349 -119.9759 0 0 1
12.2737 51.3349 -119.9759 -1 0 0
12.2737 51.3349 -120.02594 0 0 -1
12.2737 51.3349 -120.02594 -1 0 0
12.3237 51.3349 -120.02594 1 0 0
12.3237 51.3349 -120.02594 0 0 -1
10.8237 51.3349 -120.02594 1 0 0
10.8237 51.3349 -120.02594 0 0 -1
10.7737 51.3349 -120.02594 0 0 -1
10.7737 51.3349 -120.02594 -1 0 0
10.7737 51.3349 -119.9759 0 0 1
10.7737 51.3349 -119.9759 -1 0 0
10.8237 51.3349 -119.9759 1 0 0
10.8237 51.3349 -119.9759 0 0 1
10.8237 52.6096 -119.9759 1 0 0
10.8237 52.6096 -119.9759 0 0 1
10.7737 52.6096 -119.9759 0 0 1
10.7737 52.6096 -119.9759 -1 0 0
10.7737 52.6096 -120.02594 0 0 -1
10.7737 52.6096 -120.02594 -1 0 0
10.8237 52.6096 -120.02594 1 0 0
10.8237 52.6096 -120.02594 0 0 -1
9.32369 52.6096 -120.02594 1 0 0
9.32369 52.6096 -120.02594 0 0 -1
9.27369 52.6096 -120.02594 0 0 -1
9.27369 52.6096 -120.02594 -1 0 0
9.27369 52.6096 -119.9759 0 0 1
9.27369 52.6096 -119.9759 -1 0 0
9.32369 52.6096 -119.9759 1 0 0
9.32369 52.6096 -119.9759 0 0 1
9.32369 51.3349 -119.9759 1 0 0
9.32369 51.3349 -119.9759 0 0 1
9.27369 51.3349 -119.9759 0 0 1
9.27369 51.3349 -119.9759 -1 0 0
9.27369 51.3349 -120.02594 0 0 -1
9.27369 51.3349 -120.02594 -1 0 0
9.32369 51.3349 -120.02594 1 0 0
9.32369 51.3349 -120.02594 0 0 -1
7.82369 51.3349 -120.02594 1 0 0
7.82369 51.3349 -120.02594 0 0 -1
7.77369 51.3349 -120.02594 0 0 -1
7.77369 51.3349 -120.02594 -1 0 0
7.77369 51.3349 -119.9759 0 0 1
7.77369 51.3349 -119.9759 -1 0 0
7.82369 51.3349 -119.9759 1 0 0
7.82369 51.3349 -119.9759 0 0 1
7.82369 52.6096 -119.9759 1 0 0
7.82369 52.6096 -119.9759 0 0 1
7.77369 52.6096 -119.9759 0 0 1
7.77369 52.6096 -119.9759 -1 0 0
7.77369 52.6096 -120.02594 0 0 -1
7.77369 52.6096 -120.02594 -1 0 0
7.82369 52.6096 -120.02594 1 0 0
7.82369 52.6096 -120.02594 0 0 -1
6.32369 52.6096 -120.02594 1 0 0
6.32369 52.6096 -120.02594 0 0 -1
6.27369 52.6096 -120.02594 0 0 -1
6.27369 52.6096 -120.02594 -1 0 0
6.27369 52.6096 -119.9759 0 0 1
6.27369 52.6096 -119.9759 -1 0 0
6.32369 52.6096 -119.9759 1 0 0
6.32369 52.6096 -119.9759 0 0 1
6.32369 51.3349 -119.9759 1 0 0
6.32369 51.3349 -119.9759 0 0 1
6.27369 51.3349 -119.9759 0 0 1
6.27369 51.3349 -119.9759 -1 0 0
6.27369 51.3349 -120.02594 0 0 -1
6.27369 51.3349 -120.02594 -1 0 0
6.32369 51.3349 -120.02594 1 0 0
6.32369 51.3349 -120.02594 0 0 -1
4.82369 51.3349 -120.02594 1 0 0
4.82369 51.3349 -120.02594 0 0 -1
4.77369 51.3349 -120.02594 0 0 -1
4.77369 51.3349 -120.02594 -1 0 0
4.77369 51.3349 -119.9759 0 0 1
4.77369 51.3349 -119.9759 -1 0 0
4.82369 51.3349 -119.9759 1 0 0
4.82369 51.3349 -119.9759 0 0 1
4.82369 52.6096 -119.9759 1 0 0
4.82369 52.6096 -119.9759 0 0 1
4.77369 52.6096 -119.9759 0 0 1
4.77369 52.6096 -119.9759 -1 0 0
4.77369 52.6096 -120.02594 0 0 -1
4.77369 52.6096 -120.02594 -1 0 0
4.82369 52.6096 -120.02594 1 0 0
4.82369 52.6096 -120.02594 0 0 -1
3.32369 52.6096 -120.02594 1 0 0
3.32369 52.6096 -120.02594 0 0 -1
3.27369 52.6096 -120.02594 0 0 -1
3.27369 52.6096 -120.02594 -1 0 0
3.27369 52.6096 -119.9759 0 0 1
3.27369 52.6096 -119.9759 -1 0 0
3.32369 52.6096 -119.9759 1 0 0
3.32369 52.6096 -119.9759 0 0 1
3.32369 51.3349 -119.9759 1 0 0
3.32369 51.3349 -119.9759 0 0 1
3.27369 51.3349 -119.9759 0 0 1
3.27369 51.3349 -119.9759 -1 0 0
3.27369 51.3349 -120.02594 0 0 -1
3.27369 51.3349 -120.02594 -1 0 0
3.32369 51.3349 -120.02594 1 0 0
3.32369 51.3349 -120.02594 0 0 -1
1.82369 51.3349 -120.02594 1 0 0
1.82369 51.3349 -120.02594 0 0 -1
1.77369 51.3349 -120.02594 0 0 -1
1.77369 51.3349 -120.02594 -1 0 0
1.77369 51.3349 -119.9759 0 0 1
1.77369 51.3349 -119.9759 -1 0 0
1.82369 51.3349 -119.9759 1 0 0
1.82369 51.3349 -119.9759 0 0 1
1.82369 52.6096 -119.9759 1 0 0
1.82369 52.6096 -119.9759 0 0 1
1.77369 52.6096 -119.9759 0 0 1
1.77369 52.6096 -119.9759 -1 0 0
1.77369 52.6096 -120.02594 0 0 -1
1.77369 52.6096 -120.02594 -1 0 0
1.82369 52.6096 -120.02594 1 0 0
1.82369 52.6096 -120.02594 0 0 -1
-13.8237 51.3349 -120.02594 0 0 -1
-13.8237 51.3349 -120.02594 -1 0 0
-13.7737 51.3349 -120.02594 1 0 0
-13.7737 51.3349 -120.02594 0 0 -1
-13.7737 51.3349 -119.9759 1 0 0
-13.7737 51.3349 -119.9759 0 0 1
-13.8237 51.3349 -119.9759 0 0 1
-13.8237 51.3349 -119.9759 -1 0 0
-13.8237 52.6096 -119.9759 0 0 1
-13.8237 52.6096 -119.9759 -1 0 0
-13.7737 52.6096 -119.9759 1 0 0
-13.7737 52.6096 -119.9759 0 0 1
-13.7737 52.6096 -120.02594 1 0 0
-13.7737 52.6096 -120.02594 0 0 -1
-13.8237 52.6096 -120.02594 0 0 -1
-13.8237 52.6096 -120.02594 -1 0 0
-12.3237 52.6096 -120.02594 0 0 -1
-12.3237 52.6096 -120.02594 -1 0 0
-12.2737 52.6096 -120.02594 1 0 0
-12.2737 52.6096 -120.02594 0 0 -1
-12.2737 52.6096 -119.9759 1 0 0
-12.2737 52.6096 -119.9759 0 0 1
-12.3237 52.6096 -119.9759 0 0 1
-12.3237 52.6096 -119.9759 -1 0 0
-12.3237 51.3349 -119.9759 0 0 1
-12.3237 51.3349 -119.9759 -1 0 0
-12.2737 51.3349 -119.9759 1 0 0
-12.2737 51.3349 -119.9759 0 0 1
-12.2737 51.3349 -120.02594 1 0 0
-12.2737 51.3349 -120.02594 0 0 -1
-12.3237 51.3349 -120.02594 0 0 -1
-12.3237 51.3349 -120.02594 -1 0 0
-10.8237 51.3349 -120.02594 0 0 -1
-10.8237 51.3349 -120.02594 -1 0 0
-10.7737 51.3349 -120.02594 1 0 0
-10.7737 51.3349 -120.02594 0 0 -1
-10.7737 51.3349 -119.9759 1 0 0
-10.7737 51.3349 -119.9759 0 0 1
-10.8237 51.3349 -119.9759 0 0 1
-10.8237 51.3349 -119.9759 -1 0 0
-10.8237 52.6096 -119.9759 0 0 1
-10.8237 52.6096 -119.9759 -1 0 0
-10.7737 52.6096 -119.9759 1 0 0
-10.7737 52.6096 -119.9759 0 0 1
-10.7737 52.6096 -120.02594 1 0 0
-10.7737 52.6096 -120.02594 0 0 -1
-10.8237 52.6096 -120.02594 0 0 -1
-10.8237 52.6096 -120.02594 -1 0 0
-9.3237 52.6096 -120.02594 0 0 -1
-9.3237 52.6096 -120.02594 -1 0 0
-9.2737 52.6096 -120.02594 1 0 0
-9.2737 52.6096 -120.02594 0 0 -1
-9.2737 52.6096 -119.9759 1 0 0
-9.2737 52.6096 -119.9759 0 0 1
-9.3237 52.6096 -119.9759 0 0 1
-9.3237 52.6096 -119.9759 -1 0 0
-9.3237 51.3349 -119.9759 0 0 1
-9.3237 51.3349 -119.9759 -1 0 0
-9.2737 51.3349 -119.9759 1 0 0
-9.2737 51.3349 -119.9759 0 0 1
-9.2737 51.3349 -120.02594 1 0 0
-9.2737 51.3349 -120.02594 0 0 -1
-9.3237 51.3349 -120.02594 0 0 -1
-9.3237 51.3349 -120.02594 -1 0 0
-7.8237 51.3349 -120.02594 0 0 -1
-7.8237 51.3349 -120.02594 -1 0 0
-7.7737 51.3349 -120.02594 1 0 0
-7.7737 51.3349 -120.02594 0 0 -1
-7.7737 51.3349 -119.9759 1 0 0
-7.7737 51.3349 -119.9759 0 0 1
-7.8237 51.3349 -119.9759 0 0 1
-7.8237 51.3349 -119.9759 -1 0 0
-7.8237 52.6096 -119.9759 0 0 1
-7.8237 52.6096 -119.9759 -1 0 0
-7.7737 52.6096 -119.9759 1 0 0
-7.7737 52.6096 -119.9759 0 0 1
-7.7737 52.6096 -120.02594 1 0 0
-7.7737 52.6096 -120.02594 0 0 -1
-7.8237 52.6096 -120.02594 0 0 -1
-7.8237 52.6096 -120.02594 -1 0 0
-6.3237 52.6096 -120.02594 0 0 -1
-6.3237 52.6096 -120.02594 -1 0 0
-6.2737 52.6096 -120.02594 1 0 0
-6.2737 52.6096 -120.02594 0 0 -1
-6.2737 52.6096 -119.9759 1 0 0
-6.2737 52.6096 -119.9759 0 0 1
-6.3237 52.6096 -119.9759 0 0 1
-6.3237 52.6096 -119.9759 -1 0 0
-6.3237 51.3349 -119.9759 0 0 1
-6.3237 51.3349 -119.9759 -1 0 0
-6.2737 51.3349 -119.9759 1 0 0
-6.2737 51.3349 -119.9759 0 0 1
-6.2737 51.3349 -120.02594 1 0 0
-6.2737 51.3349 -120.02594 0 0 -1
-6.3237 51.3349 -120.02594 0 0 -1
-6.3237 51.3349 -120.02594 -1 0 0
-4.8237 51.3349 -120.02594 0 0 -1
-4.8237 51.3349 -120.02594 -1 0 0
-4.7737 51.3349 -120.02594 1 0 0
-4.7737 51.3349 -120.02594 0 0 -1
-4.7737 51.3349 -119.9759 1 0 0
-4.7737 51.3349 -119.9759 0 0 1
-4.8237 51.3349 -119.9759 0 0 1
-4.8237 51.3349 -119.9759 -1 0 0
-4.8237 52.6096 -119.9759 0 0 1
-4.8237 52.6096 -119.9759 -1 0 0
-4.7737 52.6096 -119.9759 1 0 0
-4.7737 52.6096 -119.9759 0 0 1
-4.7737 52.6096 -120.02594 1 0 0
-4.7737 52.6096 -120.02594 0 0 -1
-4.8237 52.6096 -120.02594 0 0 -1
-4.8237 52.6096 -120.02594 -1 0 0
-3.3237 52.6096 -120.02594 0 0 -1
-3.3237 52.6096 -120.02594 -1 0 0
-3.2737 52.6096 -120.02594 1 0 0
-3.2737 52.6096 -120.02594 0 0 -1
-3.2737 52.6096 -119.9759 1 0 0
-3.2737 52.6096 -119.9759 0 0 1
-3.3237 52.6096 -119.9759 0 0 1
-3.3237 52.6096 -119.9759 -1 0 0
-3.3237 51.3349 -119.9759 0 0 1
-3.3237 51.3349 -119.9759 -1 0 0
-3.2737 51.3349 -119.9759 1 0 0
-3.2737 51.3349 -119.9759 0 0 1
-3.2737 51.3349 -120.02594 1 0 0
-3.2737 51.3349 -120.02594 0 0 -1
-3.3237 51.3349 -120.02594 0 0 -1
-3.3237 51.3349 -120.02594 -1 0 0
-1.8237 51.3349 -120.02594 0 0 -1
-1.8237 51.3349 -120.02594 -1 0 0
-1.7737 51.3349 -120.02594 1 0 0
-1.7737 51.3349 -120.02594 0 0 -1
-1.7737 51.3349 -119.9759 1 0 0
-1.7737 51.3349 -119.9759 0 0 1
-1.8237 51.3349 -119.9759 0 0 1
-1.8237 51.3349 -119.9759 -1 0 0
-1.8237 52.6096 -119.9759 0 0 1
-1.8237 52.6096 -119.9759 -1 0 0
-1.7737 52.6096 -119.9759 1 0 0
-1.7737 52.6096 -119.9759 0 0 1
-1.7737 52.6096 -120.02594 1 0 0
-1.7737 52.6096 -120.02594 0 0 -1
-1.8237 52.6096 -120.02594 0 0 -1
-1.8237 52.6096 -120.02594 -1 0 0
15.1573 48.2348 -109.46109 1 0 0
15.1573 48.2348 -109.46109 0 0 -1
15.1073 48.2348 -109.46109 0 0 -1
15.1073 48.2348 -109.46109 -1 0 0
15.1073 48.2348 -109.41109 0 0 1
15.1073 48.2348 -109.41109 -1 0 0
15.1573 48.2348 -109.41109 1 0 0
15.1573 48.2348 -109.41109 0 0 1
15.1573 49.5095 -109.41109 1 0 0
15.1573 49.5095 -109.41109 0 0 1
15.1073 49.5095 -109.41109 0 0 1
15.1073 49.5095 -109.41109 -1 0 0
15.1073 49.5095 -109.46109 0 0 -1
15.1073 49.5095 -109.46109 -1 0 0
15.1573 49.5095 -109.46109 1 0 0
15.1573 49.5095 -109.46109 0 0 -1
-15.1591 48.2348 -109.46109 0 0 -1
-15.1591 48.2348 -109.46109 -1 0 0
-15.1091 48.2348 -109.46109 1 0 0
-15.1091 48.2348 -109.46109 0 0 -1
-15.1091 48.2348 -109.41109 1 0 0
-15.1091 48.2348 -109.41109 0 0 1
-15.1591 48.2348 -109.41109 0 0 1
-15.1591 48.2348 -109.41109 -1 0 0
-15.1591 49.5095 -109.41109 0 0 1
-15.1591 49.5095 -109.41109 -1 0 0
-15.1091 49.5095 -109.41109 1 0 0
-15.1091 49.5095 -109.41109 0 0 1
-15.1091 49.5095 -109.46109 1 0 0
-15.1091 49.5095 -109.46109 0 0 -1
-15.1591 49.5095 -109.46109 0 0 -1
-15.1591 49.5095 -109.46109 -1 0 0
15.1573 49.5095 -110.98611 1 0 0
15.1573 49.5095 -110.98611 0 0 -1
15.1073 49.5095 -110.98611 0 0 -1
15.1073 49.5095 -110.98611 -1 0 0
15.1073 49.5095 -110.9361 0 0 1
15.1073 49.5095 -110.9361 -1 0 0
15.1573 49.5095 -110.9361 1 0 0
15.1573 49.5095 -110.9361 0 0 1
15.1573 48.2348 -110.9361 1 0 0
15.1573 48.2348 -110.9361 0 0 1
15.1073 48.2348 -110.9361 0 0 1
15.1073 48.2348 -110.9361 -1 0 0
15.1073 48.2348 -110.98611 0 0 -1
15.1073 48.2348 -110.98611 -1 0 0
15.1573 48.2348 -110.98611 1 0 0
15.1573 48.2348 -110.98611 0 0 -1
-15.1591 49.5095 -110.98611 0 0 -1
-15.1591 49.5095 -110.98611 -1 0 0
-15.1091 49.5095 -110.98611 1 0 0
-15.1091 49.5095 -110.98611 0 0 -1
-15.1091 49.5095 -110.9361 1 0 0
-15.1091 49.5095 -110.9361 0 0 1
-15.1591 49.5095 -110.9361 0 0 1
-15.1591 49.5095 -110.9361 -1 0 0
-15.1591 48.2348 -110.9361 0 0 1
-15.1591 48.2348 -110.9361 -1 0 0
-15.1091 48.2348 -110.9361 1 0 0
-15.1091 48.2348 -110.9361 0 0 1
-15.1091 48.2348 -110.98611 1 0 0
-15.1091 48.2348 -110.98611 0 0 -1
-15.1591 48.2348 -110.98611 0 0 -1
-15.1591 48.2348 -110.98611 -1 0 0
15.1573 48.2348 -112.51111 1 0 0
15.1573 48.2348 -112.51111 0 0 -1
15.1073 48.2348 -112.51111 0 0 -1
15.1073 48.2348 -112.51111 -1 0 0
15.1073 48.2348 -112.46111 0 0 1
15.1073 48.2348 -112.46111 -1 0 0
15.1573 48.2348 -112.46111 1 0 0
15.1573 48.2348 -112.46111 0 0 1
15.1573 49.5095 -112.46111 1 0 0
15.1573 49.5095 -112.46111 0 0 1
15.1073 49.5095 -112.46111 0 0 1
15.1073 49.5095 -112.46111 -1 0 0
15.1073 49.5095 -112.51111 0 0 -1
15.1073 49.5095 -112.51111 -1 0 0
15.1573 49.5095 -112.51111 1 0 0
15.1573 49.5095 -112.51111 0 0 -1
-15.1591 48.2348 -112.51111 0 0 -1
-15.1591 48.2348 -112.51111 -1 0 0
-15.1091 48.2348 -112.51111 1 0 0
-15.1091 48.2348 -112.51111 0 0 -1
-15.1091 48.2348 -112.46111 1 0 0
-15.1091 48.2348 -112.46111 0 0 1
-15.1591 48.2348 -112.46111 0 0 1
-15.1591 48.2348 -112.46111 -1 0 0
-15.1591 49.5095 -112.46111 0 0 1
-15.1591 49.5095 -112.46111 -1 0 0
-15.1091 49.5095 -112.46111 1 0 0
-15.1091 49.5095 -112.46111 0 0 1
-15.1091 49.5095 -112.51111 1 0 0
-15.1091 49.5095 -112.51111 0 0 -1
-15.1591 49.5095 -112.51111 0 0 -1
-15.1591 49.5095 -112.51111 -1 0 0
-14.9781 49.5095 -120.02594 1 0 0
-14.9781 49.5095 -120.02594 0 0 -1
-15.0281 49.5095 -120.02594 0 0 -1
-15.0281 49.5095 -120.02594 -1 0 0
-15.0281 49.5095 -119.9759 0 0 1
-15.0281 49.5095 -119.9759 -1 0 0
-14.9781 49.5095 -119.9759 1 0 0
-14.9781 49.5095 -119.9759 0 0 1
-14.9781 48.2348 -119.9759 1 0 0
-14.9781 48.2348 -119.9759 0 0 1
-15.0281 48.2348 -119.9759 0 0 1
-15.0281 48.2348 -119.9759 -1 0 0
-15.0281 48.2348 -120.02594 0 0 -1
-15.0281 48.2348 -120.02594 -1 0 0
-14.9781 48.2348 -120.02594 1 0 0
-14.9781 48.2348 -120.02594 0 0 -1
0.023695 48.2348 -120.02594 1 0 0
0.023695 48.2348 -120.02594 0 0 -1
-0.026305 48.2348 -120.02594 0 0 -1
-0.026305 48.2348 -120.02594 -1 0 0
-0.026305 48.2348 -119.9759 0 0 1
-0.026305 48.2348 -119.9759 -1 0 0
0.023695 48.2348 -119.9759 1 0 0
0.023695 48.2348 -119.9759 0 0 1
0.023695 49.5095 -119.9759 1 0 0
0.023695 49.5095 -119.9759 0 0 1
-0.026305 49.5095 -119.9759 0 0 1
-0.026305 49.5095 -119.9759 -1 0 0
-0.026305 49.5095 -120.02594 0 0 -1
-0.026305 49.5095 -120.02594 -1 0 0
0.023695 49.5095 -120.02594 1 0 0
0.023695 49.5095 -120.02594 0 0 -1
15.1573 48.2348 -103.46109 1 0 0
15.1573 48.2348 -103.46109 0 0 -1
15.1073 48.2348 -103.46109 0 0 -1
15.1073 48.2348 -103.46109 -1 0 0
15.1073 48.2348 -103.41109 0 0 1
15.1073 48.2348 -103.41109 -1 0 0
15.1573 48.2348 -103.41109 1 0 0
15.1573 48.2348 -103.41109 0 0 1
15.1573 49.5095 -103.41109 1 0 0
15.1573 49.5095 -103.41109 0 0 1
15.1073 49.5095 -103.41109 0 0 1
15.1073 49.5095 -103.41109 -1 0 0
15.1073 49.5095 -103.46109 0 0 -1
15.1073 49.5095 -103.46109 -1 0 0
15.1573 49.5095 -103.46109 1 0 0
15.1573 49.5095 -103.46109 0 0 -1
-15.1591 48.2348 -103.46109 0 0 -1
-15.1591 48.2348 -103.46109 -1 0 0
-15.1091 48.2348 -103.46109 1 0 0
-15.1091 48.2348 -103.46109 0 0 -1
-15.1091 48.2348 -103.41109 1 0 0
-15.1091 48.2348 -103.41109 0 0 1
-15.1591 48.2348 -103.41109 0 0 1
-15.1591 48.2348 -103.41109 -1 0 0
-15.1591 49.5095 -103.41109 0 0 1
-15.1591 49.5095 -103.41109 -1 0 0
-15.1091 49.5095 -103.41109 1 0 0
-15.1091 49.5095 -103.41109 0 0 1
-15.1091 49.5095 -103.46109 1 0 0
-15.1091 49.5095 -103.46109 0 0 -1
-15.1591 49.5095 -103.46109 0 0 -1
-15.1591 49.5095 -103.46109 -1 0 0
15.1573 49.5095 -104.98611 1 0 0
15.1573 49.5095 -104.98611 0 0 -1
15.1073 49.5095 -104.98611 0 0 -1
15.1073 49.5095 -104.98611 -1 0 0
15.1073 49.5095 -104.9361 0 0 1
15.1073 49.5095 -104.9361 -1 0 0
15.1573 49.5095 -104.9361 1 0 0
15.1573 49.5095 -104.9361 0 0 1
15.1573 48.2348 -104.9361 1 0 0
15.1573 48.2348 -104.9361 0 0 1
15.1073 48.2348 -104.9361 0 0 1
15.1073 48.2348 -104.9361 -1 0 0
15.1073 48.2348 -104.98611 0 0 -1
15.1073 48.2348 -104.98611 -1 0 0
15.1573 48.2348 -104.98611 1 0 0
15.1573 48.2348 -104.98611 0 0 -1
-15.1591 49.5095 -104.98611 0 0 -1
-15.1591 49.5095 -104.98611 -1 0 0
-15.1091 49.5095 -104.98611 1 0 0
-15.1091 49.5095 -104.98611 0 0 -1
-15.1091 49.5095 -104.9361 1 0 0
-15.1091 49.5095 -104.9361 0 0 1
-15.1591 49.5095 -104.9361 0 0 1
-15.1591 49.5095 -104.9361 -1 0 0
-15.1591 48.2348 -104.9361 0 0 1
-15.1591 48.2348 -104.9361 -1 0 0
-15.1091 48.2348 -104.9361 1 0 0
-15.1091 48.2348 -104.9361 0 0 1
-15.1091 48.2348 -104.98611 1 0 0
-15.1091 48.2348 -104.98611 0 0 -1
-15.1591 48.2348 -104.98611 0 0 -1
-15.1591 48.2348 -104.98611 -1 0 0
15.1573 48.2348 -106.51111 1 0 0
15.1573 48.2348 -106.51111 0 0 -1
15.1073 48.2348 -106.51111 0 0 -1
15.1073 48.2348 -106.51111 -1 0 0
15.1073 48.2348 -106.46111 0 0 1
15.1073 48.2348 -106.46111 -1 0 0
15.1573 48.2348 -106.46111 1 0 0
15.1573 48.2348 -106.46111 0 0 1
15.1573 49.5095 -106.46111 1 0 0
15.1573 49.5095 -106.46111 0 0 1
15.1073 49.5095 -106.46111 0 0 1
15.1073 49.5095 -106.46111 -1 0 0
15.1073 49.5095 -106.51111 0 0 -1
15.1073 49.5095 -106.51111 -1 0 0
15.1573 49.5095 -106.51111 1 0 0
15.1573 49.5095 -106.51111 0 0 -1
-15.1591 48.2348 -106.51111 0 0 -1
-15.1591 48.2348 -106.51111 -1 0 0
-15.1091 48.2348 -106.51111 1 0 0
-15.1091 48.2348 -106.51111 0 0 -1
-15.1091 48.2348 -106.46111 1 0 0
-15.1091 48.2348 -106.46111 0 0 1
-15.1591 48.2348 -106.46111 0 0 1
-15.1591 48.2348 -106.46111 -1 0 0
-15.1591 49.5095 -106.46111 0 0 1
-15.1591 49.5095 -106.46111 -1 0 0
-15.1091 49.5095 -106.46111 1 0 0
-15.1091 49.5095 -106.46111 0 0 1
-15.1091 49.5095 -106.51111 1 0 0
-15.1091 49.5095 -106.51111 0 0 -1
-15.1591 49.5095 -106.51111 0 0 -1
-15.1591 49.5095 -106.51111 -1 0 0
15.1573 48.8348 -101.99689 1 0 0
15.1573 48.8348 -101.99689 0 -1 0
15.1073 48.8348 -101.99689 0 -1 0
15.1073 48.8348 -101.99689 -1 0 0
15.1073 48.8848 -101.99689 0 1 0
15.1073 48.8848 -101.99689 -1 0 0
15.1573 48.8848 -101.99689 1 0 0
15.1573 48.8848 -101.99689 0 1 0
15.1573 48.8848 -119.97654 1 0 0
15.1573 48.8848 -119.97654 0 1 0
15.1073 48.8848 -119.97654 0 1 0
15.1073 48.8848 -119.97654 -1 0 0
15.1073 48.8348 -119.97654 0 -1 0
15.1073 48.8348 -119.97654 -1 0 0
15.1573 48.8348 -119.97654 1 0 0
15.1573 48.8348 -119.97654 0 -1 0
-15.1591 48.8348 -101.99689 0 -1 0
-15.1591 48.8348 -101.99689 -1 0 0
-15.1091 48.8348 -101.99689 1 0 0
-15.1091 48.8348 -101.99689 0 -1 0
-15.1091 48.8848 -101.99689 1 0 0
-15.1091 48.8848 -101.99689 0 1 0
-15.1591 48.8848 -101.99689 0 1 0
-15.1591 48.8848 -101.99689 -1 0 0
-15.1591 48.8848 -119.97654 0 1 0
-15.1591 48.8848 -119.97654 -1 0 0
-15.1091 48.8848 -119.97654 1 0 0
-15.1091 48.8848 -119.97654 0 1 0
-15.1091 48.8348 -119.97654 1 0 0
-15.1091 48.8348 -119.97654 0 -1 0
-15.1591 48.8348 -119.97654 0 -1 0
-15.1591 48.8348 -119.97654 -1 0 0
15.1573 49.5098 -119.97616 1 0 0
15.1573 49.5098 -119.97616 0 -1 0
15.1073 49.5098 -119.97616 0 -1 0
15.1073 49.5098 -119.97616 -1 0 0
15.1073 49.5598 -119.97616 0 1 0
15.1073 49.5598 -119.97616 -1 0 0
15.1573 49.5598 -119.97616 1 0 0
15.1573 49.5598 -119.97616 0 1 0
15.1573 49.5598 -101.99638 1 0 0
15.1573 49.5598 -101.99638 0 1 0
15.1073 49.5598 -101.99638 0 1 0
15.1073 49.5598 -101.99638 -1 0 0
15.1073 49.5098 -101.99638 0 -1 0
15.1073 49.5098 -101.99638 -1 0 0
15.1573 49.5098 -101.99638 1 0 0
15.1573 49.5098 -101.99638 0 -1 0
-15.1591 49.5098 -119.97616 0 -1 0
-15.1591 49.5098 -119.97616 -1 0 0
-15.1091 49.5098 -119.97616 1 0 0
-15.1091 49.5098 -119.97616 0 -1 0
-15.1091 49.5598 -119.97616 1 0 0
-15.1091 49.5598 -119.97616 0 1 0
-15.1591 49.5598 -119.97616 0 1 0
-15.1591 49.5598 -119.97616 -1 0 0
-15.1591 49.5598 -101.99638 0 1 0
-15.1591 49.5598 -101.99638 -1 0 0
-15.1091 49.5598 -101.99638 1 0 0
-15.1091 49.5598 -101.99638 0 1 0
-15.1091 49.5098 -101.99638 1 0 0
-15.1091 49.5098 -101.99638 0 -1 0
-15.1591 49.5098 -101.99638 0 -1 0
-15.1591 49.5098 -101.99638 -1 0 0
15.1571 49.5098 -120.02644 1 0 0
15.1571 49.5098 -120.02644 0 -1 0
15.1571 49.5098 -120.02644 0 0 -1
15.1571 49.5098 -119.97642 1 0 0
15.1571 49.5098 -119.97642 0 -1 0
15.1571 49.5098 -119.97642 0 0 1
15.1571 49.5598 -119.97642 1 0 0
15.1571 49.5598 -119.97642 0 0 1
15.1571 49.5598 -119.97642 0 1 0
15.1571 49.5598 -120.02644 1 0 0
15.1571 49.5598 -120.02644 0 0 -1
15.1571 49.5598 -120.02644 0 1 0
-15.1587 49.5598 -120.02644 0 0 -1
-15.1587 49.5598 -120.02644 0 1 0
-15.1587 49.5598 -120.02644 -1 0 0
-15.1587 49.5598 -119.97642 0 0 1
-15.1587 49.5598 -119.97642 0 1 0
-15.1587 49.5598 -119.97642 -1 0 0
-15.1587 49.5098 -119.97642 0 -1 0
-15.1587 49.5098 -119.97642 0 0 1
-15.1587 49.5098 -119.97642 -1 0 0
-15.1587 49.5098 -120.02644 0 -1 0
-15.1587 49.5098 -120.02644 0 0 -1
-15.1587 49.5098 -120.02644 -1 0 0
-15.1593 48.8348 -120.02644 0 -1 0
-15.1593 48.8348 -120.02644 0 0 -1
-15.1593 48.8348 -120.02644 -1 0 0
-15.1593 48.8348 -119.97642 0 -1 0
-15.1593 48.8348 -119.97642 0 0 1
-15.1593 48.8348 -119.97642 -1 0 0
-15.1593 48.8848 -119.97642 0 0 1
-15.1593 48.8848 -119.97642 0 1 0
-15.1593 48.8848 -119.97642 -1 0 0
-15.1593 48.8848 -120.02644 0 0 -1
-15.1593 48.8848 -120.02644 0 1 0
-15.1593 48.8848 -120.02644 -1 0 0
15.1565 48.8848 -120.02644 1 0 0
15.1565 48.8848 -120.02644 0 0 -1
15.1565 48.8848 -120.02644 0 1 0
15.1565 48.8848 -119.97642 1 0 0
15.1565 48.8848 -119.97642 0 0 1
15.1565 48.8848 -119.97642 0 1 0
15.1565 48.8348 -119.97642 1 0 0
15.1565 48.8348 -119.97642 0 -1 0
15.1565 48.8348 -119.97642 0 0 1
15.1565 48.8348 -120.02644 1 0 0
15.1565 48.8348 -120.02644 0 -1 0
15.1565 48.8348 -120.02644 0 0 -1
15.1573 48.2348 -115.46109 1 0 0
15.1573 48.2348 -115.46109 0 0 -1
15.1073 48.2348 -115.46109 0 0 -1
15.1073 48.2348 -115.46109 -1 0 0
15.1073 48.2348 -115.41109 0 0 1
15.1073 48.2348 -115.41109 -1 0 0
15.1573 48.2348 -115.41109 1 0 0
15.1573 48.2348 -115.41109 0 0 1
15.1573 49.5095 -115.41109 1 0 0
15.1573 49.5095 -115.41109 0 0 1
15.1073 49.5095 -115.41109 0 0 1
15.1073 49.5095 -115.41109 -1 0 0
15.1073 49.5095 -115.46109 0 0 -1
15.1073 49.5095 -115.46109 -1 0 0
15.1573 49.5095 -115.46109 1 0 0
15.1573 49.5095 -115.46109 0 0 -1
-15.1591 48.2348 -115.46109 0 0 -1
-15.1591 48.2348 -115.46109 -1 0 0
-15.1091 48.2348 -115.46109 1 0 0
-15.1091 48.2348 -115.46109 0 0 -1
-15.1091 48.2348 -115.41109 1 0 0
-15.1091 48.2348 -115.41109 0 0 1
-15.1591 48.2348 -115.41109 0 0 1
-15.1591 48.2348 -115.41109 -1 0 0
-15.1591 49.5095 -115.41109 0 0 1
-15.1591 49.5095 -115.41109 -1 0 0
-15.1091 49.5095 -115.41109 1 0 0
-15.1091 49.5095 -115.41109 0 0 1
-15.1091 49.5095 -115.46109 1 0 0
-15.1091 49.5095 -115.46109 0 0 -1
-15.1591 49.5095 -115.46109 0 0 -1
-15.1591 49.5095 -115.46109 -1 0 0
15.1573 49.5095 -116.98611 1 0 0
15.1573 49.5095 -116.98611 0 0 -1
15.1073 49.5095 -116.98611 0 0 -1
15.1073 49.5095 -116.98611 -1 0 0
15.1073 49.5095 -116.9361 0 0 1
15.1073 49.5095 -116.9361 -1 0 0
15.1573 49.5095 -116.9361 1 0 0
15.1573 49.5095 -116.9361 0 0 1
15.1573 48.2348 -116.9361 1 0 0
15.1573 48.2348 -116.9361 0 0 1
15.1073 48.2348 -116.9361 0 0 1
15.1073 48.2348 -116.9361 -1 0 0
15.1073 48.2348 -116.98611 0 0 -1
15.1073 48.2348 -116.98611 -1 0 0
15.1573 48.2348 -116.98611 1 0 0
15.1573 48.2348 -116.98611 0 0 -1
-15.1591 49.5095 -116.98611 0 0 -1
-15.1591 49.5095 -116.98611 -1 0 0
-15.1091 49.5095 -116.98611 1 0 0
-15.1091 49.5095 -116.98611 0 0 -1
-15.1091 49.5095 -116.9361 1 0 0
-15.1091 49.5095 -116.9361 0 0 1
-15.1591 49.5095 -116.9361 0 0 1
-15.1591 49.5095 -116.9361 -1 0 0
-15.1591 48.2348 -116.9361 0 0 1
-15.1591 48.2348 -116.9361 -1 0 0
-15.1091 48.2348 -116.9361 1 0 0
-15.1091 48.2348 -116.9361 0 0 1
-15.1091 48.2348 -116.98611 1 0 0
-15.1091 48.2348 -116.98611 0 0 -1
-15.1591 48.2348 -116.98611 0 0 -1
-15.1591 48.2348 -116.98611 -1 0 0
15.1573 48.2348 -118.51111 1 0 0
15.1573 48.2348 -118.51111 0 0 -1
15.1073 48.2348 -118.51111 0 0 -1
15.1073 48.2348 -118.51111 -1 0 0
15.1073 48.2348 -118.46111 0 0 1
15.1073 48.2348 -118.46111 -1 0 0
15.1573 48.2348 -118.46111 1 0 0
15.1573 48.2348 -118.46111 0 0 1
15.1573 49.5095 -118.46111 1 0 0
15.1573 49.5095 -118.46111 0 0 1
15.1073 49.5095 -118.46111 0 0 1
15.1073 49.5095 -118.46111 -1 0 0
15.1073 49.5095 -118.51111 0 0 -1
15.1073 49.5095 -118.51111 -1 0 0
15.1573 49.5095 -118.51111 1 0 0
15.1573 49.5095 -118.51111 0 0 -1
-15.1591 48.2348 -118.51111 0 0 -1
-15.1591 48.2348 -118.51111 -1 0 0
-15.1091 48.2348 -118.51111 1 0 0
-15.1091 48.2348 -118.51111 0 0 -1
-15.1091 48.2348 -118.46111 1 0 0
-15.1091 48.2348 -118.46111 0 0 1
-15.1591 48.2348 -118.46111 0 0 1
-15.1591 48.2348 -118.46111 -1 0 0
-15.1591 49.5095 -118.46111 0 0 1
-15.1591 49.5095 -118.46111 -1 0 0
-15.1091 49.5095 -118.46111 1 0 0
-15.1091 49.5095 -118.46111 0 0 1
-15.1091 49.5095 -118.51111 1 0 0
-15.1091 49.5095 -118.51111 0 0 -1
-15.1591 49.5095 -118.51111 0 0 -1
-15.1591 49.5095 -118.51111 -1 0 0
13.8237 48.2348 -120.02594 1 0 0
13.8237 48.2348 -120.02594 0 0 -1
13.7737 48.2348 -120.02594 0 0 -1
13.7737 48.2348 -120.02594 -1 0 0
13.7737 48.2348 -119.9759 0 0 1
13.7737 48.2348 -119.9759 -1 0 0
13.8237 48.2348 -119.9759 1 0 0
13.8237 48.2348 -119.9759 0 0 1
13.8237 49.5095 -119.9759 1 0 0
13.8237 49.5095 -119.9759 0 0 1
13.7737 49.5095 -119.9759 0 0 1
13.7737 49.5095 -119.9759 -1 0 0
13.7737 49.5095 -120.02594 0 0 -1
13.7737 49.5095 -120.02594 -1 0 0
13.8237 49.5095 -120.02594 1 0 0
13.8237 49.5095 -120.02594 0 0 -1
12.3237 49.5095 -120.02594 1 0 0
12.3237 49.5095 -120.02594 0 0 -1
12.2737 49.5095 -120.02594 0 0 -1
12.2737 49.5095 -120.02594 -1 0 0
12.2737 49.5095 -119.9759 0 0 1
12.2737 49.5095 -119.9759 -1 0 0
12.3237 49.5095 -119.9759 1 0 0
12.3237 49.5095 -119.9759 0 0 1
12.3237 48.2348 -119.9759 1 0 0
12.3237 48.2348 -119.9759 0 0 1
12.2737 48.2348 -119.9759 0 0 1
12.2737 48.2348 -119.9759 -1 0 0
12.2737 48.2348 -120.02594 0 0 -1
12.2737 48.2348 -120.02594 -1 0 0
12.3237 48.2348 -120.02594 1 0 0
12.3237 48.2348 -120.02594 0 0 -1
10.8237 48.2348 -120.02594 1 0 0
10.8237 48.2348 -120.02594 0 0 -1
10.7737 48.2348 -120.02594 0 0 -1
10.7737 48.2348 -120.02594 -1 0 0
10.7737 48.2348 -119.9759 0 0 1
10.7737 48.2348 -119.9759 -1 0 0
10.8237 48.2348 -119.9759 1 0 0
10.8237 48.2348 -119.9759 0 0 1
10.8237 49.5095 -119.9759 1 0 0
10.8237 49.5095 -119.9759 0 0 1
10.7737 49.5095 -119.9759 0 0 1
10.7737 49.5095 -119.9759 -1 0 0
10.7737 49.5095 -120.02594 0 0 -1
10.7737 49.5095 -120.02594 -1 0 0
10.8237 49.5095 -120.02594 1 0 0
10.8237 49.5095 -120.02594 0 0 -1
9.32369 49.5095 -120.02594 1 0 0
9.32369 49.5095 -120.02594 0 0 -1
9.27369 49.5095 -120.02594 0 0 -1
9.27369 49.5095 -120.02594 -1 0 0
9.27369 49.5095 -119.9759 0 0 1
9.27369 49.5095 -119.9759 -1 0 0
9.32369 49.5095 -119.9759 1 0 0
9.32369 49.5095 -119.9759 0 0 1
9.32369 48.2348 -119.9759 1 0 0
9.32369 48.2348 -119.9759 0 0 1
9.27369 48.2348 -119.9759 0 0 1
9.27369 48.2348 -119.9759 -1 0 0
9.27369 48.2348 -120.02594 0 0 -1
9.27369 48.2348 -120.02594 -1 0 0
9.32369 48.2348 -120.02594 1 0 0
9.32369 48.2348 -120.02594 0 0 -1
7.82369 48.2348 -120.02594 1 0 0
7.82369 48.2348 -120.02594 0 0 -1
7.77369 48.2348 -120.02594 0 0 -1
7.77369 48.2348 -120.02594 -1 0 0
7.77369 48.2348 -119.9759 0 0 1
7.77369 48.2348 -119.9759 -1 0 0
7.82369 48.2348 -119.9759 1 0 0
7.82369 48.2348 -119.9759 0 0 1
7.82369 49.5095 -119.9759 1 0 0
7.82369 49.5095 -119.9759 0 0 1
7.77369 49.5095 -119.9759 0 0 1
7.77369 49.5095 -119.9759 -1 0 0
7.77369 49.5095 -120.02594 0 0 -1
7.77369 49.5095 -120.02594 -1 0 0
7.82369 49.5095 -120.02594 1 0 0
7.82369 49.5095 -120.02594 0 0 -1
6.32369 49.5095 -120.02594 1 0 0
6.32369 49.5095 -120.02594 0 0 -1
6.27369 49.5095 -120.02594 0 0 -1
6.27369 49.5095 -120.02594 -1 0 0
6.27369 49.5095 -119.9759 0 0 1
6.27369 49.5095 -119.9759 -1 0 0
6.32369 49.5095 -119.9759 1 0 0
6.32369 49.5095 -119.9759 0 0 1
6.32369 48.2348 -119.9759 1 0 0
6.32369 48.2348 -119.9759 0 0 1
6.27369 48.2348 -119.9759 0 0 1
6.27369 48.2348 -119.9759 -1 0 0
6.27369 48.2348 -120.02594 0 0 -1
6.27369 48.2348 -120.02594 -1 0 0
6.32369 48.2348 -120.02594 1 0 0
6.32369 48.2348 -120.02594 0 0 -1
4.82369 48.2348 -120.02594 1 0 0
4.82369 48.2348 -120.02594 0 0 -1
4.77369 48.2348 -120.02594 0 0 -1
4.77369 48.2348 -120.02594 -1 0 0
4.77369 48.2348 -119.9759 0 0 1
4.77369 48.2348 -119.9759 -1 0 0
4.82369 48.2348 -119.9759 1 0 0
4.82369 48.2348 -119.9759 0 0 1
4.82369 49.5095 -119.9759 1 0 0
4.82369 49.5095 -119.9759 0 0 1
4.77369 49.5095 -119.9759 0 0 1
4.77369 49.5095 -119.9759 -1 0 0
4.77369 49.5095 -120.02594 0 0 -1
4.77369 49.5095 -120.02594 -1 0 0
4.82369 49.5095 -120.02594 1 0 0
4.82369 49.5095 -120.02594 0 0 -1
3.32369 49.5095 -120.02594 1 0 0
3.32369 49.5095 -120.02594 0 0 -1
3.27369 49.5095 -120.02594 0 0 -1
3.27369 49.5095 -120.02594 -1 0 0
3.27369 49.5095 -119.9759 0 0 1
3.27369 49.5095 -119.9759 -1 0 0
3.32369 49.5095 -119.9759 1 0 0
3.32369 49.5095 -119.9759 0 0 1
3.32369 48.2348 -119.9759 1 0 0
3.32369 48.2348 -119.9759 0 0 1
3.27369 48.2348 -119.9759 0 0 1
3.27369 48.2348 -119.9759 -1 0 0
3.27369 48.2348 -120.02594 0 0 -1
3.27369 48.2348 -120.02594 -1 0 0
3.32369 48.2348 -120.02594 1 0 0
3.32369 48.2348 -120.02594 0 0 -1
1.82369 48.2348 -120.02594 1 0 0
1.82369 48.2348 -120.02594 0 0 -1
1.77369 48.2348 -120.02594 0 0 -1
1.77369 48.2348 -120.02594 -1 0 0
1.77369 48.2348 -119.9759 0 0 1
1.77369 48.2348 -119.9759 -1 0 0
1.82369 48.2348 -119.9759 1 0 0
1.82369 48.2348 -119.9759 0 0 1
1.82369 49.5095 -119.9759 1 0 0
1.82369 49.5095 -119.9759 0 0 1
1.77369 49.5095 -119.9759 0 0 1
1.77369 49.5095 -119.9759 -1 0 0
1.77369 49.5095 -120.02594 0 0 -1
1.77369 49.5095 -120.02594 -1 0 0
1.82369 49.5095 -120.02594 1 0 0
1.82369 49.5095 -120.02594 0 0 -1
-13.8237 48.2348 -120.02594 0 0 -1
-13.8237 48.2348 -120.02594 -1 0 0
-13.7737 48.2348 -120.02594 1 0 0
-13.7737 48.2348 -120.02594 0 0 -1
-13.7737 48.2348 -119.9759 1 0 0
-13.7737 48.2348 -119.9759 0 0 1
-13.8237 48.2348 -119.9759 0 0 1
-13.8237 48.2348 -119.9759 -1 0 0
-13.8237 49.5095 -119.9759 0 0 1
-13.8237 49.5095 -119.9759 -1 0 0
-13.7737 49.5095 -119.9759 1 0 0
-13.7737 49.5095 -119.9759 0 0 1
-13.7737 49.5095 -120.02594 1 0 0
-13.7737 49.5095 -120.02594 0 0 -1
-13.8237 49.5095 -120.02594 0 0 -1
-13.8237 49.5095 -120.02594 -1 0 0
-12.3237 49.5095 -120.02594 0 0 -1
-12.3237 49.5095 -120.02594 -1 0 0
-12.2737 49.5095 -120.02594 1 0 0
-12.2737 49.5095 -120.02594 0 0 -1
-12.2737 49.5095 -119.9759 1 0 0
-12.2737 49.5095 -119.9759 0 0 1
-12.3237 49.5095 -119.9759 0 0 1
-12.3237 49.5095 -119.9759 -1 0 0
-12.3237 48.2348 -119.9759 0 0 1
-12.3237 48.2348 -119.9759 -1 0 0
-12.2737 48.2348 -119.9759 1 0 0
-12.2737 48.2348 -119.9759 0 0 1
-12.2737 48.2348 -120.02594 1 0 0
-12.2737 48.2348 -120.02594 0 0 -1
-12.3237 48.2348 -120.02594 0 0 -1
-12.3237 48.2348 -120.02594 -1 0 0
-10.8237 48.2348 -120.02594 0 0 -1
-10.8237 48.2348 -120.02594 -1 0 0
-10.7737 48.2348 -120.02594 1 0 0
-10.7737 48.2348 -120.02594 0 0 -1
-10.7737 48.2348 -119.9759 1 0 0
-10.7737 48.2348 -119.9759 0 0 1
-10.8237 48.2348 -119.9759 0 0 1
-10.8237 48.2348 -119.9759 -1 0 0
-10.8237 49.5095 -119.9759 0 0 1
-10.8237 49.5095 -119.9759 -1 0 0
-10.7737 49.5095 -119.9759 1 0 0
-10.7737 49.5095 -119.9759 0 0 1
-10.7737 49.5095 -120.02594 1 0 0
-10.7737 49.5095 -120.02594 0 0 -1
-10.8237 49.5095 -120.02594 0 0 -1
-10.8237 49.5095 -120.02594 -1 0 0
-9.3237 49.5095 -120.02594 0 0 -1
-9.3237 49.5095 -120.02594 -1 0 0
-9.2737 49.5095 -120.02594 1 0 0
-9.2737 49.5095 -120.02594 0 0 -1
-9.2737 49.5095 -119.9759 1 0 0
-9.2737 49.5095 -119.9759 0 0 1
-9.3237 49.5095 -119.9759 0 0 1
-9.3237 49.5095 -119.9759 -1 0 0
-9.3237 48.2348 -119.9759 0 0 1
-9.3237 48.2348 -119.9759 -1 0 0
-9.2737 48.2348 -119.9759 1 0 0
-9.2737 48.2348 -119.9759 0 0 1
-9.2737 48.2348 -120.02594 1 0 0
-9.2737 48.2348 -120.02594 0 0 -1
-9.3237 48.2348 -120.02594 0 0 -1
-9.3237 48.2348 -120.02594 -1 0 0
-7.8237 48.2348 -120.02594 0 0 -1
-7.8237 48.2348 -120.02594 -1 0 0
-7.7737 48.2348 -120.02594 1 0 0
-7.7737 48.2348 -120.02594 0 0 -1
-7.7737 48.2348 -119.9759 1 0 0
-7.7737 48.2348 -119.9759 0 0 1
-7.8237 48.2348 -119.9759 0 0 1
-7.8237 48.2348 -119.9759 -1 0 0
-7.8237 49.5095 -119.9759 0 0 1
-7.8237 49.5095 -119.9759 -1 0 0
-7.7737 49.5095 -119.9759 1 0 0
-7.7737 49.5095 -119.9759 0 0 1
-7.7737 49.5095 -120.02594 1 0 0
-7.7737 49.5095 -120.02594 0 0 -1
-7.8237 49.5095 -120.02594 0 0 -1
-7.8237 49.5095 -120.02594 -1 0 0
-6.3237 49.5095 -120.02594 0 0 -1
-6.3237 49.5095 -120.02594 -1 0 0
-6.2737 49.5095 -120.02594 1 0 0
-6.2737 49.5095 -120.02594 0 0 -1
-6.2737 49.5095 -119.9759 1 0 0
-6.2737 49.5095 -119.9759 0 0 1
-6.3237 49.5095 -119.9759 0 0 1
-6.3237 49.5095 -119.9759 -1 0 0
-6.3237 48.2348 -119.9759 0 0 1
-6.3237 48.2348 -119.9759 -1 0 0
-6.2737 48.2348 -119.9759 1 0 0
-6.2737 48.2348 -119.9759 0 0 1
-6.2737 48.2348 -120.02594 1 0 0
-6.2737 48.2348 -120.02594 0 0 -1
-6.3237 48.2348 -120.02594 0 0 -1
-6.3237 48.2348 -120.02594 -1 0 0
-4.8237 48.2348 -120.02594 0 0 -1
-4.8237 48.2348 -120.02594 -1 0 0
-4.7737 48.2348 -120.02594 1 0 0
-4.7737 48.2348 -120.02594 0 0 -1
-4.7737 48.2348 -119.9759 1 0 0
-4.7737 48.2348 -119.9759 0 0 1
-4.8237 48.2348 -119.9759 0 0 1
-4.8237 48.2348 -119.9759 -1 0 0
-4.8237 49.5095 -119.9759 0 0 1
-4.8237 49.5095 -119.9759 -1 0 0
-4.7737 49.5095 -119.9759 1 0 0
-4.7737 49.5095 -119.9759 0 0 1
-4.7737 49.5095 -120.02594 1 0 0
-4.7737 49.5095 -120.02594 0 0 -1
-4.8237 49.5095 -120.02594 0 0 -1
-4.8237 49.5095 -120.02594 -1 0 0
-3.3237 49.5095 -120.02594 0 0 -1
-3.3237 49.5095 -120.02594 -1 0 0
-3.2737 49.5095 -120.02594 1 0 0
-3.2737 49.5095 -120.02594 0 0 -1
-3.2737 49.5095 -119.9759 1 0 0
-3.2737 49.5095 -119.9759 0 0 1
-3.3237 49.5095 -119.9759 0 0 1
-3.3237 49.5095 -119.9759 -1 0 0
-3.3237 48.2348 -119.9759 0 0 1
-3.3237 48.2348 -119.9759 -1 0 0
-3.2737 48.2348 -119.9759 1 0 0
-3.2737 48.2348 -119.9759 0 0 1
-3.2737 48.2348 -120.02594 1 0 0
-3.2737 48.2348 -120.02594 0 0 -1
-3.3237 48.2348 -120.02594 0 0 -1
-3.3237 48.2348 -120.02594 -1 0 0
-1.8237 48.2348 -120.02594 0 0 -1
-1.8237 48.2348 -120.02594 -1 0 0
-1.7737 48.2348 -120.02594 1 0 0
-1.7737 48.2348 -120.02594 0 0 -1
-1.7737 48.2348 -119.9759 1 0 0
-1.7737 48.2348 -119.9759 0 0 1
-1.8237 48.2348 -119.9759 0 0 1
-1.8237 48.2348 -119.9759 -1 0 0
-1.8237 49.5095 -119.9759 0 0 1
-1.8237 49.5095 -119.9759 -1 0 0
-1.7737 49.5095 -119.9759 1 0 0
-1.7737 49.5095 -119.9759 0 0 1
-1.7737 49.5095 -120.02594 1 0 0
-1.7737 49.5095 -120.02594 0 0 -1
-1.8237 49.5095 -120.02594 0 0 -1
-1.8237 49.5095 -120.02594 -1 0 0
15.1573 45.3349 -109.46109 1 0 0
15.1573 45.3349 -109.46109 0 0 -1
15.1073 45.3349 -109.46109 0 0 -1
15.1073 45.3349 -109.46109 -1 0 0
15.1073 45.3349 -109.41109 0 0 1
15.1073 45.3349 -109.41109 -1 0 0
15.1573 45.3349 -109.41109 1 0 0
15.1573 45.3349 -109.41109 0 0 1
15.1573 46.6096 -109.41109 1 0 0
15.1573 46.6096 -109.41109 0 0 1
15.1073 46.6096 -109.41109 0 0 1
15.1073 46.6096 -109.41109 -1 0 0
15.1073 46.6096 -109.46109 0 0 -1
15.1073 46.6096 -109.46109 -1 0 0
15.1573 46.6096 -109.46109 1 0 0
15.1573 46.6096 -109.46109 0 0 -1
-15.1591 45.3349 -109.46109 0 0 -1
-15.1591 45.3349 -109.46109 -1 0 0
-15.1091 45.3349 -109.46109 1 0 0
-15.1091 45.3349 -109.46109 0 0 -1
-15.1091 45.3349 -109.41109 1 0 0
-15.1091 45.3349 -109.41109 0 0 1
-15.1591 45.3349 -109.41109 0 0 1
-15.1591 45.3349 -109.41109 -1 0 0
-15.1591 46.6096 -109.41109 0 0 1
-15.1591 46.6096 -109.41109 -1 0 0
-15.1091 46.6096 -109.41109 1 0 0
-15.1091 46.6096 -109.41109 0 0 1
-15.1091 46.6096 -109.46109 1 0 0
-15.1091 46.6096 -109.46109 0 0 -1
-15.1591 46.6096 -109.46109 0 0 -1
-15.1591 46.6096 -109.46109 -1 0 0
15.1573 46.6096 -110.98611 1 0 0
15.1573 46.6096 -110.98611 0 0 -1
15.1073 46.6096 -110.98611 0 0 -1
15.1073 46.6096 -110.98611 -1 0 0
15.1073 46.6096 -110.9361 0 0 1
15.1073 46.6096 -110.9361 -1 0 0
15.1573 46.6096 -110.9361 1 0 0
15.1573 46.6096 -110.9361 0 0 1
15.1573 45.3349 -110.9361 1 0 0
15.1573 45.3349 -110.9361 0 0 1
15.1073 45.3349 -110.9361 0 0 1
15.1073 45.3349 -110.9361 -1 0 0
15.1073 45.3349 -110.98611 0 0 -1
15.1073 45.3349 -110.98611 -1 0 0
15.1573 45.3349 -110.98611 1 0 0
15.1573 45.3349 -110.98611 0 0 -1
-15.1591 46.6096 -110.98611 0 0 -1
-15.1591 46.6096 -110.98611 -1 0 0
-15.1091 46.6096 -110.98611 1 0 0
-15.1091 46.6096 -110.98611 0 0 -1
-15.1091 46.6096 -110.9361 1 0 0
-15.1091 46.6096 -110.9361 0 0 1
-15.1591 46.6096 -110.9361 0 0 1
-15.1591 46.6096 -110.9361 -1 0 0
-15.1591 45.3349 -110.9361 0 0 1
-15.1591 45.3349 -110.9361 -1 0 0
-15.1091 45.3349 -110.9361 1 0 0
-15.1091 45.3349 -110.9361 0 0 1
-15.1091 45.3349 -110.98611 1 0 0
-15.1091 45.3349 -110.98611 0 0 -1
-15.1591 45.3349 -110.98611 0 0 -1
-15.1591 45.3349 -110.98611 -1 0 0
15.1573 45.3349 -112.51111 1 0 0
15.1573 45.3349 -112.51111 0 0 -1
15.1073 45.3349 -112.51111 0 0 -1
15.1073 45.3349 -112.51111 -1 0 0
15.1073 45.3349 -112.46111 0 0 1
15.1073 45.3349 -112.46111 -1 0 0
15.1573 45.3349 -112.46111 1 0 0
15.1573 45.3349 -112.46111 0 0 1
15.1573 46.6096 -112.46111 1 0 0
15.1573 46.6096 -112.46111 0 0 1
15.1073 46.6096 -112.46111 0 0 1
15.1073 46.6096 -112.46111 -1 0 0
15.1073 46.6096 -112.51111 0 0 -1
15.1073 46.6096 -112.51111 -1 0 0
15.1573 46.6096 -112.51111 1 0 0
15.1573 46.6096 -112.51111 0 0 -1
-15.1591 45.3349 -112.51111 0 0 -1
-15.1591 45.3349 -112.51111 -1 0 0
-15.1091 45.3349 -112.51111 1 0 0
-15.1091 45.3349 -112.51111 0 0 -1
-15.1091 45.3349 -112.46111 1 0 0
-15.1091 45.3349 -112.46111 0 0 1
-15.1591 45.3349 -112.46111 0 0 1
-15.1591 45.3349 -112.46111 -1 0 0
-15.1591 46.6096 -112.46111 0 0 1
-15.1591 46.6096 -112.46111 -1 0 0
-15.1091 46.6096 -112.46111 1 0 0
-15.1091 46.6096 -112.46111 0 0 1
-15.1091 46.6096 -112.51111 1 0 0
-15.1091 46.6096 -112.51111 0 0 -1
-15.1591 46.6096 -112.51111 0 0 -1
-15.1591 46.6096 -112.51111 -1 0 0
-14.9781 46.6096 -120.02594 1 0 0
-14.9781 46.6096 -120.02594 0 0 -1
-15.0281 46.6096 -120.02594 0 0 -1
-15.0281 46.6096 -120.02594 -1 0 0
-15.0281 46.6096 -119.9759 0 0 1
-15.0281 46.6096 -119.9759 -1 0 0
-14.9781 46.6096 -119.9759 1 0 0
-14.9781 46.6096 -119.9759 0 0 1
-14.9781 45.3349 -119.9759 1 0 0
-14.9781 45.3349 -119.9759 0 0 1
-15.0281 45.3349 -119.9759 0 0 1
-15.0281 45.3349 -119.9759 -1 0 0
-15.0281 45.3349 -120.02594 0 0 -1
-15.0281 45.3349 -120.02594 -1 0 0
-14.9781 45.3349 -120.02594 1 0 0
-14.9781 45.3349 -120.02594 0 0 -1
0.023695 45.3349 -120.02594 1 0 0
0.023695 45.3349 -120.02594 0 0 -1
-0.026305 45.3349 -120.02594 0 0 -1
-0.026305 45.3349 -120.02594 -1 0 0
-0.026305 45.3349 -119.9759 0 0 1
-0.026305 45.3349 -119.9759 -1 0 0
0.023695 45.3349 -119.9759 1 0 0
0.023695 45.3349 -119.9759 0 0 1
0.023695 46.6096 -119.9759 1 0 0
0.023695 46.6096 -119.9759 0 0 1
-0.026305 46.6096 -119.9759 0 0 1
-0.026305 46.6096 -119.9759 -1 0 0
-0.026305 46.6096 -120.02594 0 0 -1
-0.026305 46.6096 -120.02594 -1 0 0
0.023695 46.6096 -120.02594 1 0 0
0.023695 46.6096 -120.02594 0 0 -1
15.1573 45.3349 -103.46109 1 0 0
15.1573 45.3349 -103.46109 0 0 -1
15.1073 45.3349 -103.46109 0 0 -1
15.1073 45.3349 -103.46109 -1 0 0
15.1073 45.3349 -103.41109 0 0 1
15.1073 45.3349 -103.41109 -1 0 0
15.1573 45.3349 -103.41109 1 0 0
15.1573 45.3349 -103.41109 0 0 1
15.1573 46.6096 -103.41109 1 0 0
15.1573 46.6096 -103.41109 0 0 1
15.1073 46.6096 -103.41109 0 0 1
15.1073 46.6096 -103.41109 -1 0 0
15.1073 46.6096 -103.46109 0 0 -1
15.1073 46.6096 -103.46109 -1 0 0
15.1573 46.6096 -103.46109 1 0 0
15.1573 46.6096 -103.46109 0 0 -1
-15.1591 45.3349 -103.46109 0 0 -1
-15.1591 45.3349 -103.46109 -1 0 0
-15.1091 45.3349 -103.46109 1 0 0
-15.1091 45.3349 -103.46109 0 0 -1
-15.1091 45.3349 -103.41109 1 0 0
-15.1091 45.3349 -103.41109 0 0 1
-15.1591 45.3349 -103.41109 0 0 1
-15.1591 45.3349 -103.41109 -1 0 0
-15.1591 46.6096 -103.41109 0 0 1
-15.1591 46.6096 -103.41109 -1 0 0
-15.1091 46.6096 -103.41109 1 0 0
-15.1091 46.6096 -103.41109 0 0 1
-15.1091 46.6096 -103.46109 1 0 0
-15.1091 46.6096 -103.46109 0 0 -1
-15.1591 46.6096 -103.46109 0 0 -1
-15.1591 46.6096 -103.46109 -1 0 0
15.1573 46.6096 -104.98611 1 0 0
15.1573 46.6096 -104.98611 0 0 -1
15.1073 46.6096 -104.98611 0 0 -1
15.1073 46.6096 -104.98611 -1 0 0
15.1073 46.6096 -104.9361 0 0 1
15.1073 46.6096 -104.9361 -1 0 0
15.1573 46.6096 -104.9361 1 0 0
15.1573 46.6096 -104.9361 0 0 1
15.1573 45.3349 -104.9361 1 0 0
15.1573 45.3349 -104.9361 0 0 1
15.1073 45.3349 -104.9361 0 0 1
15.1073 45.3349 -104.9361 -1 0 0
15.1073 45.3349 -104.98611 0 0 -1
15.1073 45.3349 -104.98611 -1 0 0
15.1573 45.3349 -104.98611 1 0 0
15.1573 45.3349 -104.98611 0 0 -1
-15.1591 46.6096 -104.98611 0 0 -1
-15.1591 46.6096 -104.98611 -1 0 0
-15.1091 46.6096 -104.98611 1 0 0
-15.1091 46.6096 -104.98611 0 0 -1
-15.1091 46.6096 -104.9361 1 0 0
-15.1091 46.6096 -104.9361 0 0 1
-15.1591 46.6096 -104.9361 0 0 1
-15.1591 46.6096 -104.9361 -1 0 0
-15.1591 45.3349 -104.9361 0 0 1
-15.1591 45.3349 -104.9361 -1 0 0
-15.1091 45.3349 -104.9361 1 0 0
-15.1091 45.3349 -104.9361 0 0 1
-15.1091 45.3349 -104.98611 1 0 0
-15.1091 45.3349 -104.98611 0 0 -1
-15.1591 45.3349 -104.98611 0 0 -1
-15.1591 45.3349 -104.98611 -1 0 0
15.1573 45.3349 -106.51111 1 0 0
15.1573 45.3349 -106.51111 0 0 -1
15.1073 45.3349 -106.51111 0 0 -1
15.1073 45.3349 -106.51111 -1 0 0
15.1073 45.3349 -106.46111 0 0 1
15.1073 45.3349 -106.46111 -1 0 0
15.1573 45.3349 -106.46111 1 0 0
15.1573 45.3349 -106.46111 0 0 1
15.1573 46.6096 -106.46111 1 0 0
15.1573 46.6096 -106.46111 0 0 1
15.1073 46.6096 -106.46111 0 0 1
15.1073 46.6096 -106.46111 -1 0 0
15.1073 46.6096 -106.51111 0 0 -1
15.1073 46.6096 -106.51111 -1 0 0
15.1573 46.6096 -106.51111 1 0 0
15.1573 46.6096 -106.51111 0 0 -1
-15.1591 45.3349 -106.51111 0 0 -1
-15.1591 45.3349 -106.51111 -1 0 0
-15.1091 45.3349 -106.51111 1 0 0
-15.1091 45.3349 -106.51111 0 0 -1
-15.1091 45.3349 -106.46111 1 0 0
-15.1091 45.3349 -106.46111 0 0 1
-15.1591 45.3349 -106.46111 0 0 1
-15.1591 45.3349 -106.46111 -1 0 0
-15.1591 46.6096 -106.46111 0 0 1
-15.1591 46.6096 -106.46111 -1 0 0
-15.1091 46.6096 -106.46111 1 0 0
-15.1091 46.6096 -106.46111 0 0 1
-15.1091 46.6096 -106.51111 1 0 0
-15.1091 46.6096 -106.51111 0 0 -1
-15.1591 46.6096 -106.51111 0 0 -1
-15.1591 46.6096 -106.51111 -1 0 0
15.1573 45.9349 -101.99689 1 0 0
15.1573 45.9349 -101.99689 0 -1 0
15.1073 45.9349 -101.99689 0 -1 0
15.1073 45.9349 -101.99689 -1 0 0
15.1073 45.9849 -101.99689 0 1 0
15.1073 45.9849 -101.99689 -1 0 0
15.1573 45.9849 -101.99689 1 0 0
15.1573 45.9849 -101.99689 0 1 0
15.1573 45.9849 -119.97654 1 0 0
15.1573 45.9849 -119.97654 0 1 0
15.1073 45.9849 -119.97654 0 1 0
15.1073 45.9849 -119.97654 -1 0 0
15.1073 45.9349 -119.97654 0 -1 0
15.1073 45.9349 -119.97654 -1 0 0
15.1573 45.9349 -119.97654 1 0 0
15.1573 45.9349 -119.97654 0 -1 0
-15.1591 45.9349 -101.99689 0 -1 0
-15.1591 45.9349 -101.99689 -1 0 0
-15.1091 45.9349 -101.99689 1 0 0
-15.1091 45.9349 -101.99689 0 -1 0
-15.1091 45.9849 -101.99689 1 0 0
-15.1091 45.9849 -101.99689 0 1 0
-15.1591 45.9849 -101.99689 0 1 0
-15.1591 45.9849 -101.99689 -1 0 0
-15.1591 45.9849 -119.97654 0 1 0
-15.1591 45.9849 -119.97654 -1 0 0
-15.1091 45.9849 -119.97654 1 0 0
-15.1091 45.9849 -119.97654 0 1 0
-15.1091 45.9349 -119.97654 1 0 0
-15.1091 45.9349 -119.97654 0 -1 0
-15.1591 45.9349 -119.97654 0 -1 0
-15.1591 45.9349 -119.97654 -1 0 0
15.1573 46.6099 -119.97616 1 0 0
15.1573 46.6099 -119.97616 0 -1 0
15.1073 46.6099 -119.97616 0 -1 0
15.1073 46.6099 -119.97616 -1 0 0
15.1073 46.6599 -119.97616 0 1 0
15.1073 46.6599 -119.97616 -1 0 0
15.1573 46.6599 -119.97616 1 0 0
15.1573 46.6599 -119.97616 0 1 0
15.1573 46.6599 -101.99638 1 0 0
15.1573 46.6599 -101.99638 0 1 0
15.1073 46.6599 -101.99638 0 1 0
15.1073 46.6599 -101.99638 -1 0 0
15.1073 46.6099 -101.99638 0 -1 0
15.1073 46.6099 -101.99638 -1 0 0
15.1573 46.6099 -101.99638 1 0 0
15.1573 46.6099 -101.99638 0 -1 0
-15.1591 46.6099 -119.97616 0 -1 0
-15.1591 46.6099 -119.97616 -1 0 0
-15.1091 46.6099 -119.97616 1 0 0
-15.1091 46.6099 -119.97616 0 -1 0
-15.1091 46.6599 -119.97616 1 0 0
-15.1091 46.6599 -119.97616 0 1 0
-15.1591 46.6599 -119.97616 0 1 0
-15.1591 46.6599 -119.97616 -1 0 0
-15.1591 46.6599 -101.99638 0 1 0
-15.1591 46.6599 -101.99638 -1 0 0
-15.1091 46.6599 -101.99638 1 0 0
-15.1091 46.6599 -101.99638 0 1 0
-15.1091 46.6099 -101.99638 1 0 0
-15.1091 46.6099 -101.99638 0 -1 0
-15.1591 46.6099 -101.99638 0 -1 0
-15.1591 46.6099 -101.99638 -1 0 0
15.1571 46.6099 -120.02644 1 0 0
15.1571 46.6099 -120.02644 0 -1 0
15.1571 46.6099 -120.02644 0 0 -1
15.1571 46.6099 -119.97642 1 0 0
15.1571 46.6099 -119.97642 0 -1 0
15.1571 46.6099 -119.97642 0 0 1
15.1571 46.6599 -119.97642 1 0 0
15.1571 46.6599 -119.97642 0 0 1
15.1571 46.6599 -119.97642 0 1 0
15.1571 46.6599 -120.02644 1 0 0
15.1571 46.6599 -120.02644 0 0 -1
15.1571 46.6599 -120.02644 0 1 0
-15.1587 46.6599 -120.02644 0 0 -1
-15.1587 46.6599 -120.02644 0 1 0
-15.1587 46.6599 -120.02644 -1 0 0
-15.1587 46.6599 -119.97642 0 0 1
-15.1587 46.6599 -119.97642 0 1 0
-15.1587 46.6599 -119.97642 -1 0 0
-15.1587 46.6099 -119.97642 0 -1 0
-15.1587 46.6099 -119.97642 0 0 1
-15.1587 46.6099 -119.97642 -1 0 0
-15.1587 46.6099 -120.02644 0 -1 0
-15.1587 46.6099 -120.02644 0 0 -1
-15.1587 46.6099 -120.02644 -1 0 0
-15.1593 45.9349 -120.02644 0 -1 0
-15.1593 45.9349 -120.02644 0 0 -1
-15.1593 45.9349 -120.02644 -1 0 0
-15.1593 45.9349 -119.97642 0 -1 0
-15.1593 45.9349 -119.97642 0 0 1
-15.1593 45.9349 -119.97642 -1 0 0
-15.1593 45.9849 -119.97642 0 0 1
-15.1593 45.9849 -119.97642 0 1 0
-15.1593 45.9849 -119.97642 -1 0 0
-15.1593 45.9849 -120.02644 0 0 -1
-15.1593 45.9849 -120.02644 0 1 0
-15.1593 45.9849 -120.02644 -1 0 0
15.1565 45.9849 -120.02644 1 0 0
15.1565 45.9849 -120.02644 0 0 -1
15.1565 45.9849 -120.02644 0 1 0
15.1565 45.9849 -119.97642 1 0 0
15.1565 45.9849 -119.97642 0 0 1
15.1565 45.9849 -119.97642 0 1 0
15.1565 45.9349 -119.97642 1 0 0
15.1565 45.9349 -119.97642 0 -1 0
15.1565 45.9349 -119.97642 0 0 1
15.1565 45.9349 -120.02644 1 0 0
15.1565 45.9349 -120.02644 0 -1 0
15.1565 45.9349 -120.02644 0 0 -1
15.1573 45.3349 -115.46109 1 0 0
15.1573 45.3349 -115.46109 0 0 -1
15.1073 45.3349 -115.46109 0 0 -1
15.1073 45.3349 -115.46109 -1 0 0
15.1073 45.3349 -115.41109 0 0 1
15.1073 45.3349 -115.41109 -1 0 0
15.1573 45.3349 -115.41109 1 0 0
15.1573 45.3349 -115.41109 0 0 1
15.1573 46.6096 -115.41109 1 0 0
15.1573 46.6096 -115.41109 0 0 1
15.1073 46.6096 -115.41109 0 0 1
15.1073 46.6096 -115.41109 -1 0 0
15.1073 46.6096 -115.46109 0 0 -1
15.1073 46.6096 -115.46109 -1 0 0
15.1573 46.6096 -115.46109 1 0 0
15.1573 46.6096 -115.46109 0 0 -1
-15.1591 45.3349 -115.46109 0 0 -1
-15.1591 45.3349 -115.46109 -1 0 0
-15.1091 45.3349 -115.46109 1 0 0
-15.1091 45.3349 -115.46109 0 0 -1
-15.1091 45.3349 -115.41109 1 0 0
-15.1091 45.3349 -115.41109 0 0 1
-15.1591 45.3349 -115.41109 0 0 1
-15.1591 45.3349 -115.41109 -1 0 0
-15.1591 46.6096 -115.41109 0 0 1
-15.1591 46.6096 -115.41109 -1 0 0
-15.1091 46.6096 -115.41109 1 0 0
-15.1091 46.6096 -115.41109 0 0 1
-15.1091 46.6096 -115.46109 1 0 0
-15.1091 46.6096 -115.46109 0 0 -1
-15.1591 46.6096 -115.46109 0 0 -1
-15.1591 46.6096 -115.46109 -1 0 0
15.1573 46.6096 -116.98611 1 0 0
15.1573 46.6096 -116.98611 0 0 -1
15.1073 46.6096 -116.98611 0 0 -1
15.1073 46.6096 -116.98611 -1 0 0
15.1073 46.6096 -116.9361 0 0 1
15.1073 46.6096 -116.9361 -1 0 0
15.1573 46.6096 -116.9361 1 0 0
15.1573 46.6096 -116.9361 0 0 1
15.1573 45.3349 -116.9361 1 0 0
15.1573 45.3349 -116.9361 0 0 1
15.1073 45.3349 -116.9361 0 0 1
15.1073 45.3349 -116.9361 -1 0 0
15.1073 45.3349 -116.98611 0 0 -1
15.1073 45.3349 -116.98611 -1 0 0
15.1573 45.3349 -116.98611 1 0 0
15.1573 45.3349 -116.98611 0 0 -1
-15.1591 46.6096 -116.98611 0 0 -1
-15.1591 46.6096 -116.98611 -1 0 0
-15.1091 46.6096 -116.98611 1 0 0
-15.1091 46.6096 -116.98611 0 0 -1
-15.1091 46.6096 -116.9361 1 0 0
-15.1091 46.6096 -116.9361 0 0 1
-15.1591 46.6096 -116.9361 0 0 1
-15.1591 46.6096 -116.9361 -1 0 0
-15.1591 45.3349 -116.9361 0 0 1
-15.1591 45.3349 -116.9361 -1 0 0
-15.1091 45.3349 -116.9361 1 0 0
-15.1091 45.3349 -116.9361 0 0 1
-15.1091 45.3349 -116.98611 1 0 0
-15.1091 45.3349 -116.98611 0 0 -1
-15.1591 45.3349 -116.98611 0 0 -1
-15.1591 45.3349 -116.98611 -1 0 0
15.1573 45.3349 -118.51111 1 0 0
15.1573 45.3349 -118.51111 0 0 -1
15.1073 45.3349 -118.51111 0 0 -1
15.1073 45.3349 -118.51111 -1 0 0
15.1073 45.3349 -118.46111 0 0 1
15.1073 45.3349 -118.46111 -1 0 0
15.1573 45.3349 -118.46111 1 0 0
15.1573 45.3349 -118.46111 0 0 1
15.1573 46.6096 -118.46111 1 0 0
15.1573 46.6096 -118.46111 0 0 1
15.1073 46.6096 -118.46111 0 0 1
15.1073 46.6096 -118.46111 -1 0 0
15.1073 46.6096 -118.51111 0 0 -1
15.1073 46.6096 -118.51111 -1 0 0
15.1573 46.6096 -118.51111 1 0 0
15.1573 46.6096 -118.51111 0 0 -1
-15.1591 45.3349 -118.51111 0 0 -1
-15.1591 45.3349 -118.51111 -1 0 0
-15.1091 45.3349 -118.51111 1 0 0
-15.1091 45.3349 -118.51111 0 0 -1
-15.1091 45.3349 -118.46111 1 0 0
-15.1091 45.3349 -118.46111 0 0 1
-15.1591 45.3349 -118.46111 0 0 1
-15.1591 45.3349 -118.46111 -1 0 0
-15.1591 46.6096 -118.46111 0 0 1
-15.1591 46.6096 -118.46111 -1 0 0
-15.1091 46.6096 -118.46111 1 0 0
-15.1091 46.6096 -118.46111 0 0 1
-15.1091 46.6096 -118.51111 1 0 0
-15.1091 46.6096 -118.51111 0 0 -1
-15.1591 46.6096 -118.51111 0 0 -1
-15.1591 46.6096 -118.51111 -1 0 0
13.8237 45.3349 -120.02594 1 0 0
13.8237 45.3349 -120.02594 0 0 -1
13.7737 45.3349 -120.02594 0 0 -1
13.7737 45.3349 -120.02594 -1 0 0
13.7737 45.3349 -119.9759 0 0 1
13.7737 45.3349 -119.9759 -1 0 0
13.8237 45.3349 -119.9759 1 0 0
13.8237 45.3349 -119.9759 0 0 1
13.8237 46.6096 -119.9759 1 0 0
13.8237 46.6096 -119.9759 0 0 1
13.7737 46.6096 -119.9759 0 0 1
13.7737 46.6096 -119.9759 -1 0 0
13.7737 46.6096 -120.02594 0 0 -1
13.7737 46.6096 -120.02594 -1 0 0
13.8237 46.6096 -120.02594 1 0 0
13.8237 46.6096 -120.02594 0 0 -1
12.3237 46.6096 -120.02594 1 0 0
12.3237 46.6096 -120.02594 0 0 -1
12.2737 46.6096 -120.02594 0 0 -1
12.2737 46.6096 -120.02594 -1 0 0
12.2737 46.6096 -119.9759 0 0 1
12.2737 46.6096 -119.9759 -1 0 0
12.3237 46.6096 -119.9759 1 0 0
12.3237 46.6096 -119.9759 0 0 1
12.3237 45.3349 -119.9759 1 0 0
12.3237 45.3349 -119.9759 0 0 1
12.2737 45.3349 -119.9759 0 0 1
12.2737 45.3349 -119.9759 -1 0 0
12.2737 45.3349 -120.02594 0 0 -1
12.2737 45.3349 -120.02594 -1 0 0
12.3237 45.3349 -120.02594 1 0 0
12.3237 45.3349 -120.02594 0 0 -1
10.8237 45.3349 -120.02594 1 0 0
10.8237 45.3349 -120.02594 0 0 -1
10.7737 45.3349 -120.02594 0 0 -1
10.7737 45.3349 -120.02594 -1 0 0
10.7737 45.3349 -119.9759 0 0 1
10.7737 45.3349 -119.9759 -1 0 0
10.8237 45.3349 -119.9759 1 0 0
10.8237 45.3349 -119.9759 0 0 1
10.8237 46.6096 -119.9759 1 0 0
10.8237 46.6096 -119.9759 0 0 1
10.7737 46.6096 -119.9759 0 0 1
10.7737 46.6096 -119.9759 -1 0 0
10.7737 46.6096 -120.02594 0 0 -1
10.7737 46.6096 -120.02594 -1 0 0
10.8237 46.6096 -120.02594 1 0 0
10.8237 46.6096 -120.02594 0 0 -1
9.32369 46.6096 -120.02594 1 0 0
9.32369 46.6096 -120.02594 0 0 -1
9.27369 46.6096 -120.02594 0 0 -1
9.27369 46.6096 -120.02594 -1 0 0
9.27369 46.6096 -119.9759 0 0 1
9.27369 46.6096 -119.9759 -1 0 0
9.32369 46.6096 -119.9759 1 0 0
9.32369 46.6096 -119.9759 0 0 1
9.32369 45.3349 -119.9759 1 0 0
9.32369 45.3349 -119.9759 0 0 1
9.27369 45.3349 -119.9759 0 0 1
9.27369 45.3349 -119.9759 -1 0 0
9.27369 45.3349 -120.02594 0 0 -1
9.27369 45.3349 -120.02594 -1 0 0
9.32369 45.3349 -120.02594 1 0 0
9.32369 45.3349 -120.02594 0 0 -1
7.82369 45.3349 -120.02594 1 0 0
7.82369 45.3349 -120.02594 0 0 -1
7.77369 45.3349 -120.02594 0 0 -1
7.77369 45.3349 -120.02594 -1 0 0
7.77369 45.3349 -119.9759 0 0 1
7.77369 45.3349 -119.9759 -1 0 0
7.82369 45.3349 -119.9759 1 0 0
7.82369 45.3349 -119.9759 0 0 1
7.82369 46.6096 -119.9759 1 0 0
7.82369 46.6096 -119.9759 0 0 1
7.77369 46.6096 -119.9759 0 0 1
7.77369 46.6096 -119.9759 -1 0 0
7.77369 46.6096 -120.02594 0 0 -1
7.77369 46.6096 -120.02594 -1 0 0
7.82369 46.6096 -120.02594 1 0 0
7.82369 46.6096 -120.02594 0 0 -1
6.32369 46.6096 -120.02594 1 0 0
6.32369 46.6096 -120.02594 0 0 -1
6.27369 46.6096 -120.02594 0 0 -1
6.27369 46.6096 -120.02594 -1 0 0
6.27369 46.6096 -119.9759 0 0 1
6.27369 46.6096 -119.9759 -1 0 0
6.32369 46.6096 -119.9759 1 0 0
6.32369 46.6096 -119.9759 0 0 1
6.32369 45.3349 -119.9759 1 0 0
6.32369 45.3349 -119.9759 0 0 1
6.27369 45.3349 -119.9759 0 0 1
6.27369 45.3349 -119.9759 -1 0 0
6.27369 45.3349 -120.02594 0 0 -1
6.27369 45.3349 -120.02594 -1 0 0
6.32369 45.3349 -120.02594 1 0 0
6.32369 45.3349 -120.02594 0 0 -1
4.82369 45.3349 -120.02594 1 0 0
4.82369 45.3349 -120.02594 0 0 -1
4.77369 45.3349 -120.02594 0 0 -1
4.77369 45.3349 -120.02594 -1 0 0
4.77369 45.3349 -119.9759 0 0 1
4.77369 45.3349 -119.9759 -1 0 0
4.82369 45.3349 -119.9759 1 0 0
4.82369 45.3349 -119.9759 0 0 1
4.82369 46.6096 -119.9759 1 0 0
4.82369 46.6096 -119.9759 0 0 1
4.77369 46.6096 -119.9759 0 0 1
4.77369 46.6096 -119.9759 -1 0 0
4.77369 46.6096 -120.02594 0 0 -1
4.77369 46.6096 -120.02594 -1 0 0
4.82369 46.6096 -120.02594 1 0 0
4.82369 46.6096 -120.02594 0 0 -1
3.32369 46.6096 -120.02594 1 0 0
3.32369 46.6096 -120.02594 0 0 -1
3.27369 46.6096 -120.02594 0 0 -1
3.27369 46.6096 -120.02594 -1 0 0
3.27369 46.6096 -119.9759 0 0 1
3.27369 46.6096 -119.9759 -1 0 0
3.32369 46.6096 -119.9759 1 0 0
3.32369 46.6096 -119.9759 0 0 1
3.32369 45.3349 -119.9759 1 0 0
3.32369 45.3349 -119.9759 0 0 1
3.27369 45.3349 -119.9759 0 0 1
3.27369 45.3349 -119.9759 -1 0 0
3.27369 45.3349 -120.02594 0 0 -1
3.27369 45.3349 -120.02594 -1 0 0
3.32369 45.3349 -120.02594 1 0 0
3.32369 45.3349 -120.02594 0 0 -1
1.82369 45.3349 -120.02594 1 0 0
1.82369 45.3349 -120.02594 0 0 -1
1.77369 45.3349 -120.02594 0 0 -1
1.77369 45.3349 -120.02594 -1 0 0
1.77369 45.3349 -119.9759 0 0 1
1.77369 45.3349 -119.9759 -1 0 0
1.82369 45.3349 -119.9759 1 0 0
1.82369 45.3349 -119.9759 0 0 1
1.82369 46.6096 -119.9759 1 0 0
1.82369 46.6096 -119.9759 0 0 1
1.77369 46.6096 -119.9759 0 0 1
1.77369 46.6096 -119.9759 -1 0 0
1.77369 46.6096 -120.02594 0 0 -1
1.77369 46.6096 -120.02594 -1 0 0
1.82369 46.6096 -120.02594 1 0 0
1.82369 46.6096 -120.02594 0 0 -1
-13.8237 45.3349 -120.02594 0 0 -1
-13.8237 45.3349 -120.02594 -1 0 0
-13.7737 45.3349 -120.02594 1 0 0
-13.7737 45.3349 -120.02594 0 0 -1
-13.7737 45.3349 -119.9759 1 0 0
-13.7737 45.3349 -119.9759 0 0 1
-13.8237 45.3349 -119.9759 0 0 1
-13.8237 45.3349 -119.9759 -1 0 0
-13.8237 46.6096 -119.9759 0 0 1
-13.8237 46.6096 -119.9759 -1 0 0
-13.7737 46.6096 -119.9759 1 0 0
-13.7737 46.6096 -119.9759 0 0 1
-13.7737 46.6096 -120.02594 1 0 0
-13.7737 46.6096 -120.02594 0 0 -1
-13.8237 46.6096 -120.02594 0 0 -1
-13.8237 46.6096 -120.02594 -1 0 0
-12.3237 46.6096 -120.02594 0 0 -1
-12.3237 46.6096 -120.02594 -1 0 0
-12.2737 46.6096 -120.02594 1 0 0
-12.2737 46.6096 -120.02594 0 0 -1
-12.2737 46.6096 -119.9759 1 0 0
-12.2737 46.6096 -119.9759 0 0 1
-12.3237 46.6096 -119.9759 0 0 1
-12.3237 46.6096 -119.9759 -1 0 0
-12.3237 45.3349 -119.9759 0 0 1
-12.3237 45.3349 -119.9759 -1 0 0
-12.2737 45.3349 -119.9759 1 0 0
-12.2737 45.3349 -119.9759 0 0 1
-12.2737 45.3349 -120.02594 1 0 0
-12.2737 45.3349 -120.02594 0 0 -1
-12.3237 45.3349 -120.02594 0 0 -1
-12.3237 45.3349 -120.02594 -1 0 0
-10.8237 45.3349 -120.02594 0 0 -1
-10.8237 45.3349 -120.02594 -1 0 0
-10.7737 45.3349 -120.02594 1 0 0
-10.7737 45.3349 -120.02594 0 0 -1
-10.7737 45.3349 -119.9759 1 0 0
-10.7737 45.3349 -119.9759 0 0 1
-10.8237 45.3349 -119.9759 0 0 1
-10.8237 45.3349 -119.9759 -1 0 0
-10.8237 46.6096 -119.9759 0 0 1
-10.8237 46.6096 -119.9759 -1 0 0
-10.7737 46.6096 -119.9759 1 0 0
-10.7737 46.6096 -119.9759 0 0 1
-10.7737 46.6096 -120.02594 1 0 0
-10.7737 46.6096 -120.02594 0 0 -1
-10.8237 46.6096 -120.02594 0 0 -1
-10.8237 46.6096 -120.02594 -1 0 0
-9.3237 46.6096 -120.02594 0 0 -1
-9.3237 46.6096 -120.02594 -1 0 0
-9.2737 46.6096 -120.02594 1 0 0
-9.2737 46.6096 -120.02594 0 0 -1
-9.2737 46.6096 -119.9759 1 0 0
-9.2737 46.6096 -119.9759 0 0 1
-9.3237 46.6096 -119.9759 0 0 1
-9.3237 46.6096 -119.9759 -1 0 0
-9.3237 45.3349 -119.9759 0 0 1
-9.3237 45.3349 -119.9759 -1 0 0
-9.2737 45.3349 -119.9759 1 0 0
-9.2737 45.3349 -119.9759 0 0 1
-9.2737 45.3349 -120.02594 1 0 0
-9.2737 45.3349 -120.02594 0 0 -1
-9.3237 45.3349 -120.02594 0 0 -1
-9.3237 45.3349 -120.02594 -1 0 0
-7.8237 45.3349 -120.02594 0 0 -1
-7.8237 45.3349 -120.02594 -1 0 0
-7.7737 45.3349 -120.02594 1 0 0
-7.7737 45.3349 -120.02594 0 0 -1
-7.7737 45.3349 -119.9759 1 0 0
-7.7737 45.3349 -119.9759 0 0 1
-7.8237 45.3349 -119.9759 0 0 1
-7.8237 45.3349 -119.9759 -1 0 0
-7.8237 46.6096 -119.9759 0 0 1
-7.8237 46.6096 -119.9759 -1 0 0
-7.7737 46.6096 -119.9759 1 0 0
-7.7737 46.6096 -119.9759 0 0 1
-7.7737 46.6096 -120.02594 1 0 0
-7.7737 46.6096 -120.02594 0 0 -1
-7.8237 46.6096 -120.02594 0 0 -1
-7.8237 46.6096 -120.02594 -1 0 0
-6.3237 46.6096 -120.02594 0 0 -1
-6.3237 46.6096 -120.02594 -1 0 0
-6.2737 46.6096 -120.02594 1 0 0
-6.2737 46.6096 -120.02594 0 0 -1
-6.2737 46.6096 -119.9759 1 0 0
-6.2737 46.6096 -119.9759 0 0 1
-6.3237 46.6096 -119.9759 0 0 1
-6.3237 46.6096 -119.9759 -1 0 0
-6.3237 45.3349 -119.9759 0 0 1
-6.3237 45.3349 -119.9759 -1 0 0
-6.2737 45.3349 -119.9759 1 0 0
-6.2737 45.3349 -119.9759 0 0 1
-6.2737 45.3349 -120.02594 1 0 0
-6.2737 45.3349 -120.02594 0 0 -1
-6.3237 45.3349 -120.02594 0 0 -1
-6.3237 45.3349 -120.02594 -1 0 0
-4.8237 45.3349 -120.02594 0 0 -1
-4.8237 45.3349 -120.02594 -1 0 0
-4.7737 45.3349 -120.02594 1 0 0
-4.7737 45.3349 -120.02594 0 0 -1
-4.7737 45.3349 -119.9759 1 0 0
-4.7737 45.3349 -119.9759 0 0 1
-4.8237 45.3349 -119.9759 0 0 1
-4.8237 45.3349 -119.9759 -1 0 0
-4.8237 46.6096 -119.9759 0 0 1
-4.8237 46.6096 -119.9759 -1 0 0
-4.7737 46.6096 -119.9759 1 0 0
-4.7737 46.6096 -119.9759 0 0 1
-4.7737 46.6096 -120.02594 1 0 0
-4.7737 46.6096 -120.02594 0 0 -1
-4.8237 46.6096 -120.02594 0 0 -1
-4.8237 46.6096 -120.02594 -1 0 0
-3.3237 46.6096 -120.02594 0 0 -1
-3.3237 46.6096 -120.02594 -1 0 0
-3.2737 46.6096 -120.02594 1 0 0
-3.2737 46.6096 -120.02594 0 0 -1
-3.2737 46.6096 -119.9759 1 0 0
-3.2737 46.6096 -119.9759 0 0 1
-3.3237 46.6096 -119.9759 0 0 1
-3.3237 46.6096 -119.9759 -1 0 0
-3.3237 45.3349 -119.9759 0 0 1
-3.3237 45.3349 -119.9759 -1 0 0
-3.2737 45.3349 -119.9759 1 0 0
-3.2737 45.3349 -119.9759 0 0 1
-3.2737 45.3349 -120.02594 1 0 0
-3.2737 45.3349 -120.02594 0 0 -1
-3.3237 45.3349 -120.02594 0 0 -1
-3.3237 45.3349 -120.02594 -1 0 0
-1.8237 45.3349 -120.02594 0 0 -1
-1.8237 45.3349 -120.02594 -1 0 0
-1.7737 45.3349 -120.02594 1 0 0
-1.7737 45.3349 -120.02594 0 0 -1
-1.7737 45.3349 -119.9759 1 0 0
-1.7737 45.3349 -119.9759 0 0 1
-1.8237 45.3349 -119.9759 0 0 1
-1.8237 45.3349 -119.9759 -1 0 0
-1.8237 46.6096 -119.9759 0 0 1
-1.8237 46.6096 -119.9759 -1 0 0
-1.7737 46.6096 -119.9759 1 0 0
-1.7737 46.6096 -119.9759 0 0 1
-1.7737 46.6096 -120.02594 1 0 0
-1.7737 46.6096 -120.02594 0 0 -1
-1.8237 46.6096 -120.02594 0 0 -1
-1.8237 46.6096 -120.02594 -1 0 0
15.1573 42.2348 -109.46109 1 0 0
15.1573 42.2348 -109.46109 0 0 -1
15.1073 42.2348 -109.46109 0 0 -1
15.1073 42.2348 -109.46109 -1 0 0
15.1073 42.2348 -109.41109 0 0 1
15.1073 42.2348 -109.41109 -1 0 0
15.1573 42.2348 -109.41109 1 0 0
15.1573 42.2348 -109.41109 0 0 1
15.1573 43.5095 -109.41109 1 0 0
15.1573 43.5095 -109.41109 0 0 1
15.1073 43.5095 -109.41109 0 0 1
15.1073 43.5095 -109.41109 -1 0 0
15.1073 43.5095 -109.46109 0 0 -1
15.1073 43.5095 -109.46109 -1 0 0
15.1573 43.5095 -109.46109 1 0 0
15.1573 43.5095 -109.46109 0 0 -1
-15.1591 42.2348 -109.46109 0 0 -1
-15.1591 42.2348 -109.46109 -1 0 0
-15.1091 42.2348 -109.46109 1 0 0
-15.1091 42.2348 -109.46109 0 0 -1
-15.1091 42.2348 -109.41109 1 0 0
-15.1091 42.2348 -109.41109 0 0 1
-15.1591 42.2348 -109.41109 0 0 1
-15.1591 42.2348 -109.41109 -1 0 0
-15.1591 43.5095 -109.41109 0 0 1
-15.1591 43.5095 -109.41109 -1 0 0
-15.1091 43.5095 -109.41109 1 0 0
-15.1091 43.5095 -109.41109 0 0 1
-15.1091 43.5095 -109.46109 1 0 0
-15.1091 43.5095 -109.46109 0 0 -1
-15.1591 43.5095 -109.46109 0 0 -1
-15.1591 43.5095 -109.46109 -1 0 0
15.1573 43.5095 -110.98611 1 0 0
15.1573 43.5095 -110.98611 0 0 -1
15.1073 43.5095 -110.98611 0 0 -1
15.1073 43.5095 -110.98611 -1 0 0
15.1073 43.5095 -110.9361 0 0 1
15.1073 43.5095 -110.9361 -1 0 0
15.1573 43.5095 -110.9361 1 0 0
15.1573 43.5095 -110.9361 0 0 1
15.1573 42.2348 -110.9361 1 0 0
15.1573 42.2348 -110.9361 0 0 1
15.1073 42.2348 -110.9361 0 0 1
15.1073 42.2348 -110.9361 -1 0 0
15.1073 42.2348 -110.98611 0 0 -1
15.1073 42.2348 -110.98611 -1 0 0
15.1573 42.2348 -110.98611 1 0 0
15.1573 42.2348 -110.98611 0 0 -1
-15.1591 43.5095 -110.98611 0 0 -1
-15.1591 43.5095 -110.98611 -1 0 0
-15.1091 43.5095 -110.98611 1 0 0
-15.1091 43.5095 -110.98611 0 0 -1
-15.1091 43.5095 -110.9361 1 0 0
-15.1091 43.5095 -110.9361 0 0 1
-15.1591 43.5095 -110.9361 0 0 1
-15.1591 43.5095 -110.9361 -1 0 0
-15.1591 42.2348 -110.9361 0 0 1
-15.1591 42.2348 -110.9361 -1 0 0
-15.1091 42.2348 -110.9361 1 0 0
-15.1091 42.2348 -110.9361 0 0 1
-15.1091 42.2348 -110.98611 1 0 0
-15.1091 42.2348 -110.98611 0 0 -1
-15.1591 42.2348 -110.98611 0 0 -1
-15.1591 42.2348 -110.98611 -1 0 0
15.1573 42.2348 -112.51111 1 0 0
15.1573 42.2348 -112.51111 0 0 -1
15.1073 42.2348 -112.51111 0 0 -1
15.1073 42.2348 -112.51111 -1 0 0
15.1073 42.2348 -112.46111 0 0 1
15.1073 42.2348 -112.46111 -1 0 0
15.1573 42.2348 -112.46111 1 0 0
15.1573 42.2348 -112.46111 0 0 1
15.1573 43.5095 -112.46111 1 0 0
15.1573 43.5095 -112.46111 0 0 1
15.1073 43.5095 -112.46111 0 0 1
15.1073 43.5095 -112.46111 -1 0 0
15.1073 43.5095 -112.51111 0 0 -1
15.1073 43.5095 -112.51111 -1 0 0
15.1573 43.5095 -112.51111 1 0 0
15.1573 43.5095 -112.51111 0 0 -1
-15.1591 42.2348 -112.51111 0 0 -1
-15.1591 42.2348 -112.51111 -1 0 0
-15.1091 42.2348 -112.51111 1 0 0
-15.1091 42.2348 -112.51111 0 0 -1
-15.1091 42.2348 -112.46111 1 0 0
-15.1091 42.2348 -112.46111 0 0 1
-15.1591 42.2348 -112.46111 0 0 1
-15.1591 42.2348 -112.46111 -1 0 0
-15.1591 43.5095 -112.46111 0 0 1
-15.1591 43.5095 -112.46111 -1 0 0
-15.1091 43.5095 -112.46111 1 0 0
-15.1091 43.5095 -112.46111 0 0 1
-15.1091 43.5095 -112.51111 1 0 0
-15.1091 43.5095 -112.51111 0 0 -1
-15.1591 43.5095 -112.51111 0 0 -1
-15.1591 43.5095 -112.51111 -1 0 0
-14.9781 43.5095 -120.02594 1 0 0
-14.9781 43.5095 -120.02594 0 0 -1
-15.0281 43.5095 -120.02594 0 0 -1
-15.0281 43.5095 -120.02594 -1 0 0
-15.0281 43.5095 -119.9759 0 0 1
-15.0281 43.5095 -119.9759 -1 0 0
-14.9781 43.5095 -119.9759 1 0 0
-14.9781 43.5095 -119.9759 0 0 1
-14.9781 42.2348 -119.9759 1 0 0
-14.9781 42.2348 -119.9759 0 0 1
-15.0281 42.2348 -119.9759 0 0 1
-15.0281 42.2348 -119.9759 -1 0 0
-15.0281 42.2348 -120.02594 0 0 -1
-15.0281 42.2348 -120.02594 -1 0 0
-14.9781 42.2348 -120.02594 1 0 0
-14.9781 42.2348 -120.02594 0 0 -1
0.023695 42.2348 -120.02594 1 0 0
0.023695 42.2348 -120.02594 0 0 -1
-0.026305 42.2348 -120.02594 0 0 -1
-0.026305 42.2348 -120.02594 -1 0 0
-0.026305 42.2348 -119.9759 0 0 1
-0.026305 42.2348 -119.9759 -1 0 0
0.023695 42.2348 -119.9759 1 0 0
0.023695 42.2348 -119.9759 0 0 1
0.023695 43.5095 -119.9759 1 0 0
0.023695 43.5095 -119.9759 0 0 1
-0.026305 43.5095 -119.9759 0 0 1
-0.026305 43.5095 -119.9759 -1 0 0
-0.026305 43.5095 -120.02594 0 0 -1
-0.026305 43.5095 -120.02594 -1 0 0
0.023695 43.5095 -120.02594 1 0 0
0.023695 43.5095 -120.02594 0 0 -1
15.1573 42.2348 -103.46109 1 0 0
15.1573 42.2348 -103.46109 0 0 -1
15.1073 42.2348 -103.46109 0 0 -1
15.1073 42.2348 -103.46109 -1 0 0
15.1073 42.2348 -103.41109 0 0 1
15.1073 42.2348 -103.41109 -1 0 0
15.1573 42.2348 -103.41109 1 0 0
15.1573 42.2348 -103.41109 0 0 1
15.1573 43.5095 -103.41109 1 0 0
15.1573 43.5095 -103.41109 0 0 1
15.1073 43.5095 -103.41109 0 0 1
15.1073 43.5095 -103.41109 -1 0 0
15.1073 43.5095 -103.46109 0 0 -1
15.1073 43.5095 -103.46109 -1 0 0
15.1573 43.5095 -103.46109 1 0 0
15.1573 43.5095 -103.46109 0 0 -1
-15.1591 42.2348 -103.46109 0 0 -1
-15.1591 42.2348 -103.46109 -1 0 0
-15.1091 42.2348 -103.46109 1 0 0
-15.1091 42.2348 -103.46109 0 0 -1
-15.1091 42.2348 -103.41109 1 0 0
-15.1091 42.2348 -103.41109 0 0 1
-15.1591 42.2348 -103.41109 0 0 1
-15.1591 42.2348 -103.41109 -1 0 0
-15.1591 43.5095 -103.41109 0 0 1
-15.1591 43.5095 -103.41109 -1 0 0
-15.1091 43.5095 -103.41109 1 0 0
-15.1091 43.5095 -103.41109 0 0 1
-15.1091 43.5095 -103.46109 1 0 0
-15.1091 43.5095 -103.46109 0 0 -1
-15.1591 43.5095 -103.46109 0 0 -1
-15.1591 43.5095 -103.46109 -1 0 0
15.1573 43.5095 -104.98611 1 0 0
15.1573 43.5095 -104.98611 0 0 -1
15.1073 43.5095 -104.98611 0 0 -1
15.1073 43.5095 -104.98611 -1 0 0
15.1073 43.5095 -104.9361 0 0 1
15.1073 43.5095 -104.9361 -1 0 0
15.1573 43.5095 -104.9361 1 0 0
15.1573 43.5095 -104.9361 0 0 1
15.1573 42.2348 -104.9361 1 0 0
15.1573 42.2348 -104.9361 0 0 1
15.1073 42.2348 -104.9361 0 0 1
15.1073 42.2348 -104.9361 -1 0 0
15.1073 42.2348 -104.98611 0 0 -1
15.1073 42.2348 -104.98611 -1 0 0
15.1573 42.2348 -104.98611 1 0 0
15.1573 42.2348 -104.98611 0 0 -1
-15.1591 43.5095 -104.98611 0 0 -1
-15.1591 43.5095 -104.98611 -1 0 0
-15.1091 43.5095 -104.98611 1 0 0
-15.1091 43.5095 -104.98611 0 0 -1
-15.1091 43.5095 -104.9361 1 0 0
-15.1091 43.5095 -104.9361 0 0 1
-15.1591 43.5095 -104.9361 0 0 1
-15.1591 43.5095 -104.9361 -1 0 0
-15.1591 42.2348 -104.9361 0 0 1
-15.1591 42.2348 -104.9361 -1 0 0
-15.1091 42.2348 -104.9361 1 0 0
-15.1091 42.2348 -104.9361 0 0 1
-15.1091 42.2348 -104.98611 1 0 0
-15.1091 42.2348 -104.98611 0 0 -1
-15.1591 42.2348 -104.98611 0 0 -1
-15.1591 42.2348 -104.98611 -1 0 0
15.1573 42.2348 -106.51111 1 0 0
15.1573 42.2348 -106.51111 0 0 -1
15.1073 42.2348 -106.51111 0 0 -1
15.1073 42.2348 -106.51111 -1 0 0
15.1073 42.2348 -106.46111 0 0 1
15.1073 42.2348 -106.46111 -1 0 0
15.1573 42.2348 -106.46111 1 0 0
15.1573 42.2348 -106.46111 0 0 1
15.1573 43.5095 -106.46111 1 0 0
15.1573 43.5095 -106.46111 0 0 1
15.1073 43.5095 -106.46111 0 0 1
15.1073 43.5095 -106.46111 -1 0 0
15.1073 43.5095 -106.51111 0 0 -1
15.1073 43.5095 -106.51111 -1 0 0
15.1573 43.5095 -106.51111 1 0 0
15.1573 43.5095 -106.51111 0 0 -1
-15.1591 42.2348 -106.51111 0 0 -1
-15.1591 42.2348 -106.51111 -1 0 0
-15.1091 42.2348 -106.51111 1 0 0
-15.1091 42.2348 -106.51111 0 0 -1
-15.1091 42.2348 -106.46111 1 0 0
-15.1091 42.2348 -106.46111 0 0 1
-15.1591 42.2348 -106.46111 0 0 1
-15.1591 42.2348 -106.46111 -1 0 0
-15.1591 43.5095 -106.46111 0 0 1
-15.1591 43.5095 -106.46111 -1 0 0
-15.1091 43.5095 -106.46111 1 0 0
-15.1091 43.5095 -106.46111 0 0 1
-15.1091 43.5095 -106.51111 1 0 0
-15.1091 43.5095 -106.51111 0 0 -1
-15.1591 43.5095 -106.51111 0 0 -1
-15.1591 43.5095 -106.51111 -1 0 0
15.1573 42.8348 -101.99689 1 0 0
15.1573 42.8348 -101.99689 0 -1 0
15.1073 42.8348 -101.99689 0 -1 0
15.1073 42.8348 -101.99689 -1 0 0
15.1073 42.8848 -101.99689 0 1 0
15.1073 42.8848 -101.99689 -1 0 0
15.1573 42.8848 -101.99689 1 0 0
15.1573 42.8848 -101.99689 0 1 0
15.1573 42.8848 -119.97654 1 0 0
15.1573 42.8848 -119.97654 0 1 0
15.1073 42.8848 -119.97654 0 1 0
15.1073 42.8848 -119.97654 -1 0 0
15.1073 42.8348 -119.97654 0 -1 0
15.1073 42.8348 -119.97654 -1 0 0
15.1573 42.8348 -119.97654 1 0 0
15.1573 42.8348 -119.97654 0 -1 0
-15.1591 42.8348 -101.99689 0 -1 0
-15.1591 42.8348 -101.99689 -1 0 0
-15.1091 42.8348 -101.99689 1 0 0
-15.1091 42.8348 -101.99689 0 -1 0
-15.1091 42.8848 -101.99689 1 0 0
-15.1091 42.8848 -101.99689 0 1 0
-15.1591 42.8848 -101.99689 0 1 0
-15.1591 42.8848 -101.99689 -1 0 0
-15.1591 42.8848 -119.97654 0 1 0
-15.1591 42.8848 -119.97654 -1 0 0
-15.1091 42.8848 -119.97654 1 0 0
-15.1091 42.8848 -119.97654 0 1 0
-15.1091 42.8348 -119.97654 1 0 0
-15.1091 42.8348 -119.97654 0 -1 0
-15.1591 42.8348 -119.97654 0 -1 0
-15.1591 42.8348 -119.97654 -1 0 0
15.1573 43.5098 -119.97616 1 0 0
15.1573 43.5098 -119.97616 0 -1 0
15.1073 43.5098 -119.97616 0 -1 0
15.1073 43.5098 -119.97616 -1 0 0
15.1073 43.5598 -119.97616 0 1 0
15.1073 43.5598 -119.97616 -1 0 0
15.1573 43.5598 -119.97616 1 0 0
15.1573 43.5598 -119.97616 0 1 0
15.1573 43.5598 -101.99638 1 0 0
15.1573 43.5598 -101.99638 0 1 0
15.1073 43.5598 -101.99638 0 1 0
15.1073 43.5598 -101.99638 -1 0 0
15.1073 43.5098 -101.99638 0 -1 0
15.1073 43.5098 -101.99638 -1 0 0
15.1573 43.5098 -101.99638 1 0 0
15.1573 43.5098 -101.99638 0 -1 0
-15.1591 43.5098 -119.97616 0 -1 0
-15.1591 43.5098 -119.97616 -1 0 0
-15.1091 43.5098 -119.97616 1 0 0
-15.1091 43.5098 -119.97616 0 -1 0
-15.1091 43.5598 -119.97616 1 0 0
-15.1091 43.5598 -119.97616 0 1 0
-15.1591 43.5598 -119.97616 0 1 0
-15.1591 43.5598 -119.97616 -1 0 0
-15.1591 43.5598 -101.99638 0 1 0
-15.1591 43.5598 -101.99638 -1 0 0
-15.1091 43.5598 -101.99638 1 0 0
-15.1091 43.5598 -101.99638 0 1 0
-15.1091 43.5098 -101.99638 1 0 0
-15.1091 43.5098 -101.99638 0 -1 0
-15.1591 43.5098 -101.99638 0 -1 0
-15.1591 43.5098 -101.99638 -1 0 0
15.1571 43.5098 -120.02644 1 0 0
15.1571 43.5098 -120.02644 0 -1 0
15.1571 43.5098 -120.02644 0 0 -1
15.1571 43.5098 -119.97642 1 0 0
15.1571 43.5098 -119.97642 0 -1 0
15.1571 43.5098 -119.97642 0 0 1
15.1571 43.5598 -119.97642 1 0 0
15.1571 43.5598 -119.97642 0 0 1
15.1571 43.5598 -119.97642 0 1 0
15.1571 43.5598 -120.02644 1 0 0
15.1571 43.5598 -120.02644 0 0 -1
15.1571 43.5598 -120.02644 0 1 0
-15.1587 43.5598 -120.02644 0 0 -1
-15.1587 43.5598 -120.02644 0 1 0
-15.1587 43.5598 -120.02644 -1 0 0
-15.1587 43.5598 -119.97642 0 0 1
-15.1587 43.5598 -119.97642 0 1 0
-15.1587 43.5598 -119.97642 -1 0 0
-15.1587 43.5098 -119.97642 0 -1 0
-15.1587 43.5098 -119.97642 0 0 1
-15.1587 43.5098 -119.97642 -1 0 0
-15.1587 43.5098 -120.02644 0 -1 0
-15.1587 43.5098 -120.02644 0 0 -1
-15.1587 43.5098 -120.02644 -1 0 0
-15.1593 42.8348 -120.02644 0 -1 0
-15.1593 42.8348 -120.02644 0 0 -1
-15.1593 42.8348 -120.02644 -1 0 0
-15.1593 42.8348 -119.97642 0 -1 0
-15.1593 42.8348 -119.97642 0 0 1
-15.1593 42.8348 -119.97642 -1 0 0
-15.1593 42.8848 -119.97642 0 0 1
-15.1593 42.8848 -119.97642 0 1 0
-15.1593 42.8848 -119.97642 -1 0 0
-15.1593 42.8848 -120.02644 0 0 -1
-15.1593 42.8848 -120.02644 0 1 0
-15.1593 42.8848 -120.02644 -1 0 0
15.1565 42.8848 -120.02644 1 0 0
15.1565 42.8848 -120.02644 0 0 -1
15.1565 42.8848 -120.02644 0 1 0
15.1565 42.8848 -119.97642 1 0 0
15.1565 42.8848 -119.97642 0 0 1
15.1565 42.8848 -119.97642 0 1 0
15.1565 42.8348 -119.97642 1 0 0
15.1565 42.8348 -119.97642 0 -1 0
15.1565 42.8348 -119.97642 0 0 1
15.1565 42.8348 -120.02644 1 0 0
15.1565 42.8348 -120.02644 0 -1 0
15.1565 42.8348 -120.02644 0 0 -1
15.1573 42.2348 -115.46109 1 0 0
15.1573 42.2348 -115.46109 0 0 -1
15.1073 42.2348 -115.46109 0 0 -1
15.1073 42.2348 -115.46109 -1 0 0
15.1073 42.2348 -115.41109 0 0 1
15.1073 42.2348 -115.41109 -1 0 0
15.1573 42.2348 -115.41109 1 0 0
15.1573 42.2348 -115.41109 0 0 1
15.1573 43.5095 -115.41109 1 0 0
15.1573 43.5095 -115.41109 0 0 1
15.1073 43.5095 -115.41109 0 0 1
15.1073 43.5095 -115.41109 -1 0 0
15.1073 43.5095 -115.46109 0 0 -1
15.1073 43.5095 -115.46109 -1 0 0
15.1573 43.5095 -115.46109 1 0 0
15.1573 43.5095 -115.46109 0 0 -1
-15.1591 42.2348 -115.46109 0 0 -1
-15.1591 42.2348 -115.46109 -1 0 0
-15.1091 42.2348 -115.46109 1 0 0
-15.1091 42.2348 -115.46109 0 0 -1
-15.1091 42.2348 -115.41109 1 0 0
-15.1091 42.2348 -115.41109 0 0 1
-15.1591 42.2348 -115.41109 0 0 1
-15.1591 42.2348 -115.41109 -1 0 0
-15.1591 43.5095 -115.41109 0 0 1
-15.1591 43.5095 -115.41109 -1 0 0
-15.1091 43.5095 -115.41109 1 0 0
-15.1091 43.5095 -115.41109 0 0 1
-15.1091 43.5095 -115.46109 1 0 0
-15.1091 43.5095 -115.46109 0 0 -1
-15.1591 43.5095 -115.46109 0 0 -1
-15.1591 43.5095 -115.46109 -1 0 0
15.1573 43.5095 -116.98611 1 0 0
15.1573 43.5095 -116.98611 0 0 -1
15.1073 43.5095 -116.98611 0 0 -1
15.1073 43.5095 -116.98611 -1 0 0
15.1073 43.5095 -116.9361 0 0 1
15.1073 43.5095 -116.9361 -1 0 0
15.1573 43.5095 -116.9361 1 0 0
15.1573 43.5095 -116.9361 0 0 1
15.1573 42.2348 -116.9361 1 0 0
15.1573 42.2348 -116.9361 0 0 1
15.1073 42.2348 -116.9361 0 0 1
15.1073 42.2348 -116.9361 -1 0 0
15.1073 42.2348 -116.98611 0 0 -1
15.1073 42.2348 -116.98611 -1 0 0
15.1573 42.2348 -116.98611 1 0 0
15.1573 42.2348 -116.98611 0 0 -1
-15.1591 43.5095 -116.98611 0 0 -1
-15.1591 43.5095 -116.98611 -1 0 0
-15.1091 43.5095 -116.98611 1 0 0
-15.1091 43.5095 -116.98611 0 0 -1
-15.1091 43.5095 -116.9361 1 0 0
-15.1091 43.5095 -116.9361 0 0 1
-15.1591 43.5095 -116.9361 0 0 1
-15.1591 43.5095 -116.9361 -1 0 0
-15.1591 42.2348 -116.9361 0 0 1
-15.1591 42.2348 -116.9361 -1 0 0
-15.1091 42.2348 -116.9361 1 0 0
-15.1091 42.2348 -116.9361 0 0 1
-15.1091 42.2348 -116.98611 1 0 0
-15.1091 42.2348 -116.98611 0 0 -1
-15.1591 42.2348 -116.98611 0 0 -1
-15.1591 42.2348 -116.98611 -1 0 0
15.1573 42.2348 -118.51111 1 0 0
15.1573 42.2348 -118.51111 0 0 -1
15.1073 42.2348 -118.51111 0 0 -1
15.1073 42.2348 -118.51111 -1 0 0
15.1073 42.2348 -118.46111 0 0 1
15.1073 42.2348 -118.46111 -1 0 0
15.1573 42.2348 -118.46111 1 0 0
15.1573 42.2348 -118.46111 0 0 1
15.1573 43.5095 -118.46111 1 0 0
15.1573 43.5095 -118.46111 0 0 1
15.1073 43.5095 -118.46111 0 0 1
15.1073 43.5095 -118.46111 -1 0 0
15.1073 43.5095 -118.51111 0 0 -1
15.1073 43.5095 -118.51111 -1 0 0
15.1573 43.5095 -118.51111 1 0 0
15.1573 43.5095 -118.51111 0 0 -1
-15.1591 42.2348 -118.51111 0 0 -1
-15.1591 42.2348 -118.51111 -1 0 0
-15.1091 42.2348 -118.51111 1 0 0
-15.1091 42.2348 -118.51111 0 0 -1
-15.1091 42.2348 -118.46111 1 0 0
-15.1091 42.2348 -118.46111 0 0 1
-15.1591 42.2348 -118.46111 0 0 1
-15.1591 42.2348 -118.46111 -1 0 0
-15.1591 43.5095 -118.46111 0 0 1
-15.1591 43.5095 -118.46111 -1 0 0
-15.1091 43.5095 -118.46111 1 0 0
-15.1091 43.5095 -118.46111 0 0 1
-15.1091 43.5095 -118.51111 1 0 0
-15.1091 43.5095 -118.51111 0 0 -1
-15.1591 43.5095 -118.51111 0 0 -1
-15.1591 43.5095 -118.51111 -1 0 0
13.8237 42.2348 -120.02594 1 0 0
13.8237 42.2348 -120.02594 0 0 -1
13.7737 42.2348 -120.02594 0 0 -1
13.7737 42.2348 -120.02594 -1 0 0
13.7737 42.2348 -119.9759 0 0 1
13.7737 42.2348 -119.9759 -1 0 0
13.8237 42.2348 -119.9759 1 0 0
13.8237 42.2348 -119.9759 0 0 1
13.8237 43.5095 -119.9759 1 0 0
13.8237 43.5095 -119.9759 0 0 1
13.7737 43.5095 -119.9759 0 0 1
13.7737 43.5095 -119.9759 -1 0 0
13.7737 43.5095 -120.02594 0 0 -1
13.7737 43.5095 -120.02594 -1 0 0
13.8237 43.5095 -120.02594 1 0 0
13.8237 43.5095 -120.02594 0 0 -1
12.3237 43.5095 -120.02594 1 0 0
12.3237 43.5095 -120.02594 0 0 -1
12.2737 43.5095 -120.02594 0 0 -1
12.2737 43.5095 -120.02594 -1 0 0
12.2737 43.5095 -119.9759 0 0 1
12.2737 43.5095 -119.9759 -1 0 0
12.3237 43.5095 -119.9759 1 0 0
12.3237 43.5095 -119.9759 0 0 1
12.3237 42.2348 -119.9759 1 0 0
12.3237 42.2348 -119.9759 0 0 1
12.2737 42.2348 -119.9759 0 0 1
12.2737 42.2348 -119.9759 -1 0 0
12.2737 42.2348 -120.02594 0 0 -1
12.2737 42.2348 -120.02594 -1 0 0
12.3237 42.2348 -120.02594 1 0 0
12.3237 42.2348 -120.02594 0 0 -1
10.8237 42.2348 -120.02594 1 0 0
10.8237 42.2348 -120.02594 0 0 -1
10.7737 42.2348 -120.02594 0 0 -1
10.7737 42.2348 -120.02594 -1 0 0
10.7737 42.2348 -119.9759 0 0 1
10.7737 42.2348 -119.9759 -1 0 0
10.8237 42.2348 -119.9759 1 0 0
10.8237 42.2348 -119.9759 0 0 1
10.8237 43.5095 -119.9759 1 0 0
10.8237 43.5095 -119.9759 0 0 1
10.7737 43.5095 -119.9759 0 0 1
10.7737 43.5095 -119.9759 -1 0 0
10.7737 43.5095 -120.02594 0 0 -1
10.7737 43.5095 -120.02594 -1 0 0
10.8237 43.5095 -120.02594 1 0 0
10.8237 43.5095 -120.02594 0 0 -1
9.32369 43.5095 -120.02594 1 0 0
9.32369 43.5095 -120.02594 0 0 -1
9.27369 43.5095 -120.02594 0 0 -1
9.27369 43.5095 -120.02594 -1 0 0
9.27369 43.5095 -119.9759 0 0 1
9.27369 43.5095 -119.9759 -1 0 0
9.32369 43.5095 -119.9759 1 0 0
9.32369 43.5095 -119.9759 0 0 1
9.32369 42.2348 -119.9759 1 0 0
9.32369 42.2348 -119.9759 0 0 1
9.27369 42.2348 -119.9759 0 0 1
9.27369 42.2348 -119.9759 -1 0 0
9.27369 42.2348 -120.02594 0 0 -1
9.27369 42.2348 -120.02594 -1 0 0
9.32369 42.2348 -120.02594 1 0 0
9.32369 42.2348 -120.02594 0 0 -1
7.82369 42.2348 -120.02594 1 0 0
7.82369 42.2348 -120.02594 0 0 -1
7.77369 42.2348 -120.02594 0 0 -1
7.77369 42.2348 -120.02594 -1 0 0
7.77369 42.2348 -119.9759 0 0 1
7.77369 42.2348 -119.9759 -1 0 0
7.82369 42.2348 -119.9759 1 0 0
7.82369 42.2348 -119.9759 0 0 1
7.82369 43.5095 -119.9759 1 0 0
7.82369 43.5095 -119.9759 0 0 1
7.77369 43.5095 -119.9759 0 0 1
7.77369 43.5095 -119.9759 -1 0 0
7.77369 43.5095 -120.02594 0 0 -1
7.77369 43.5095 -120.02594 -1 0 0
7.82369 43.5095 -120.02594 1 0 0
7.82369 43.5095 -120.02594 0 0 -1
6.32369 43.5095 -120.02594 1 0 0
6.32369 43.5095 -120.02594 0 0 -1
6.27369 43.5095 -120.02594 0 0 -1
6.27369 43.5095 -120.02594 -1 0 0
6.27369 43.5095 -119.9759 0 0 1
6.27369 43.5095 -119.9759 -1 0 0
6.32369 43.5095 -119.9759 1 0 0
6.32369 43.5095 -119.9759 0 0 1
6.32369 42.2348 -119.9759 1 0 0
6.32369 42.2348 -119.9759 0 0 1
6.27369 42.2348 -119.9759 0 0 1
6.27369 42.2348 -119.9759 -1 0 0
6.27369 42.2348 -120.02594 0 0 -1
6.27369 42.2348 -120.02594 -1 0 0
6.32369 42.2348 -120.02594 1 0 0
6.32369 42.2348 -120.02594 0 0 -1
4.82369 42.2348 -120.02594 1 0 0
4.82369 42.2348 -120.02594 0 0 -1
4.77369 42.2348 -120.02594 0 0 -1
4.77369 42.2348 -120.02594 -1 0 0
4.77369 42.2348 -119.9759 0 0 1
4.77369 42.2348 -119.9759 -1 0 0
4.82369 42.2348 -119.9759 1 0 0
4.82369 42.2348 -119.9759 0 0 1
4.82369 43.5095 -119.9759 1 0 0
4.82369 43.5095 -119.9759 0 0 1
4.77369 43.5095 -119.9759 0 0 1
4.77369 43.5095 -119.9759 -1 0 0
4.77369 43.5095 -120.02594 0 0 -1
4.77369 43.5095 -120.02594 -1 0 0
4.82369 43.5095 -120.02594 1 0 0
4.82369 43.5095 -120.02594 0 0 -1
3.32369 43.5095 -120.02594 1 0 0
3.32369 43.5095 -120.02594 0 0 -1
3.27369 43.5095 -120.02594 0 0 -1
3.27369 43.5095 -120.02594 -1 0 0
3.27369 43.5095 -119.9759 0 0 1
3.27369 43.5095 -119.9759 -1 0 0
3.32369 43.5095 -119.9759 1 0 0
3.32369 43.5095 -119.9759 0 0 1
3.32369 42.2348 -119.9759 1 0 0
3.32369 42.2348 -119.9759 0 0 1
3.27369 42.2348 -119.9759 0 0 1
3.27369 42.2348 -119.9759 -1 0 0
3.27369 42.2348 -120.02594 0 0 -1
3.27369 42.2348 -120.02594 -1 0 0
3.32369 42.2348 -120.02594 1 0 0
3.32369 42.2348 -120.02594 0 0 -1
1.82369 42.2348 -120.02594 1 0 0
1.82369 42.2348 -120.02594 0 0 -1
1.77369 42.2348 -120.02594 0 0 -1
1.77369 42.2348 -120.02594 -1 0 0
1.77369 42.2348 -119.9759 0 0 1
1.77369 42.2348 -119.9759 -1 0 0
1.82369 42.2348 -119.9759 1 0 0
1.82369 42.2348 -119.9759 0 0 1
1.82369 43.5095 -119.9759 1 0 0
1.82369 43.5095 -119.9759 0 0 1
1.77369 43.5095 -119.9759 0 0 1
1.77369 43.5095 -119.9759 -1 0 0
1.77369 43.5095 -120.02594 0 0 -1
1.77369 43.5095 -120.02594 -1 0 0
1.82369 43.5095 -120.02594 1 0 0
1.82369 43.5095 -120.02594 0 0 -1
-13.8237 42.2348 -120.02594 0 0 -1
-13.8237 42.2348 -120.02594 -1 0 0
-13.7737 42.2348 -120.02594 1 0 0
-13.7737 42.2348 -120.02594 0 0 -1
-13.7737 42.2348 -119.9759 1 0 0
-13.7737 42.2348 -119.9759 0 0 1
-13.8237 42.2348 -119.9759 0 0 1
-13.8237 42.2348 -119.9759 -1 0 0
-13.8237 43.5095 -119.9759 0 0 1
-13.8237 43.5095 -119.9759 -1 0 0
-13.7737 43.5095 -119.9759 1 0 0
-13.7737 43.5095 -119.9759 0 0 1
-13.7737 43.5095 -120.02594 1 0 0
-13.7737 43.5095 -120.02594 0 0 -1
-13.8237 43.5095 -120.02594 0 0 -1
-13.8237 43.5095 -120.02594 -1 0 0
-12.3237 43.5095 -120.02594 0 0 -1
-12.3237 43.5095 -120.02594 -1 0 0
-12.2737 43.5095 -120.02594 1 0 0
-12.2737 43.5095 -120.02594 0 0 -1
-12.2737 43.5095 -119.9759 1 0 0
-12.2737 43.5095 -119.9759 0 0 1
-12.3237 43.5095 -119.9759 0 0 1
-12.3237 43.5095 -119.9759 -1 0 0
-12.3237 42.2348 -119.9759 0 0 1
-12.3237 42.2348 -119.9759 -1 0 0
-12.2737 42.2348 -119.9759 1 0 0
-12.2737 42.2348 -119.9759 0 0 1
-12.2737 42.2348 -120.02594 1 0 0
-12.2737 42.2348 -120.02594 0 0 -1
-12.3237 42.2348 -120.02594 0 0 -1
-12.3237 42.2348 -120.02594 -1 0 0
-10.8237 42.2348 -120.02594 0 0 -1
-10.8237 42.2348 -120.02594 -1 0 0
-10.7737 42.2348 -120.02594 1 0 0
-10.7737 42.2348 -120.02594 0 0 -1
-10.7737 42.2348 -119.9759 1 0 0
-10.7737 42.2348 -119.9759 0 0 1
-10.8237 42.2348 -119.9759 0 0 1
-10.8237 42.2348 -119.9759 -1 0 0
-10.8237 43.5095 -119.9759 0 0 1
-10.8237 43.5095 -119.9759 -1 0 0
-10.7737 43.5095 -119.9759 1 0 0
-10.7737 43.5095 -119.9759 0 0 1
-10.7737 43.5095 -120.02594 1 0 0
-10.7737 43.5095 -120.02594 0 0 -1
-10.8237 43.5095 -120.02594 0 0 -1
-10.8237 43.5095 -120.02594 -1 0 0
-9.3237 43.5095 -120.02594 0 0 -1
-9.3237 43.5095 -120.02594 -1 0 0
-9.2737 43.5095 -120.02594 1 0 0
-9.2737 43.5095 -120.02594 0 0 -1
-9.2737 43.5095 -119.9759 1 0 0
-9.2737 43.5095 -119.9759 0 0 1
-9.3237 43.5095 -119.9759 0 0 1
-9.3237 43.5095 -119.9759 -1 0 0
-9.3237 42.2348 -119.9759 0 0 1
-9.3237 42.2348 -119.9759 -1 0 0
-9.2737 42.2348 -119.9759 1 0 0
-9.2737 42.2348 -119.9759 0 0 1
-9.2737 42.2348 -120.02594 1 0 0
-9.2737 42.2348 -120.02594 0 0 -1
-9.3237 42.2348 -120.02594 0 0 -1
-9.3237 42.2348 -120.02594 -1 0 0
-7.8237 42.2348 -120.02594 0 0 -1
-7.8237 42.2348 -120.02594 -1 0 0
-7.7737 42.2348 -120.02594 1 0 0
-7.7737 42.2348 -120.02594 0 0 -1
-7.7737 42.2348 -119.9759 1 0 0
-7.7737 42.2348 -119.9759 0 0 1
-7.8237 42.2348 -119.9759 0 0 1
-7.8237 42.2348 -119.9759 -1 0 0
-7.8237 43.5095 -119.9759 0 0 1
-7.8237 43.5095 -119.9759 -1 0 0
-7.7737 43.5095 -119.9759 1 0 0
-7.7737 43.5095 -119.9759 0 0 1
-7.7737 43.5095 -120.02594 1 0 0
-7.7737 43.5095 -120.02594 0 0 -1
-7.8237 43.5095 -120.02594 0 0 -1
-7.8237 43.5095 -120.02594 -1 0 0
-6.3237 43.5095 -120.02594 0 0 -1
-6.3237 43.5095 -120.02594 -1 0 0
-6.2737 43.5095 -120.02594 1 0 0
-6.2737 43.5095 -120.02594 0 0 -1
-6.2737 43.5095 -119.9759 1 0 0
-6.2737 43.5095 -119.9759 0 0 1
-6.3237 43.5095 -119.9759 0 0 1
-6.3237 43.5095 -119.9759 -1 0 0
-6.3237 42.2348 -119.9759 0 0 1
-6.3237 42.2348 -119.9759 -1 0 0
-6.2737 42.2348 -119.9759 1 0 0
-6.2737 42.2348 -119.9759 0 0 1
-6.2737 42.2348 -120.02594 1 0 0
-6.2737 42.2348 -120.02594 0 0 -1
-6.3237 42.2348 -120.02594 0 0 -1
-6.3237 42.2348 -120.02594 -1 0 0
-4.8237 42.2348 -120.02594 0 0 -1
-4.8237 42.2348 -120.02594 -1 0 0
-4.7737 42.2348 -120.02594 1 0 0
-4.7737 42.2348 -120.02594 0 0 -1
-4.7737 42.2348 -119.9759 1 0 0
-4.7737 42.2348 -119.9759 0 0 1
-4.8237 42.2348 -119.9759 0 0 1
-4.8237 42.2348 -119.9759 -1 0 0
-4.8237 43.5095 -119.9759 0 0 1
-4.8237 43.5095 -119.9759 -1 0 0
-4.7737 43.5095 -119.9759 1 0 0
-4.7737 43.5095 -119.9759 0 0 1
-4.7737 43.5095 -120.02594 1 0 0
-4.7737 43.5095 -120.02594 0 0 -1
-4.8237 43.5095 -120.02594 0 0 -1
-4.8237 43.5095 -120.02594 -1 0 0
-3.3237 43.5095 -120.02594 0 0 -1
-3.3237 43.5095 -120.02594 -1 0 0
-3.2737 43.5095 -120.02594 1 0 0
-3.2737 43.5095 -120.02594 0 0 -1
-3.2737 43.5095 -119.9759 1 0 0
-3.2737 43.5095 -119.9759 0 0 1
-3.3237 43.5095 -119.9759 0 0 1
-3.3237 43.5095 -119.9759 -1 0 0
-3.3237 42.2348 -119.9759 0 0 1
-3.3237 42.2348 -119.9759 -1 0 0
-3.2737 42.2348 -119.9759 1 0 0
-3.2737 42.2348 -119.9759 0 0 1
-3.2737 42.2348 -120.02594 1 0 0
-3.2737 42.2348 -120.02594 0 0 -1
-3.3237 42.2348 -120.02594 0 0 -1
-3.3237 42.2348 -120.02594 -1 0 0
-1.8237 42.2348 -120.02594 0 0 -1
-1.8237 42.2348 -120.02594 -1 0 0
-1.7737 42.2348 -120.02594 1 0 0
-1.7737 42.2348 -120.02594 0 0 -1
-1.7737 42.2348 -119.9759 1 0 0
-1.7737 42.2348 -119.9759 0 0 1
-1.8237 42.2348 -119.9759 0 0 1
-1.8237 42.2348 -119.9759 -1 0 0
-1.8237 43.5095 -119.9759 0 0 1
-1.8237 43.5095 -119.9759 -1 0 0
-1.7737 43.5095 -119.9759 1 0 0
-1.7737 43.5095 -119.9759 0 0 1
-1.7737 43.5095 -120.02594 1 0 0
-1.7737 43.5095 -120.02594 0 0 -1
-1.8237 43.5095 -120.02594 0 0 -1
-1.8237 43.5095 -120.02594 -1 0 0
-15.1591 39.3349 -109.46109 0 0 -1
-15.1591 39.3349 -109.46109 -1 0 0
-15.1091 39.3349 -109.46109 1 0 0
-15.1091 39.3349 -109.46109 0 0 -1
-15.1091 39.3349 -109.41109 1 0 0
-15.1091 39.3349 -109.41109 0 0 1
-15.1591 39.3349 -109.41109 0 0 1
-15.1591 39.3349 -109.41109 -1 0 0
-15.1591 40.6096 -109.41109 0 0 1
-15.1591 40.6096 -109.41109 -1 0 0
-15.1091 40.6096 -109.41109 1 0 0
-15.1091 40.6096 -109.41109 0 0 1
-15.1091 40.6096 -109.46109 1 0 0
-15.1091 40.6096 -109.46109 0 0 -1
-15.1591 40.6096 -109.46109 0 0 -1
-15.1591 40.6096 -109.46109 -1 0 0
-15.1591 40.6096 -110.98611 0 0 -1
-15.1591 40.6096 -110.98611 -1 0 0
-15.1091 40.6096 -110.98611 1 0 0
-15.1091 40.6096 -110.98611 0 0 -1
-15.1091 40.6096 -110.9361 1 0 0
-15.1091 40.6096 -110.9361 0 0 1
-15.1591 40.6096 -110.9361 0 0 1
-15.1591 40.6096 -110.9361 -1 0 0
-15.1591 39.3349 -110.9361 0 0 1
-15.1591 39.3349 -110.9361 -1 0 0
-15.1091 39.3349 -110.9361 1 0 0
-15.1091 39.3349 -110.9361 0 0 1
-15.1091 39.3349 -110.98611 1 0 0
-15.1091 39.3349 -110.98611 0 0 -1
-15.1591 39.3349 -110.98611 0 0 -1
-15.1591 39.3349 -110.98611 -1 0 0
-15.1591 39.3349 -112.51111 0 0 -1
-15.1591 39.3349 -112.51111 -1 0 0
-15.1091 39.3349 -112.51111 1 0 0
-15.1091 39.3349 -112.51111 0 0 -1
-15.1091 39.3349 -112.46111 1 0 0
-15.1091 39.3349 -112.46111 0 0 1
-15.1591 39.3349 -112.46111 0 0 1
-15.1591 39.3349 -112.46111 -1 0 0
-15.1591 40.6096 -112.46111 0 0 1
-15.1591 40.6096 -112.46111 -1 0 0
-15.1091 40.6096 -112.46111 1 0 0
-15.1091 40.6096 -112.46111 0 0 1
-15.1091 40.6096 -112.51111 1 0 0
-15.1091 40.6096 -112.51111 0 0 -1
-15.1591 40.6096 -112.51111 0 0 -1
-15.1591 40.6096 -112.51111 -1 0 0
-14.9781 40.6096 -120.02594 1 0 0
-14.9781 40.6096 -120.02594 0 0 -1
-15.0281 40.6096 -120.02594 0 0 -1
-15.0281 40.6096 -120.02594 -1 0 0
-15.0281 40.6096 -119.9759 0 0 1
-15.0281 40.6096 -119.9759 -1 0 0
-14.9781 40.6096 -119.9759 1 0 0
-14.9781 40.6096 -119.9759 0 0 1
-14.9781 39.3349 -119.9759 1 0 0
-14.9781 39.3349 -119.9759 0 0 1
-15.0281 39.3349 -119.9759 0 0 1
-15.0281 39.3349 -119.9759 -1 0 0
-15.0281 39.3349 -120.02594 0 0 -1
-15.0281 39.3349 -120.02594 -1 0 0
-14.9781 39.3349 -120.02594 1 0 0
-14.9781 39.3349 -120.02594 0 0 -1
0.023695 39.3349 -120.02594 1 0 0
0.023695 39.3349 -120.02594 0 0 -1
-0.026305 39.3349 -120.02594 0 0 -1
-0.026305 39.3349 -120.02594 -1 0 0
-0.026305 39.3349 -119.9759 0 0 1
-0.026305 39.3349 -119.9759 -1 0 0
0.023695 39.3349 -119.9759 1 0 0
0.023695 39.3349 -119.9759 0 0 1
0.023695 40.6096 -119.9759 1 0 0
0.023695 40.6096 -119.9759 0 0 1
-0.026305 40.6096 -119.9759 0 0 1
-0.026305 40.6096 -119.9759 -1 0 0
-0.026305 40.6096 -120.02594 0 0 -1
-0.026305 40.6096 -120.02594 -1 0 0
0.023695 40.6096 -120.02594 1 0 0
0.023695 40.6096 -120.02594 0 0 -1
15.1573 39.3349 -103.46109 1 0 0
15.1573 39.3349 -103.46109 0 0 -1
15.1073 39.3349 -103.46109 0 0 -1
15.1073 39.3349 -103.46109 -1 0 0
15.1073 39.3349 -103.41109 0 0 1
15.1073 39.3349 -103.41109 -1 0 0
15.1573 39.3349 -103.41109 1 0 0
15.1573 39.3349 -103.41109 0 0 1
15.1573 40.6096 -103.41109 1 0 0
15.1573 40.6096 -103.41109 0 0 1
15.1073 40.6096 -103.41109 0 0 1
15.1073 40.6096 -103.41109 -1 0 0
15.1073 40.6096 -103.46109 0 0 -1
15.1073 40.6096 -103.46109 -1 0 0
15.1573 40.6096 -103.46109 1 0 0
15.1573 40.6096 -103.46109 0 0 -1
-15.1591 39.3349 -103.46109 0 0 -1
-15.1591 39.3349 -103.46109 -1 0 0
-15.1091 39.3349 -103.46109 1 0 0
-15.1091 39.3349 -103.46109 0 0 -1
-15.1091 39.3349 -103.41109 1 0 0
-15.1091 39.3349 -103.41109 0 0 1
-15.1591 39.3349 -103.41109 0 0 1
-15.1591 39.3349 -103.41109 -1 0 0
-15.1591 40.6096 -103.41109 0 0 1
-15.1591 40.6096 -103.41109 -1 0 0
-15.1091 40.6096 -103.41109 1 0 0
-15.1091 40.6096 -103.41109 0 0 1
-15.1091 40.6096 -103.46109 1 0 0
-15.1091 40.6096 -103.46109 0 0 -1
-15.1591 40.6096 -103.46109 0 0 -1
-15.1591 40.6096 -103.46109 -1 0 0
15.1573 40.6096 -104.98611 1 0 0
15.1573 40.6096 -104.98611 0 0 -1
15.1073 40.6096 -104.98611 0 0 -1
15.1073 40.6096 -104.98611 -1 0 0
15.1073 40.6096 -104.9361 0 0 1
15.1073 40.6096 -104.9361 -1 0 0
15.1573 40.6096 -104.9361 1 0 0
15.1573 40.6096 -104.9361 0 0 1
15.1573 39.3349 -104.9361 1 0 0
15.1573 39.3349 -104.9361 0 0 1
15.1073 39.3349 -104.9361 0 0 1
15.1073 39.3349 -104.9361 -1 0 0
15.1073 39.3349 -104.98611 0 0 -1
15.1073 39.3349 -104.98611 -1 0 0
15.1573 39.3349 -104.98611 1 0 0
15.1573 39.3349 -104.98611 0 0 -1
-15.1591 40.6096 -104.98611 0 0 -1
-15.1591 40.6096 -104.98611 -1 0 0
-15.1091 40.6096 -104.98611 1 0 0
-15.1091 40.6096 -104.98611 0 0 -1
-15.1091 40.6096 -104.9361 1 0 0
-15.1091 40.6096 -104.9361 0 0 1
-15.1591 40.6096 -104.9361 0 0 1
-15.1591 40.6096 -104.9361 -1 0 0
-15.1591 39.3349 -104.9361 0 0 1
-15.1591 39.3349 -104.9361 -1 0 0
-15.1091 39.3349 -104.9361 1 0 0
-15.1091 39.3349 -104.9361 0 0 1
-15.1091 39.3349 -104.98611 1 0 0
-15.1091 39.3349 -104.98611 0 0 -1
-15.1591 39.3349 -104.98611 0 0 -1
-15.1591 39.3349 -104.98611 -1 0 0
15.1573 39.3349 -106.51111 1 0 0
15.1573 39.3349 -106.51111 0 0 -1
15.1073 39.3349 -106.51111 0 0 -1
15.1073 39.3349 -106.51111 -1 0 0
15.1073 39.3349 -106.46111 0 0 1
15.1073 39.3349 -106.46111 -1 0 0
15.1573 39.3349 -106.46111 1 0 0
15.1573 39.3349 -106.46111 0 0 1
15.1573 40.6096 -106.46111 1 0 0
15.1573 40.6096 -106.46111 0 0 1
15.1073 40.6096 -106.46111 0 0 1
15.1073 40.6096 -106.46111 -1 0 0
15.1073 40.6096 -106.51111 0 0 -1
15.1073 40.6096 -106.51111 -1 0 0
15.1573 40.6096 -106.51111 1 0 0
15.1573 40.6096 -106.51111 0 0 -1
-15.1591 39.3349 -106.51111 0 0 -1
-15.1591 39.3349 -106.51111 -1 0 0
-15.1091 39.3349 -106.51111 1 0 0
-15.1091 39.3349 -106.51111 0 0 -1
-15.1091 39.3349 -106.46111 1 0 0
-15.1091 39.3349 -106.46111 0 0 1
-15.1591 39.3349 -106.46111 0 0 1
-15.1591 39.3349 -106.46111 -1 0 0
-15.1591 40.6096 -106.46111 0 0 1
-15.1591 40.6096 -106.46111 -1 0 0
-15.1091 40.6096 -106.46111 1 0 0
-15.1091 40.6096 -106.46111 0 0 1
-15.1091 40.6096 -106.51111 1 0 0
-15.1091 40.6096 -106.51111 0 0 -1
-15.1591 40.6096 -106.51111 0 0 -1
-15.1591 40.6096 -106.51111 -1 0 0
15.1573 39.9349 -114.11588 1 0 0
15.1573 39.9349 -114.11588 0 -1 0
15.1073 39.9349 -114.11588 0 -1 0
15.1073 39.9349 -114.11588 -1 0 0
15.1073 39.9849 -114.11588 0 1 0
15.1073 39.9849 -114.11588 -1 0 0
15.1573 39.9849 -114.11588 1 0 0
15.1573 39.9849 -114.11588 0 1 0
15.1573 39.9849 -119.97654 1 0 0
15.1573 39.9849 -119.97654 0 1 0
15.1073 39.9849 -119.97654 0 1 0
15.1073 39.9849 -119.97654 -1 0 0
15.1073 39.9349 -119.97654 0 -1 0
15.1073 39.9349 -119.97654 -1 0 0
15.1573 39.9349 -119.97654 1 0 0
15.1573 39.9349 -119.97654 0 -1 0
-15.1591 39.9349 -101.99689 0 -1 0
-15.1591 39.9349 -101.99689 -1 0 0
-15.1091 39.9349 -101.99689 1 0 0
-15.1091 39.9349 -101.99689 0 -1 0
-15.1091 39.9849 -101.99689 1 0 0
-15.1091 39.9849 -101.99689 0 1 0
-15.1591 39.9849 -101.99689 0 1 0
-15.1591 39.9849 -101.99689 -1 0 0
-15.1591 39.9849 -119.97654 0 1 0
-15.1591 39.9849 -119.97654 -1 0 0
-15.1091 39.9849 -119.97654 1 0 0
-15.1091 39.9849 -119.97654 0 1 0
-15.1091 39.9349 -119.97654 1 0 0
-15.1091 39.9349 -119.97654 0 -1 0
-15.1591 39.9349 -119.97654 0 -1 0
-15.1591 39.9349 -119.97654 -1 0 0
15.1573 40.6099 -119.97616 1 0 0
15.1573 40.6099 -119.97616 0 -1 0
15.1073 40.6099 -119.97616 0 -1 0
15.1073 40.6099 -119.97616 -1 0 0
15.1073 40.6599 -119.97616 0 1 0
15.1073 40.6599 -119.97616 -1 0 0
15.1573 40.6599 -119.97616 1 0 0
15.1573 40.6599 -119.97616 0 1 0
15.1573 40.6599 -114.11588 1 0 0
15.1573 40.6599 -114.11588 0 1 0
15.1073 40.6599 -114.11588 0 1 0
15.1073 40.6599 -114.11588 -1 0 0
15.1073 40.6099 -114.11588 0 -1 0
15.1073 40.6099 -114.11588 -1 0 0
15.1573 40.6099 -114.11588 1 0 0
15.1573 40.6099 -114.11588 0 -1 0
-15.1591 40.6099 -119.97616 0 -1 0
-15.1591 40.6099 -119.97616 -1 0 0
-15.1091 40.6099 -119.97616 1 0 0
-15.1091 40.6099 -119.97616 0 -1 0
-15.1091 40.6599 -119.97616 1 0 0
-15.1091 40.6599 -119.97616 0 1 0
-15.1591 40.6599 -119.97616 0 1 0
-15.1591 40.6599 -119.97616 -1 0 0
-15.1591 40.6599 -101.99638 0 1 0
-15.1591 40.6599 -101.99638 -1 0 0
-15.1091 40.6599 -101.99638 1 0 0
-15.1091 40.6599 -101.99638 0 1 0
-15.1091 40.6099 -101.99638 1 0 0
-15.1091 40.6099 -101.99638 0 -1 0
-15.1591 40.6099 -101.99638 0 -1 0
-15.1591 40.6099 -101.99638 -1 0 0
15.1571 40.6099 -120.02644 1 0 0
15.1571 40.6099 -120.02644 0 -1 0
15.1571 40.6099 -120.02644 0 0 -1
15.1571 40.6099 -119.97642 1 0 0
15.1571 40.6099 -119.97642 0 -1 0
15.1571 40.6099 -119.97642 0 0 1
15.1571 40.6599 -119.97642 1 0 0
15.1571 40.6599 -119.97642 0 0 1
15.1571 40.6599 -119.97642 0 1 0
15.1571 40.6599 -120.02644 1 0 0
15.1571 40.6599 -120.02644 0 0 -1
15.1571 40.6599 -120.02644 0 1 0
-15.1587 40.6599 -120.02644 0 0 -1
-15.1587 40.6599 -120.02644 0 1 0
-15.1587 40.6599 -120.02644 -1 0 0
-15.1587 40.6599 -119.97642 0 0 1
-15.1587 40.6599 -119.97642 0 1 0
-15.1587 40.6599 -119.97642 -1 0 0
-15.1587 40.6099 -119.97642 0 -1 0
-15.1587 40.6099 -119.97642 0 0 1
-15.1587 40.6099 -119.97642 -1 0 0
-15.1587 40.6099 -120.02644 0 -1 0
-15.1587 40.6099 -120.02644 0 0 -1
-15.1587 40.6099 -120.02644 -1 0 0
-15.1593 39.9349 -120.02644 0 -1 0
-15.1593 39.9349 -120.02644 0 0 -1
-15.1593 39.9349 -120.02644 -1 0 0
-15.1593 39.9349 -119.97642 0 -1 0
-15.1593 39.9349 -119.97642 0 0 1
-15.1593 39.9349 -119.97642 -1 0 0
-15.1593 39.9849 -119.97642 0 0 1
-15.1593 39.9849 -119.97642 0 1 0
-15.1593 39.9849 -119.97642 -1 0 0
-15.1593 39.9849 -120.02644 0 0 -1
-15.1593 39.9849 -120.02644 0 1 0
-15.1593 39.9849 -120.02644 -1 0 0
15.1565 39.9849 -120.02644 1 0 0
15.1565 39.9849 -120.02644 0 0 -1
15.1565 39.9849 -120.02644 0 1 0
15.1565 39.9849 -119.97642 1 0 0
15.1565 39.9849 -119.97642 0 0 1
15.1565 39.9849 -119.97642 0 1 0
15.1565 39.9349 -119.97642 1 0 0
15.1565 39.9349 -119.97642 0 -1 0
15.1565 39.9349 -119.97642 0 0 1
15.1565 39.9349 -120.02644 1 0 0
15.1565 39.9349 -120.02644 0 -1 0
15.1565 39.9349 -120.02644 0 0 -1
15.1573 39.3349 -115.46109 1 0 0
15.1573 39.3349 -115.46109 0 0 -1
15.1073 39.3349 -115.46109 0 0 -1
15.1073 39.3349 -115.46109 -1 0 0
15.1073 39.3349 -115.41109 0 0 1
15.1073 39.3349 -115.41109 -1 0 0
15.1573 39.3349 -115.41109 1 0 0
15.1573 39.3349 -115.41109 0 0 1
15.1573 40.6096 -115.41109 1 0 0
15.1573 40.6096 -115.41109 0 0 1
15.1073 40.6096 -115.41109 0 0 1
15.1073 40.6096 -115.41109 -1 0 0
15.1073 40.6096 -115.46109 0 0 -1
15.1073 40.6096 -115.46109 -1 0 0
15.1573 40.6096 -115.46109 1 0 0
15.1573 40.6096 -115.46109 0 0 -1
-15.1591 39.3349 -115.46109 0 0 -1
-15.1591 39.3349 -115.46109 -1 0 0
-15.1091 39.3349 -115.46109 1 0 0
-15.1091 39.3349 -115.46109 0 0 -1
-15.1091 39.3349 -115.41109 1 0 0
-15.1091 39.3349 -115.41109 0 0 1
-15.1591 39.3349 -115.41109 0 0 1
-15.1591 39.3349 -115.41109 -1 0 0
-15.1591 40.6096 -115.41109 0 0 1
-15.1591 40.6096 -115.41109 -1 0 0
-15.1091 40.6096 -115.41109 1 0 0
-15.1091 40.6096 -115.41109 0 0 1
-15.1091 40.6096 -115.46109 1 0 0
-15.1091 40.6096 -115.46109 0 0 -1
-15.1591 40.6096 -115.46109 0 0 -1
-15.1591 40.6096 -115.46109 -1 0 0
15.1573 40.6096 -116.98611 1 0 0
15.1573 40.6096 -116.98611 0 0 -1
15.1073 40.6096 -116.98611 0 0 -1
15.1073 40.6096 -116.98611 -1 0 0
15.1073 40.6096 -116.9361 0 0 1
15.1073 40.6096 -116.9361 -1 0 0
15.1573 40.6096 -116.9361 1 0 0
15.1573 40.6096 -116.9361 0 0 1
15.1573 39.3349 -116.9361 1 0 0
15.1573 39.3349 -116.9361 0 0 1
15.1073 39.3349 -116.9361 0 0 1
15.1073 39.3349 -116.9361 -1 0 0
15.1073 39.3349 -116.98611 0 0 -1
15.1073 39.3349 -116.98611 -1 0 0
15.1573 39.3349 -116.98611 1 0 0
15.1573 39.3349 -116.98611 0 0 -1
-15.1591 40.6096 -116.98611 0 0 -1
-15.1591 40.6096 -116.98611 -1 0 0
-15.1091 40.6096 -116.98611 1 0 0
-15.1091 40.6096 -116.98611 0 0 -1
-15.1091 40.6096 -116.9361 1 0 0
-15.1091 40.6096 -116.9361 0 0 1
-15.1591 40.6096 -116.9361 0 0 1
-15.1591 40.6096 -116.9361 -1 0 0
-15.1591 39.3349 -116.9361 0 0 1
-15.1591 39.3349 -116.9361 -1 0 0
-15.1091 39.3349 -116.9361 1 0 0
-15.1091 39.3349 -116.9361 0 0 1
-15.1091 39.3349 -116.98611 1 0 0
-15.1091 39.3349 -116.98611 0 0 -1
-15.1591 39.3349 -116.98611 0 0 -1
-15.1591 39.3349 -116.98611 -1 0 0
15.1573 39.3349 -118.51111 1 0 0
15.1573 39.3349 -118.51111 0 0 -1
15.1073 39.3349 -118.51111 0 0 -1
15.1073 39.3349 -118.51111 -1 0 0
15.1073 39.3349 -118.46111 0 0 1
15.1073 39.3349 -118.46111 -1 0 0
15.1573 39.3349 -118.46111 1 0 0
15.1573 39.3349 -118.46111 0 0 1
15.1573 40.6096 -118.46111 1 0 0
15.1573 40.6096 -118.46111 0 0 1
15.1073 40.6096 -118.46111 0 0 1
15.1073 40.6096 -118.46111 -1 0 0
15.1073 40.6096 -118.51111 0 0 -1
15.1073 40.6096 -118.51111 -1 0 0
15.1573 40.6096 -118.51111 1 0 0
15.1573 40.6096 -118.51111 0 0 -1
-15.1591 39.3349 -118.51111 0 0 -1
-15.1591 39.3349 -118.51111 -1 0 0
-15.1091 39.3349 -118.51111 1 0 0
-15.1091 39.3349 -118.51111 0 0 -1
-15.1091 39.3349 -118.46111 1 0 0
-15.1091 39.3349 -118.46111 0 0 1
-15.1591 39.3349 -118.46111 0 0 1
-15.1591 39.3349 -118.46111 -1 0 0
-15.1591 40.6096 -118.46111 0 0 1
-15.1591 40.6096 -118.46111 -1 0 0
-15.1091 40.6096 -118.46111 1 0 0
-15.1091 40.6096 -118.46111 0 0 1
-15.1091 40.6096 -118.51111 1 0 0
-15.1091 40.6096 -118.51111 0 0 -1
-15.1591 40.6096 -118.51111 0 0 -1
-15.1591 40.6096 -118.51111 -1 0 0
13.8237 39.3349 -120.02594 1 0 0
13.8237 39.3349 -120.02594 0 0 -1
13.7737 39.3349 -120.02594 0 0 -1
13.7737 39.3349 -120.02594 -1 0 0
13.7737 39.3349 -119.9759 0 0 1
13.7737 39.3349 -119.9759 -1 0 0
13.8237 39.3349 -119.9759 1 0 0
13.8237 39.3349 -119.9759 0 0 1
13.8237 40.6096 -119.9759 1 0 0
13.8237 40.6096 -119.9759 0 0 1
13.7737 40.6096 -119.9759 0 0 1
13.7737 40.6096 -119.9759 -1 0 0
13.7737 40.6096 -120.02594 0 0 -1
13.7737 40.6096 -120.02594 -1 0 0
13.8237 40.6096 -120.02594 1 0 0
13.8237 40.6096 -120.02594 0 0 -1
12.3237 40.6096 -120.02594 1 0 0
12.3237 40.6096 -120.02594 0 0 -1
12.2737 40.6096 -120.02594 0 0 -1
12.2737 40.6096 -120.02594 -1 0 0
12.2737 40.6096 -119.9759 0 0 1
12.2737 40.6096 -119.9759 -1 0 0
12.3237 40.6096 -119.9759 1 0 0
12.3237 40.6096 -119.9759 0 0 1
12.3237 39.3349 -119.9759 1 0 0
12.3237 39.3349 -119.9759 0 0 1
12.2737 39.3349 -119.9759 0 0 1
12.2737 39.3349 -119.9759 -1 0 0
12.2737 39.3349 -120.02594 0 0 -1
12.2737 39.3349 -120.02594 -1 0 0
12.3237 39.3349 -120.02594 1 0 0
12.3237 39.3349 -120.02594 0 0 -1
10.8237 39.3349 -120.02594 1 0 0
10.8237 39.3349 -120.02594 0 0 -1
10.7737 39.3349 -120.02594 0 0 -1
10.7737 39.3349 -120.02594 -1 0 0
10.7737 39.3349 -119.9759 0 0 1
10.7737 39.3349 -119.9759 -1 0 0
10.8237 39.3349 -119.9759 1 0 0
10.8237 39.3349 -119.9759 0 0 1
10.8237 40.6096 -119.9759 1 0 0
10.8237 40.6096 -119.9759 0 0 1
10.7737 40.6096 -119.9759 0 0 1
10.7737 40.6096 -119.9759 -1 0 0
10.7737 40.6096 -120.02594 0 0 -1
10.7737 40.6096 -120.02594 -1 0 0
10.8237 40.6096 -120.02594 1 0 0
10.8237 40.6096 -120.02594 0 0 -1
9.32369 40.6096 -120.02594 1 0 0
9.32369 40.6096 -120.02594 0 0 -1
9.27369 40.6096 -120.02594 0 0 -1
9.27369 40.6096 -120.02594 -1 0 0
9.27369 40.6096 -119.9759 0 0 1
9.27369 40.6096 -119.9759 -1 0 0
9.32369 40.6096 -119.9759 1 0 0
9.32369 40.6096 -119.9759 0 0 1
9.32369 39.3349 -119.9759 1 0 0
9.32369 39.3349 -119.9759 0 0 1
9.27369 39.3349 -119.9759 0 0 1
9.27369 39.3349 -119.9759 -1 0 0
9.27369 39.3349 -120.02594 0 0 -1
9.27369 39.3349 -120.02594 -1 0 0
9.32369 39.3349 -120.02594 1 0 0
9.32369 39.3349 -120.02594 0 0 -1
7.82369 39.3349 -120.02594 1 0 0
7.82369 39.3349 -120.02594 0 0 -1
7.77369 39.3349 -120.02594 0 0 -1
7.77369 39.3349 -120.02594 -1 0 0
7.77369 39.3349 -119.9759 0 0 1
7.77369 39.3349 -119.9759 -1 0 0
7.82369 39.3349 -119.9759 1 0 0
7.82369 39.3349 -119.9759 0 0 1
7.82369 40.6096 -119.9759 1 0 0
7.82369 40.6096 -119.9759 0 0 1
7.77369 40.6096 -119.9759 0 0 1
7.77369 40.6096 -119.9759 -1 0 0
7.77369 40.6096 -120.02594 0 0 -1
7.77369 40.6096 -120.02594 -1 0 0
7.82369 40.6096 -120.02594 1 0 0
7.82369 40.6096 -120.02594 0 0 -1
6.32369 40.6096 -120.02594 1 0 0
6.32369 40.6096 -120.02594 0 0 -1
6.27369 40.6096 -120.02594 0 0 -1
6.27369 40.6096 -120.02594 -1 0 0
6.27369 40.6096 -119.9759 0 0 1
6.27369 40.6096 -119.9759 -1 0 0
6.32369 40.6096 -119.9759 1 0 0
6.32369 40.6096 -119.9759 0 0 1
6.32369 39.3349 -119.9759 1 0 0
6.32369 39.3349 -119.9759 0 0 1
6.27369 39.3349 -119.9759 0 0 1
6.27369 39.3349 -119.9759 -1 0 0
6.27369 39.3349 -120.02594 0 0 -1
6.27369 39.3349 -120.02594 -1 0 0
6.32369 39.3349 -120.02594 1 0 0
6.32369 39.3349 -120.02594 0 0 -1
4.82369 39.3349 -120.02594 1 0 0
4.82369 39.3349 -120.02594 0 0 -1
4.77369 39.3349 -120.02594 0 0 -1
4.77369 39.3349 -120.02594 -1 0 0
4.77369 39.3349 -119.9759 0 0 1
4.77369 39.3349 -119.9759 -1 0 0
4.82369 39.3349 -119.9759 1 0 0
4.82369 39.3349 -119.9759 0 0 1
4.82369 40.6096 -119.9759 1 0 0
4.82369 40.6096 -119.9759 0 0 1
4.77369 40.6096 -119.9759 0 0 1
4.77369 40.6096 -119.9759 -1 0 0
4.77369 40.6096 -120.02594 0 0 -1
4.77369 40.6096 -120.02594 -1 0 0
4.82369 40.6096 -120.02594 1 0 0
4.82369 40.6096 -120.02594 0 0 -1
3.32369 40.6096 -120.02594 1 0 0
3.32369 40.6096 -120.02594 0 0 -1
3.27369 40.6096 -120.02594 0 0 -1
3.27369 40.6096 -120.02594 -1 0 0
3.27369 40.6096 -119.9759 0 0 1
3.27369 40.6096 -119.9759 -1 0 0
3.32369 40.6096 -119.9759 1 0 0
3.32369 40.6096 -119.9759 0 0 1
3.32369 39.3349 -119.9759 1 0 0
3.32369 39.3349 -119.9759 0 0 1
3.27369 39.3349 -119.9759 0 0 1
3.27369 39.3349 -119.9759 -1 0 0
3.27369 39.3349 -120.02594 0 0 -1
3.27369 39.3349 -120.02594 -1 0 0
3.32369 39.3349 -120.02594 1 0 0
3.32369 39.3349 -120.02594 0 0 -1
1.82369 39.3349 -120.02594 1 0 0
1.82369 39.3349 -120.02594 0 0 -1
1.77369 39.3349 -120.02594 0 0 -1
1.77369 39.3349 -120.02594 -1 0 0
1.77369 39.3349 -119.9759 0 0 1
1.77369 39.3349 -119.9759 -1 0 0
1.82369 39.3349 -119.9759 1 0 0
1.82369 39.3349 -119.9759 0 0 1
1.82369 40.6096 -119.9759 1 0 0
1.82369 40.6096 -119.9759 0 0 1
1.77369 40.6096 -119.9759 0 0 1
1.77369 40.6096 -119.9759 -1 0 0
1.77369 40.6096 -120.02594 0 0 -1
1.77369 40.6096 -120.02594 -1 0 0
1.82369 40.6096 -120.02594 1 0 0
1.82369 40.6096 -120.02594 0 0 -1
-13.8237 39.3349 -120.02594 0 0 -1
-13.8237 39.3349 -120.02594 -1 0 0
-13.7737 39.3349 -120.02594 1 0 0
-13.7737 39.3349 -120.02594 0 0 -1
-13.7737 39.3349 -119.9759 1 0 0
-13.7737 39.3349 -119.9759 0 0 1
-13.8237 39.3349 -119.9759 0 0 1
-13.8237 39.3349 -119.9759 -1 0 0
-13.8237 40.6096 -119.9759 0 0 1
-13.8237 40.6096 -119.9759 -1 0 0
-13.7737 40.6096 -119.9759 1 0 0
-13.7737 40.6096 -119.9759 0 0 1
-13.7737 40.6096 -120.02594 1 0 0
-13.7737 40.6096 -120.02594 0 0 -1
-13.8237 40.6096 -120.02594 0 0 -1
-13.8237 40.6096 -120.02594 -1 0 0
-12.3237 40.6096 -120.02594 0 0 -1
-12.3237 40.6096 -120.02594 -1 0 0
-12.2737 40.6096 -120.02594 1 0 0
-12.2737 40.6096 -120.02594 0 0 -1
-12.2737 40.6096 -119.9759 1 0 0
-12.2737 40.6096 -119.9759 0 0 1
-12.3237 40.6096 -119.9759 0 0 1
-12.3237 40.6096 -119.9759 -1 0 0
-12.3237 39.3349 -119.9759 0 0 1
-12.3237 39.3349 -119.9759 -1 0 0
-12.2737 39.3349 -119.9759 1 0 0
-12.2737 39.3349 -119.9759 0 0 1
-12.2737 39.3349 -120.02594 1 0 0
-12.2737 39.3349 -120.02594 0 0 -1
-12.3237 39.3349 -120.02594 0 0 -1
-12.3237 39.3349 -120.02594 -1 0 0
-10.8237 39.3349 -120.02594 0 0 -1
-10.8237 39.3349 -120.02594 -1 0 0
-10.7737 39.3349 -120.02594 1 0 0
-10.7737 39.3349 -120.02594 0 0 -1
-10.7737 39.3349 -119.9759 1 0 0
-10.7737 39.3349 -119.9759 0 0 1
-10.8237 39.3349 -119.9759 0 0 1
-10.8237 39.3349 -119.9759 -1 0 0
-10.8237 40.6096 -119.9759 0 0 1
-10.8237 40.6096 -119.9759 -1 0 0
-10.7737 40.6096 -119.9759 1 0 0
-10.7737 40.6096 -119.9759 0 0 1
-10.7737 40.6096 -120.02594 1 0 0
-10.7737 40.6096 -120.02594 0 0 -1
-10.8237 40.6096 -120.02594 0 0 -1
-10.8237 40.6096 -120.02594 -1 0 0
-9.3237 40.6096 -120.02594 0 0 -1
-9.3237 40.6096 -120.02594 -1 0 0
-9.2737 40.6096 -120.02594 1 0 0
-9.2737 40.6096 -120.02594 0 0 -1
-9.2737 40.6096 -119.9759 1 0 0
-9.2737 40.6096 -119.9759 0 0 1
-9.3237 40.6096 -119.9759 0 0 1
-9.3237 40.6096 -119.9759 -1 0 0
-9.3237 39.3349 -119.9759 0 0 1
-9.3237 39.3349 -119.9759 -1 0 0
-9.2737 39.3349 -119.9759 1 0 0
-9.2737 39.3349 -119.9759 0 0 1
-9.2737 39.3349 -120.02594 1 0 0
-9.2737 39.3349 -120.02594 0 0 -1
-9.3237 39.3349 -120.02594 0 0 -1
-9.3237 39.3349 -120.02594 -1 0 0
-7.8237 39.3349 -120.02594 0 0 -1
-7.8237 39.3349 -120.02594 -1 0 0
-7.7737 39.3349 -120.02594 1 0 0
-7.7737 39.3349 -120.02594 0 0 -1
-7.7737 39.3349 -119.9759 1 0 0
-7.7737 39.3349 -119.9759 0 0 1
-7.8237 39.3349 -119.9759 0 0 1
-7.8237 39.3349 -119.9759 -1 0 0
-7.8237 40.6096 -119.9759 0 0 1
-7.8237 40.6096 -119.9759 -1 0 0
-7.7737 40.6096 -119.9759 1 0 0
-7.7737 40.6096 -119.9759 0 0 1
-7.7737 40.6096 -120.02594 1 0 0
-7.7737 40.6096 -120.02594 0 0 -1
-7.8237 40.6096 -120.02594 0 0 -1
-7.8237 40.6096 -120.02594 -1 0 0
-6.3237 40.6096 -120.02594 0 0 -1
-6.3237 40.6096 -120.02594 -1 0 0
-6.2737 40.6096 -120.02594 1 0 0
-6.2737 40.6096 -120.02594 0 0 -1
-6.2737 40.6096 -119.9759 1 0 0
-6.2737 40.6096 -119.9759 0 0 1
-6.3237 40.6096 -119.9759 0 0 1
-6.3237 40.6096 -119.9759 -1 0 0
-6.3237 39.3349 -119.9759 0 0 1
-6.3237 39.3349 -119.9759 -1 0 0
-6.2737 39.3349 -119.9759 1 0 0
-6.2737 39.3349 -119.9759 0 0 1
-6.2737 39.3349 -120.02594 1 0 0
-6.2737 39.3349 -120.02594 0 0 -1
-6.3237 39.3349 -120.02594 0 0 -1
-6.3237 39.3349 -120.02594 -1 0 0
-4.8237 39.3349 -120.02594 0 0 -1
-4.8237 39.3349 -120.02594 -1 0 0
-4.7737 39.3349 -120.02594 1 0 0
-4.7737 39.3349 -120.02594 0 0 -1
-4.7737 39.3349 -119.9759 1 0 0
-4.7737 39.3349 -119.9759 0 0 1
-4.8237 39.3349 -119.9759 0 0 1
-4.8237 39.3349 -119.9759 -1 0 0
-4.8237 40.6096 -119.9759 0 0 1
-4.8237 40.6096 -119.9759 -1 0 0
-4.7737 40.6096 -119.9759 1 0 0
-4.7737 40.6096 -119.9759 0 0 1
-4.7737 40.6096 -120.02594 1 0 0
-4.7737 40.6096 -120.02594 0 0 -1
-4.8237 40.6096 -120.02594 0 0 -1
-4.8237 40.6096 -120.02594 -1 0 0
-3.3237 40.6096 -120.02594 0 0 -1
-3.3237 40.6096 -120.02594 -1 0 0
-3.2737 40.6096 -120.02594 1 0 0
-3.2737 40.6096 -120.02594 0 0 -1
-3.2737 40.6096 -119.9759 1 0 0
-3.2737 40.6096 -119.9759 0 0 1
-3.3237 40.6096 -119.9759 0 0 1
-3.3237 40.6096 -119.9759 -1 0 0
-3.3237 39.3349 -119.9759 0 0 1
-3.3237 39.3349 -119.9759 -1 0 0
-3.2737 39.3349 -119.9759 1 0 0
-3.2737 39.3349 -119.9759 0 0 1
-3.2737 39.3349 -120.02594 1 0 0
-3.2737 39.3349 -120.02594 0 0 -1
-3.3237 39.3349 -120.02594 0 0 -1
-3.3237 39.3349 -120.02594 -1 0 0
-1.8237 39.3349 -120.02594 0 0 -1
-1.8237 39.3349 -120.02594 -1 0 0
-1.7737 39.3349 -120.02594 1 0 0
-1.7737 39.3349 -120.02594 0 0 -1
-1.7737 39.3349 -119.9759 1 0 0
-1.7737 39.3349 -119.9759 0 0 1
-1.8237 39.3349 -119.9759 0 0 1
-1.8237 39.3349 -119.9759 -1 0 0
-1.8237 40.6096 -119.9759 0 0 1
-1.8237 40.6096 -119.9759 -1 0 0
-1.7737 40.6096 -119.9759 1 0 0
-1.7737 40.6096 -119.9759 0 0 1
-1.7737 40.6096 -120.02594 1 0 0
-1.7737 40.6096 -120.02594 0 0 -1
-1.8237 40.6096 -120.02594 0 0 -1
-1.8237 40.6096 -120.02594 -1 0 0
-15.1591 36.2348 -109.46109 0 0 -1
-15.1591 36.2348 -109.46109 -1 0 0
-15.1091 36.2348 -109.46109 1 0 0
-15.1091 36.2348 -109.46109 0 0 -1
-15.1091 36.2348 -109.41109 1 0 0
-15.1091 36.2348 -109.41109 0 0 1
-15.1591 36.2348 -109.41109 0 0 1
-15.1591 36.2348 -109.41109 -1 0 0
-15.1591 37.5095 -109.41109 0 0 1
-15.1591 37.5095 -109.41109 -1 0 0
-15.1091 37.5095 -109.41109 1 0 0
-15.1091 37.5095 -109.41109 0 0 1
-15.1091 37.5095 -109.46109 1 0 0
-15.1091 37.5095 -109.46109 0 0 -1
-15.1591 37.5095 -109.46109 0 0 -1
-15.1591 37.5095 -109.46109 -1 0 0
-15.1591 37.5095 -110.98611 0 0 -1
-15.1591 37.5095 -110.98611 -1 0 0
-15.1091 37.5095 -110.98611 1 0 0
-15.1091 37.5095 -110.98611 0 0 -1
-15.1091 37.5095 -110.9361 1 0 0
-15.1091 37.5095 -110.9361 0 0 1
-15.1591 37.5095 -110.9361 0 0 1
-15.1591 37.5095 -110.9361 -1 0 0
-15.1591 36.2348 -110.9361 0 0 1
-15.1591 36.2348 -110.9361 -1 0 0
-15.1091 36.2348 -110.9361 1 0 0
-15.1091 36.2348 -110.9361 0 0 1
-15.1091 36.2348 -110.98611 1 0 0
-15.1091 36.2348 -110.98611 0 0 -1
-15.1591 36.2348 -110.98611 0 0 -1
-15.1591 36.2348 -110.98611 -1 0 0
-15.1591 36.2348 -112.51111 0 0 -1
-15.1591 36.2348 -112.51111 -1 0 0
-15.1091 36.2348 -112.51111 1 0 0
-15.1091 36.2348 -112.51111 0 0 -1
-15.1091 36.2348 -112.46111 1 0 0
-15.1091 36.2348 -112.46111 0 0 1
-15.1591 36.2348 -112.46111 0 0 1
-15.1591 36.2348 -112.46111 -1 0 0
-15.1591 37.5095 -112.46111 0 0 1
-15.1591 37.5095 -112.46111 -1 0 0
-15.1091 37.5095 -112.46111 1 0 0
-15.1091 37.5095 -112.46111 0 0 1
-15.1091 37.5095 -112.51111 1 0 0
-15.1091 37.5095 -112.51111 0 0 -1
-15.1591 37.5095 -112.51111 0 0 -1
-15.1591 37.5095 -112.51111 -1 0 0
-14.9781 37.5095 -120.02594 1 0 0
-14.9781 37.5095 -120.02594 0 0 -1
-15.0281 37.5095 -120.02594 0 0 -1
-15.0281 37.5095 -120.02594 -1 0 0
-15.0281 37.5095 -119.9759 0 0 1
-15.0281 37.5095 -119.9759 -1 0 0
-14.9781 37.5095 -119.9759 1 0 0
-14.9781 37.5095 -119.9759 0 0 1
-14.9781 36.2348 -119.9759 1 0 0
-14.9781 36.2348 -119.9759 0 0 1
-15.0281 36.2348 -119.9759 0 0 1
-15.0281 36.2348 -119.9759 -1 0 0
-15.0281 36.2348 -120.02594 0 0 -1
-15.0281 36.2348 -120.02594 -1 0 0
-14.9781 36.2348 -120.02594 1 0 0
-14.9781 36.2348 -120.02594 0 0 -1
0.023695 36.2348 -120.02594 1 0 0
0.023695 36.2348 -120.02594 0 0 -1
-0.026305 36.2348 -120.02594 0 0 -1
-0.026305 36.2348 -120.02594 -1 0 0
-0.026305 36.2348 -119.9759 0 0 1
-0.026305 36.2348 -119.9759 -1 0 0
0.023695 36.2348 -119.9759 1 0 0
0.023695 36.2348 -119.9759 0 0 1
0.023695 37.5095 -119.9759 1 0 0
0.023695 37.5095 -119.9759 0 0 1
-0.026305 37.5095 -119.9759 0 0 1
-0.026305 37.5095 -119.9759 -1 0 0
-0.026305 37.5095 -120.02594 0 0 -1
-0.026305 37.5095 -120.02594 -1 0 0
0.023695 37.5095 -120.02594 1 0 0
0.023695 37.5095 -120.02594 0 0 -1
15.1573 36.2348 -103.46109 1 0 0
15.1573 36.2348 -103.46109 0 0 -1
15.1073 36.2348 -103.46109 0 0 -1
15.1073 36.2348 -103.46109 -1 0 0
15.1073 36.2348 -103.41109 0 0 1
15.1073 36.2348 -103.41109 -1 0 0
15.1573 36.2348 -103.41109 1 0 0
15.1573 36.2348 -103.41109 0 0 1
15.1573 37.5095 -103.41109 1 0 0
15.1573 37.5095 -103.41109 0 0 1
15.1073 37.5095 -103.41109 0 0 1
15.1073 37.5095 -103.41109 -1 0 0
15.1073 37.5095 -103.46109 0 0 -1
15.1073 37.5095 -103.46109 -1 0 0
15.1573 37.5095 -103.46109 1 0 0
15.1573 37.5095 -103.46109 0 0 -1
-15.1591 36.2348 -103.46109 0 0 -1
-15.1591 36.2348 -103.46109 -1 0 0
-15.1091 36.2348 -103.46109 1 0 0
-15.1091 36.2348 -103.46109 0 0 -1
-15.1091 36.2348 -103.41109 1 0 0
-15.1091 36.2348 -103.41109 0 0 1
-15.1591 36.2348 -103.41109 0 0 1
-15.1591 36.2348 -103.41109 -1 0 0
-15.1591 37.5095 -103.41109 0 0 1
-15.1591 37.5095 -103.41109 -1 0 0
-15.1091 37.5095 -103.41109 1 0 0
-15.1091 37.5095 -103.41109 0 0 1
-15.1091 37.5095 -103.46109 1 0 0
-15.1091 37.5095 -103.46109 0 0 -1
-15.1591 37.5095 -103.46109 0 0 -1
-15.1591 37.5095 -103.46109 -1 0 0
15.1573 37.5095 -104.98611 1 0 0
15.1573 37.5095 -104.98611 0 0 -1
15.1073 37.5095 -104.98611 0 0 -1
15.1073 37.5095 -104.98611 -1 0 0
15.1073 37.5095 -104.9361 0 0 1
15.1073 37.5095 -104.9361 -1 0 0
15.1573 37.5095 -104.9361 1 0 0
15.1573 37.5095 -104.9361 0 0 1
15.1573 36.2348 -104.9361 1 0 0
15.1573 36.2348 -104.9361 0 0 1
15.1073 36.2348 -104.9361 0 0 1
15.1073 36.2348 -104.9361 -1 0 0
15.1073 36.2348 -104.98611 0 0 -1
15.1073 36.2348 -104.98611 -1 0 0
15.1573 36.2348 -104.98611 1 0 0
15.1573 36.2348 -104.98611 0 0 -1
-15.1591 37.5095 -104.98611 0 0 -1
-15.1591 37.5095 -104.98611 -1 0 0
-15.1091 37.5095 -104.98611 1 0 0
-15.1091 37.5095 -104.98611 0 0 -1
-15.1091 37.5095 -104.9361 1 0 0
-15.1091 37.5095 -104.9361 0 0 1
-15.1591 37.5095 -104.9361 0 0 1
-15.1591 37.5095 -104.9361 -1 0 0
-15.1591 36.2348 -104.9361 0 0 1
-15.1591 36.2348 -104.9361 -1 0 0
-15.1091 36.2348 -104.9361 1 0 0
-15.1091 36.2348 -104.9361 0 0 1
-15.1091 36.2348 -104.98611 1 0 0
-15.1091 36.2348 -104.98611 0 0 -1
-15.1591 36.2348 -104.98611 0 0 -1
-15.1591 36.2348 -104.98611 -1 0 0
15.1573 36.2348 -106.51111 1 0 0
15.1573 36.2348 -106.51111 0 0 -1
15.1073 36.2348 -106.51111 0 0 -1
15.1073 36.2348 -106.51111 -1 0 0
15.1073 36.2348 -106.46111 0 0 1
15.1073 36.2348 -106.46111 -1 0 0
15.1573 36.2348 -106.46111 1 0 0
15.1573 36.2348 -106.46111 0 0 1
15.1573 37.5095 -106.46111 1 0 0
15.1573 37.5095 -106.46111 0 0 1
15.1073 37.5095 -106.46111 0 0 1
15.1073 37.5095 -106.46111 -1 0 0
15.1073 37.5095 -106.51111 0 0 -1
15.1073 37.5095 -106.51111 -1 0 0
15.1573 37.5095 -106.51111 1 0 0
15.1573 37.5095 -106.51111 0 0 -1
-15.1591 36.2348 -106.51111 0 0 -1
-15.1591 36.2348 -106.51111 -1 0 0
-15.1091 36.2348 -106.51111 1 0 0
-15.1091 36.2348 -106.51111 0 0 -1
-15.1091 36.2348 -106.46111 1 0 0
-15.1091 36.2348 -106.46111 0 0 1
-15.1591 36.2348 -106.46111 0 0 1
-15.1591 36.2348 -106.46111 -1 0 0
-15.1591 37.5095 -106.46111 0 0 1
-15.1591 37.5095 -106.46111 -1 0 0
-15.1091 37.5095 -106.46111 1 0 0
-15.1091 37.5095 -106.46111 0 0 1
-15.1091 37.5095 -106.51111 1 0 0
-15.1091 37.5095 -106.51111 0 0 -1
-15.1591 37.5095 -106.51111 0 0 -1
-15.1591 37.5095 -106.51111 -1 0 0
15.1573 36.8348 -114.11588 1 0 0
15.1573 36.8348 -114.11588 0 -1 0
15.1073 36.8348 -114.11588 0 -1 0
15.1073 36.8348 -114.11588 -1 0 0
15.1073 36.8848 -114.11588 0 1 0
15.1073 36.8848 -114.11588 -1 0 0
15.1573 36.8848 -114.11588 1 0 0
15.1573 36.8848 -114.11588 0 1 0
15.1573 36.8848 -119.97654 1 0 0
15.1573 36.8848 -119.97654 0 1 0
15.1073 36.8848 -119.97654 0 1 0
15.1073 36.8848 -119.97654 -1 0 0
15.1073 36.8348 -119.97654 0 -1 0
15.1073 36.8348 -119.97654 -1 0 0
15.1573 36.8348 -119.97654 1 0 0
15.1573 36.8348 -119.97654 0 -1 0
-15.1591 36.8348 -101.99689 0 -1 0
-15.1591 36.8348 -101.99689 -1 0 0
-15.1091 36.8348 -101.99689 1 0 0
-15.1091 36.8348 -101.99689 0 -1 0
-15.1091 36.8848 -101.99689 1 0 0
-15.1091 36.8848 -101.99689 0 1 0
-15.1591 36.8848 -101.99689 0 1 0
-15.1591 36.8848 -101.99689 -1 0 0
-15.1591 36.8848 -119.97654 0 1 0
-15.1591 36.8848 -119.97654 -1 0 0
-15.1091 36.8848 -119.97654 1 0 0
-15.1091 36.8848 -119.97654 0 1 0
-15.1091 36.8348 -119.97654 1 0 0
-15.1091 36.8348 -119.97654 0 -1 0
-15.1591 36.8348 -119.97654 0 -1 0
-15.1591 36.8348 -119.97654 -1 0 0
15.1573 37.5098 -119.97616 1 0 0
15.1573 37.5098 -119.97616 0 -1 0
15.1073 37.5098 -119.97616 0 -1 0
15.1073 37.5098 -119.97616 -1 0 0
15.1073 37.5598 -119.97616 0 1 0
15.1073 37.5598 -119.97616 -1 0 0
15.1573 37.5598 -119.97616 1 0 0
15.1573 37.5598 -119.97616 0 1 0
15.1573 37.5598 -114.11588 1 0 0
15.1573 37.5598 -114.11588 0 1 0
15.1073 37.5598 -114.11588 0 1 0
15.1073 37.5598 -114.11588 -1 0 0
15.1073 37.5098 -114.11588 0 -1 0
15.1073 37.5098 -114.11588 -1 0 0
15.1573 37.5098 -114.11588 1 0 0
15.1573 37.5098 -114.11588 0 -1 0
-15.1591 37.5098 -119.97616 0 -1 0
-15.1591 37.5098 -119.97616 -1 0 0
-15.1091 37.5098 -119.97616 1 0 0
-15.1091 37.5098 -119.97616 0 -1 0
-15.1091 37.5598 -119.97616 1 0 0
-15.1091 37.5598 -119.97616 0 1 0
-15.1591 37.5598 -119.97616 0 1 0
-15.1591 37.5598 -119.97616 -1 0 0
-15.1591 37.5598 -101.99638 0 1 0
-15.1591 37.5598 -101.99638 -1 0 0
-15.1091 37.5598 -101.99638 1 0 0
-15.1091 37.5598 -101.99638 0 1 0
-15.1091 37.5098 -101.99638 1 0 0
-15.1091 37.5098 -101.99638 0 -1 0
-15.1591 37.5098 -101.99638 0 -1 0
-15.1591 37.5098 -101.99638 -1 0 0
15.1571 37.5098 -120.02644 1 0 0
15.1571 37.5098 -120.02644 0 -1 0
15.1571 37.5098 -120.02644 0 0 -1
15.1571 37.5098 -119.97642 1 0 0
15.1571 37.5098 -119.97642 0 -1 0
15.1571 37.5098 -119.97642 0 0 1
15.1571 37.5598 -119.97642 1 0 0
15.1571 37.5598 -119.97642 0 0 1
15.1571 37.5598 -119.97642 0 1 0
15.1571 37.5598 -120.02644 1 0 0
15.1571 37.5598 -120.02644 0 0 -1
15.1571 37.5598 -120.02644 0 1 0
-15.1587 37.5598 -120.02644 0 0 -1
-15.1587 37.5598 -120.02644 0 1 0
-15.1587 37.5598 -120.02644 -1 0 0
-15.1587 37.5598 -119.97642 0 0 1
-15.1587 37.5598 -119.97642 0 1 0
-15.1587 37.5598 -119.97642 -1 0 0
-15.1587 37.5098 -119.97642 0 -1 0
-15.1587 37.5098 -119.97642 0 0 1
-15.1587 37.5098 -119.97642 -1 0 0
-15.1587 37.5098 -120.02644 0 -1 0
-15.1587 37.5098 -120.02644 0 0 -1
-15.1587 37.5098 -120.02644 -1 0 0
-15.1593 36.8348 -120.02644 0 -1 0
-15.1593 36.8348 -120.02644 0 0 -1
-15.1593 36.8348 -120.02644 -1 0 0
-15.1593 36.8348 -119.97642 0 -1 0
-15.1593 36.8348 -119.97642 0 0 1
-15.1593 36.8348 -119.97642 -1 0 0
-15.1593 36.8848 -119.97642 0 0 1
-15.1593 36.8848 -119.97642 0 1 0
-15.1593 36.8848 -119.97642 -1 0 0
-15.1593 36.8848 -120.02644 0 0 -1
-15.1593 36.8848 -120.02644 0 1 0
-15.1593 36.8848 -120.02644 -1 0 0
15.1565 36.8848 -120.02644 1 0 0
15.1565 36.8848 -120.02644 0 0 -1
15.1565 36.8848 -120.02644 0 1 0
15.1565 36.8848 -119.97642 1 0 0
15.1565 36.8848 -119.97642 0 0 1
15.1565 36.8848 -119.97642 0 1 0
15.1565 36.8348 -119.97642 1 0 0
15.1565 36.8348 -119.97642 0 -1 0
15.1565 36.8348 -119.97642 0 0 1
15.1565 36.8348 -120.02644 1 0 0
15.1565 36.8348 -120.02644 0 -1 0
15.1565 36.8348 -120.02644 0 0 -1
15.1573 36.2348 -115.46109 1 0 0
15.1573 36.2348 -115.46109 0 0 -1
15.1073 36.2348 -115.46109 0 0 -1
15.1073 36.2348 -115.46109 -1 0 0
15.1073 36.2348 -115.41109 0 0 1
15.1073 36.2348 -115.41109 -1 0 0
15.1573 36.2348 -115.41109 1 0 0
15.1573 36.2348 -115.41109 0 0 1
15.1573 37.5095 -115.41109 1 0 0
15.1573 37.5095 -115.41109 0 0 1
15.1073 37.5095 -115.41109 0 0 1
15.1073 37.5095 -115.41109 -1 0 0
15.1073 37.5095 -115.46109 0 0 -1
15.1073 37.5095 -115.46109 -1 0 0
15.1573 37.5095 -115.46109 1 0 0
15.1573 37.5095 -115.46109 0 0 -1
-15.1591 36.2348 -115.46109 0 0 -1
-15.1591 36.2348 -115.46109 -1 0 0
-15.1091 36.2348 -115.46109 1 0 0
-15.1091 36.2348 -115.46109 0 0 -1
-15.1091 36.2348 -115.41109 1 0 0
-15.1091 36.2348 -115.41109 0 0 1
-15.1591 36.2348 -115.41109 0 0 1
-15.1591 36.2348 -115.41109 -1 0 0
-15.1591 37.5095 -115.41109 0 0 1
-15.1591 37.5095 -115.41109 -1 0 0
-15.1091 37.5095 -115.41109 1 0 0
-15.1091 37.5095 -115.41109 0 0 1
-15.1091 37.5095 -115.46109 1 0 0
-15.1091 37.5095 -115.46109 0 0 -1
-15.1591 37.5095 -115.46109 0 0 -1
-15.1591 37.5095 -115.46109 -1 0 0
15.1573 37.5095 -116.98611 1 0 0
15.1573 37.5095 -116.98611 0 0 -1
15.1073 37.5095 -116.98611 0 0 -1
15.1073 37.5095 -116.98611 -1 0 0
15.1073 37.5095 -116.9361 0 0 1
15.1073 37.5095 -116.9361 -1 0 0
15.1573 37.5095 -116.9361 1 0 0
15.1573 37.5095 -116.9361 0 0 1
15.1573 36.2348 -116.9361 1 0 0
15.1573 36.2348 -116.9361 0 0 1
15.1073 36.2348 -116.9361 0 0 1
15.1073 36.2348 -116.9361 -1 0 0
15.1073 36.2348 -116.98611 0 0 -1
15.1073 36.2348 -116.98611 -1 0 0
15.1573 36.2348 -116.98611 1 0 0
15.1573 36.2348 -116.98611 0 0 -1
-15.1591 37.5095 -116.98611 0 0 -1
-15.1591 37.5095 -116.98611 -1 0 0
-15.1091 37.5095 -116.98611 1 0 0
-15.1091 37.5095 -116.98611 0 0 -1
-15.1091 37.5095 -116.9361 1 0 0
-15.1091 37.5095 -116.9361 0 0 1
-15.1591 37.5095 -116.9361 0 0 1
-15.1591 37.5095 -116.9361 -1 0 0
-15.1591 36.2348 -116.9361 0 0 1
-15.1591 36.2348 -116.9361 -1 0 0
-15.1091 36.2348 -116.9361 1 0 0
-15.1091 36.2348 -116.9361 0 0 1
-15.1091 36.2348 -116.98611 1 0 0
-15.1091 36.2348 -116.98611 0 0 -1
-15.1591 36.2348 -116.98611 0 0 -1
-15.1591 36.2348 -116.98611 -1 0 0
15.1573 36.2348 -118.51111 1 0 0
15.1573 36.2348 -118.51111 0 0 -1
15.1073 36.2348 -118.51111 0 0 -1
15.1073 36.2348 -118.51111 -1 0 0
15.1073 36.2348 -118.46111 0 0 1
15.1073 36.2348 -118.46111 -1 0 0
15.1573 36.2348 -118.46111 1 0 0
15.1573 36.2348 -118.46111 0 0 1
15.1573 37.5095 -118.46111 1 0 0
15.1573 37.5095 -118.46111 0 0 1
15.1073 37.5095 -118.46111 0 0 1
15.1073 37.5095 -118.46111 -1 0 0
15.1073 37.5095 -118.51111 0 0 -1
15.1073 37.5095 -118.51111 -1 0 0
15.1573 37.5095 -118.51111 1 0 0
15.1573 37.5095 -118.51111 0 0 -1
-15.1591 36.2348 -118.51111 0 0 -1
-15.1591 36.2348 -118.51111 -1 0 0
-15.1091 36.2348 -118.51111 1 0 0
-15.1091 36.2348 -118.51111 0 0 -1
-15.1091 36.2348 -118.46111 1 0 0
-15.1091 36.2348 -118.46111 0 0 1
-15.1591 36.2348 -118.46111 0 0 1
-15.1591 36.2348 -118.46111 -1 0 0
-15.1591 37.5095 -118.46111 0 0 1
-15.1591 37.5095 -118.46111 -1 0 0
-15.1091 37.5095 -118.46111 1 0 0
-15.1091 37.5095 -118.46111 0 0 1
-15.1091 37.5095 -118.51111 1 0 0
-15.1091 37.5095 -118.51111 0 0 -1
-15.1591 37.5095 -118.51111 0 0 -1
-15.1591 37.5095 -118.51111 -1 0 0
13.8237 36.2348 -120.02594 1 0 0
13.8237 36.2348 -120.02594 0 0 -1
13.7737 36.2348 -120.02594 0 0 -1
13.7737 36.2348 -120.02594 -1 0 0
13.7737 36.2348 -119.9759 0 0 1
13.7737 36.2348 -119.9759 -1 0 0
13.8237 36.2348 -119.9759 1 0 0
13.8237 36.2348 -119.9759 0 0 1
13.8237 37.5095 -119.9759 1 0 0
13.8237 37.5095 -119.9759 0 0 1
13.7737 37.5095 -119.9759 0 0 1
13.7737 37.5095 -119.9759 -1 0 0
13.7737 37.5095 -120.02594 0 0 -1
13.7737 37.5095 -120.02594 -1 0 0
13.8237 37.5095 -120.02594 1 0 0
13.8237 37.5095 -120.02594 0 0 -1
12.3237 37.5095 -120.02594 1 0 0
12.3237 37.5095 -120.02594 0 0 -1
12.2737 37.5095 -120.02594 0 0 -1
12.2737 37.5095 -120.02594 -1 0 0
12.2737 37.5095 -119.9759 0 0 1
12.2737 37.5095 -119.9759 -1 0 0
12.3237 37.5095 -119.9759 1 0 0
12.3237 37.5095 -119.9759 0 0 1
12.3237 36.2348 -119.9759 1 0 0
12.3237 36.2348 -119.9759 0 0 1
12.2737 36.2348 -119.9759 0 0 1
12.2737 36.2348 -119.9759 -1 0 0
12.2737 36.2348 -120.02594 0 0 -1
12.2737 36.2348 -120.02594 -1 0 0
12.3237 36.2348 -120.02594 1 0 0
12.3237 36.2348 -120.02594 0 0 -1
10.8237 36.2348 -120.02594 1 0 0
10.8237 36.2348 -120.02594 0 0 -1
10.7737 36.2348 -120.02594 0 0 -1
10.7737 36.2348 -120.02594 -1 0 0
10.7737 36.2348 -119.9759 0 0 1
10.7737 36.2348 -119.9759 -1 0 0
10.8237 36.2348 -119.9759 1 0 0
10.8237 36.2348 -119.9759 0 0 1
10.8237 37.5095 -119.9759 1 0 0
10.8237 37.5095 -119.9759 0 0 1
10.7737 37.5095 -119.9759 0 0 1
10.7737 37.5095 -119.9759 -1 0 0
10.7737 37.5095 -120.02594 0 0 -1
10.7737 37.5095 -120.02594 -1 0 0
10.8237 37.5095 -120.02594 1 0 0
10.8237 37.5095 -120.02594 0 0 -1
9.32369 37.5095 -120.02594 1 0 0
9.32369 37.5095 -120.02594 0 0 -1
9.27369 37.5095 -120.02594 0 0 -1
9.27369 37.5095 -120.02594 -1 0 0
9.27369 37.5095 -119.9759 0 0 1
9.27369 37.5095 -119.9759 -1 0 0
9.32369 37.5095 -119.9759 1 0 0
9.32369 37.5095 -119.9759 0 0 1
9.32369 36.2348 -119.9759 1 0 0
9.32369 36.2348 -119.9759 0 0 1
9.27369 36.2348 -119.9759 0 0 1
9.27369 36.2348 -119.9759 -1 0 0
9.27369 36.2348 -120.02594 0 0 -1
9.27369 36.2348 -120.02594 -1 0 0
9.32369 36.2348 -120.02594 1 0 0
9.32369 36.2348 -120.02594 0 0 -1
7.82369 36.2348 -120.02594 1 0 0
7.82369 36.2348 -120.02594 0 0 -1
7.77369 36.2348 -120.02594 0 0 -1
7.77369 36.2348 -120.02594 -1 0 0
7.77369 36.2348 -119.9759 0 0 1
7.77369 36.2348 -119.9759 -1 0 0
7.82369 36.2348 -119.9759 1 0 0
7.82369 36.2348 -119.9759 0 0 1
7.82369 37.5095 -119.9759 1 0 0
7.82369 37.5095 -119.9759 0 0 1
7.77369 37.5095 -119.9759 0 0 1
7.77369 37.5095 -119.9759 -1 0 0
7.77369 37.5095 -120.02594 0 0 -1
7.77369 37.5095 -120.02594 -1 0 0
7.82369 37.5095 -120.02594 1 0 0
7.82369 37.5095 -120.02594 0 0 -1
6.32369 37.5095 -120.02594 1 0 0
6.32369 37.5095 -120.02594 0 0 -1
6.27369 37.5095 -120.02594 0 0 -1
6.27369 37.5095 -120.02594 -1 0 0
6.27369 37.5095 -119.9759 0 0 1
6.27369 37.5095 -119.9759 -1 0 0
6.32369 37.5095 -119.9759 1 0 0
6.32369 37.5095 -119.9759 0 0 1
6.32369 36.2348 -119.9759 1 0 0
6.32369 36.2348 -119.9759 0 0 1
6.27369 36.2348 -119.9759 0 0 1
6.27369 36.2348 -119.9759 -1 0 0
6.27369 36.2348 -120.02594 0 0 -1
6.27369 36.2348 -120.02594 -1 0 0
6.32369 36.2348 -120.02594 1 0 0
6.32369 36.2348 -120.02594 0 0 -1
4.82369 36.2348 -120.02594 1 0 0
4.82369 36.2348 -120.02594 0 0 -1
4.77369 36.2348 -120.02594 0 0 -1
4.77369 36.2348 -120.02594 -1 0 0
4.77369 36.2348 -119.9759 0 0 1
4.77369 36.2348 -119.9759 -1 0 0
4.82369 36.2348 -119.9759 1 0 0
4.82369 36.2348 -119.9759 0 0 1
4.82369 37.5095 -119.9759 1 0 0
4.82369 37.5095 -119.9759 0 0 1
4.77369 37.5095 -119.9759 0 0 1
4.77369 37.5095 -119.9759 -1 0 0
4.77369 37.5095 -120.02594 0 0 -1
4.77369 37.5095 -120.02594 -1 0 0
4.82369 37.5095 -120.02594 1 0 0
4.82369 37.5095 -120.02594 0 0 -1
3.32369 37.5095 -120.02594 1 0 0
3.32369 37.5095 -120.02594 0 0 -1
3.27369 37.5095 -120.02594 0 0 -1
3.27369 37.5095 -120.02594 -1 0 0
3.27369 37.5095 -119.9759 0 0 1
3.27369 37.5095 -119.9759 -1 0 0
3.32369 37.5095 -119.9759 1 0 0
3.32369 37.5095 -119.9759 0 0 1
3.32369 36.2348 -119.9759 1 0 0
3.32369 36.2348 -119.9759 0 0 1
3.27369 36.2348 -119.9759 0 0 1
3.27369 36.2348 -119.9759 -1 0 0
3.27369 36.2348 -120.02594 0 0 -1
3.27369 36.2348 -120.02594 -1 0 0
3.32369 36.2348 -120.02594 1 0 0
3.32369 36.2348 -120.02594 0 0 -1
1.82369 36.2348 -120.02594 1 0 0
1.82369 36.2348 -120.02594 0 0 -1
1.77369 36.2348 -120.02594 0 0 -1
1.77369 36.2348 -120.02594 -1 0 0
1.77369 36.2348 -119.9759 0 0 1
1.77369 36.2348 -119.9759 -1 0 0
1.82369 36.2348 -119.9759 1 0 0
1.82369 36.2348 -119.9759 0 0 1
1.82369 37.5095 -119.9759 1 0 0
1.82369 37.5095 -119.9759 0 0 1
1.77369 37.5095 -119.9759 0 0 1
1.77369 37.5095 -119.9759 -1 0 0
1.77369 37.5095 -120.02594 0 0 -1
1.77369 37.5095 -120.02594 -1 0 0
1.82369 37.5095 -120.02594 1 0 0
1.82369 37.5095 -120.02594 0 0 -1
-13.8237 36.2348 -120.02594 0 0 -1
-13.8237 36.2348 -120.02594 -1 0 0
-13.7737 36.2348 -120.02594 1 0 0
-13.7737 36.2348 -120.02594 0 0 -1
-13.7737 36.2348 -119.9759 1 0 0
-13.7737 36.2348 -119.9759 0 0 1
-13.8237 36.2348 -119.9759 0 0 1
-13.8237 36.2348 -119.9759 -1 0 0
-13.8237 37.5095 -119.9759 0 0 1
-13.8237 37.5095 -119.9759 -1 0 0
-13.7737 37.5095 -119.9759 1 0 0
-13.7737 37.5095 -119.9759 0 0 1
-13.7737 37.5095 -120.02594 1 0 0
-13.7737 37.5095 -120.02594 0 0 -1
-13.8237 37.5095 -120.02594 0 0 -1
-13.8237 37.5095 -120.02594 -1 0 0
-12.3237 37.5095 -120.02594 0 0 -1
-12.3237 37.5095 -120.02594 -1 0 0
-12.2737 37.5095 -120.02594 1 0 0
-12.2737 37.5095 -120.02594 0 0 -1
-12.2737 37.5095 -119.9759 1 0 0
-12.2737 37.5095 -119.9759 0 0 1
-12.3237 37.5095 -119.9759 0 0 1
-12.3237 37.5095 -119.9759 -1 0 0
-12.3237 36.2348 -119.9759 0 0 1
-12.3237 36.2348 -119.9759 -1 0 0
-12.2737 36.2348 -119.9759 1 0 0
-12.2737 36.2348 -119.9759 0 0 1
-12.2737 36.2348 -120.02594 1 0 0
-12.2737 36.2348 -120.02594 0 0 -1
-12.3237 36.2348 -120.02594 0 0 -1
-12.3237 36.2348 -120.02594 -1 0 0
-10.8237 36.2348 -120.02594 0 0 -1
-10.8237 36.2348 -120.02594 -1 0 0
-10.7737 36.2348 -120.02594 1 0 0
-10.7737 36.2348 -120.02594 0 0 -1
-10.7737 36.2348 -119.9759 1 0 0
-10.7737 36.2348 -119.9759 0 0 1
-10.8237 36.2348 -119.9759 0 0 1
-10.8237 36.2348 -119.9759 -1 0 0
-10.8237 37.5095 -119.9759 0 0 1
-10.8237 37.5095 -119.9759 -1 0 0
-10.7737 37.5095 -119.9759 1 0 0
-10.7737 37.5095 -119.9759 0 0 1
-10.7737 37.5095 -120.02594 1 0 0
-10.7737 37.5095 -120.02594 0 0 -1
-10.8237 37.5095 -120.02594 0 0 -1
-10.8237 37.5095 -120.02594 -1 0 0
-9.3237 37.5095 -120.02594 0 0 -1
-9.3237 37.5095 -120.02594 -1 0 0
-9.2737 37.5095 -120.02594 1 0 0
-9.2737 37.5095 -120.02594 0 0 -1
-9.2737 37.5095 -119.9759 1 0 0
-9.2737 37.5095 -119.9759 0 0 1
-9.3237 37.5095 -119.9759 0 0 1
-9.3237 37.5095 -119.9759 -1 0 0
-9.3237 36.2348 -119.9759 0 0 1
-9.3237 36.2348 -119.9759 -1 0 0
-9.2737 36.2348 -119.9759 1 0 0
-9.2737 36.2348 -119.9759 0 0 1
-9.2737 36.2348 -120.02594 1 0 0
-9.2737 36.2348 -120.02594 0 0 -1
-9.3237 36.2348 -120.02594 0 0 -1
-9.3237 36.2348 -120.02594 -1 0 0
-7.8237 36.2348 -120.02594 0 0 -1
-7.8237 36.2348 -120.02594 -1 0 0
-7.7737 36.2348 -120.02594 1 0 0
-7.7737 36.2348 -120.02594 0 0 -1
-7.7737 36.2348 -119.9759 1 0 0
-7.7737 36.2348 -119.9759 0 0 1
-7.8237 36.2348 -119.9759 0 0 1
-7.8237 36.2348 -119.9759 -1 0 0
-7.8237 37.5095 -119.9759 0 0 1
-7.8237 37.5095 -119.9759 -1 0 0
-7.7737 37.5095 -119.9759 1 0 0
-7.7737 37.5095 -119.9759 0 0 1
-7.7737 37.5095 -120.02594 1 0 0
-7.7737 37.5095 -120.02594 0 0 -1
-7.8237 37.5095 -120.02594 0 0 -1
-7.8237 37.5095 -120.02594 -1 0 0
-6.3237 37.5095 -120.02594 0 0 -1
-6.3237 37.5095 -120.02594 -1 0 0
-6.2737 37.5095 -120.02594 1 0 0
-6.2737 37.5095 -120.02594 0 0 -1
-6.2737 37.5095 -119.9759 1 0 0
-6.2737 37.5095 -119.9759 0 0 1
-6.3237 37.5095 -119.9759 0 0 1
-6.3237 37.5095 -119.9759 -1 0 0
-6.3237 36.2348 -119.9759 0 0 1
-6.3237 36.2348 -119.9759 -1 0 0
-6.2737 36.2348 -119.9759 1 0 0
-6.2737 36.2348 -119.9759 0 0 1
-6.2737 36.2348 -120.02594 1 0 0
-6.2737 36.2348 -120.02594 0 0 -1
-6.3237 36.2348 -120.02594 0 0 -1
-6.3237 36.2348 -120.02594 -1 0 0
-4.8237 36.2348 -120.02594 0 0 -1
-4.8237 36.2348 -120.02594 -1 0 0
-4.7737 36.2348 -120.02594 1 0 0
-4.7737 36.2348 -120.02594 0 0 -1
-4.7737 36.2348 -119.9759 1 0 0
-4.7737 36.2348 -119.9759 0 0 1
-4.8237 36.2348 -119.9759 0 0 1
-4.8237 36.2348 -119.9759 -1 0 0
-4.8237 37.5095 -119.9759 0 0 1
-4.8237 37.5095 -119.9759 -1 0 0
-4.7737 37.5095 -119.9759 1 0 0
-4.7737 37.5095 -119.9759 0 0 1
-4.7737 37.5095 -120.02594 1 0 0
-4.7737 37.5095 -120.02594 0 0 -1
-4.8237 37.5095 -120.02594 0 0 -1
-4.8237 37.5095 -120.02594 -1 0 0
-3.3237 37.5095 -120.02594 0 0 -1
-3.3237 37.5095 -120.02594 -1 0 0
-3.2737 37.5095 -120.02594 1 0 0
-3.2737 37.5095 -120.02594 0 0 -1
-3.2737 37.5095 -119.9759 1 0 0
-3.2737 37.5095 -119.9759 0 0 1
-3.3237 37.5095 -119.9759 0 0 1
-3.3237 37.5095 -119.9759 -1 0 0
-3.3237 36.2348 -119.9759 0 0 1
-3.3237 36.2348 -119.9759 -1 0 0
-3.2737 36.2348 -119.9759 1 0 0
-3.2737 36.2348 -119.9759 0 0 1
-3.2737 36.2348 -120.02594 1 0 0
-3.2737 36.2348 -120.02594 0 0 -1
-3.3237 36.2348 -120.02594 0 0 -1
-3.3237 36.2348 -120.02594 -1 0 0
-1.8237 36.2348 -120.02594 0 0 -1
-1.8237 36.2348 -120.02594 -1 0 0
-1.7737 36.2348 -120.02594 1 0 0
-1.7737 36.2348 -120.02594 0 0 -1
-1.7737 36.2348 -119.9759 1 0 0
-1.7737 36.2348 -119.9759 0 0 1
-1.8237 36.2348 -119.9759 0 0 1
-1.8237 36.2348 -119.9759 -1 0 0
-1.8237 37.5095 -119.9759 0 0 1
-1.8237 37.5095 -119.9759 -1 0 0
-1.7737 37.5095 -119.9759 1 0 0
-1.7737 37.5095 -119.9759 0 0 1
-1.7737 37.5095 -120.02594 1 0 0
-1.7737 37.5095 -120.02594 0 0 -1
-1.8237 37.5095 -120.02594 0 0 -1
-1.8237 37.5095 -120.02594 -1 0 0
15.1573 33.3349 -109.46109 1 0 0
15.1573 33.3349 -109.46109 0 0 -1
15.1073 33.3349 -109.46109 0 0 -1
15.1073 33.3349 -109.46109 -1 0 0
15.1073 33.3349 -109.41109 0 0 1
15.1073 33.3349 -109.41109 -1 0 0
15.1573 33.3349 -109.41109 1 0 0
15.1573 33.3349 -109.41109 0 0 1
15.1573 34.6096 -109.41109 1 0 0
15.1573 34.6096 -109.41109 0 0 1
15.1073 34.6096 -109.41109 0 0 1
15.1073 34.6096 -109.41109 -1 0 0
15.1073 34.6096 -109.46109 0 0 -1
15.1073 34.6096 -109.46109 -1 0 0
15.1573 34.6096 -109.46109 1 0 0
15.1573 34.6096 -109.46109 0 0 -1
-15.1591 33.3349 -109.46109 0 0 -1
-15.1591 33.3349 -109.46109 -1 0 0
-15.1091 33.3349 -109.46109 1 0 0
-15.1091 33.3349 -109.46109 0 0 -1
-15.1091 33.3349 -109.41109 1 0 0
-15.1091 33.3349 -109.41109 0 0 1
-15.1591 33.3349 -109.41109 0 0 1
-15.1591 33.3349 -109.41109 -1 0 0
-15.1591 34.6096 -109.41109 0 0 1
-15.1591 34.6096 -109.41109 -1 0 0
-15.1091 34.6096 -109.41109 1 0 0
-15.1091 34.6096 -109.41109 0 0 1
-15.1091 34.6096 -109.46109 1 0 0
-15.1091 34.6096 -109.46109 0 0 -1
-15.1591 34.6096 -109.46109 0 0 -1
-15.1591 34.6096 -109.46109 -1 0 0
15.1573 34.6096 -110.98611 1 0 0
15.1573 34.6096 -110.98611 0 0 -1
15.1073 34.6096 -110.98611 0 0 -1
15.1073 34.6096 -110.98611 -1 0 0
15.1073 34.6096 -110.9361 0 0 1
15.1073 34.6096 -110.9361 -1 0 0
15.1573 34.6096 -110.9361 1 0 0
15.1573 34.6096 -110.9361 0 0 1
15.1573 33.3349 -110.9361 1 0 0
15.1573 33.3349 -110.9361 0 0 1
15.1073 33.3349 -110.9361 0 0 1
15.1073 33.3349 -110.9361 -1 0 0
15.1073 33.3349 -110.98611 0 0 -1
15.1073 33.3349 -110.98611 -1 0 0
15.1573 33.3349 -110.98611 1 0 0
15.1573 33.3349 -110.98611 0 0 -1
-15.1591 34.6096 -110.98611 0 0 -1
-15.1591 34.6096 -110.98611 -1 0 0
-15.1091 34.6096 -110.98611 1 0 0
-15.1091 34.6096 -110.98611 0 0 -1
-15.1091 34.6096 -110.9361 1 0 0
-15.1091 34.6096 -110.9361 0 0 1
-15.1591 34.6096 -110.9361 0 0 1
-15.1591 34.6096 -110.9361 -1 0 0
-15.1591 33.3349 -110.9361 0 0 1
-15.1591 33.3349 -110.9361 -1 0 0
-15.1091 33.3349 -110.9361 1 0 0
-15.1091 33.3349 -110.9361 0 0 1
-15.1091 33.3349 -110.98611 1 0 0
-15.1091 33.3349 -110.98611 0 0 -1
-15.1591 33.3349 -110.98611 0 0 -1
-15.1591 33.3349 -110.98611 -1 0 0
15.1573 33.3349 -112.51111 1 0 0
15.1573 33.3349 -112.51111 0 0 -1
15.1073 33.3349 -112.51111 0 0 -1
15.1073 33.3349 -112.51111 -1 0 0
15.1073 33.3349 -112.46111 0 0 1
15.1073 33.3349 -112.46111 -1 0 0
15.1573 33.3349 -112.46111 1 0 0
15.1573 33.3349 -112.46111 0 0 1
15.1573 34.6096 -112.46111 1 0 0
15.1573 34.6096 -112.46111 0 0 1
15.1073 34.6096 -112.46111 0 0 1
15.1073 34.6096 -112.46111 -1 0 0
15.1073 34.6096 -112.51111 0 0 -1
15.1073 34.6096 -112.51111 -1 0 0
15.1573 34.6096 -112.51111 1 0 0
15.1573 34.6096 -112.51111 0 0 -1
-15.1591 33.3349 -112.51111 0 0 -1
-15.1591 33.3349 -112.51111 -1 0 0
-15.1091 33.3349 -112.51111 1 0 0
-15.1091 33.3349 -112.51111 0 0 -1
-15.1091 33.3349 -112.46111 1 0 0
-15.1091 33.3349 -112.46111 0 0 1
-15.1591 33.3349 -112.46111 0 0 1
-15.1591 33.3349 -112.46111 -1 0 0
-15.1591 34.6096 -112.46111 0 0 1
-15.1591 34.6096 -112.46111 -1 0 0
-15.1091 34.6096 -112.46111 1 0 0
-15.1091 34.6096 -112.46111 0 0 1
-15.1091 34.6096 -112.51111 1 0 0
-15.1091 34.6096 -112.51111 0 0 -1
-15.1591 34.6096 -112.51111 0 0 -1
-15.1591 34.6096 -112.51111 -1 0 0
-14.9781 34.6096 -120.02594 1 0 0
-14.9781 34.6096 -120.02594 0 0 -1
-15.0281 34.6096 -120.02594 0 0 -1
-15.0281 34.6096 -120.02594 -1 0 0
-15.0281 34.6096 -119.9759 0 0 1
-15.0281 34.6096 -119.9759 -1 0 0
-14.9781 34.6096 -119.9759 1 0 0
-14.9781 34.6096 -119.9759 0 0 1
-14.9781 33.3349 -119.9759 1 0 0
-14.9781 33.3349 -119.9759 0 0 1
-15.0281 33.3349 -119.9759 0 0 1
-15.0281 33.3349 -119.9759 -1 0 0
-15.0281 33.3349 -120.02594 0 0 -1
-15.0281 33.3349 -120.02594 -1 0 0
-14.9781 33.3349 -120.02594 1 0 0
-14.9781 33.3349 -120.02594 0 0 -1
0.023695 33.3349 -120.02594 1 0 0
0.023695 33.3349 -120.02594 0 0 -1
-0.026305 33.3349 -120.02594 0 0 -1
-0.026305 33.3349 -120.02594 -1 0 0
-0.026305 33.3349 -119.9759 0 0 1
-0.026305 33.3349 -119.9759 -1 0 0
0.023695 33.3349 -119.9759 1 0 0
0.023695 33.3349 -119.9759 0 0 1
0.023695 34.6096 -119.9759 1 0 0
0.023695 34.6096 -119.9759 0 0 1
-0.026305 34.6096 -119.9759 0 0 1
-0.026305 34.6096 -119.9759 -1 0 0
-0.026305 34.6096 -120.02594 0 0 -1
-0.026305 34.6096 -120.02594 -1 0 0
0.023695 34.6096 -120.02594 1 0 0
0.023695 34.6096 -120.02594 0 0 -1
15.1573 33.3349 -103.46109 1 0 0
15.1573 33.3349 -103.46109 0 0 -1
15.1073 33.3349 -103.46109 0 0 -1
15.1073 33.3349 -103.46109 -1 0 0
15.1073 33.3349 -103.41109 0 0 1
15.1073 33.3349 -103.41109 -1 0 0
15.1573 33.3349 -103.41109 1 0 0
15.1573 33.3349 -103.41109 0 0 1
15.1573 34.6096 -103.41109 1 0 0
15.1573 34.6096 -103.41109 0 0 1
15.1073 34.6096 -103.41109 0 0 1
15.1073 34.6096 -103.41109 -1 0 0
15.1073 34.6096 -103.46109 0 0 -1
15.1073 34.6096 -103.46109 -1 0 0
15.1573 34.6096 -103.46109 1 0 0
15.1573 34.6096 -103.46109 0 0 -1
-15.1591 33.3349 -103.46109 0 0 -1
-15.1591 33.3349 -103.46109 -1 0 0
-15.1091 33.3349 -103.46109 1 0 0
-15.1091 33.3349 -103.46109 0 0 -1
-15.1091 33.3349 -103.41109 1 0 0
-15.1091 33.3349 -103.41109 0 0 1
-15.1591 33.3349 -103.41109 0 0 1
-15.1591 33.3349 -103.41109 -1 0 0
-15.1591 34.6096 -103.41109 0 0 1
-15.1591 34.6096 -103.41109 -1 0 0
-15.1091 34.6096 -103.41109 1 0 0
-15.1091 34.6096 -103.41109 0 0 1
-15.1091 34.6096 -103.46109 1 0 0
-15.1091 34.6096 -103.46109 0 0 -1
-15.1591 34.6096 -103.46109 0 0 -1
-15.1591 34.6096 -103.46109 -1 0 0
15.1573 34.6096 -104.98611 1 0 0
15.1573 34.6096 -104.98611 0 0 -1
15.1073 34.6096 -104.98611 0 0 -1
15.1073 34.6096 -104.98611 -1 0 0
15.1073 34.6096 -104.9361 0 0 1
15.1073 34.6096 -104.9361 -1 0 0
15.1573 34.6096 -104.9361 1 0 0
15.1573 34.6096 -104.9361 0 0 1
15.1573 33.3349 -104.9361 1 0 0
15.1573 33.3349 -104.9361 0 0 1
15.1073 33.3349 -104.9361 0 0 1
15.1073 33.3349 -104.9361 -1 0 0
15.1073 33.3349 -104.98611 0 0 -1
15.1073 33.3349 -104.98611 -1 0 0
15.1573 33.3349 -104.98611 1 0 0
15.1573 33.3349 -104.98611 0 0 -1
-15.1591 34.6096 -104.98611 0 0 -1
-15.1591 34.6096 -104.98611 -1 0 0
-15.1091 34.6096 -104.98611 1 0 0
-15.1091 34.6096 -104.98611 0 0 -1
-15.1091 34.6096 -104.9361 1 0 0
-15.1091 34.6096 -104.9361 0 0 1
-15.1591 34.6096 -104.9361 0 0 1
-15.1591 34.6096 -104.9361 -1 0 0
-15.1591 33.3349 -104.9361 0 0 1
-15.1591 33.3349 -104.9361 -1 0 0
-15.1091 33.3349 -104.9361 1 0 0
-15.1091 33.3349 -104.9361 0 0 1
-15.1091 33.3349 -104.98611 1 0 0
-15.1091 33.3349 -104.98611 0 0 -1
-15.1591 33.3349 -104.98611 0 0 -1
-15.1591 33.3349 -104.98611 -1 0 0
15.1573 33.3349 -106.51111 1 0 0
15.1573 33.3349 -106.51111 0 0 -1
15.1073 33.3349 -106.51111 0 0 -1
15.1073 33.3349 -106.51111 -1 0 0
15.1073 33.3349 -106.46111 0 0 1
15.1073 33.3349 -106.46111 -1 0 0
15.1573 33.3349 -106.46111 1 0 0
15.1573 33.3349 -106.46111 0 0 1
15.1573 34.6096 -106.46111 1 0 0
15.1573 34.6096 -106.46111 0 0 1
15.1073 34.6096 -106.46111 0 0 1
15.1073 34.6096 -106.46111 -1 0 0
15.1073 34.6096 -106.51111 0 0 -1
15.1073 34.6096 -106.51111 -1 0 0
15.1573 34.6096 -106.51111 1 0 0
15.1573 34.6096 -106.51111 0 0 -1
-15.1591 33.3349 -106.51111 0 0 -1
-15.1591 33.3349 -106.51111 -1 0 0
-15.1091 33.3349 -106.51111 1 0 0
-15.1091 33.3349 -106.51111 0 0 -1
-15.1091 33.3349 -106.46111 1 0 0
-15.1091 33.3349 -106.46111 0 0 1
-15.1591 33.3349 -106.46111 0 0 1
-15.1591 33.3349 -106.46111 -1 0 0
-15.1591 34.6096 -106.46111 0 0 1
-15.1591 34.6096 -106.46111 -1 0 0
-15.1091 34.6096 -106.46111 1 0 0
-15.1091 34.6096 -106.46111 0 0 1
-15.1091 34.6096 -106.51111 1 0 0
-15.1091 34.6096 -106.51111 0 0 -1
-15.1591 34.6096 -106.51111 0 0 -1
-15.1591 34.6096 -106.51111 -1 0 0
15.1573 33.9349 -101.99689 1 0 0
15.1573 33.9349 -101.99689 0 -1 0
15.1073 33.9349 -101.99689 0 -1 0
15.1073 33.9349 -101.99689 -1 0 0
15.1073 33.9849 -101.99689 0 1 0
15.1073 33.9849 -101.99689 -1 0 0
15.1573 33.9849 -101.99689 1 0 0
15.1573 33.9849 -101.99689 0 1 0
15.1573 33.9849 -119.97654 1 0 0
15.1573 33.9849 -119.97654 0 1 0
15.1073 33.9849 -119.97654 0 1 0
15.1073 33.9849 -119.97654 -1 0 0
15.1073 33.9349 -119.97654 0 -1 0
15.1073 33.9349 -119.97654 -1 0 0
15.1573 33.9349 -119.97654 1 0 0
15.1573 33.9349 -119.97654 0 -1 0
-15.1591 33.9349 -101.99689 0 -1 0
-15.1591 33.9349 -101.99689 -1 0 0
-15.1091 33.9349 -101.99689 1 0 0
-15.1091 33.9349 -101.99689 0 -1 0
-15.1091 33.9849 -101.99689 1 0 0
-15.1091 33.9849 -101.99689 0 1 0
-15.1591 33.9849 -101.99689 0 1 0
-15.1591 33.9849 -101.99689 -1 0 0
-15.1591 33.9849 -119.97654 0 1 0
-15.1591 33.9849 -119.97654 -1 0 0
-15.1091 33.9849 -119.97654 1 0 0
-15.1091 33.9849 -119.97654 0 1 0
-15.1091 33.9349 -119.97654 1 0 0
-15.1091 33.9349 -119.97654 0 -1 0
-15.1591 33.9349 -119.97654 0 -1 0
-15.1591 33.9349 -119.97654 -1 0 0
15.1573 34.6099 -119.97616 1 0 0
15.1573 34.6099 -119.97616 0 -1 0
15.1073 34.6099 -119.97616 0 -1 0
15.1073 34.6099 -119.97616 -1 0 0
15.1073 34.6599 -119.97616 0 1 0
15.1073 34.6599 -119.97616 -1 0 0
15.1573 34.6599 -119.97616 1 0 0
15.1573 34.6599 -119.97616 0 1 0
15.1573 34.6599 -101.99638 1 0 0
15.1573 34.6599 -101.99638 0 1 0
15.1073 34.6599 -101.99638 0 1 0
15.1073 34.6599 -101.99638 -1 0 0
15.1073 34.6099 -101.99638 0 -1 0
15.1073 34.6099 -101.99638 -1 0 0
15.1573 34.6099 -101.99638 1 0 0
15.1573 34.6099 -101.99638 0 -1 0
-15.1591 34.6099 -119.97616 0 -1 0
-15.1591 34.6099 -119.97616 -1 0 0
-15.1091 34.6099 -119.97616 1 0 0
-15.1091 34.6099 -119.97616 0 -1 0
-15.1091 34.6599 -119.97616 1 0 0
-15.1091 34.6599 -119.97616 0 1 0
-15.1591 34.6599 -119.97616 0 1 0
-15.1591 34.6599 -119.97616 -1 0 0
-15.1591 34.6599 -101.99638 0 1 0
-15.1591 34.6599 -101.99638 -1 0 0
-15.1091 34.6599 -101.99638 1 0 0
-15.1091 34.6599 -101.99638 0 1 0
-15.1091 34.6099 -101.99638 1 0 0
-15.1091 34.6099 -101.99638 0 -1 0
-15.1591 34.6099 -101.99638 0 -1 0
-15.1591 34.6099 -101.99638 -1 0 0
15.1571 34.6099 -120.02644 1 0 0
15.1571 34.6099 -120.02644 0 -1 0
15.1571 34.6099 -120.02644 0 0 -1
15.1571 34.6099 -119.97642 1 0 0
15.1571 34.6099 -119.97642 0 -1 0
15.1571 34.6099 -119.97642 0 0 1
15.1571 34.6599 -119.97642 1 0 0
15.1571 34.6599 -119.97642 0 0 1
15.1571 34.6599 -119.97642 0 1 0
15.1571 34.6599 -120.02644 1 0 0
15.1571 34.6599 -120.02644 0 0 -1
15.1571 34.6599 -120.02644 0 1 0
-15.1587 34.6599 -120.02644 0 0 -1
-15.1587 34.6599 -120.02644 0 1 0
-15.1587 34.6599 -120.02644 -1 0 0
-15.1587 34.6599 -119.97642 0 0 1
-15.1587 34.6599 -119.97642 0 1 0
-15.1587 34.6599 -119.97642 -1 0 0
-15.1587 34.6099 -119.97642 0 -1 0
-15.1587 34.6099 -119.97642 0 0 1
-15.1587 34.6099 -119.97642 -1 0 0
-15.1587 34.6099 -120.02644 0 -1 0
-15.1587 34.6099 -120.02644 0 0 -1
-15.1587 34.6099 -120.02644 -1 0 0
-15.1593 33.9349 -120.02644 0 -1 0
-15.1593 33.9349 -120.02644 0 0 -1
-15.1593 33.9349 -120.02644 -1 0 0
-15.1593 33.9349 -119.97642 0 -1 0
-15.1593 33.9349 -119.97642 0 0 1
-15.1593 33.9349 -119.97642 -1 0 0
-15.1593 33.9849 -119.97642 0 0 1
-15.1593 33.9849 -119.97642 0 1 0
-15.1593 33.9849 -119.97642 -1 0 0
-15.1593 33.9849 -120.02644 0 0 -1
-15.1593 33.9849 -120.02644 0 1 0
-15.1593 33.9849 -120.02644 -1 0 0
15.1565 33.9849 -120.02644 1 0 0
15.1565 33.9849 -120.02644 0 0 -1
15.1565 33.9849 -120.02644 0 1 0
15.1565 33.9849 -119.97642 1 0 0
15.1565 33.9849 -119.97642 0 0 1
15.1565 33.9849 -119.97642 0 1 0
15.1565 33.9349 -119.97642 1 0 0
15.1565 33.9349 -119.97642 0 -1 0
15.1565 33.9349 -119.97642 0 0 1
15.1565 33.9349 -120.02644 1 0 0
15.1565 33.9349 -120.02644 0 -1 0
15.1565 33.9349 -120.02644 0 0 -1
15.1573 33.3349 -115.46109 1 0 0
15.1573 33.3349 -115.46109 0 0 -1
15.1073 33.3349 -115.46109 0 0 -1
15.1073 33.3349 -115.46109 -1 0 0
15.1073 33.3349 -115.41109 0 0 1
15.1073 33.3349 -115.41109 -1 0 0
15.1573 33.3349 -115.41109 1 0 0
15.1573 33.3349 -115.41109 0 0 1
15.1573 34.6096 -115.41109 1 0 0
15.1573 34.6096 -115.41109 0 0 1
15.1073 34.6096 -115.41109 0 0 1
15.1073 34.6096 -115.41109 -1 0 0
15.1073 34.6096 -115.46109 0 0 -1
15.1073 34.6096 -115.46109 -1 0 0
15.1573 34.6096 -115.46109 1 0 0
15.1573 34.6096 -115.46109 0 0 -1
-15.1591 33.3349 -115.46109 0 0 -1
-15.1591 33.3349 -115.46109 -1 0 0
-15.1091 33.3349 -115.46109 1 0 0
-15.1091 33.3349 -115.46109 0 0 -1
-15.1091 33.3349 -115.41109 1 0 0
-15.1091 33.3349 -115.41109 0 0 1
-15.1591 33.3349 -115.41109 0 0 1
-15.1591 33.3349 -115.41109 -1 0 0
-15.1591 34.6096 -115.41109 0 0 1
-15.1591 34.6096 -115.41109 -1 0 0
-15.1091 34.6096 -115.41109 1 0 0
-15.1091 34.6096 -115.41109 0 0 1
-15.1091 34.6096 -115.46109 1 0 0
-15.1091 34.6096 -115.46109 0 0 -1
-15.1591 34.6096 -115.46109 0 0 -1
-15.1591 34.6096 -115.46109 -1 0 0
15.1573 34.6096 -116.98611 1 0 0
15.1573 34.6096 -116.98611 0 0 -1
15.1073 34.6096 -116.98611 0 0 -1
15.1073 34.6096 -116.98611 -1 0 0
15.1073 34.6096 -116.9361 0 0 1
15.1073 34.6096 -116.9361 -1 0 0
15.1573 34.6096 -116.9361 1 0 0
15.1573 34.6096 -116.9361 0 0 1
15.1573 33.3349 -116.9361 1 0 0
15.1573 33.3349 -116.9361 0 0 1
15.1073 33.3349 -116.9361 0 0 1
15.1073 33.3349 -116.9361 -1 0 0
15.1073 33.3349 -116.98611 0 0 -1
15.1073 33.3349 -116.98611 -1 0 0
15.1573 33.3349 -116.98611 1 0 0
15.1573 33.3349 -116.98611 0 0 -1
-15.1591 34.6096 -116.98611 0 0 -1
-15.1591 34.6096 -116.98611 -1 0 0
-15.1091 34.6096 -116.98611 1 0 0
-15.1091 34.6096 -116.98611 0 0 -1
-15.1091 34.6096 -116.9361 1 0 0
-15.1091 34.6096 -116.9361 0 0 1
-15.1591 34.6096 -116.9361 0 0 1
-15.1591 34.6096 -116.9361 -1 0 0
-15.1591 33.3349 -116.9361 0 0 1
-15.1591 33.3349 -116.9361 -1 0 0
-15.1091 33.3349 -116.9361 1 0 0
-15.1091 33.3349 -116.9361 0 0 1
-15.1091 33.3349 -116.98611 1 0 0
-15.1091 33.3349 -116.98611 0 0 -1
-15.1591 33.3349 -116.98611 0 0 -1
-15.1591 33.3349 -116.98611 -1 0 0
15.1573 33.3349 -118.51111 1 0 0
15.1573 33.3349 -118.51111 0 0 -1
15.1073 33.3349 -118.51111 0 0 -1
15.1073 33.3349 -118.51111 -1 0 0
15.1073 33.3349 -118.46111 0 0 1
15.1073 33.3349 -118.46111 -1 0 0
15.1573 33.3349 -118.46111 1 0 0
15.1573 33.3349 -118.46111 0 0 1
15.1573 34.6096 -118.46111 1 0 0
15.1573 34.6096 -118.46111 0 0 1
15.1073 34.6096 -118.46111 0 0 1
15.1073 34.6096 -118.46111 -1 0 0
15.1073 34.6096 -118.51111 0 0 -1
15.1073 34.6096 -118.51111 -1 0 0
15.1573 34.6096 -118.51111 1 0 0
15.1573 34.6096 -118.51111 0 0 -1
-15.1591 33.3349 -118.51111 0 0 -1
-15.1591 33.3349 -118.51111 -1 0 0
-15.1091 33.3349 -118.51111 1 0 0
-15.1091 33.3349 -118.51111 0 0 -1
-15.1091 33.3349 -118.46111 1 0 0
-15.1091 33.3349 -118.46111 0 0 1
-15.1591 33.3349 -118.46111 0 0 1
-15.1591 33.3349 -118.46111 -1 0 0
-15.1591 34.6096 -118.46111 0 0 1
-15.1591 34.6096 -118.46111 -1 0 0
-15.1091 34.6096 -118.46111 1 0 0
-15.1091 34.6096 -118.46111 0 0 1
-15.1091 34.6096 -118.51111 1 0 0
-15.1091 34.6096 -118.51111 0 0 -1
-15.1591 34.6096 -118.51111 0 0 -1
-15.1591 34.6096 -118.51111 -1 0 0
13.8237 33.3349 -120.02594 1 0 0
13.8237 33.3349 -120.02594 0 0 -1
13.7737 33.3349 -120.02594 0 0 -1
13.7737 33.3349 -120.02594 -1 0 0
13.7737 33.3349 -119.9759 0 0 1
13.7737 33.3349 -119.9759 -1 0 0
13.8237 33.3349 -119.9759 1 0 0
13.8237 33.3349 -119.9759 0 0 1
13.8237 34.6096 -119.9759 1 0 0
13.8237 34.6096 -119.9759 0 0 1
13.7737 34.6096 -119.9759 0 0 1
13.7737 34.6096 -119.9759 -1 0 0
13.7737 34.6096 -120.02594 0 0 -1
13.7737 34.6096 -120.02594 -1 0 0
13.8237 34.6096 -120.02594 1 0 0
13.8237 34.6096 -120.02594 0 0 -1
12.3237 34.6096 -120.02594 1 0 0
12.3237 34.6096 -120.02594 0 0 -1
12.2737 34.6096 -120.02594 0 0 -1
12.2737 34.6096 -120.02594 -1 0 0
12.2737 34.6096 -119.9759 0 0 1
12.2737 34.6096 -119.9759 -1 0 0
12.3237 34.6096 -119.9759 1 0 0
12.3237 34.6096 -119.9759 0 0 1
12.3237 33.3349 -119.9759 1 0 0
12.3237 33.3349 -119.9759 0 0 1
12.2737 33.3349 -119.9759 0 0 1
12.2737 33.3349 -119.9759 -1 0 0
12.2737 33.3349 -120.02594 0 0 -1
12.2737 33.3349 -120.02594 -1 0 0
12.3237 33.3349 -120.02594 1 0 0
12.3237 33.3349 -120.02594 0 0 -1
10.8237 33.3349 -120.02594 1 0 0
10.8237 33.3349 -120.02594 0 0 -1
10.7737 33.3349 -120.02594 0 0 -1
10.7737 33.3349 -120.02594 -1 0 0
10.7737 33.3349 -119.9759 0 0 1
10.7737 33.3349 -119.9759 -1 0 0
10.8237 33.3349 -119.9759 1 0 0
10.8237 33.3349 -119.9759 0 0 1
10.8237 34.6096 -119.9759 1 0 0
10.8237 34.6096 -119.9759 0 0 1
10.7737 34.6096 -119.9759 0 0 1
10.7737 34.6096 -119.9759 -1 0 0
10.7737 34.6096 -120.02594 0 0 -1
10.7737 34.6096 -120.02594 -1 0 0
10.8237 34.6096 -120.02594 1 0 0
10.8237 34.6096 -120.02594 0 0 -1
9.32369 34.6096 -120.02594 1 0 0
9.32369 34.6096 -120.02594 0 0 -1
9.27369 34.6096 -120.02594 0 0 -1
9.27369 34.6096 -120.02594 -1 0 0
9.27369 34.6096 -119.9759 0 0 1
9.27369 34.6096 -119.9759 -1 0 0
9.32369 34.6096 -119.9759 1 0 0
9.32369 34.6096 -119.9759 0 0 1
9.32369 33.3349 -119.9759 1 0 0
9.32369 33.3349 -119.9759 0 0 1
9.27369 33.3349 -119.9759 0 0 1
9.27369 33.3349 -119.9759 -1 0 0
9.27369 33.3349 -120.02594 0 0 -1
9.27369 33.3349 -120.02594 -1 0 0
9.32369 33.3349 -120.02594 1 0 0
9.32369 33.3349 -120.02594 0 0 -1
7.82369 33.3349 -120.02594 1 0 0
7.82369 33.3349 -120.02594 0 0 -1
7.77369 33.3349 -120.02594 0 0 -1
7.77369 33.3349 -120.02594 -1 0 0
7.77369 33.3349 -119.9759 0 0 1
7.77369 33.3349 -119.9759 -1 0 0
7.82369 33.3349 -119.9759 1 0 0
7.82369 33.3349 -119.9759 0 0 1
7.82369 34.6096 -119.9759 1 0 0
7.82369 34.6096 -119.9759 0 0 1
7.77369 34.6096 -119.9759 0 0 1
7.77369 34.6096 -119.9759 -1 0 0
7.77369 34.6096 -120.02594 0 0 -1
7.77369 34.6096 -120.02594 -1 0 0
7.82369 34.6096 -120.02594 1 0 0
7.82369 34.6096 -120.02594 0 0 -1
6.32369 34.6096 -120.02594 1 0 0
6.32369 34.6096 -120.02594 0 0 -1
6.27369 34.6096 -120.02594 0 0 -1
6.27369 34.6096 -120.02594 -1 0 0
6.27369 34.6096 -119.9759 0 0 1
6.27369 34.6096 -119.9759 -1 0 0
6.32369 34.6096 -119.9759 1 0 0
6.32369 34.6096 -119.9759 0 0 1
6.32369 33.3349 -119.9759 1 0 0
6.32369 33.3349 -119.9759 0 0 1
6.27369 33.3349 -119.9759 0 0 1
6.27369 33.3349 -119.9759 -1 0 0
6.27369 33.3349 -120.02594 0 0 -1
6.27369 33.3349 -120.02594 -1 0 0
6.32369 33.3349 -120.02594 1 0 0
6.32369 33.3349 -120.02594 0 0 -1
4.82369 33.3349 -120.02594 1 0 0
4.82369 33.3349 -120.02594 0 0 -1
4.77369 33.3349 -120.02594 0 0 -1
4.77369 33.3349 -120.02594 -1 0 0
4.77369 33.3349 -119.9759 0 0 1
4.77369 33.3349 -119.9759 -1 0 0
4.82369 33.3349 -119.9759 1 0 0
4.82369 33.3349 -119.9759 0 0 1
4.82369 34.6096 -119.9759 1 0 0
4.82369 34.6096 -119.9759 0 0 1
4.77369 34.6096 -119.9759 0 0 1
4.77369 34.6096 -119.9759 -1 0 0
4.77369 34.6096 -120.02594 0 0 -1
4.77369 34.6096 -120.02594 -1 0 0
4.82369 34.6096 -120.02594 1 0 0
4.82369 34.6096 -120.02594 0 0 -1
3.32369 34.6096 -120.02594 1 0 0
3.32369 34.6096 -120.02594 0 0 -1
3.27369 34.6096 -120.02594 0 0 -1
3.27369 34.6096 -120.02594 -1 0 0
3.27369 34.6096 -119.9759 0 0 1
3.27369 34.6096 -119.9759 -1 0 0
3.32369 34.6096 -119.9759 1 0 0
3.32369 34.6096 -119.9759 0 0 1
3.32369 33.3349 -119.9759 1 0 0
3.32369 33.3349 -119.9759 0 0 1
3.27369 33.3349 -119.9759 0 0 1
3.27369 33.3349 -119.9759 -1 0 0
3.27369 33.3349 -120.02594 0 0 -1
3.27369 33.3349 -120.02594 -1 0 0
3.32369 33.3349 -120.02594 1 0 0
3.32369 33.3349 -120.02594 0 0 -1
1.82369 33.3349 -120.02594 1 0 0
1.82369 33.3349 -120.02594 0 0 -1
1.77369 33.3349 -120.02594 0 0 -1
1.77369 33.3349 -120.02594 -1 0 0
1.77369 33.3349 -119.9759 0 0 1
1.77369 33.3349 -119.9759 -1 0 0
1.82369 33.3349 -119.9759 1 0 0
1.82369 33.3349 -119.9759 0 0 1
1.82369 34.6096 -119.9759 1 0 0
1.82369 34.6096 -119.9759 0 0 1
1.77369 34.6096 -119.9759 0 0 1
1.77369 34.6096 -119.9759 -1 0 0
1.77369 34.6096 -120.02594 0 0 -1
1.77369 34.6096 -120.02594 -1 0 0
1.82369 34.6096 -120.02594 1 0 0
1.82369 34.6096 -120.02594 0 0 -1
-13.8237 33.3349 -120.02594 0 0 -1
-13.8237 33.3349 -120.02594 -1 0 0
-13.7737 33.3349 -120.02594 1 0 0
-13.7737 33.3349 -120.02594 0 0 -1
-13.7737 33.3349 -119.9759 1 0 0
-13.7737 33.3349 -119.9759 0 0 1
-13.8237 33.3349 -119.9759 0 0 1
-13.8237 33.3349 -119.9759 -1 0 0
-13.8237 34.6096 -119.9759 0 0 1
-13.8237 34.6096 -119.9759 -1 0 0
-13.7737 34.6096 -119.9759 1 0 0
-13.7737 34.6096 -119.9759 0 0 1
-13.7737 34.6096 -120.02594 1 0 0
-13.7737 34.6096 -120.02594 0 0 -1
-13.8237 34.6096 -120.02594 0 0 -1
-13.8237 34.6096 -120.02594 -1 0 0
-12.3237 34.6096 -120.02594 0 0 -1
-12.3237 34.6096 -120.02594 -1 0 0
-12.2737 34.6096 -120.02594 1 0 0
-12.2737 34.6096 -120.02594 0 0 -1
-12.2737 34.6096 -119.9759 1 0 0
-12.2737 34.6096 -119.9759 0 0 1
-12.3237 34.6096 -119.9759 0 0 1
-12.3237 34.6096 -119.9759 -1 0 0
-12.3237 33.3349 -119.9759 0 0 1
-12.3237 33.3349 -119.9759 -1 0 0
-12.2737 33.3349 -119.9759 1 0 0
-12.2737 33.3349 -119.9759 0 0 1
-12.2737 33.3349 -120.02594 1 0 0
-12.2737 33.3349 -120.02594 0 0 -1
-12.3237 33.3349 -120.02594 0 0 -1
-12.3237 33.3349 -120.02594 -1 0 0
-10.8237 33.3349 -120.02594 0 0 -1
-10.8237 33.3349 -120.02594 -1 0 0
-10.7737 33.3349 -120.02594 1 0 0
-10.7737 33.3349 -120.02594 0 0 -1
-10.7737 33.3349 -119.9759 1 0 0
-10.7737 33.3349 -119.9759 0 0 1
-10.8237 33.3349 -119.9759 0 0 1
-10.8237 33.3349 -119.9759 -1 0 0
-10.8237 34.6096 -119.9759 0 0 1
-10.8237 34.6096 -119.9759 -1 0 0
-10.7737 34.6096 -119.9759 1 0 0
-10.7737 34.6096 -119.9759 0 0 1
-10.7737 34.6096 -120.02594 1 0 0
-10.7737 34.6096 -120.02594 0 0 -1
-10.8237 34.6096 -120.02594 0 0 -1
-10.8237 34.6096 -120.02594 -1 0 0
-9.3237 34.6096 -120.02594 0 0 -1
-9.3237 34.6096 -120.02594 -1 0 0
-9.2737 34.6096 -120.02594 1 0 0
-9.2737 34.6096 -120.02594 0 0 -1
-9.2737 34.6096 -119.9759 1 0 0
-9.2737 34.6096 -119.9759 0 0 1
-9.3237 34.6096 -119.9759 0 0 1
-9.3237 34.6096 -119.9759 -1 0 0
-9.3237 33.3349 -119.9759 0 0 1
-9.3237 33.3349 -119.9759 -1 0 0
-9.2737 33.3349 -119.9759 1 0 0
-9.2737 33.3349 -119.9759 0 0 1
-9.2737 33.3349 -120.02594 1 0 0
-9.2737 33.3349 -120.02594 0 0 -1
-9.3237 33.3349 -120.02594 0 0 -1
-9.3237 33.3349 -120.02594 -1 0 0
-7.8237 33.3349 -120.02594 0 0 -1
-7.8237 33.3349 -120.02594 -1 0 0
-7.7737 33.3349 -120.02594 1 0 0
-7.7737 33.3349 -120.02594 0 0 -1
-7.7737 33.3349 -119.9759 1 0 0
-7.7737 33.3349 -119.9759 0 0 1
-7.8237 33.3349 -119.9759 0 0 1
-7.8237 33.3349 -119.9759 -1 0 0
-7.8237 34.6096 -119.9759 0 0 1
-7.8237 34.6096 -119.9759 -1 0 0
-7.7737 34.6096 -119.9759 1 0 0
-7.7737 34.6096 -119.9759 0 0 1
-7.7737 34.6096 -120.02594 1 0 0
-7.7737 34.6096 -120.02594 0 0 -1
-7.8237 34.6096 -120.02594 0 0 -1
-7.8237 34.6096 -120.02594 -1 0 0
-6.3237 34.6096 -120.02594 0 0 -1
-6.3237 34.6096 -120.02594 -1 0 0
-6.2737 34.6096 -120.02594 1 0 0
-6.2737 34.6096 -120.02594 0 0 -1
-6.2737 34.6096 -119.9759 1 0 0
-6.2737 34.6096 -119.9759 0 0 1
-6.3237 34.6096 -119.9759 0 0 1
-6.3237 34.6096 -119.9759 -1 0 0
-6.3237 33.3349 -119.9759 0 0 1
-6.3237 33.3349 -119.9759 -1 0 0
-6.2737 33.3349 -119.9759 1 0 0
-6.2737 33.3349 -119.9759 0 0 1
-6.2737 33.3349 -120.02594 1 0 0
-6.2737 33.3349 -120.02594 0 0 -1
-6.3237 33.3349 -120.02594 0 0 -1
-6.3237 33.3349 -120.02594 -1 0 0
-4.8237 33.3349 -120.02594 0 0 -1
-4.8237 33.3349 -120.02594 -1 0 0
-4.7737 33.3349 -120.02594 1 0 0
-4.7737 33.3349 -120.02594 0 0 -1
-4.7737 33.3349 -119.9759 1 0 0
-4.7737 33.3349 -119.9759 0 0 1
-4.8237 33.3349 -119.9759 0 0 1
-4.8237 33.3349 -119.9759 -1 0 0
-4.8237 34.6096 -119.9759 0 0 1
-4.8237 34.6096 -119.9759 -1 0 0
-4.7737 34.6096 -119.9759 1 0 0
-4.7737 34.6096 -119.9759 0 0 1
-4.7737 34.6096 -120.02594 1 0 0
-4.7737 34.6096 -120.02594 0 0 -1
-4.8237 34.6096 -120.02594 0 0 -1
-4.8237 34.6096 -120.02594 -1 0 0
-3.3237 34.6096 -120.02594 0 0 -1
-3.3237 34.6096 -120.02594 -1 0 0
-3.2737 34.6096 -120.02594 1 0 0
-3.2737 34.6096 -120.02594 0 0 -1
-3.2737 34.6096 -119.9759 1 0 0
-3.2737 34.6096 -119.9759 0 0 1
-3.3237 34.6096 -119.9759 0 0 1
-3.3237 34.6096 -119.9759 -1 0 0
-3.3237 33.3349 -119.9759 0 0 1
-3.3237 33.3349 -119.9759 -1 0 0
-3.2737 33.3349 -119.9759 1 0 0
-3.2737 33.3349 -119.9759 0 0 1
-3.2737 33.3349 -120.02594 1 0 0
-3.2737 33.3349 -120.02594 0 0 -1
-3.3237 33.3349 -120.02594 0 0 -1
-3.3237 33.3349 -120.02594 -1 0 0
-1.8237 33.3349 -120.02594 0 0 -1
-1.8237 33.3349 -120.02594 -1 0 0
-1.7737 33.3349 -120.02594 1 0 0
-1.7737 33.3349 -120.02594 0 0 -1
-1.7737 33.3349 -119.9759 1 0 0
-1.7737 33.3349 -119.9759 0 0 1
-1.8237 33.3349 -119.9759 0 0 1
-1.8237 33.3349 -119.9759 -1 0 0
-1.8237 34.6096 -119.9759 0 0 1
-1.8237 34.6096 -119.9759 -1 0 0
-1.7737 34.6096 -119.9759 1 0 0
-1.7737 34.6096 -119.9759 0 0 1
-1.7737 34.6096 -120.02594 1 0 0
-1.7737 34.6096 -120.02594 0 0 -1
-1.8237 34.6096 -120.02594 0 0 -1
-1.8237 34.6096 -120.02594 -1 0 0
15.1573 30.2348 -109.46109 1 0 0
15.1573 30.2348 -109.46109 0 0 -1
15.1073 30.2348 -109.46109 0 0 -1
15.1073 30.2348 -109.46109 -1 0 0
15.1073 30.2348 -109.41109 0 0 1
15.1073 30.2348 -109.41109 -1 0 0
15.1573 30.2348 -109.41109 1 0 0
15.1573 30.2348 -109.41109 0 0 1
15.1573 31.5095 -109.41109 1 0 0
15.1573 31.5095 -109.41109 0 0 1
15.1073 31.5095 -109.41109 0 0 1
15.1073 31.5095 -109.41109 -1 0 0
15.1073 31.5095 -109.46109 0 0 -1
15.1073 31.5095 -109.46109 -1 0 0
15.1573 31.5095 -109.46109 1 0 0
15.1573 31.5095 -109.46109 0 0 -1
-15.1591 30.2348 -109.46109 0 0 -1
-15.1591 30.2348 -109.46109 -1 0 0
-15.1091 30.2348 -109.46109 1 0 0
-15.1091 30.2348 -109.46109 0 0 -1
-15.1091 30.2348 -109.41109 1 0 0
-15.1091 30.2348 -109.41109 0 0 1
-15.1591 30.2348 -109.41109 0 0 1
-15.1591 30.2348 -109.41109 -1 0 0
-15.1591 31.5095 -109.41109 0 0 1
-15.1591 31.5095 -109.41109 -1 0 0
-15.1091 31.5095 -109.41109 1 0 0
-15.1091 31.5095 -109.41109 0 0 1
-15.1091 31.5095 -109.46109 1 0 0
-15.1091 31.5095 -109.46109 0 0 -1
-15.1591 31.5095 -109.46109 0 0 -1
-15.1591 31.5095 -109.46109 -1 0 0
15.1573 31.5095 -110.98611 1 0 0
15.1573 31.5095 -110.98611 0 0 -1
15.1073 31.5095 -110.98611 0 0 -1
15.1073 31.5095 -110.98611 -1 0 0
15.1073 31.5095 -110.9361 0 0 1
15.1073 31.5095 -110.9361 -1 0 0
15.1573 31.5095 -110.9361 1 0 0
15.1573 31.5095 -110.9361 0 0 1
15.1573 30.2348 -110.9361 1 0 0
15.1573 30.2348 -110.9361 0 0 1
15.1073 30.2348 -110.9361 0 0 1
15.1073 30.2348 -110.9361 -1 0 0
15.1073 30.2348 -110.98611 0 0 -1
15.1073 30.2348 -110.98611 -1 0 0
15.1573 30.2348 -110.98611 1 0 0
15.1573 30.2348 -110.98611 0 0 -1
-15.1591 31.5095 -110.98611 0 0 -1
-15.1591 31.5095 -110.98611 -1 0 0
-15.1091 31.5095 -110.98611 1 0 0
-15.1091 31.5095 -110.98611 0 0 -1
-15.1091 31.5095 -110.9361 1 0 0
-15.1091 31.5095 -110.9361 0 0 1
-15.1591 31.5095 -110.9361 0 0 1
-15.1591 31.5095 -110.9361 -1 0 0
-15.1591 30.2348 -110.9361 0 0 1
-15.1591 30.2348 -110.9361 -1 0 0
-15.1091 30.2348 -110.9361 1 0 0
-15.1091 30.2348 -110.9361 0 0 1
-15.1091 30.2348 -110.98611 1 0 0
-15.1091 30.2348 -110.98611 0 0 -1
-15.1591 30.2348 -110.98611 0 0 -1
-15.1591 30.2348 -110.98611 -1 0 0
15.1573 30.2348 -112.51111 1 0 0
15.1573 30.2348 -112.51111 0 0 -1
15.1073 30.2348 -112.51111 0 0 -1
15.1073 30.2348 -112.51111 -1 0 0
15.1073 30.2348 -112.46111 0 0 1
15.1073 30.2348 -112.46111 -1 0 0
15.1573 30.2348 -112.46111 1 0 0
15.1573 30.2348 -112.46111 0 0 1
15.1573 31.5095 -112.46111 1 0 0
15.1573 31.5095 -112.46111 0 0 1
15.1073 31.5095 -112.46111 0 0 1
15.1073 31.5095 -112.46111 -1 0 0
15.1073 31.5095 -112.51111 0 0 -1
15.1073 31.5095 -112.51111 -1 0 0
15.1573 31.5095 -112.51111 1 0 0
15.1573 31.5095 -112.51111 0 0 -1
-15.1591 30.2348 -112.51111 0 0 -1
-15.1591 30.2348 -112.51111 -1 0 0
-15.1091 30.2348 -112.51111 1 0 0
-15.1091 30.2348 -112.51111 0 0 -1
-15.1091 30.2348 -112.46111 1 0 0
-15.1091 30.2348 -112.46111 0 0 1
-15.1591 30.2348 -112.46111 0 0 1
-15.1591 30.2348 -112.46111 -1 0 0
-15.1591 31.5095 -112.46111 0 0 1
-15.1591 31.5095 -112.46111 -1 0 0
-15.1091 31.5095 -112.46111 1 0 0
-15.1091 31.5095 -112.46111 0 0 1
-15.1091 31.5095 -112.51111 1 0 0
-15.1091 31.5095 -112.51111 0 0 -1
-15.1591 31.5095 -112.51111 0 0 -1
-15.1591 31.5095 -112.51111 -1 0 0
-14.9781 31.5095 -120.02594 1 0 0
-14.9781 31.5095 -120.02594 0 0 -1
-15.0281 31.5095 -120.02594 0 0 -1
-15.0281 31.5095 -120.02594 -1 0 0
-15.0281 31.5095 -119.9759 0 0 1
-15.0281 31.5095 -119.9759 -1 0 0
-14.9781 31.5095 -119.9759 1 0 0
-14.9781 31.5095 -119.9759 0 0 1
-14.9781 30.2348 -119.9759 1 0 0
-14.9781 30.2348 -119.9759 0 0 1
-15.0281 30.2348 -119.9759 0 0 1
-15.0281 30.2348 -119.9759 -1 0 0
-15.0281 30.2348 -120.02594 0 0 -1
-15.0281 30.2348 -120.02594 -1 0 0
-14.9781 30.2348 -120.02594 1 0 0
-14.9781 30.2348 -120.02594 0 0 -1
0.023695 30.2348 -120.02594 1 0 0
0.023695 30.2348 -120.02594 0 0 -1
-0.026305 30.2348 -120.02594 0 0 -1
-0.026305 30.2348 -120.02594 -1 0 0
-0.026305 30.2348 -119.9759 0 0 1
-0.026305 30.2348 -119.9759 -1 0 0
0.023695 30.2348 -119.9759 1 0 0
0.023695 30.2348 -119.9759 0 0 1
0.023695 31.5095 -119.9759 1 0 0
0.023695 31.5095 -119.9759 0 0 1
-0.026305 31.5095 -119.9759 0 0 1
-0.026305 31.5095 -119.9759 -1 0 0
-0.026305 31.5095 -120.02594 0 0 -1
-0.026305 31.5095 -120.02594 -1 0 0
0.023695 31.5095 -120.02594 1 0 0
0.023695 31.5095 -120.02594 0 0 -1
15.1573 30.2348 -103.46109 1 0 0
15.1573 30.2348 -103.46109 0 0 -1
15.1073 30.2348 -103.46109 0 0 -1
15.1073 30.2348 -103.46109 -1 0 0
15.1073 30.2348 -103.41109 0 0 1
15.1073 30.2348 -103.41109 -1 0 0
15.1573 30.2348 -103.41109 1 0 0
15.1573 30.2348 -103.41109 0 0 1
15.1573 31.5095 -103.41109 1 0 0
15.1573 31.5095 -103.41109 0 0 1
15.1073 31.5095 -103.41109 0 0 1
15.1073 31.5095 -103.41109 -1 0 0
15.1073 31.5095 -103.46109 0 0 -1
15.1073 31.5095 -103.46109 -1 0 0
15.1573 31.5095 -103.46109 1 0 0
15.1573 31.5095 -103.46109 0 0 -1
-15.1591 30.2348 -103.46109 0 0 -1
-15.1591 30.2348 -103.46109 -1 0 0
-15.1091 30.2348 -103.46109 1 0 0
-15.1091 30.2348 -103.46109 0 0 -1
-15.1091 30.2348 -103.41109 1 0 0
-15.1091 30.2348 -103.41109 0 0 1
-15.1591 30.2348 -103.41109 0 0 1
-15.1591 30.2348 -103.41109 -1 0 0
-15.1591 31.5095 -103.41109 0 0 1
-15.1591 31.5095 -103.41109 -1 0 0
-15.1091 31.5095 -103.41109 1 0 0
-15.1091 31.5095 -103.41109 0 0 1
-15.1091 31.5095 -103.46109 1 0 0
-15.1091 31.5095 -103.46109 0 0 -1
-15.1591 31.5095 -103.46109 0 0 -1
-15.1591 31.5095 -103.46109 -1 0 0
15.1573 31.5095 -104.98611 1 0 0
15.1573 31.5095 -104.98611 0 0 -1
15.1073 31.5095 -104.98611 0 0 -1
15.1073 31.5095 -104.98611 -1 0 0
15.1073 31.5095 -104.9361 0 0 1
15.1073 31.5095 -104.9361 -1 0 0
15.1573 31.5095 -104.9361 1 0 0
15.1573 31.5095 -104.9361 0 0 1
15.1573 30.2348 -104.9361 1 0 0
15.1573 30.2348 -104.9361 0 0 1
15.1073 30.2348 -104.9361 0 0 1
15.1073 30.2348 -104.9361 -1 0 0
15.1073 30.2348 -104.98611 0 0 -1
15.1073 30.2348 -104.98611 -1 0 0
15.1573 30.2348 -104.98611 1 0 0
15.1573 30.2348 -104.98611 0 0 -1
-15.1591 31.5095 -104.98611 0 0 -1
-15.1591 31.5095 -104.98611 -1 0 0
-15.1091 31.5095 -104.98611 1 0 0
-15.1091 31.5095 -104.98611 0 0 -1
-15.1091 31.5095 -104.9361 1 0 0
-15.1091 31.5095 -104.9361 0 0 1
-15.1591 31.5095 -104.9361 0 0 1
-15.1591 31.5095 -104.9361 -1 0 0
-15.1591 30.2348 -104.9361 0 0 1
-15.1591 30.2348 -104.9361 -1 0 0
-15.1091 30.2348 -104.9361 1 0 0
-15.1091 30.2348 -104.9361 0 0 1
-15.1091 30.2348 -104.98611 1 0 0
-15.1091 30.2348 -104.98611 0 0 -1
-15.1591 30.2348 -104.98611 0 0 -1
-15.1591 30.2348 -104.98611 -1 0 0
15.1573 30.2348 -106.51111 1 0 0
15.1573 30.2348 -106.51111 0 0 -1
15.1073 30.2348 -106.51111 0 0 -1
15.1073 30.2348 -106.51111 -1 0 0
15.1073 30.2348 -106.46111 0 0 1
15.1073 30.2348 -106.46111 -1 0 0
15.1573 30.2348 -106.46111 1 0 0
15.1573 30.2348 -106.46111 0 0 1
15.1573 31.5095 -106.46111 1 0 0
15.1573 31.5095 -106.46111 0 0 1
15.1073 31.5095 -106.46111 0 0 1
15.1073 31.5095 -106.46111 -1 0 0
15.1073 31.5095 -106.51111 0 0 -1
15.1073 31.5095 -106.51111 -1 0 0
15.1573 31.5095 -106.51111 1 0 0
15.1573 31.5095 -106.51111 0 0 -1
-15.1591 30.2348 -106.51111 0 0 -1
-15.1591 30.2348 -106.51111 -1 0 0
-15.1091 30.2348 -106.51111 1 0 0
-15.1091 30.2348 -106.51111 0 0 -1
-15.1091 30.2348 -106.46111 1 0 0
-15.1091 30.2348 -106.46111 0 0 1
-15.1591 30.2348 -106.46111 0 0 1
-15.1591 30.2348 -106.46111 -1 0 0
-15.1591 31.5095 -106.46111 0 0 1
-15.1591 31.5095 -106.46111 -1 0 0
-15.1091 31.5095 -106.46111 1 0 0
-15.1091 31.5095 -106.46111 0 0 1
-15.1091 31.5095 -106.51111 1 0 0
-15.1091 31.5095 -106.51111 0 0 -1
-15.1591 31.5095 -106.51111 0 0 -1
-15.1591 31.5095 -106.51111 -1 0 0
15.1573 30.8348 -101.99689 1 0 0
15.1573 30.8348 -101.99689 0 -1 0
15.1073 30.8348 -101.99689 0 -1 0
15.1073 30.8348 -101.99689 -1 0 0
15.1073 30.8848 -101.99689 0 1 0
15.1073 30.8848 -101.99689 -1 0 0
15.1573 30.8848 -101.99689 1 0 0
15.1573 30.8848 -101.99689 0 1 0
15.1573 30.8848 -119.97654 1 0 0
15.1573 30.8848 -119.97654 0 1 0
15.1073 30.8848 -119.97654 0 1 0
15.1073 30.8848 -119.97654 -1 0 0
15.1073 30.8348 -119.97654 0 -1 0
15.1073 30.8348 -119.97654 -1 0 0
15.1573 30.8348 -119.97654 1 0 0
15.1573 30.8348 -119.97654 0 -1 0
-15.1591 30.8348 -101.99689 0 -1 0
-15.1591 30.8348 -101.99689 -1 0 0
-15.1091 30.8348 -101.99689 1 0 0
-15.1091 30.8348 -101.99689 0 -1 0
-15.1091 30.8848 -101.99689 1 0 0
-15.1091 30.8848 -101.99689 0 1 0
-15.1591 30.8848 -101.99689 0 1 0
-15.1591 30.8848 -101.99689 -1 0 0
-15.1591 30.8848 -119.97654 0 1 0
-15.1591 30.8848 -119.97654 -1 0 0
-15.1091 30.8848 -119.97654 1 0 0
-15.1091 30.8848 -119.97654 0 1 0
-15.1091 30.8348 -119.97654 1 0 0
-15.1091 30.8348 -119.97654 0 -1 0
-15.1591 30.8348 -119.97654 0 -1 0
-15.1591 30.8348 -119.97654 -1 0 0
15.1573 31.5098 -119.97616 1 0 0
15.1573 31.5098 -119.97616 0 -1 0
15.1073 31.5098 -119.97616 0 -1 0
15.1073 31.5098 -119.97616 -1 0 0
15.1073 31.5598 -119.97616 0 1 0
15.1073 31.5598 -119.97616 -1 0 0
15.1573 31.5598 -119.97616 1 0 0
15.1573 31.5598 -119.97616 0 1 0
15.1573 31.5598 -101.99638 1 0 0
15.1573 31.5598 -101.99638 0 1 0
15.1073 31.5598 -101.99638 0 1 0
15.1073 31.5598 -101.99638 -1 0 0
15.1073 31.5098 -101.99638 0 -1 0
15.1073 31.5098 -101.99638 -1 0 0
15.1573 31.5098 -101.99638 1 0 0
15.1573 31.5098 -101.99638 0 -1 0
-15.1591 31.5098 -119.97616 0 -1 0
-15.1591 31.5098 -119.97616 -1 0 0
-15.1091 31.5098 -119.97616 1 0 0
-15.1091 31.5098 -119.97616 0 -1 0
-15.1091 31.5598 -119.97616 1 0 0
-15.1091 31.5598 -119.97616 0 1 0
-15.1591 31.5598 -119.97616 0 1 0
-15.1591 31.5598 -119.97616 -1 0 0
-15.1591 31.5598 -101.99638 0 1 0
-15.1591 31.5598 -101.99638 -1 0 0
-15.1091 31.5598 -101.99638 1 0 0
-15.1091 31.5598 -101.99638 0 1 0
-15.1091 31.5098 -101.99638 1 0 0
-15.1091 31.5098 -101.99638 0 -1 0
-15.1591 31.5098 -101.99638 0 -1 0
-15.1591 31.5098 -101.99638 -1 0 0
15.1571 31.5098 -120.02644 1 0 0
15.1571 31.5098 -120.02644 0 -1 0
15.1571 31.5098 -120.02644 0 0 -1
15.1571 31.5098 -119.97642 1 0 0
15.1571 31.5098 -119.97642 0 -1 0
15.1571 31.5098 -119.97642 0 0 1
15.1571 31.5598 -119.97642 1 0 0
15.1571 31.5598 -119.97642 0 0 1
15.1571 31.5598 -119.97642 0 1 0
15.1571 31.5598 -120.02644 1 0 0
15.1571 31.5598 -120.02644 0 0 -1
15.1571 31.5598 -120.02644 0 1 0
-15.1587 31.5598 -120.02644 0 0 -1
-15.1587 31.5598 -120.02644 0 1 0
-15.1587 31.5598 -120.02644 -1 0 0
-15.1587 31.5598 -119.97642 0 0 1
-15.1587 31.5598 -119.97642 0 1 0
-15.1587 31.5598 -119.97642 -1 0 0
-15.1587 31.5098 -119.97642 0 -1 0
-15.1587 31.5098 -119.97642 0 0 1
-15.1587 31.5098 -119.97642 -1 0 0
-15.1587 31.5098 -120.02644 0 -1 0
-15.1587 31.5098 -120.02644 0 0 -1
-15.1587 31.5098 -120.02644 -1 0 0
-15.1593 30.8348 -120.02644 0 -1 0
-15.1593 30.8348 -120.02644 0 0 -1
-15.1593 30.8348 -120.02644 -1 0 0
-15.1593 30.8348 -119.97642 0 -1 0
-15.1593 30.8348 -119.97642 0 0 1
-15.1593 30.8348 -119.97642 -1 0 0
-15.1593 30.8848 -119.97642 0 0 1
-15.1593 30.8848 -119.97642 0 1 0
-15.1593 30.8848 -119.97642 -1 0 0
-15.1593 30.8848 -120.02644 0 0 -1
-15.1593 30.8848 -120.02644 0 1 0
-15.1593 30.8848 -120.02644 -1 0 0
15.1565 30.8848 -120.02644 1 0 0
15.1565 30.8848 -120.02644 0 0 -1
15.1565 30.8848 -120.02644 0 1 0
15.1565 30.8848 -119.97642 1 0 0
15.1565 30.8848 -119.97642 0 0 1
15.1565 30.8848 -119.97642 0 1 0
15.1565 30.8348 -119.97642 1 0 0
15.1565 30.8348 -119.97642 0 -1 0
15.1565 30.8348 -119.97642 0 0 1
15.1565 30.8348 -120.02644 1 0 0
15.1565 30.8348 -120.02644 0 -1 0
15.1565 30.8348 -120.02644 0 0 -1
15.1573 30.2348 -115.46109 1 0 0
15.1573 30.2348 -115.46109 0 0 -1
15.1073 30.2348 -115.46109 0 0 -1
15.1073 30.2348 -115.46109 -1 0 0
15.1073 30.2348 -115.41109 0 0 1
15.1073 30.2348 -115.41109 -1 0 0
15.1573 30.2348 -115.41109 1 0 0
15.1573 30.2348 -115.41109 0 0 1
15.1573 31.5095 -115.41109 1 0 0
15.1573 31.5095 -115.41109 0 0 1
15.1073 31.5095 -115.41109 0 0 1
15.1073 31.5095 -115.41109 -1 0 0
15.1073 31.5095 -115.46109 0 0 -1
15.1073 31.5095 -115.46109 -1 0 0
15.1573 31.5095 -115.46109 1 0 0
15.1573 31.5095 -115.46109 0 0 -1
-15.1591 30.2348 -115.46109 0 0 -1
-15.1591 30.2348 -115.46109 -1 0 0
-15.1091 30.2348 -115.46109 1 0 0
-15.1091 30.2348 -115.46109 0 0 -1
-15.1091 30.2348 -115.41109 1 0 0
-15.1091 30.2348 -115.41109 0 0 1
-15.1591 30.2348 -115.41109 0 0 1
-15.1591 30.2348 -115.41109 -1 0 0
-15.1591 31.5095 -115.41109 0 0 1
-15.1591 31.5095 -115.41109 -1 0 0
-15.1091 31.5095 -115.41109 1 0 0
-15.1091 31.5095 -115.41109 0 0 1
-15.1091 31.5095 -115.46109 1 0 0
-15.1091 31.5095 -115.46109 0 0 -1
-15.1591 31.5095 -115.46109 0 0 -1
-15.1591 31.5095 -115.46109 -1 0 0
15.1573 31.5095 -116.98611 1 0 0
15.1573 31.5095 -116.98611 0 0 -1
15.1073 31.5095 -116.98611 0 0 -1
15.1073 31.5095 -116.98611 -1 0 0
15.1073 31.5095 -116.9361 0 0 1
15.1073 31.5095 -116.9361 -1 0 0
15.1573 31.5095 -116.9361 1 0 0
15.1573 31.5095 -116.9361 0 0 1
15.1573 30.2348 -116.9361 1 0 0
15.1573 30.2348 -116.9361 0 0 1
15.1073 30.2348 -116.9361 0 0 1
15.1073 30.2348 -116.9361 -1 0 0
15.1073 30.2348 -116.98611 0 0 -1
15.1073 30.2348 -116.98611 -1 0 0
15.1573 30.2348 -116.98611 1 0 0
15.1573 30.2348 -116.98611 0 0 -1
-15.1591 31.5095 -116.98611 0 0 -1
-15.1591 31.5095 -116.98611 -1 0 0
-15.1091 31.5095 -116.98611 1 0 0
-15.1091 31.5095 -116.98611 0 0 -1
-15.1091 31.5095 -116.9361 1 0 0
-15.1091 31.5095 -116.9361 0 0 1
-15.1591 31.5095 -116.9361 0 0 1
-15.1591 31.5095 -116.9361 -1 0 0
-15.1591 30.2348 -116.9361 0 0 1
-15.1591 30.2348 -116.9361 -1 0 0
-15.1091 30.2348 -116.9361 1 0 0
-15.1091 30.2348 -116.9361 0 0 1
-15.1091 30.2348 -116.98611 1 0 0
-15.1091 30.2348 -116.98611 0 0 -1
-15.1591 30.2348 -116.98611 0 0 -1
-15.1591 30.2348 -116.98611 -1 0 0
15.1573 30.2348 -118.51111 1 0 0
15.1573 30.2348 -118.51111 0 0 -1
15.1073 30.2348 -118.51111 0 0 -1
15.1073 30.2348 -118.51111 -1 0 0
15.1073 30.2348 -118.46111 0 0 1
15.1073 30.2348 -118.46111 -1 0 0
15.1573 30.2348 -118.46111 1 0 0
15.1573 30.2348 -118.46111 0 0 1
15.1573 31.5095 -118.46111 1 0 0
15.1573 31.5095 -118.46111 0 0 1
15.1073 31.5095 -118.46111 0 0 1
15.1073 31.5095 -118.46111 -1 0 0
15.1073 31.5095 -118.51111 0 0 -1
15.1073 31.5095 -118.51111 -1 0 0
15.1573 31.5095 -118.51111 1 0 0
15.1573 31.5095 -118.51111 0 0 -1
-15.1591 30.2348 -118.51111 0 0 -1
-15.1591 30.2348 -118.51111 -1 0 0
-15.1091 30.2348 -118.51111 1 0 0
-15.1091 30.2348 -118.51111 0 0 -1
-15.1091 30.2348 -118.46111 1 0 0
-15.1091 30.2348 -118.46111 0 0 1
-15.1591 30.2348 -118.46111 0 0 1
-15.1591 30.2348 -118.46111 -1 0 0
-15.1591 31.5095 -118.46111 0 0 1
-15.1591 31.5095 -118.46111 -1 0 0
-15.1091 31.5095 -118.46111 1 0 0
-15.1091 31.5095 -118.46111 0 0 1
-15.1091 31.5095 -118.51111 1 0 0
-15.1091 31.5095 -118.51111 0 0 -1
-15.1591 31.5095 -118.51111 0 0 -1
-15.1591 31.5095 -118.51111 -1 0 0
13.8237 30.2348 -120.02594 1 0 0
13.8237 30.2348 -120.02594 0 0 -1
13.7737 30.2348 -120.02594 0 0 -1
13.7737 30.2348 -120.02594 -1 0 0
13.7737 30.2348 -119.9759 0 0 1
13.7737 30.2348 -119.9759 -1 0 0
13.8237 30.2348 -119.9759 1 0 0
13.8237 30.2348 -119.9759 0 0 1
13.8237 31.5095 -119.9759 1 0 0
13.8237 31.5095 -119.9759 0 0 1
13.7737 31.5095 -119.9759 0 0 1
13.7737 31.5095 -119.9759 -1 0 0
13.7737 31.5095 -120.02594 0 0 -1
13.7737 31.5095 -120.02594 -1 0 0
13.8237 31.5095 -120.02594 1 0 0
13.8237 31.5095 -120.02594 0 0 -1
12.3237 31.5095 -120.02594 1 0 0
12.3237 31.5095 -120.02594 0 0 -1
12.2737 31.5095 -120.02594 0 0 -1
12.2737 31.5095 -120.02594 -1 0 0
12.2737 31.5095 -119.9759 0 0 1
12.2737 31.5095 -119.9759 -1 0 0
12.3237 31.5095 -119.9759 1 0 0
12.3237 31.5095 -119.9759 0 0 1
12.3237 30.2348 -119.9759 1 0 0
12.3237 30.2348 -119.9759 0 0 1
12.2737 30.2348 -119.9759 0 0 1
12.2737 30.2348 -119.9759 -1 0 0
12.2737 30.2348 -120.02594 0 0 -1
12.2737 30.2348 -120.02594 -1 0 0
12.3237 30.2348 -120.02594 1 0 0
12.3237 30.2348 -120.02594 0 0 -1
10.8237 30.2348 -120.02594 1 0 0
10.8237 30.2348 -120.02594 0 0 -1
10.7737 30.2348 -120.02594 0 0 -1
10.7737 30.2348 -120.02594 -1 0 0
10.7737 30.2348 -119.9759 0 0 1
10.7737 30.2348 -119.9759 -1 0 0
10.8237 30.2348 -119.9759 1 0 0
10.8237 30.2348 -119.9759 0 0 1
10.8237 31.5095 -119.9759 1 0 0
10.8237 31.5095 -119.9759 0 0 1
10.7737 31.5095 -119.9759 0 0 1
10.7737 31.5095 -119.9759 -1 0 0
10.7737 31.5095 -120.02594 0 0 -1
10.7737 31.5095 -120.02594 -1 0 0
10.8237 31.5095 -120.02594 1 0 0
10.8237 31.5095 -120.02594 0 0 -1
9.32369 31.5095 -120.02594 1 0 0
9.32369 31.5095 -120.02594 0 0 -1
9.27369 31.5095 -120.02594 0 0 -1
9.27369 31.5095 -120.02594 -1 0 0
9.27369 31.5095 -119.9759 0 0 1
9.27369 31.5095 -119.9759 -1 0 0
9.32369 31.5095 -119.9759 1 0 0
9.32369 31.5095 -119.9759 0 0 1
9.32369 30.2348 -119.9759 1 0 0
9.32369 30.2348 -119.9759 0 0 1
9.27369 30.2348 -119.9759 0 0 1
9.27369 30.2348 -119.9759 -1 0 0
9.27369 30.2348 -120.02594 0 0 -1
9.27369 30.2348 -120.02594 -1 0 0
9.32369 30.2348 -120.02594 1 0 0
9.32369 30.2348 -120.02594 0 0 -1
7.82369 30.2348 -120.02594 1 0 0
7.82369 30.2348 -120.02594 0 0 -1
7.77369 30.2348 -120.02594 0 0 -1
7.77369 30.2348 -120.02594 -1 0 0
7.77369 30.2348 -119.9759 0 0 1
7.77369 30.2348 -119.9759 -1 0 0
7.82369 30.2348 -119.9759 1 0 0
7.82369 30.2348 -119.9759 0 0 1
7.82369 31.5095 -119.9759 1 0 0
7.82369 31.5095 -119.9759 0 0 1
7.77369 31.5095 -119.9759 0 0 1
7.77369 31.5095 -119.9759 -1 0 0
7.77369 31.5095 -120.02594 0 0 -1
7.77369 31.5095 -120.02594 -1 0 0
7.82369 31.5095 -120.02594 1 0 0
7.82369 31.5095 -120.02594 0 0 -1
6.32369 31.5095 -120.02594 1 0 0
6.32369 31.5095 -120.02594 0 0 -1
6.27369 31.5095 -120.02594 0 0 -1
6.27369 31.5095 -120.02594 -1 0 0
6.27369 31.5095 -119.9759 0 0 1
6.27369 31.5095 -119.9759 -1 0 0
6.32369 31.5095 -119.9759 1 0 0
6.32369 31.5095 -119.9759 0 0 1
6.32369 30.2348 -119.9759 1 0 0
6.32369 30.2348 -119.9759 0 0 1
6.27369 30.2348 -119.9759 0 0 1
6.27369 30.2348 -119.9759 -1 0 0
6.27369 30.2348 -120.02594 0 0 -1
6.27369 30.2348 -120.02594 -1 0 0
6.32369 30.2348 -120.02594 1 0 0
6.32369 30.2348 -120.02594 0 0 -1
4.82369 30.2348 -120.02594 1 0 0
4.82369 30.2348 -120.02594 0 0 -1
4.77369 30.2348 -120.02594 0 0 -1
4.77369 30.2348 -120.02594 -1 0 0
4.77369 30.2348 -119.9759 0 0 1
4.77369 30.2348 -119.9759 -1 0 0
4.82369 30.2348 -119.9759 1 0 0
4.82369 30.2348 -119.9759 0 0 1
4.82369 31.5095 -119.9759 1 0 0
4.82369 31.5095 -119.9759 0 0 1
4.77369 31.5095 -119.9759 0 0 1
4.77369 31.5095 -119.9759 -1 0 0
4.77369 31.5095 -120.02594 0 0 -1
4.77369 31.5095 -120.02594 -1 0 0
4.82369 31.5095 -120.02594 1 0 0
4.82369 31.5095 -120.02594 0 0 -1
3.32369 31.5095 -120.02594 1 0 0
3.32369 31.5095 -120.02594 0 0 -1
3.27369 31.5095 -120.02594 0 0 -1
3.27369 31.5095 -120.02594 -1 0 0
3.27369 31.5095 -119.9759 0 0 1
3.27369 31.5095 -119.9759 -1 0 0
3.32369 31.5095 -119.9759 1 0 0
3.32369 31.5095 -119.9759 0 0 1
3.32369 30.2348 -119.9759 1 0 0
3.32369 30.2348 -119.9759 0 0 1
3.27369 30.2348 -119.9759 0 0 1
3.27369 30.2348 -119.9759 -1 0 0
3.27369 30.2348 -120.02594 0 0 -1
3.27369 30.2348 -120.02594 -1 0 0
3.32369 30.2348 -120.02594 1 0 0
3.32369 30.2348 -120.02594 0 0 -1
1.82369 30.2348 -120.02594 1 0 0
1.82369 30.2348 -120.02594 0 0 -1
1.77369 30.2348 -120.02594 0 0 -1
1.77369 30.2348 -120.02594 -1 0 0
1.77369 30.2348 -119.9759 0 0 1
1.77369 30.2348 -119.9759 -1 0 0
1.82369 30.2348 -119.9759 1 0 0
1.82369 30.2348 -119.9759 0 0 1
1.82369 31.5095 -119.9759 1 0 0
1.82369 31.5095 -119.9759 0 0 1
1.77369 31.5095 -119.9759 0 0 1
1.77369 31.5095 -119.9759 -1 0 0
1.77369 31.5095 -120.02594 0 0 -1
1.77369 31.5095 -120.02594 -1 0 0
1.82369 31.5095 -120.02594 1 0 0
1.82369 31.5095 -120.02594 0 0 -1
-13.8237 30.2348 -120.02594 0 0 -1
-13.8237 30.2348 -120.02594 -1 0 0
-13.7737 30.2348 -120.02594 1 0 0
-13.7737 30.2348 -120.02594 0 0 -1
-13.7737 30.2348 -119.9759 1 0 0
-13.7737 30.2348 -119.9759 0 0 1
-13.8237 30.2348 -119.9759 0 0 1
-13.8237 30.2348 -119.9759 -1 0 0
-13.8237 31.5095 -119.9759 0 0 1
-13.8237 31.5095 -119.9759 -1 0 0
-13.7737 31.5095 -119.9759 1 0 0
-13.7737 31.5095 -119.9759 0 0 1
-13.7737 31.5095 -120.02594 1 0 0
-13.7737 31.5095 -120.02594 0 0 -1
-13.8237 31.5095 -120.02594 0 0 -1
-13.8237 31.5095 -120.02594 -1 0 0
-12.3237 31.5095 -120.02594 0 0 -1
-12.3237 31.5095 -120.02594 -1 0 0
-12.2737 31.5095 -120.02594 1 0 0
-12.2737 31.5095 -120.02594 0 0 -1
-12.2737 31.5095 -119.9759 1 0 0
-12.2737 31.5095 -119.9759 0 0 1
-12.3237 31.5095 -119.9759 0 0 1
-12.3237 31.5095 -119.9759 -1 0 0
-12.3237 30.2348 -119.9759 0 0 1
-12.3237 30.2348 -119.9759 -1 0 0
-12.2737 30.2348 -119.9759 1 0 0
-12.2737 30.2348 -119.9759 0 0 1
-12.2737 30.2348 -120.02594 1 0 0
-12.2737 30.2348 -120.02594 0 0 -1
-12.3237 30.2348 -120.02594 0 0 -1
-12.3237 30.2348 -120.02594 -1 0 0
-10.8237 30.2348 -120.02594 0 0 -1
-10.8237 30.2348 -120.02594 -1 0 0
-10.7737 30.2348 -120.02594 1 0 0
-10.7737 30.2348 -120.02594 0 0 -1
-10.7737 30.2348 -119.9759 1 0 0
-10.7737 30.2348 -119.9759 0 0 1
-10.8237 30.2348 -119.9759 0 0 1
-10.8237 30.2348 -119.9759 -1 0 0
-10.8237 31.5095 -119.9759 0 0 1
-10.8237 31.5095 -119.9759 -1 0 0
-10.7737 31.5095 -119.9759 1 0 0
-10.7737 31.5095 -119.9759 0 0 1
-10.7737 31.5095 -120.02594 1 0 0
-10.7737 31.5095 -120.02594 0 0 -1
-10.8237 31.5095 -120.02594 0 0 -1
-10.8237 31.5095 -120.02594 -1 0 0
-9.3237 31.5095 -120.02594 0 0 -1
-9.3237 31.5095 -120.02594 -1 0 0
-9.2737 31.5095 -120.02594 1 0 0
-9.2737 31.5095 -120.02594 0 0 -1
-9.2737 31.5095 -119.9759 1 0 0
-9.2737 31.5095 -119.9759 0 0 1
-9.3237 31.5095 -119.9759 0 0 1
-9.3237 31.5095 -119.9759 -1 0 0
-9.3237 30.2348 -119.9759 0 0 1
-9.3237 30.2348 -119.9759 -1 0 0
-9.2737 30.2348 -119.9759 1 0 0
-9.2737 30.2348 -119.9759 0 0 1
-9.2737 30.2348 -120.02594 1 0 0
-9.2737 30.2348 -120.02594 0 0 -1
-9.3237 30.2348 -120.02594 0 0 -1
-9.3237 30.2348 -120.02594 -1 0 0
-7.8237 30.2348 -120.02594 0 0 -1
-7.8237 30.2348 -120.02594 -1 0 0
-7.7737 30.2348 -120.02594 1 0 0
-7.7737 30.2348 -120.02594 0 0 -1
-7.7737 30.2348 -119.9759 1 0 0
-7.7737 30.2348 -119.9759 0 0 1
-7.8237 30.2348 -119.9759 0 0 1
-7.8237 30.2348 -119.9759 -1 0 0
-7.8237 31.5095 -119.9759 0 0 1
-7.8237 31.5095 -119.9759 -1 0 0
-7.7737 31.5095 -119.9759 1 0 0
-7.7737 31.5095 -119.9759 0 0 1
-7.7737 31.5095 -120.02594 1 0 0
-7.7737 31.5095 -120.02594 0 0 -1
-7.8237 31.5095 -120.02594 0 0 -1
-7.8237 31.5095 -120.02594 -1 0 0
-6.3237 31.5095 -120.02594 0 0 -1
-6.3237 31.5095 -120.02594 -1 0 0
-6.2737 31.5095 -120.02594 1 0 0
-6.2737 31.5095 -120.02594 0 0 -1
-6.2737 31.5095 -119.9759 1 0 0
-6.2737 31.5095 -119.9759 0 0 1
-6.3237 31.5095 -119.9759 0 0 1
-6.3237 31.5095 -119.9759 -1 0 0
-6.3237 30.2348 -119.9759 0 0 1
-6.3237 30.2348 -119.9759 -1 0 0
-6.2737 30.2348 -119.9759 1 0 0
-6.2737 30.2348 -119.9759 0 0 1
-6.2737 30.2348 -120.02594 1 0 0
-6.2737 30.2348 -120.02594 0 0 -1
-6.3237 30.2348 -120.02594 0 0 -1
-6.3237 30.2348 -120.02594 -1 0 0
-4.8237 30.2348 -120.02594 0 0 -1
-4.8237 30.2348 -120.02594 -1 0 0
-4.7737 30.2348 -120.02594 1 0 0
-4.7737 30.2348 -120.02594 0 0 -1
-4.7737 30.2348 -119.9759 1 0 0
-4.7737 30.2348 -119.9759 0 0 1
-4.8237 30.2348 -119.9759 0 0 1
-4.8237 30.2348 -119.9759 -1 0 0
-4.8237 31.5095 -119.9759 0 0 1
-4.8237 31.5095 -119.9759 -1 0 0
-4.7737 31.5095 -119.9759 1 0 0
-4.7737 31.5095 -119.9759 0 0 1
-4.7737 31.5095 -120.02594 1 0 0
-4.7737 31.5095 -120.02594 0 0 -1
-4.8237 31.5095 -120.02594 0 0 -1
-4.8237 31.5095 -120.02594 -1 0 0
-3.3237 31.5095 -120.02594 0 0 -1
-3.3237 31.5095 -120.02594 -1 0 0
-3.2737 31.5095 -120.02594 1 0 0
-3.2737 31.5095 -120.02594 0 0 -1
-3.2737 31.5095 -119.9759 1 0 0
-3.2737 31.5095 -119.9759 0 0 1
-3.3237 31.5095 -119.9759 0 0 1
-3.3237 31.5095 -119.9759 -1 0 0
-3.3237 30.2348 -119.9759 0 0 1
-3.3237 30.2348 -119.9759 -1 0 0
-3.2737 30.2348 -119.9759 1 0 0
-3.2737 30.2348 -119.9759 0 0 1
-3.2737 30.2348 -120.02594 1 0 0
-3.2737 30.2348 -120.02594 0 0 -1
-3.3237 30.2348 -120.02594 0 0 -1
-3.3237 30.2348 -120.02594 -1 0 0
-1.8237 30.2348 -120.02594 0 0 -1
-1.8237 30.2348 -120.02594 -1 0 0
-1.7737 30.2348 -120.02594 1 0 0
-1.7737 30.2348 -120.02594 0 0 -1
-1.7737 30.2348 -119.9759 1 0 0
-1.7737 30.2348 -119.9759 0 0 1
-1.8237 30.2348 -119.9759 0 0 1
-1.8237 30.2348 -119.9759 -1 0 0
-1.8237 31.5095 -119.9759 0 0 1
-1.8237 31.5095 -119.9759 -1 0 0
-1.7737 31.5095 -119.9759 1 0 0
-1.7737 31.5095 -119.9759 0 0 1
-1.7737 31.5095 -120.02594 1 0 0
-1.7737 31.5095 -120.02594 0 0 -1
-1.8237 31.5095 -120.02594 0 0 -1
-1.8237 31.5095 -120.02594 -1 0 0
15.1573 27.3349 -109.46109 1 0 0
15.1573 27.3349 -109.46109 0 0 -1
15.1073 27.3349 -109.46109 0 0 -1
15.1073 27.3349 -109.46109 -1 0 0
15.1073 27.3349 -109.41109 0 0 1
15.1073 27.3349 -109.41109 -1 0 0
15.1573 27.3349 -109.41109 1 0 0
15.1573 27.3349 -109.41109 0 0 1
15.1573 28.6096 -109.41109 1 0 0
15.1573 28.6096 -109.41109 0 0 1
15.1073 28.6096 -109.41109 0 0 1
15.1073 28.6096 -109.41109 -1 0 0
15.1073 28.6096 -109.46109 0 0 -1
15.1073 28.6096 -109.46109 -1 0 0
15.1573 28.6096 -109.46109 1 0 0
15.1573 28.6096 -109.46109 0 0 -1
-15.1591 27.3349 -109.46109 0 0 -1
-15.1591 27.3349 -109.46109 -1 0 0
-15.1091 27.3349 -109.46109 1 0 0
-15.1091 27.3349 -109.46109 0 0 -1
-15.1091 27.3349 -109.41109 1 0 0
-15.1091 27.3349 -109.41109 0 0 1
-15.1591 27.3349 -109.41109 0 0 1
-15.1591 27.3349 -109.41109 -1 0 0
-15.1591 28.6096 -109.41109 0 0 1
-15.1591 28.6096 -109.41109 -1 0 0
-15.1091 28.6096 -109.41109 1 0 0
-15.1091 28.6096 -109.41109 0 0 1
-15.1091 28.6096 -109.46109 1 0 0
-15.1091 28.6096 -109.46109 0 0 -1
-15.1591 28.6096 -109.46109 0 0 -1
-15.1591 28.6096 -109.46109 -1 0 0
15.1573 28.6096 -110.98611 1 0 0
15.1573 28.6096 -110.98611 0 0 -1
15.1073 28.6096 -110.98611 0 0 -1
15.1073 28.6096 -110.98611 -1 0 0
15.1073 28.6096 -110.9361 0 0 1
15.1073 28.6096 -110.9361 -1 0 0
15.1573 28.6096 -110.9361 1 0 0
15.1573 28.6096 -110.9361 0 0 1
15.1573 27.3349 -110.9361 1 0 0
15.1573 27.3349 -110.9361 0 0 1
15.1073 27.3349 -110.9361 0 0 1
15.1073 27.3349 -110.9361 -1 0 0
15.1073 27.3349 -110.98611 0 0 -1
15.1073 27.3349 -110.98611 -1 0 0
15.1573 27.3349 -110.98611 1 0 0
15.1573 27.3349 -110.98611 0 0 -1
-15.1591 28.6096 -110.98611 0 0 -1
-15.1591 28.6096 -110.98611 -1 0 0
-15.1091 28.6096 -110.98611 1 0 0
-15.1091 28.6096 -110.98611 0 0 -1
-15.1091 28.6096 -110.9361 1 0 0
-15.1091 28.6096 -110.9361 0 0 1
-15.1591 28.6096 -110.9361 0 0 1
-15.1591 28.6096 -110.9361 -1 0 0
-15.1591 27.3349 -110.9361 0 0 1
-15.1591 27.3349 -110.9361 -1 0 0
-15.1091 27.3349 -110.9361 1 0 0
-15.1091 27.3349 -110.9361 0 0 1
-15.1091 27.3349 -110.98611 1 0 0
-15.1091 27.3349 -110.98611 0 0 -1
-15.1591 27.3349 -110.98611 0 0 -1
-15.1591 27.3349 -110.98611 -1 0 0
15.1573 27.3349 -112.51111 1 0 0
15.1573 27.3349 -112.51111 0 0 -1
15.1073 27.3349 -112.51111 0 0 -1
15.1073 27.3349 -112.51111 -1 0 0
15.1073 27.3349 -112.46111 0 0 1
15.1073 27.3349 -112.46111 -1 0 0
15.1573 27.3349 -112.46111 1 0 0
15.1573 27.3349 -112.46111 0 0 1
15.1573 28.6096 -112.46111 1 0 0
15.1573 28.6096 -112.46111 0 0 1
15.1073 28.6096 -112.46111 0 0 1
15.1073 28.6096 -112.46111 -1 0 0
15.1073 28.6096 -112.51111 0 0 -1
15.1073 28.6096 -112.51111 -1 0 0
15.1573 28.6096 -112.51111 1 0 0
15.1573 28.6096 -112.51111 0 0 -1
-15.1591 27.3349 -112.51111 0 0 -1
-15.1591 27.3349 -112.51111 -1 0 0
-15.1091 27.3349 -112.51111 1 0 0
-15.1091 27.3349 -112.51111 0 0 -1
-15.1091 27.3349 -112.46111 1 0 0
-15.1091 27.3349 -112.46111 0 0 1
-15.1591 27.3349 -112.46111 0 0 1
-15.1591 27.3349 -112.46111 -1 0 0
-15.1591 28.6096 -112.46111 0 0 1
-15.1591 28.6096 -112.46111 -1 0 0
-15.1091 28.6096 -112.46111 1 0 0
-15.1091 28.6096 -112.46111 0 0 1
-15.1091 28.6096 -112.51111 1 0 0
-15.1091 28.6096 -112.51111 0 0 -1
-15.1591 28.6096 -112.51111 0 0 -1
-15.1591 28.6096 -112.51111 -1 0 0
-14.9781 28.6096 -120.02594 1 0 0
-14.9781 28.6096 -120.02594 0 0 -1
-15.0281 28.6096 -120.02594 0 0 -1
-15.0281 28.6096 -120.02594 -1 0 0
-15.0281 28.6096 -119.9759 0 0 1
-15.0281 28.6096 -119.9759 -1 0 0
-14.9781 28.6096 -119.9759 1 0 0
-14.9781 28.6096 -119.9759 0 0 1
-14.9781 27.3349 -119.9759 1 0 0
-14.9781 27.3349 -119.9759 0 0 1
-15.0281 27.3349 -119.9759 0 0 1
-15.0281 27.3349 -119.9759 -1 0 0
-15.0281 27.3349 -120.02594 0 0 -1
-15.0281 27.3349 -120.02594 -1 0 0
-14.9781 27.3349 -120.02594 1 0 0
-14.9781 27.3349 -120.02594 0 0 -1
0.023695 27.3349 -120.02594 1 0 0
0.023695 27.3349 -120.02594 0 0 -1
-0.026305 27.3349 -120.02594 0 0 -1
-0.026305 27.3349 -120.02594 -1 0 0
-0.026305 27.3349 -119.9759 0 0 1
-0.026305 27.3349 -119.9759 -1 0 0
0.023695 27.3349 -119.9759 1 0 0
0.023695 27.3349 -119.9759 0 0 1
0.023695 28.6096 -119.9759 1 0 0
0.023695 28.6096 -119.9759 0 0 1
-0.026305 28.6096 -119.9759 0 0 1
-0.026305 28.6096 -119.9759 -1 0 0
-0.026305 28.6096 -120.02594 0 0 -1
-0.026305 28.6096 -120.02594 -1 0 0
0.023695 28.6096 -120.02594 1 0 0
0.023695 28.6096 -120.02594 0 0 -1
15.1573 27.3349 -103.46109 1 0 0
15.1573 27.3349 -103.46109 0 0 -1
15.1073 27.3349 -103.46109 0 0 -1
15.1073 27.3349 -103.46109 -1 0 0
15.1073 27.3349 -103.41109 0 0 1
15.1073 27.3349 -103.41109 -1 0 0
15.1573 27.3349 -103.41109 1 0 0
15.1573 27.3349 -103.41109 0 0 1
15.1573 28.6096 -103.41109 1 0 0
15.1573 28.6096 -103.41109 0 0 1
15.1073 28.6096 -103.41109 0 0 1
15.1073 28.6096 -103.41109 -1 0 0
15.1073 28.6096 -103.46109 0 0 -1
15.1073 28.6096 -103.46109 -1 0 0
15.1573 28.6096 -103.46109 1 0 0
15.1573 28.6096 -103.46109 0 0 -1
-15.1591 27.3349 -103.46109 0 0 -1
-15.1591 27.3349 -103.46109 -1 0 0
-15.1091 27.3349 -103.46109 1 0 0
-15.1091 27.3349 -103.46109 0 0 -1
-15.1091 27.3349 -103.41109 1 0 0
-15.1091 27.3349 -103.41109 0 0 1
-15.1591 27.3349 -103.41109 0 0 1
-15.1591 27.3349 -103.41109 -1 0 0
-15.1591 28.6096 -103.41109 0 0 1
-15.1591 28.6096 -103.41109 -1 0 0
-15.1091 28.6096 -103.41109 1 0 0
-15.1091 28.6096 -103.41109 0 0 1
-15.1091 28.6096 -103.46109 1 0 0
-15.1091 28.6096 -103.46109 0 0 -1
-15.1591 28.6096 -103.46109 0 0 -1
-15.1591 28.6096 -103.46109 -1 0 0
15.1573 28.6096 -104.98611 1 0 0
15.1573 28.6096 -104.98611 0 0 -1
15.1073 28.6096 -104.98611 0 0 -1
15.1073 28.6096 -104.98611 -1 0 0
15.1073 28.6096 -104.9361 0 0 1
15.1073 28.6096 -104.9361 -1 0 0
15.1573 28.6096 -104.9361 1 0 0
15.1573 28.6096 -104.9361 0 0 1
15.1573 27.3349 -104.9361 1 0 0
15.1573 27.3349 -104.9361 0 0 1
15.1073 27.3349 -104.9361 0 0 1
15.1073 27.3349 -104.9361 -1 0 0
15.1073 27.3349 -104.98611 0 0 -1
15.1073 27.3349 -104.98611 -1 0 0
15.1573 27.3349 -104.98611 1 0 0
15.1573 27.3349 -104.98611 0 0 -1
-15.1591 28.6096 -104.98611 0 0 -1
-15.1591 28.6096 -104.98611 -1 0 0
-15.1091 28.6096 -104.98611 1 0 0
-15.1091 28.6096 -104.98611 0 0 -1
-15.1091 28.6096 -104.9361 1 0 0
-15.1091 28.6096 -104.9361 0 0 1
-15.1591 28.6096 -104.9361 0 0 1
-15.1591 28.6096 -104.9361 -1 0 0
-15.1591 27.3349 -104.9361 0 0 1
-15.1591 27.3349 -104.9361 -1 0 0
-15.1091 27.3349 -104.9361 1 0 0
-15.1091 27.3349 -104.9361 0 0 1
-15.1091 27.3349 -104.98611 1 0 0
-15.1091 27.3349 -104.98611 0 0 -1
-15.1591 27.3349 -104.98611 0 0 -1
-15.1591 27.3349 -104.98611 -1 0 0
15.1573 27.3349 -106.51111 1 0 0
15.1573 27.3349 -106.51111 0 0 -1
15.1073 27.3349 -106.51111 0 0 -1
15.1073 27.3349 -106.51111 -1 0 0
15.1073 27.3349 -106.46111 0 0 1
15.1073 27.3349 -106.46111 -1 0 0
15.1573 27.3349 -106.46111 1 0 0
15.1573 27.3349 -106.46111 0 0 1
15.1573 28.6096 -106.46111 1 0 0
15.1573 28.6096 -106.46111 0 0 1
15.1073 28.6096 -106.46111 0 0 1
15.1073 28.6096 -106.46111 -1 0 0
15.1073 28.6096 -106.51111 0 0 -1
15.1073 28.6096 -106.51111 -1 0 0
15.1573 28.6096 -106.51111 1 0 0
15.1573 28.6096 -106.51111 0 0 -1
-15.1591 27.3349 -106.51111 0 0 -1
-15.1591 27.3349 -106.51111 -1 0 0
-15.1091 27.3349 -106.51111 1 0 0
-15.1091 27.3349 -106.51111 0 0 -1
-15.1091 27.3349 -106.46111 1 0 0
-15.1091 27.3349 -106.46111 0 0 1
-15.1591 27.3349 -106.46111 0 0 1
-15.1591 27.3349 -106.46111 -1 0 0
-15.1591 28.6096 -106.46111 0 0 1
-15.1591 28.6096 -106.46111 -1 0 0
-15.1091 28.6096 -106.46111 1 0 0
-15.1091 28.6096 -106.46111 0 0 1
-15.1091 28.6096 -106.51111 1 0 0
-15.1091 28.6096 -106.51111 0 0 -1
-15.1591 28.6096 -106.51111 0 0 -1
-15.1591 28.6096 -106.51111 -1 0 0
15.1573 27.9349 -101.99689 1 0 0
15.1573 27.9349 -101.99689 0 -1 0
15.1073 27.9349 -101.99689 0 -1 0
15.1073 27.9349 -101.99689 -1 0 0
15.1073 27.9849 -101.99689 0 1 0
15.1073 27.9849 -101.99689 -1 0 0
15.1573 27.9849 -101.99689 1 0 0
15.1573 27.9849 -101.99689 0 1 0
15.1573 27.9849 -119.97654 1 0 0
15.1573 27.9849 -119.97654 0 1 0
15.1073 27.9849 -119.97654 0 1 0
15.1073 27.9849 -119.97654 -1 0 0
15.1073 27.9349 -119.97654 0 -1 0
15.1073 27.9349 -119.97654 -1 0 0
15.1573 27.9349 -119.97654 1 0 0
15.1573 27.9349 -119.97654 0 -1 0
-15.1591 27.9349 -101.99689 0 -1 0
-15.1591 27.9349 -101.99689 -1 0 0
-15.1091 27.9349 -101.99689 1 0 0
-15.1091 27.9349 -101.99689 0 -1 0
-15.1091 27.9849 -101.99689 1 0 0
-15.1091 27.9849 -101.99689 0 1 0
-15.1591 27.9849 -101.99689 0 1 0
-15.1591 27.9849 -101.99689 -1 0 0
-15.1591 27.9849 -119.97654 0 1 0
-15.1591 27.9849 -119.97654 -1 0 0
-15.1091 27.9849 -119.97654 1 0 0
-15.1091 27.9849 -119.97654 0 1 0
-15.1091 27.9349 -119.97654 1 0 0
-15.1091 27.9349 -119.97654 0 -1 0
-15.1591 27.9349 -119.97654 0 -1 0
-15.1591 27.9349 -119.97654 -1 0 0
15.1573 28.6099 -119.97616 1 0 0
15.1573 28.6099 -119.97616 0 -1 0
15.1073 28.6099 -119.97616 0 -1 0
15.1073 28.6099 -119.97616 -1 0 0
15.1073 28.6599 -119.97616 0 1 0
15.1073 28.6599 -119.97616 -1 0 0
15.1573 28.6599 -119.97616 1 0 0
15.1573 28.6599 -119.97616 0 1 0
15.1573 28.6599 -101.99638 1 0 0
15.1573 28.6599 -101.99638 0 1 0
15.1073 28.6599 -101.99638 0 1 0
15.1073 28.6599 -101.99638 -1 0 0
15.1073 28.6099 -101.99638 0 -1 0
15.1073 28.6099 -101.99638 -1 0 0
15.1573 28.6099 -101.99638 1 0 0
15.1573 28.6099 -101.99638 0 -1 0
-15.1591 28.6099 -119.97616 0 -1 0
-15.1591 28.6099 -119.97616 -1 0 0
-15.1091 28.6099 -119.97616 1 0 0
-15.1091 28.6099 -119.97616 0 -1 0
-15.1091 28.6599 -119.97616 1 0 0
-15.1091 28.6599 -119.97616 0 1 0
-15.1591 28.6599 -119.97616 0 1 0
-15.1591 28.6599 -119.97616 -1 0 0
-15.1591 28.6599 -101.99638 0 1 0
-15.1591 28.6599 -101.99638 -1 0 0
-15.1091 28.6599 -101.99638 1 0 0
-15.1091 28.6599 -101.99638 0 1 0
-15.1091 28.6099 -101.99638 1 0 0
-15.1091 28.6099 -101.99638 0 -1 0
-15.1591 28.6099 -101.99638 0 -1 0
-15.1591 28.6099 -101.99638 -1 0 0
15.1571 28.6099 -120.02644 1 0 0
15.1571 28.6099 -120.02644 0 -1 0
15.1571 28.6099 -120.02644 0 0 -1
15.1571 28.6099 -119.97642 1 0 0
15.1571 28.6099 -119.97642 0 -1 0
15.1571 28.6099 -119.97642 0 0 1
15.1571 28.6599 -119.97642 1 0 0
15.1571 28.6599 -119.97642 0 0 1
15.1571 28.6599 -119.97642 0 1 0
15.1571 28.6599 -120.02644 1 0 0
15.1571 28.6599 -120.02644 0 0 -1
15.1571 28.6599 -120.02644 0 1 0
-15.1587 28.6599 -120.02644 0 0 -1
-15.1587 28.6599 -120.02644 0 1 0
-15.1587 28.6599 -120.02644 -1 0 0
-15.1587 28.6599 -119.97642 0 0 1
-15.1587 28.6599 -119.97642 0 1 0
-15.1587 28.6599 -119.97642 -1 0 0
-15.1587 28.6099 -119.97642 0 -1 0
-15.1587 28.6099 -119.97642 0 0 1
-15.1587 28.6099 -119.97642 -1 0 0
-15.1587 28.6099 -120.02644 0 -1 0
-15.1587 28.6099 -120.02644 0 0 -1
-15.1587 28.6099 -120.02644 -1 0 0
-15.1593 27.9349 -120.02644 0 -1 0
-15.1593 27.9349 -120.02644 0 0 -1
-15.1593 27.9349 -120.02644 -1 0 0
-15.1593 27.9349 -119.97642 0 -1 0
-15.1593 27.9349 -119.97642 0 0 1
-15.1593 27.9349 -119.97642 -1 0 0
-15.1593 27.9849 -119.97642 0 0 1
-15.1593 27.9849 -119.97642 0 1 0
-15.1593 27.9849 -119.97642 -1 0 0
-15.1593 27.9849 -120.02644 0 0 -1
-15.1593 27.9849 -120.02644 0 1 0
-15.1593 27.9849 -120.02644 -1 0 0
15.1565 27.9849 -120.02644 1 0 0
15.1565 27.9849 -120.02644 0 0 -1
15.1565 27.9849 -120.02644 0 1 0
15.1565 27.9849 -119.97642 1 0 0
15.1565 27.9849 -119.97642 0 0 1
15.1565 27.9849 -119.97642 0 1 0
15.1565 27.9349 -119.97642 1 0 0
15.1565 27.9349 -119.97642 0 -1 0
15.1565 27.9349 -119.97642 0 0 1
15.1565 27.9349 -120.02644 1 0 0
15.1565 27.9349 -120.02644 0 -1 0
15.1565 27.9349 -120.02644 0 0 -1
15.1573 27.3349 -115.46109 1 0 0
15.1573 27.3349 -115.46109 0 0 -1
15.1073 27.3349 -115.46109 0 0 -1
15.1073 27.3349 -115.46109 -1 0 0
15.1073 27.3349 -115.41109 0 0 1
15.1073 27.3349 -115.41109 -1 0 0
15.1573 27.3349 -115.41109 1 0 0
15.1573 27.3349 -115.41109 0 0 1
15.1573 28.6096 -115.41109 1 0 0
15.1573 28.6096 -115.41109 0 0 1
15.1073 28.6096 -115.41109 0 0 1
15.1073 28.6096 -115.41109 -1 0 0
15.1073 28.6096 -115.46109 0 0 -1
15.1073 28.6096 -115.46109 -1 0 0
15.1573 28.6096 -115.46109 1 0 0
15.1573 28.6096 -115.46109 0 0 -1
-15.1591 27.3349 -115.46109 0 0 -1
-15.1591 27.3349 -115.46109 -1 0 0
-15.1091 27.3349 -115.46109 1 0 0
-15.1091 27.3349 -115.46109 0 0 -1
-15.1091 27.3349 -115.41109 1 0 0
-15.1091 27.3349 -115.41109 0 0 1
-15.1591 27.3349 -115.41109 0 0 1
-15.1591 27.3349 -115.41109 -1 0 0
-15.1591 28.6096 -115.41109 0 0 1
-15.1591 28.6096 -115.41109 -1 0 0
-15.1091 28.6096 -115.41109 1 0 0
-15.1091 28.6096 -115.41109 0 0 1
-15.1091 28.6096 -115.46109 1 0 0
-15.1091 28.6096 -115.46109 0 0 -1
-15.1591 28.6096 -115.46109 0 0 -1
-15.1591 28.6096 -115.46109 -1 0 0
15.1573 28.6096 -116.98611 1 0 0
15.1573 28.6096 -116.98611 0 0 -1
15.1073 28.6096 -116.98611 0 0 -1
15.1073 28.6096 -116.98611 -1 0 0
15.1073 28.6096 -116.9361 0 0 1
15.1073 28.6096 -116.9361 -1 0 0
15.1573 28.6096 -116.9361 1 0 0
15.1573 28.6096 -116.9361 0 0 1
15.1573 27.3349 -116.9361 1 0 0
15.1573 27.3349 -116.9361 0 0 1
15.1073 27.3349 -116.9361 0 0 1
15.1073 27.3349 -116.9361 -1 0 0
15.1073 27.3349 -116.98611 0 0 -1
15.1073 27.3349 -116.98611 -1 0 0
15.1573 27.3349 -116.98611 1 0 0
15.1573 27.3349 -116.98611 0 0 -1
-15.1591 28.6096 -116.98611 0 0 -1
-15.1591 28.6096 -116.98611 -1 0 0
-15.1091 28.6096 -116.98611 1 0 0
-15.1091 28.6096 -116.98611 0 0 -1
-15.1091 28.6096 -116.9361 1 0 0
-15.1091 28.6096 -116.9361 0 0 1
-15.1591 28.6096 -116.9361 0 0 1
-15.1591 28.6096 -116.9361 -1 0 0
-15.1591 27.3349 -116.9361 0 0 1
-15.1591 27.3349 -116.9361 -1 0 0
-15.1091 27.3349 -116.9361 1 0 0
-15.1091 27.3349 -116.9361 0 0 1
-15.1091 27.3349 -116.98611 1 0 0
-15.1091 27.3349 -116.98611 0 0 -1
-15.1591 27.3349 -116.98611 0 0 -1
-15.1591 27.3349 -116.98611 -1 0 0
15.1573 27.3349 -118.51111 1 0 0
15.1573 27.3349 -118.51111 0 0 -1
15.1073 27.3349 -118.51111 0 0 -1
15.1073 27.3349 -118.51111 -1 0 0
15.1073 27.3349 -118.46111 0 0 1
15.1073 27.3349 -118.46111 -1 0 0
15.1573 27.3349 -118.46111 1 0 0
15.1573 27.3349 -118.46111 0 0 1
15.1573 28.6096 -118.46111 1 0 0
15.1573 28.6096 -118.46111 0 0 1
15.1073 28.6096 -118.46111 0 0 1
15.1073 28.6096 -118.46111 -1 0 0
15.1073 28.6096 -118.51111 0 0 -1
15.1073 28.6096 -118.51111 -1 0 0
15.1573 28.6096 -118.51111 1 0 0
15.1573 28.6096 -118.51111 0 0 -1
-15.1591 27.3349 -118.51111 0 0 -1
-15.1591 27.3349 -118.51111 -1 0 0
-15.1091 27.3349 -118.51111 1 0 0
-15.1091 27.3349 -118.51111 0 0 -1
-15.1091 27.3349 -118.46111 1 0 0
-15.1091 27.3349 -118.46111 0 0 1
-15.1591 27.3349 -118.46111 0 0 1
-15.1591 27.3349 -118.46111 -1 0 0
-15.1591 28.6096 -118.46111 0 0 1
-15.1591 28.6096 -118.46111 -1 0 0
-15.1091 28.6096 -118.46111 1 0 0
-15.1091 28.6096 -118.46111 0 0 1
-15.1091 28.6096 -118.51111 1 0 0
-15.1091 28.6096 -118.51111 0 0 -1
-15.1591 28.6096 -118.51111 0 0 -1
-15.1591 28.6096 -118.51111 -1 0 0
13.8237 27.3349 -120.02594 1 0 0
13.8237 27.3349 -120.02594 0 0 -1
13.7737 27.3349 -120.02594 0 0 -1
13.7737 27.3349 -120.02594 -1 0 0
13.7737 27.3349 -119.9759 0 0 1
13.7737 27.3349 -119.9759 -1 0 0
13.8237 27.3349 -119.9759 1 0 0
13.8237 27.3349 -119.9759 0 0 1
13.8237 28.6096 -119.9759 1 0 0
13.8237 28.6096 -119.9759 0 0 1
13.7737 28.6096 -119.9759 0 0 1
13.7737 28.6096 -119.9759 -1 0 0
13.7737 28.6096 -120.02594 0 0 -1
13.7737 28.6096 -120.02594 -1 0 0
13.8237 28.6096 -120.02594 1 0 0
13.8237 28.6096 -120.02594 0 0 -1
12.3237 28.6096 -120.02594 1 0 0
12.3237 28.6096 -120.02594 0 0 -1
12.2737 28.6096 -120.02594 0 0 -1
12.2737 28.6096 -120.02594 -1 0 0
12.2737 28.6096 -119.9759 0 0 1
12.2737 28.6096 -119.9759 -1 0 0
12.3237 28.6096 -119.9759 1 0 0
12.3237 28.6096 -119.9759 0 0 1
12.3237 27.3349 -119.9759 1 0 0
12.3237 27.3349 -119.9759 0 0 1
12.2737 27.3349 -119.9759 0 0 1
12.2737 27.3349 -119.9759 -1 0 0
12.2737 27.3349 -120.02594 0 0 -1
12.2737 27.3349 -120.02594 -1 0 0
12.3237 27.3349 -120.02594 1 0 0
12.3237 27.3349 -120.02594 0 0 -1
10.8237 27.3349 -120.02594 1 0 0
10.8237 27.3349 -120.02594 0 0 -1
10.7737 27.3349 -120.02594 0 0 -1
10.7737 27.3349 -120.02594 -1 0 0
10.7737 27.3349 -119.9759 0 0 1
10.7737 27.3349 -119.9759 -1 0 0
10.8237 27.3349 -119.9759 1 0 0
10.8237 27.3349 -119.9759 0 0 1
10.8237 28.6096 -119.9759 1 0 0
10.8237 28.6096 -119.9759 0 0 1
10.7737 28.6096 -119.9759 0 0 1
10.7737 28.6096 -119.9759 -1 0 0
10.7737 28.6096 -120.02594 0 0 -1
10.7737 28.6096 -120.02594 -1 0 0
10.8237 28.6096 -120.02594 1 0 0
10.8237 28.6096 -120.02594 0 0 -1
9.32369 28.6096 -120.02594 1 0 0
9.32369 28.6096 -120.02594 0 0 -1
9.27369 28.6096 -120.02594 0 0 -1
9.27369 28.6096 -120.02594 -1 0 0
9.27369 28.6096 -119.9759 0 0 1
9.27369 28.6096 -119.9759 -1 0 0
9.32369 28.6096 -119.9759 1 0 0
9.32369 28.6096 -119.9759 0 0 1
9.32369 27.3349 -119.9759 1 0 0
9.32369 27.3349 -119.9759 0 0 1
9.27369 27.3349 -119.9759 0 0 1
9.27369 27.3349 -119.9759 -1 0 0
9.27369 27.3349 -120.02594 0 0 -1
9.27369 27.3349 -120.02594 -1 0 0
9.32369 27.3349 -120.02594 1 0 0
9.32369 27.3349 -120.02594 0 0 -1
7.82369 27.3349 -120.02594 1 0 0
7.82369 27.3349 -120.02594 0 0 -1
7.77369 27.3349 -120.02594 0 0 -1
7.77369 27.3349 -120.02594 -1 0 0
7.77369 27.3349 -119.9759 0 0 1
7.77369 27.3349 -119.9759 -1 0 0
7.82369 27.3349 -119.9759 1 0 0
7.82369 27.3349 -119.9759 0 0 1
7.82369 28.6096 -119.9759 1 0 0
7.82369 28.6096 -119.9759 0 0 1
7.77369 28.6096 -119.9759 0 0 1
7.77369 28.6096 -119.9759 -1 0 0
7.77369 28.6096 -120.02594 0 0 -1
7.77369 28.6096 -120.02594 -1 0 0
7.82369 28.6096 -120.02594 1 0 0
7.82369 28.6096 -120.02594 0 0 -1
6.32369 28.6096 -120.02594 1 0 0
6.32369 28.6096 -120.02594 0 0 -1
6.27369 28.6096 -120.02594 0 0 -1
6.27369 28.6096 -120.02594 -1 0 0
6.27369 28.6096 -119.9759 0 0 1
6.27369 28.6096 -119.9759 -1 0 0
6.32369 28.6096 -119.9759 1 0 0
6.32369 28.6096 -119.9759 0 0 1
6.32369 27.3349 -119.9759 1 0 0
6.32369 27.3349 -119.9759 0 0 1
6.27369 27.3349 -119.9759 0 0 1
6.27369 27.3349 -119.9759 -1 0 0
6.27369 27.3349 -120.02594 0 0 -1
6.27369 27.3349 -120.02594 -1 0 0
6.32369 27.3349 -120.02594 1 0 0
6.32369 27.3349 -120.02594 0 0 -1
4.82369 27.3349 -120.02594 1 0 0
4.82369 27.3349 -120.02594 0 0 -1
4.77369 27.3349 -120.02594 0 0 -1
4.77369 27.3349 -120.02594 -1 0 0
4.77369 27.3349 -119.9759 0 0 1
4.77369 27.3349 -119.9759 -1 0 0
4.82369 27.3349 -119.9759 1 0 0
4.82369 27.3349 -119.9759 0 0 1
4.82369 28.6096 -119.9759 1 0 0
4.82369 28.6096 -119.9759 0 0 1
4.77369 28.6096 -119.9759 0 0 1
4.77369 28.6096 -119.9759 -1 0 0
4.77369 28.6096 -120.02594 0 0 -1
4.77369 28.6096 -120.02594 -1 0 0
4.82369 28.6096 -120.02594 1 0 0
4.82369 28.6096 -120.02594 0 0 -1
3.32369 28.6096 -120.02594 1 0 0
3.32369 28.6096 -120.02594 0 0 -1
3.27369 28.6096 -120.02594 0 0 -1
3.27369 28.6096 -120.02594 -1 0 0
3.27369 28.6096 -119.9759 0 0 1
3.27369 28.6096 -119.9759 -1 0 0
3.32369 28.6096 -119.9759 1 0 0
3.32369 28.6096 -119.9759 0 0 1
3.32369 27.3349 -119.9759 1 0 0
3.32369 27.3349 -119.9759 0 0 1
3.27369 27.3349 -119.9759 0 0 1
3.27369 27.3349 -119.9759 -1 0 0
3.27369 27.3349 -120.02594 0 0 -1
3.27369 27.3349 -120.02594 -1 0 0
3.32369 27.3349 -120.02594 1 0 0
3.32369 27.3349 -120.02594 0 0 -1
1.82369 27.3349 -120.02594 1 0 0
1.82369 27.3349 -120.02594 0 0 -1
1.77369 27.3349 -120.02594 0 0 -1
1.77369 27.3349 -120.02594 -1 0 0
1.77369 27.3349 -119.9759 0 0 1
1.77369 27.3349 -119.9759 -1 0 0
1.82369 27.3349 -119.9759 1 0 0
1.82369 27.3349 -119.9759 0 0 1
1.82369 28.6096 -119.9759 1 0 0
1.82369 28.6096 -119.9759 0 0 1
1.77369 28.6096 -119.9759 0 0 1
1.77369 28.6096 -119.9759 -1 0 0
1.77369 28.6096 -120.02594 0 0 -1
1.77369 28.6096 -120.02594 -1 0 0
1.82369 28.6096 -120.02594 1 0 0
1.82369 28.6096 -120.02594 0 0 -1
-13.8237 27.3349 -120.02594 0 0 -1
-13.8237 27.3349 -120.02594 -1 0 0
-13.7737 27.3349 -120.02594 1 0 0
-13.7737 27.3349 -120.02594 0 0 -1
-13.7737 27.3349 -119.9759 1 0 0
-13.7737 27.3349 -119.9759 0 0 1
-13.8237 27.3349 -119.9759 0 0 1
-13.8237 27.3349 -119.9759 -1 0 0
-13.8237 28.6096 -119.9759 0 0 1
-13.8237 28.6096 -119.9759 -1 0 0
-13.7737 28.6096 -119.9759 1 0 0
-13.7737 28.6096 -119.9759 0 0 1
-13.7737 28.6096 -120.02594 1 0 0
-13.7737 28.6096 -120.02594 0 0 -1
-13.8237 28.6096 -120.02594 0 0 -1
-13.8237 28.6096 -120.02594 -1 0 0
-12.3237 28.6096 -120.02594 0 0 -1
-12.3237 28.6096 -120.02594 -1 0 0
-12.2737 28.6096 -120.02594 1 0 0
-12.2737 28.6096 -120.02594 0 0 -1
-12.2737 28.6096 -119.9759 1 0 0
-12.2737 28.6096 -119.9759 0 0 1
-12.3237 28.6096 -119.9759 0 0 1
-12.3237 28.6096 -119.9759 -1 0 0
-12.3237 27.3349 -119.9759 0 0 1
-12.3237 27.3349 -119.9759 -1 0 0
-12.2737 27.3349 -119.9759 1 0 0
-12.2737 27.3349 -119.9759 0 0 1
-12.2737 27.3349 -120.02594 1 0 0
-12.2737 27.3349 -120.02594 0 0 -1
-12.3237 27.3349 -120.02594 0 0 -1
-12.3237 27.3349 -120.02594 -1 0 0
-10.8237 27.3349 -120.02594 0 0 -1
-10.8237 27.3349 -120.02594 -1 0 0
-10.7737 27.3349 -120.02594 1 0 0
-10.7737 27.3349 -120.02594 0 0 -1
-10.7737 27.3349 -119.9759 1 0 0
-10.7737 27.3349 -119.9759 0 0 1
-10.8237 27.3349 -119.9759 0 0 1
-10.8237 27.3349 -119.9759 -1 0 0
-10.8237 28.6096 -119.9759 0 0 1
-10.8237 28.6096 -119.9759 -1 0 0
-10.7737 28.6096 -119.9759 1 0 0
-10.7737 28.6096 -119.9759 0 0 1
-10.7737 28.6096 -120.02594 1 0 0
-10.7737 28.6096 -120.02594 0 0 -1
-10.8237 28.6096 -120.02594 0 0 -1
-10.8237 28.6096 -120.02594 -1 0 0
-9.3237 28.6096 -120.02594 0 0 -1
-9.3237 28.6096 -120.02594 -1 0 0
-9.2737 28.6096 -120.02594 1 0 0
-9.2737 28.6096 -120.02594 0 0 -1
-9.2737 28.6096 -119.9759 1 0 0
-9.2737 28.6096 -119.9759 0 0 1
-9.3237 28.6096 -119.9759 0 0 1
-9.3237 28.6096 -119.9759 -1 0 0
-9.3237 27.3349 -119.9759 0 0 1
-9.3237 27.3349 -119.9759 -1 0 0
-9.2737 27.3349 -119.9759 1 0 0
-9.2737 27.3349 -119.9759 0 0 1
-9.2737 27.3349 -120.02594 1 0 0
-9.2737 27.3349 -120.02594 0 0 -1
-9.3237 27.3349 -120.02594 0 0 -1
-9.3237 27.3349 -120.02594 -1 0 0
-7.8237 27.3349 -120.02594 0 0 -1
-7.8237 27.3349 -120.02594 -1 0 0
-7.7737 27.3349 -120.02594 1 0 0
-7.7737 27.3349 -120.02594 0 0 -1
-7.7737 27.3349 -119.9759 1 0 0
-7.7737 27.3349 -119.9759 0 0 1
-7.8237 27.3349 -119.9759 0 0 1
-7.8237 27.3349 -119.9759 -1 0 0
-7.8237 28.6096 -119.9759 0 0 1
-7.8237 28.6096 -119.9759 -1 0 0
-7.7737 28.6096 -119.9759 1 0 0
-7.7737 28.6096 -119.9759 0 0 1
-7.7737 28.6096 -120.02594 1 0 0
-7.7737 28.6096 -120.02594 0 0 -1
-7.8237 28.6096 -120.02594 0 0 -1
-7.8237 28.6096 -120.02594 -1 0 0
-6.3237 28.6096 -120.02594 0 0 -1
-6.3237 28.6096 -120.02594 -1 0 0
-6.2737 28.6096 -120.02594 1 0 0
-6.2737 28.6096 -120.02594 0 0 -1
-6.2737 28.6096 -119.9759 1 0 0
-6.2737 28.6096 -119.9759 0 0 1
-6.3237 28.6096 -119.9759 0 0 1
-6.3237 28.6096 -119.9759 -1 0 0
-6.3237 27.3349 -119.9759 0 0 1
-6.3237 27.3349 -119.9759 -1 0 0
-6.2737 27.3349 -119.9759 1 0 0
-6.2737 27.3349 -119.9759 0 0 1
-6.2737 27.3349 -120.02594 1 0 0
-6.2737 27.3349 -120.02594 0 0 -1
-6.3237 27.3349 -120.02594 0 0 -1
-6.3237 27.3349 -120.02594 -1 0 0
-4.8237 27.3349 -120.02594 0 0 -1
-4.8237 27.3349 -120.02594 -1 0 0
-4.7737 27.3349 -120.02594 1 0 0
-4.7737 27.3349 -120.02594 0 0 -1
-4.7737 27.3349 -119.9759 1 0 0
-4.7737 27.3349 -119.9759 0 0 1
-4.8237 27.3349 -119.9759 0 0 1
-4.8237 27.3349 -119.9759 -1 0 0
-4.8237 28.6096 -119.9759 0 0 1
-4.8237 28.6096 -119.9759 -1 0 0
-4.7737 28.6096 -119.9759 1 0 0
-4.7737 28.6096 -119.9759 0 0 1
-4.7737 28.6096 -120.02594 1 0 0
-4.7737 28.6096 -120.02594 0 0 -1
-4.8237 28.6096 -120.02594 0 0 -1
-4.8237 28.6096 -120.02594 -1 0 0
-3.3237 28.6096 -120.02594 0 0 -1
-3.3237 28.6096 -120.02594 -1 0 0
-3.2737 28.6096 -120.02594 1 0 0
-3.2737 28.6096 -120.02594 0 0 -1
-3.2737 28.6096 -119.9759 1 0 0
-3.2737 28.6096 -119.9759 0 0 1
-3.3237 28.6096 -119.9759 0 0 1
-3.3237 28.6096 -119.9759 -1 0 0
-3.3237 27.3349 -119.9759 0 0 1
-3.3237 27.3349 -119.9759 -1 0 0
-3.2737 27.3349 -119.9759 1 0 0
-3.2737 27.3349 -119.9759 0 0 1
-3.2737 27.3349 -120.02594 1 0 0
-3.2737 27.3349 -120.02594 0 0 -1
-3.3237 27.3349 -120.02594 0 0 -1
-3.3237 27.3349 -120.02594 -1 0 0
-1.8237 27.3349 -120.02594 0 0 -1
-1.8237 27.3349 -120.02594 -1 0 0
-1.7737 27.3349 -120.02594 1 0 0
-1.7737 27.3349 -120.02594 0 0 -1
-1.7737 27.3349 -119.9759 1 0 0
-1.7737 27.3349 -119.9759 0 0 1
-1.8237 27.3349 -119.9759 0 0 1
-1.8237 27.3349 -119.9759 -1 0 0
-1.8237 28.6096 -119.9759 0 0 1
-1.8237 28.6096 -119.9759 -1 0 0
-1.7737 28.6096 -119.9759 1 0 0
-1.7737 28.6096 -119.9759 0 0 1
-1.7737 28.6096 -120.02594 1 0 0
-1.7737 28.6096 -120.02594 0 0 -1
-1.8237 28.6096 -120.02594 0 0 -1
-1.8237 28.6096 -120.02594 -1 0 0
15.1573 24.2348 -109.46109 1 0 0
15.1573 24.2348 -109.46109 0 0 -1
15.1073 24.2348 -109.46109 0 0 -1
15.1073 24.2348 -109.46109 -1 0 0
15.1073 24.2348 -109.41109 0 0 1
15.1073 24.2348 -109.41109 -1 0 0
15.1573 24.2348 -109.41109 1 0 0
15.1573 24.2348 -109.41109 0 0 1
15.1573 25.5095 -109.41109 1 0 0
15.1573 25.5095 -109.41109 0 0 1
15.1073 25.5095 -109.41109 0 0 1
15.1073 25.5095 -109.41109 -1 0 0
15.1073 25.5095 -109.46109 0 0 -1
15.1073 25.5095 -109.46109 -1 0 0
15.1573 25.5095 -109.46109 1 0 0
15.1573 25.5095 -109.46109 0 0 -1
-15.1591 24.2348 -109.46109 0 0 -1
-15.1591 24.2348 -109.46109 -1 0 0
-15.1091 24.2348 -109.46109 1 0 0
-15.1091 24.2348 -109.46109 0 0 -1
-15.1091 24.2348 -109.41109 1 0 0
-15.1091 24.2348 -109.41109 0 0 1
-15.1591 24.2348 -109.41109 0 0 1
-15.1591 24.2348 -109.41109 -1 0 0
-15.1591 25.5095 -109.41109 0 0 1
-15.1591 25.5095 -109.41109 -1 0 0
-15.1091 25.5095 -109.41109 1 0 0
-15.1091 25.5095 -109.41109 0 0 1
-15.1091 25.5095 -109.46109 1 0 0
-15.1091 25.5095 -109.46109 0 0 -1
-15.1591 25.5095 -109.46109 0 0 -1
-15.1591 25.5095 -109.46109 -1 0 0
15.1573 25.5095 -110.98611 1 0 0
15.1573 25.5095 -110.98611 0 0 -1
15.1073 25.5095 -110.98611 0 0 -1
15.1073 25.5095 -110.98611 -1 0 0
15.1073 25.5095 -110.9361 0 0 1
15.1073 25.5095 -110.9361 -1 0 0
15.1573 25.5095 -110.9361 1 0 0
15.1573 25.5095 -110.9361 0 0 1
15.1573 24.2348 -110.9361 1 0 0
15.1573 24.2348 -110.9361 0 0 1
15.1073 24.2348 -110.9361 0 0 1
15.1073 24.2348 -110.9361 -1 0 0
15.1073 24.2348 -110.98611 0 0 -1
15.1073 24.2348 -110.98611 -1 0 0
15.1573 24.2348 -110.98611 1 0 0
15.1573 24.2348 -110.98611 0 0 -1
-15.1591 25.5095 -110.98611 0 0 -1
-15.1591 25.5095 -110.98611 -1 0 0
-15.1091 25.5095 -110.98611 1 0 0
-15.1091 25.5095 -110.98611 0 0 -1
-15.1091 25.5095 -110.9361 1 0 0
-15.1091 25.5095 -110.9361 0 0 1
-15.1591 25.5095 -110.9361 0 0 1
-15.1591 25.5095 -110.9361 -1 0 0
-15.1591 24.2348 -110.9361 0 0 1
-15.1591 24.2348 -110.9361 -1 0 0
-15.1091 24.2348 -110.9361 1 0 0
-15.1091 24.2348 -110.9361 0 0 1
-15.1091 24.2348 -110.98611 1 0 0
-15.1091 24.2348 -110.98611 0 0 -1
-15.1591 24.2348 -110.98611 0 0 -1
-15.1591 24.2348 -110.98611 -1 0 0
15.1573 24.2348 -112.51111 1 0 0
15.1573 24.2348 -112.51111 0 0 -1
15.1073 24.2348 -112.51111 0 0 -1
15.1073 24.2348 -112.51111 -1 0 0
15.1073 24.2348 -112.46111 0 0 1
15.1073 24.2348 -112.46111 -1 0 0
15.1573 24.2348 -112.46111 1 0 0
15.1573 24.2348 -112.46111 0 0 1
15.1573 25.5095 -112.46111 1 0 0
15.1573 25.5095 -112.46111 0 0 1
15.1073 25.5095 -112.46111 0 0 1
15.1073 25.5095 -112.46111 -1 0 0
15.1073 25.5095 -112.51111 0 0 -1
15.1073 25.5095 -112.51111 -1 0 0
15.1573 25.5095 -112.51111 1 0 0
15.1573 25.5095 -112.51111 0 0 -1
-15.1591 24.2348 -112.51111 0 0 -1
-15.1591 24.2348 -112.51111 -1 0 0
-15.1091 24.2348 -112.51111 1 0 0
-15.1091 24.2348 -112.51111 0 0 -1
-15.1091 24.2348 -112.46111 1 0 0
-15.1091 24.2348 -112.46111 0 0 1
-15.1591 24.2348 -112.46111 0 0 1
-15.1591 24.2348 -112.46111 -1 0 0
-15.1591 25.5095 -112.46111 0 0 1
-15.1591 25.5095 -112.46111 -1 0 0
-15.1091 25.5095 -112.46111 1 0 0
-15.1091 25.5095 -112.46111 0 0 1
-15.1091 25.5095 -112.51111 1 0 0
-15.1091 25.5095 -112.51111 0 0 -1
-15.1591 25.5095 -112.51111 0 0 -1
-15.1591 25.5095 -112.51111 -1 0 0
-14.9781 25.5095 -120.02594 1 0 0
-14.9781 25.5095 -120.02594 0 0 -1
-15.0281 25.5095 -120.02594 0 0 -1
-15.0281 25.5095 -120.02594 -1 0 0
-15.0281 25.5095 -119.9759 0 0 1
-15.0281 25.5095 -119.9759 -1 0 0
-14.9781 25.5095 -119.9759 1 0 0
-14.9781 25.5095 -119.9759 0 0 1
-14.9781 24.2348 -119.9759 1 0 0
-14.9781 24.2348 -119.9759 0 0 1
-15.0281 24.2348 -119.9759 0 0 1
-15.0281 24.2348 -119.9759 -1 0 0
-15.0281 24.2348 -120.02594 0 0 -1
-15.0281 24.2348 -120.02594 -1 0 0
-14.9781 24.2348 -120.02594 1 0 0
-14.9781 24.2348 -120.02594 0 0 -1
0.023695 24.2348 -120.02594 1 0 0
0.023695 24.2348 -120.02594 0 0 -1
-0.026305 24.2348 -120.02594 0 0 -1
-0.026305 24.2348 -120.02594 -1 0 0
-0.026305 24.2348 -119.9759 0 0 1
-0.026305 24.2348 -119.9759 -1 0 0
0.023695 24.2348 -119.9759 1 0 0
0.023695 24.2348 -119.9759 0 0 1
0.023695 25.5095 -119.9759 1 0 0
0.023695 25.5095 -119.9759 0 0 1
-0.026305 25.5095 -119.9759 0 0 1
-0.026305 25.5095 -119.9759 -1 0 0
-0.026305 25.5095 -120.02594 0 0 -1
-0.026305 25.5095 -120.02594 -1 0 0
0.023695 25.5095 -120.02594 1 0 0
0.023695 25.5095 -120.02594 0 0 -1
15.1573 24.2348 -103.46109 1 0 0
15.1573 24.2348 -103.46109 0 0 -1
15.1073 24.2348 -103.46109 0 0 -1
15.1073 24.2348 -103.46109 -1 0 0
15.1073 24.2348 -103.41109 0 0 1
15.1073 24.2348 -103.41109 -1 0 0
15.1573 24.2348 -103.41109 1 0 0
15.1573 24.2348 -103.41109 0 0 1
15.1573 25.5095 -103.41109 1 0 0
15.1573 25.5095 -103.41109 0 0 1
15.1073 25.5095 -103.41109 0 0 1
15.1073 25.5095 -103.41109 -1 0 0
15.1073 25.5095 -103.46109 0 0 -1
15.1073 25.5095 -103.46109 -1 0 0
15.1573 25.5095 -103.46109 1 0 0
15.1573 25.5095 -103.46109 0 0 -1
-15.1591 24.2348 -103.46109 0 0 -1
-15.1591 24.2348 -103.46109 -1 0 0
-15.1091 24.2348 -103.46109 1 0 0
-15.1091 24.2348 -103.46109 0 0 -1
-15.1091 24.2348 -103.41109 1 0 0
-15.1091 24.2348 -103.41109 0 0 1
-15.1591 24.2348 -103.41109 0 0 1
-15.1591 24.2348 -103.41109 -1 0 0
-15.1591 25.5095 -103.41109 0 0 1
-15.1591 25.5095 -103.41109 -1 0 0
-15.1091 25.5095 -103.41109 1 0 0
-15.1091 25.5095 -103.41109 0 0 1
-15.1091 25.5095 -103.46109 1 0 0
-15.1091 25.5095 -103.46109 0 0 -1
-15.1591 25.5095 -103.46109 0 0 -1
-15.1591 25.5095 -103.46109 -1 0 0
15.1573 25.5095 -104.98611 1 0 0
15.1573 25.5095 -104.98611 0 0 -1
15.1073 25.5095 -104.98611 0 0 -1
15.1073 25.5095 -104.98611 -1 0 0
15.1073 25.5095 -104.9361 0 0 1
15.1073 25.5095 -104.9361 -1 0 0
15.1573 25.5095 -104.9361 1 0 0
15.1573 25.5095 -104.9361 0 0 1
15.1573 24.2348 -104.9361 1 0 0
15.1573 24.2348 -104.9361 0 0 1
15.1073 24.2348 -104.9361 0 0 1
15.1073 24.2348 -104.9361 -1 0 0
15.1073 24.2348 -104.98611 0 0 -1
15.1073 24.2348 -104.98611 -1 0 0
15.1573 24.2348 -104.98611 1 0 0
15.1573 24.2348 -104.98611 0 0 -1
-15.1591 25.5095 -104.98611 0 0 -1
-15.1591 25.5095 -104.98611 -1 0 0
-15.1091 25.5095 -104.98611 1 0 0
-15.1091 25.5095 -104.98611 0 0 -1
-15.1091 25.5095 -104.9361 1 0 0
-15.1091 25.5095 -104.9361 0 0 1
-15.1591 25.5095 -104.9361 0 0 1
-15.1591 25.5095 -104.9361 -1 0 0
-15.1591 24.2348 -104.9361 0 0 1
-15.1591 24.2348 -104.9361 -1 0 0
-15.1091 24.2348 -104.9361 1 0 0
-15.1091 24.2348 -104.9361 0 0 1
-15.1091 24.2348 -104.98611 1 0 0
-15.1091 24.2348 -104.98611 0 0 -1
-15.1591 24.2348 -104.98611 0 0 -1
-15.1591 24.2348 -104.98611 -1 0 0
15.1573 24.2348 -106.51111 1 0 0
15.1573 24.2348 -106.51111 0 0 -1
15.1073 24.2348 -106.51111 0 0 -1
15.1073 24.2348 -106.51111 -1 0 0
15.1073 24.2348 -106.46111 0 0 1
15.1073 24.2348 -106.46111 -1 0 0
15.1573 24.2348 -106.46111 1 0 0
15.1573 24.2348 -106.46111 0 0 1
15.1573 25.5095 -106.46111 1 0 0
15.1573 25.5095 -106.46111 0 0 1
15.1073 25.5095 -106.46111 0 0 1
15.1073 25.5095 -106.46111 -1 0 0
15.1073 25.5095 -106.51111 0 0 -1
15.1073 25.5095 -106.51111 -1 0 0
15.1573 25.5095 -106.51111 1 0 0
15.1573 25.5095 -106.51111 0 0 -1
-15.1591 24.2348 -106.51111 0 0 -1
-15.1591 24.2348 -106.51111 -1 0 0
-15.1091 24.2348 -106.51111 1 0 0
-15.1091 24.2348 -106.51111 0 0 -1
-15.1091 24.2348 -106.46111 1 0 0
-15.1091 24.2348 -106.46111 0 0 1
-15.1591 24.2348 -106.46111 0 0 1
-15.1591 24.2348 -106.46111 -1 0 0
-15.1591 25.5095 -106.46111 0 0 1
-15.1591 25.5095 -106.46111 -1 0 0
-15.1091 25.5095 -106.46111 1 0 0
-15.1091 25.5095 -106.46111 0 0 1
-15.1091 25.5095 -106.51111 1 0 0
-15.1091 25.5095 -106.51111 0 0 -1
-15.1591 25.5095 -106.51111 0 0 -1
-15.1591 25.5095 -106.51111 -1 0 0
15.1573 24.8348 -101.99689 1 0 0
15.1573 24.8348 -101.99689 0 -1 0
15.1073 24.8348 -101.99689 0 -1 0
15.1073 24.8348 -101.99689 -1 0 0
15.1073 24.8848 -101.99689 0 1 0
15.1073 24.8848 -101.99689 -1 0 0
15.1573 24.8848 -101.99689 1 0 0
15.1573 24.8848 -101.99689 0 1 0
15.1573 24.8848 -119.97654 1 0 0
15.1573 24.8848 -119.97654 0 1 0
15.1073 24.8848 -119.97654 0 1 0
15.1073 24.8848 -119.97654 -1 0 0
15.1073 24.8348 -119.97654 0 -1 0
15.1073 24.8348 -119.97654 -1 0 0
15.1573 24.8348 -119.97654 1 0 0
15.1573 24.8348 -119.97654 0 -1 0
-15.1591 24.8348 -101.99689 0 -1 0
-15.1591 24.8348 -101.99689 -1 0 0
-15.1091 24.8348 -101.99689 1 0 0
-15.1091 24.8348 -101.99689 0 -1 0
-15.1091 24.8848 -101.99689 1 0 0
-15.1091 24.8848 -101.99689 0 1 0
-15.1591 24.8848 -101.99689 0 1 0
-15.1591 24.8848 -101.99689 -1 0 0
-15.1591 24.8848 -119.97654 0 1 0
-15.1591 24.8848 -119.97654 -1 0 0
-15.1091 24.8848 -119.97654 1 0 0
-15.1091 24.8848 -119.97654 0 1 0
-15.1091 24.8348 -119.97654 1 0 0
-15.1091 24.8348 -119.97654 0 -1 0
-15.1591 24.8348 -119.97654 0 -1 0
-15.1591 24.8348 -119.97654 -1 0 0
15.1573 25.5098 -119.97616 1 0 0
15.1573 25.5098 -119.97616 0 -1 0
15.1073 25.5098 -119.97616 0 -1 0
15.1073 25.5098 -119.97616 -1 0 0
15.1073 25.5598 -119.97616 0 1 0
15.1073 25.5598 -119.97616 -1 0 0
15.1573 25.5598 -119.97616 1 0 0
15.1573 25.5598 -119.97616 0 1 0
15.1573 25.5598 -101.99638 1 0 0
15.1573 25.5598 -101.99638 0 1 0
15.1073 25.5598 -101.99638 0 1 0
15.1073 25.5598 -101.99638 -1 0 0
15.1073 25.5098 -101.99638 0 -1 0
15.1073 25.5098 -101.99638 -1 0 0
15.1573 25.5098 -101.99638 1 0 0
15.1573 25.5098 -101.99638 0 -1 0
-15.1591 25.5098 -119.97616 0 -1 0
-15.1591 25.5098 -119.97616 -1 0 0
-15.1091 25.5098 -119.97616 1 0 0
-15.1091 25.5098 -119.97616 0 -1 0
-15.1091 25.5598 -119.97616 1 0 0
-15.1091 25.5598 -119.97616 0 1 0
-15.1591 25.5598 -119.97616 0 1 0
-15.1591 25.5598 -119.97616 -1 0 0
-15.1591 25.5598 -101.99638 0 1 0
-15.1591 25.5598 -101.99638 -1 0 0
-15.1091 25.5598 -101.99638 1 0 0
-15.1091 25.5598 -101.99638 0 1 0
-15.1091 25.5098 -101.99638 1 0 0
-15.1091 25.5098 -101.99638 0 -1 0
-15.1591 25.5098 -101.99638 0 -1 0
-15.1591 25.5098 -101.99638 -1 0 0
15.1571 25.5098 -120.02644 1 0 0
15.1571 25.5098 -120.02644 0 -1 0
15.1571 25.5098 -120.02644 0 0 -1
15.1571 25.5098 -119.97642 1 0 0
15.1571 25.5098 -119.97642 0 -1 0
15.1571 25.5098 -119.97642 0 0 1
15.1571 25.5598 -119.97642 1 0 0
15.1571 25.5598 -119.97642 0 0 1
15.1571 25.5598 -119.97642 0 1 0
15.1571 25.5598 -120.02644 1 0 0
15.1571 25.5598 -120.02644 0 0 -1
15.1571 25.5598 -120.02644 0 1 0
-15.1587 25.5598 -120.02644 0 0 -1
-15.1587 25.5598 -120.02644 0 1 0
-15.1587 25.5598 -120.02644 -1 0 0
-15.1587 25.5598 -119.97642 0 0 1
-15.1587 25.5598 -119.97642 0 1 0
-15.1587 25.5598 -119.97642 -1 0 0
-15.1587 25.5098 -119.97642 0 -1 0
-15.1587 25.5098 -119.97642 0 0 1
-15.1587 25.5098 -119.97642 -1 0 0
-15.1587 25.5098 -120.02644 0 -1 0
-15.1587 25.5098 -120.02644 0 0 -1
-15.1587 25.5098 -120.02644 -1 0 0
-15.1593 24.8348 -120.02644 0 -1 0
-15.1593 24.8348 -120.02644 0 0 -1
-15.1593 24.8348 -120.02644 -1 0 0
-15.1593 24.8348 -119.97642 0 -1 0
-15.1593 24.8348 -119.97642 0 0 1
-15.1593 24.8348 -119.97642 -1 0 0
-15.1593 24.8848 -119.97642 0 0 1
-15.1593 24.8848 -119.97642 0 1 0
-15.1593 24.8848 -119.97642 -1 0 0
-15.1593 24.8848 -120.02644 0 0 -1
-15.1593 24.8848 -120.02644 0 1 0
-15.1593 24.8848 -120.02644 -1 0 0
15.1565 24.8848 -120.02644 1 0 0
15.1565 24.8848 -120.02644 0 0 -1
15.1565 24.8848 -120.02644 0 1 0
15.1565 24.8848 -119.97642 1 0 0
15.1565 24.8848 -119.97642 0 0 1
15.1565 24.8848 -119.97642 0 1 0
15.1565 24.8348 -119.97642 1 0 0
15.1565 24.8348 -119.97642 0 -1 0
15.1565 24.8348 -119.97642 0 0 1
15.1565 24.8348 -120.02644 1 0 0
15.1565 24.8348 -120.02644 0 -1 0
15.1565 24.8348 -120.02644 0 0 -1
15.1573 24.2348 -115.46109 1 0 0
15.1573 24.2348 -115.46109 0 0 -1
15.1073 24.2348 -115.46109 0 0 -1
15.1073 24.2348 -115.46109 -1 0 0
15.1073 24.2348 -115.41109 0 0 1
15.1073 24.2348 -115.41109 -1 0 0
15.1573 24.2348 -115.41109 1 0 0
15.1573 24.2348 -115.41109 0 0 1
15.1573 25.5095 -115.41109 1 0 0
15.1573 25.5095 -115.41109 0 0 1
15.1073 25.5095 -115.41109 0 0 1
15.1073 25.5095 -115.41109 -1 0 0
15.1073 25.5095 -115.46109 0 0 -1
15.1073 25.5095 -115.46109 -1 0 0
15.1573 25.5095 -115.46109 1 0 0
15.1573 25.5095 -115.46109 0 0 -1
-15.1591 24.2348 -115.46109 0 0 -1
-15.1591 24.2348 -115.46109 -1 0 0
-15.1091 24.2348 -115.46109 1 0 0
-15.1091 24.2348 -115.46109 0 0 -1
-15.1091 24.2348 -115.41109 1 0 0
-15.1091 24.2348 -115.41109 0 0 1
-15.1591 24.2348 -115.41109 0 0 1
-15.1591 24.2348 -115.41109 -1 0 0
-15.1591 25.5095 -115.41109 0 0 1
-15.1591 25.5095 -115.41109 -1 0 0
-15.1091 25.5095 -115.41109 1 0 0
-15.1091 25.5095 -115.41109 0 0 1
-15.1091 25.5095 -115.46109 1 0 0
-15.1091 25.5095 -115.46109 0 0 -1
-15.1591 25.5095 -115.46109 0 0 -1
-15.1591 25.5095 -115.46109 -1 0 0
15.1573 25.5095 -116.98611 1 0 0
15.1573 25.5095 -116.98611 0 0 -1
15.1073 25.5095 -116.98611 0 0 -1
15.1073 25.5095 -116.98611 -1 0 0
15.1073 25.5095 -116.9361 0 0 1
15.1073 25.5095 -116.9361 -1 0 0
15.1573 25.5095 -116.9361 1 0 0
15.1573 25.5095 -116.9361 0 0 1
15.1573 24.2348 -116.9361 1 0 0
15.1573 24.2348 -116.9361 0 0 1
15.1073 24.2348 -116.9361 0 0 1
15.1073 24.2348 -116.9361 -1 0 0
15.1073 24.2348 -116.98611 0 0 -1
15.1073 24.2348 -116.98611 -1 0 0
15.1573 24.2348 -116.98611 1 0 0
15.1573 24.2348 -116.98611 0 0 -1
-15.1591 25.5095 -116.98611 0 0 -1
-15.1591 25.5095 -116.98611 -1 0 0
-15.1091 25.5095 -116.98611 1 0 0
-15.1091 25.5095 -116.98611 0 0 -1
-15.1091 25.5095 -116.9361 1 0 0
-15.1091 25.5095 -116.9361 0 0 1
-15.1591 25.5095 -116.9361 0 0 1
-15.1591 25.5095 -116.9361 -1 0 0
-15.1591 24.2348 -116.9361 0 0 1
-15.1591 24.2348 -116.9361 -1 0 0
-15.1091 24.2348 -116.9361 1 0 0
-15.1091 24.2348 -116.9361 0 0 1
-15.1091 24.2348 -116.98611 1 0 0
-15.1091 24.2348 -116.98611 0 0 -1
-15.1591 24.2348 -116.98611 0 0 -1
-15.1591 24.2348 -116.98611 -1 0 0
15.1573 24.2348 -118.51111 1 0 0
15.1573 24.2348 -118.51111 0 0 -1
15.1073 24.2348 -118.51111 0 0 -1
15.1073 24.2348 -118.51111 -1 0 0
15.1073 24.2348 -118.46111 0 0 1
15.1073 24.2348 -118.46111 -1 0 0
15.1573 24.2348 -118.46111 1 0 0
15.1573 24.2348 -118.46111 0 0 1
15.1573 25.5095 -118.46111 1 0 0
15.1573 25.5095 -118.46111 0 0 1
15.1073 25.5095 -118.46111 0 0 1
15.1073 25.5095 -118.46111 -1 0 0
15.1073 25.5095 -118.51111 0 0 -1
15.1073 25.5095 -118.51111 -1 0 0
15.1573 25.5095 -118.51111 1 0 0
15.1573 25.5095 -118.51111 0 0 -1
-15.1591 24.2348 -118.51111 0 0 -1
-15.1591 24.2348 -118.51111 -1 0 0
-15.1091 24.2348 -118.51111 1 0 0
-15.1091 24.2348 -118.51111 0 0 -1
-15.1091 24.2348 -118.46111 1 0 0
-15.1091 24.2348 -118.46111 0 0 1
-15.1591 24.2348 -118.46111 0 0 1
-15.1591 24.2348 -118.46111 -1 0 0
-15.1591 25.5095 -118.46111 0 0 1
-15.1591 25.5095 -118.46111 -1 0 0
-15.1091 25.5095 -118.46111 1 0 0
-15.1091 25.5095 -118.46111 0 0 1
-15.1091 25.5095 -118.51111 1 0 0
-15.1091 25.5095 -118.51111 0 0 -1
-15.1591 25.5095 -118.51111 0 0 -1
-15.1591 25.5095 -118.51111 -1 0 0
13.8237 24.2348 -120.02594 1 0 0
13.8237 24.2348 -120.02594 0 0 -1
13.7737 24.2348 -120.02594 0 0 -1
13.7737 24.2348 -120.02594 -1 0 0
13.7737 24.2348 -119.9759 0 0 1
13.7737 24.2348 -119.9759 -1 0 0
13.8237 24.2348 -119.9759 1 0 0
13.8237 24.2348 -119.9759 0 0 1
13.8237 25.5095 -119.9759 1 0 0
13.8237 25.5095 -119.9759 0 0 1
13.7737 25.5095 -119.9759 0 0 1
13.7737 25.5095 -119.9759 -1 0 0
13.7737 25.5095 -120.02594 0 0 -1
13.7737 25.5095 -120.02594 -1 0 0
13.8237 25.5095 -120.02594 1 0 0
13.8237 25.5095 -120.02594 0 0 -1
12.3237 25.5095 -120.02594 1 0 0
12.3237 25.5095 -120.02594 0 0 -1
12.2737 25.5095 -120.02594 0 0 -1
12.2737 25.5095 -120.02594 -1 0 0
12.2737 25.5095 -119.9759 0 0 1
12.2737 25.5095 -119.9759 -1 0 0
12.3237 25.5095 -119.9759 1 0 0
12.3237 25.5095 -119.9759 0 0 1
12.3237 24.2348 -119.9759 1 0 0
12.3237 24.2348 -119.9759 0 0 1
12.2737 24.2348 -119.9759 0 0 1
12.2737 24.2348 -119.9759 -1 0 0
12.2737 24.2348 -120.02594 0 0 -1
12.2737 24.2348 -120.02594 -1 0 0
12.3237 24.2348 -120.02594 1 0 0
12.3237 24.2348 -120.02594 0 0 -1
10.8237 24.2348 -120.02594 1 0 0
10.8237 24.2348 -120.02594 0 0 -1
10.7737 24.2348 -120.02594 0 0 -1
10.7737 24.2348 -120.02594 -1 0 0
10.7737 24.2348 -119.9759 0 0 1
10.7737 24.2348 -119.9759 -1 0 0
10.8237 24.2348 -119.9759 1 0 0
10.8237 24.2348 -119.9759 0 0 1
10.8237 25.5095 -119.9759 1 0 0
10.8237 25.5095 -119.9759 0 0 1
10.7737 25.5095 -119.9759 0 0 1
10.7737 25.5095 -119.9759 -1 0 0
10.7737 25.5095 -120.02594 0 0 -1
10.7737 25.5095 -120.02594 -1 0 0
10.8237 25.5095 -120.02594 1 0 0
10.8237 25.5095 -120.02594 0 0 -1
9.32369 25.5095 -120.02594 1 0 0
9.32369 25.5095 -120.02594 0 0 -1
9.27369 25.5095 -120.02594 0 0 -1
9.27369 25.5095 -120.02594 -1 0 0
9.27369 25.5095 -119.9759 0 0 1
9.27369 25.5095 -119.9759 -1 0 0
9.32369 25.5095 -119.9759 1 0 0
9.32369 25.5095 -119.9759 0 0 1
9.32369 24.2348 -119.9759 1 0 0
9.32369 24.2348 -119.9759 0 0 1
9.27369 24.2348 -119.9759 0 0 1
9.27369 24.2348 -119.9759 -1 0 0
9.27369 24.2348 -120.02594 0 0 -1
9.27369 24.2348 -120.02594 -1 0 0
9.32369 24.2348 -120.02594 1 0 0
9.32369 24.2348 -120.02594 0 0 -1
7.82369 24.2348 -120.02594 1 0 0
7.82369 24.2348 -120.02594 0 0 -1
7.77369 24.2348 -120.02594 0 0 -1
7.77369 24.2348 -120.02594 -1 0 0
7.77369 24.2348 -119.9759 0 0 1
7.77369 24.2348 -119.9759 -1 0 0
7.82369 24.2348 -119.9759 1 0 0
7.82369 24.2348 -119.9759 0 0 1
7.82369 25.5095 -119.9759 1 0 0
7.82369 25.5095 -119.9759 0 0 1
7.77369 25.5095 -119.9759 0 0 1
7.77369 25.5095 -119.9759 -1 0 0
7.77369 25.5095 -120.02594 0 0 -1
7.77369 25.5095 -120.02594 -1 0 0
7.82369 25.5095 -120.02594 1 0 0
7.82369 25.5095 -120.02594 0 0 -1
6.32369 25.5095 -120.02594 1 0 0
6.32369 25.5095 -120.02594 0 0 -1
6.27369 25.5095 -120.02594 0 0 -1
6.27369 25.5095 -120.02594 -1 0 0
6.27369 25.5095 -119.9759 0 0 1
6.27369 25.5095 -119.9759 -1 0 0
6.32369 25.5095 -119.9759 1 0 0
6.32369 25.5095 -119.9759 0 0 1
6.32369 24.2348 -119.9759 1 0 0
6.32369 24.2348 -119.9759 0 0 1
6.27369 24.2348 -119.9759 0 0 1
6.27369 24.2348 -119.9759 -1 0 0
6.27369 24.2348 -120.02594 0 0 -1
6.27369 24.2348 -120.02594 -1 0 0
6.32369 24.2348 -120.02594 1 0 0
6.32369 24.2348 -120.02594 0 0 -1
4.82369 24.2348 -120.02594 1 0 0
4.82369 24.2348 -120.02594 0 0 -1
4.77369 24.2348 -120.02594 0 0 -1
4.77369 24.2348 -120.02594 -1 0 0
4.77369 24.2348 -119.9759 0 0 1
4.77369 24.2348 -119.9759 -1 0 0
4.82369 24.2348 -119.9759 1 0 0
4.82369 24.2348 -119.9759 0 0 1
4.82369 25.5095 -119.9759 1 0 0
4.82369 25.5095 -119.9759 0 0 1
4.77369 25.5095 -119.9759 0 0 1
4.77369 25.5095 -119.9759 -1 0 0
4.77369 25.5095 -120.02594 0 0 -1
4.77369 25.5095 -120.02594 -1 0 0
4.82369 25.5095 -120.02594 1 0 0
4.82369 25.5095 -120.02594 0 0 -1
3.32369 25.5095 -120.02594 1 0 0
3.32369 25.5095 -120.02594 0 0 -1
3.27369 25.5095 -120.02594 0 0 -1
3.27369 25.5095 -120.02594 -1 0 0
3.27369 25.5095 -119.9759 0 0 1
3.27369 25.5095 -119.9759 -1 0 0
3.32369 25.5095 -119.9759 1 0 0
3.32369 25.5095 -119.9759 0 0 1
3.32369 24.2348 -119.9759 1 0 0
3.32369 24.2348 -119.9759 0 0 1
3.27369 24.2348 -119.9759 0 0 1
3.27369 24.2348 -119.9759 -1 0 0
3.27369 24.2348 -120.02594 0 0 -1
3.27369 24.2348 -120.02594 -1 0 0
3.32369 24.2348 -120.02594 1 0 0
3.32369 24.2348 -120.02594 0 0 -1
1.82369 24.2348 -120.02594 1 0 0
1.82369 24.2348 -120.02594 0 0 -1
1.77369 24.2348 -120.02594 0 0 -1
1.77369 24.2348 -120.02594 -1 0 0
1.77369 24.2348 -119.9759 0 0 1
1.77369 24.2348 -119.9759 -1 0 0
1.82369 24.2348 -119.9759 1 0 0
1.82369 24.2348 -119.9759 0 0 1
1.82369 25.5095 -119.9759 1 0 0
1.82369 25.5095 -119.9759 0 0 1
1.77369 25.5095 -119.9759 0 0 1
1.77369 25.5095 -119.9759 -1 0 0
1.77369 25.5095 -120.02594 0 0 -1
1.77369 25.5095 -120.02594 -1 0 0
1.82369 25.5095 -120.02594 1 0 0
1.82369 25.5095 -120.02594 0 0 -1
-13.8237 24.2348 -120.02594 0 0 -1
-13.8237 24.2348 -120.02594 -1 0 0
-13.7737 24.2348 -120.02594 1 0 0
-13.7737 24.2348 -120.02594 0 0 -1
-13.7737 24.2348 -119.9759 1 0 0
-13.7737 24.2348 -119.9759 0 0 1
-13.8237 24.2348 -119.9759 0 0 1
-13.8237 24.2348 -119.9759 -1 0 0
-13.8237 25.5095 -119.9759 0 0 1
-13.8237 25.5095 -119.9759 -1 0 0
-13.7737 25.5095 -119.9759 1 0 0
-13.7737 25.5095 -119.9759 0 0 1
-13.7737 25.5095 -120.02594 1 0 0
-13.7737 25.5095 -120.02594 0 0 -1
-13.8237 25.5095 -120.02594 0 0 -1
-13.8237 25.5095 -120.02594 -1 0 0
-12.3237 25.5095 -120.02594 0 0 -1
-12.3237 25.5095 -120.02594 -1 0 0
-12.2737 25.5095 -120.02594 1 0 0
-12.2737 25.5095 -120.02594 0 0 -1
-12.2737 25.5095 -119.9759 1 0 0
-12.2737 25.5095 -119.9759 0 0 1
-12.3237 25.5095 -119.9759 0 0 1
-12.3237 25.5095 -119.9759 -1 0 0
-12.3237 24.2348 -119.9759 0 0 1
-12.3237 24.2348 -119.9759 -1 0 0
-12.2737 24.2348 -119.9759 1 0 0
-12.2737 24.2348 -119.9759 0 0 1
-12.2737 24.2348 -120.02594 1 0 0
-12.2737 24.2348 -120.02594 0 0 -1
-12.3237 24.2348 -120.02594 0 0 -1
-12.3237 24.2348 -120.02594 -1 0 0
-10.8237 24.2348 -120.02594 0 0 -1
-10.8237 24.2348 -120.02594 -1 0 0
-10.7737 24.2348 -120.02594 1 0 0
-10.7737 24.2348 -120.02594 0 0 -1
-10.7737 24.2348 -119.9759 1 0 0
-10.7737 24.2348 -119.9759 0 0 1
-10.8237 24.2348 -119.9759 0 0 1
-10.8237 24.2348 -119.9759 -1 0 0
-10.8237 25.5095 -119.9759 0 0 1
-10.8237 25.5095 -119.9759 -1 0 0
-10.7737 25.5095 -119.9759 1 0 0
-10.7737 25.5095 -119.9759 0 0 1
-10.7737 25.5095 -120.02594 1 0 0
-10.7737 25.5095 -120.02594 0 0 -1
-10.8237 25.5095 -120.02594 0 0 -1
-10.8237 25.5095 -120.02594 -1 0 0
-9.3237 25.5095 -120.02594 0 0 -1
-9.3237 25.5095 -120.02594 -1 0 0
-9.2737 25.5095 -120.02594 1 0 0
-9.2737 25.5095 -120.02594 0 0 -1
-9.2737 25.5095 -119.9759 1 0 0
-9.2737 25.5095 -119.9759 0 0 1
-9.3237 25.5095 -119.9759 0 0 1
-9.3237 25.5095 -119.9759 -1 0 0
-9.3237 24.2348 -119.9759 0 0 1
-9.3237 24.2348 -119.9759 -1 0 0
-9.2737 24.2348 -119.9759 1 0 0
-9.2737 24.2348 -119.9759 0 0 1
-9.2737 24.2348 -120.02594 1 0 0
-9.2737 24.2348 -120.02594 0 0 -1
-9.3237 24.2348 -120.02594 0 0 -1
-9.3237 24.2348 -120.02594 -1 0 0
-7.8237 24.2348 -120.02594 0 0 -1
-7.8237 24.2348 -120.02594 -1 0 0
-7.7737 24.2348 -120.02594 1 0 0
-7.7737 24.2348 -120.02594 0 0 -1
-7.7737 24.2348 -119.9759 1 0 0
-7.7737 24.2348 -119.9759 0 0 1
-7.8237 24.2348 -119.9759 0 0 1
-7.8237 24.2348 -119.9759 -1 0 0
-7.8237 25.5095 -119.9759 0 0 1
-7.8237 25.5095 -119.9759 -1 0 0
-7.7737 25.5095 -119.9759 1 0 0
-7.7737 25.5095 -119.9759 0 0 1
-7.7737 25.5095 -120.02594 1 0 0
-7.7737 25.5095 -120.02594 0 0 -1
-7.8237 25.5095 -120.02594 0 0 -1
-7.8237 25.5095 -120.02594 -1 0 0
-6.3237 25.5095 -120.02594 0 0 -1
-6.3237 25.5095 -120.02594 -1 0 0
-6.2737 25.5095 -120.02594 1 0 0
-6.2737 25.5095 -120.02594 0 0 -1
-6.2737 25.5095 -119.9759 1 0 0
-6.2737 25.5095 -119.9759 0 0 1
-6.3237 25.5095 -119.9759 0 0 1
-6.3237 25.5095 -119.9759 -1 0 0
-6.3237 24.2348 -119.9759 0 0 1
-6.3237 24.2348 -119.9759 -1 0 0
-6.2737 24.2348 -119.9759 1 0 0
-6.2737 24.2348 -119.9759 0 0 1
-6.2737 24.2348 -120.02594 1 0 0
-6.2737 24.2348 -120.02594 0 0 -1
-6.3237 24.2348 -120.02594 0 0 -1
-6.3237 24.2348 -120.02594 -1 0 0
-4.8237 24.2348 -120.02594 0 0 -1
-4.8237 24.2348 -120.02594 -1 0 0
-4.7737 24.2348 -120.02594 1 0 0
-4.7737 24.2348 -120.02594 0 0 -1
-4.7737 24.2348 -119.9759 1 0 0
-4.7737 24.2348 -119.9759 0 0 1
-4.8237 24.2348 -119.9759 0 0 1
-4.8237 24.2348 -119.9759 -1 0 0
-4.8237 25.5095 -119.9759 0 0 1
-4.8237 25.5095 -119.9759 -1 0 0
-4.7737 25.5095 -119.9759 1 0 0
-4.7737 25.5095 -119.9759 0 0 1
-4.7737 25.5095 -120.02594 1 0 0
-4.7737 25.5095 -120.02594 0 0 -1
-4.8237 25.5095 -120.02594 0 0 -1
-4.8237 25.5095 -120.02594 -1 0 0
-3.3237 25.5095 -120.02594 0 0 -1
-3.3237 25.5095 -120.02594 -1 0 0
-3.2737 25.5095 -120.02594 1 0 0
-3.2737 25.5095 -120.02594 0 0 -1
-3.2737 25.5095 -119.9759 1 0 0
-3.2737 25.5095 -119.9759 0 0 1
-3.3237 25.5095 -119.9759 0 0 1
-3.3237 25.5095 -119.9759 -1 0 0
-3.3237 24.2348 -119.9759 0 0 1
-3.3237 24.2348 -119.9759 -1 0 0
-3.2737 24.2348 -119.9759 1 0 0
-3.2737 24.2348 -119.9759 0 0 1
-3.2737 24.2348 -120.02594 1 0 0
-3.2737 24.2348 -120.02594 0 0 -1
-3.3237 24.2348 -120.02594 0 0 -1
-3.3237 24.2348 -120.02594 -1 0 0
-1.8237 24.2348 -120.02594 0 0 -1
-1.8237 24.2348 -120.02594 -1 0 0
-1.7737 24.2348 -120.02594 1 0 0
-1.7737 24.2348 -120.02594 0 0 -1
-1.7737 24.2348 -119.9759 1 0 0
-1.7737 24.2348 -119.9759 0 0 1
-1.8237 24.2348 -119.9759 0 0 1
-1.8237 24.2348 -119.9759 -1 0 0
-1.8237 25.5095 -119.9759 0 0 1
-1.8237 25.5095 -119.9759 -1 0 0
-1.7737 25.5095 -119.9759 1 0 0
-1.7737 25.5095 -119.9759 0 0 1
-1.7737 25.5095 -120.02594 1 0 0
-1.7737 25.5095 -120.02594 0 0 -1
-1.8237 25.5095 -120.02594 0 0 -1
-1.8237 25.5095 -120.02594 -1 0 0
15.1573 21.3349 -109.46109 1 0 0
15.1573 21.3349 -109.46109 0 0 -1
15.1073 21.3349 -109.46109 0 0 -1
15.1073 21.3349 -109.46109 -1 0 0
15.1073 21.3349 -109.41109 0 0 1
15.1073 21.3349 -109.41109 -1 0 0
15.1573 21.3349 -109.41109 1 0 0
15.1573 21.3349 -109.41109 0 0 1
15.1573 22.6096 -109.41109 1 0 0
15.1573 22.6096 -109.41109 0 0 1
15.1073 22.6096 -109.41109 0 0 1
15.1073 22.6096 -109.41109 -1 0 0
15.1073 22.6096 -109.46109 0 0 -1
15.1073 22.6096 -109.46109 -1 0 0
15.1573 22.6096 -109.46109 1 0 0
15.1573 22.6096 -109.46109 0 0 -1
-15.1591 21.3349 -109.46109 0 0 -1
-15.1591 21.3349 -109.46109 -1 0 0
-15.1091 21.3349 -109.46109 1 0 0
-15.1091 21.3349 -109.46109 0 0 -1
-15.1091 21.3349 -109.41109 1 0 0
-15.1091 21.3349 -109.41109 0 0 1
-15.1591 21.3349 -109.41109 0 0 1
-15.1591 21.3349 -109.41109 -1 0 0
-15.1591 22.6096 -109.41109 0 0 1
-15.1591 22.6096 -109.41109 -1 0 0
-15.1091 22.6096 -109.41109 1 0 0
-15.1091 22.6096 -109.41109 0 0 1
-15.1091 22.6096 -109.46109 1 0 0
-15.1091 22.6096 -109.46109 0 0 -1
-15.1591 22.6096 -109.46109 0 0 -1
-15.1591 22.6096 -109.46109 -1 0 0
15.1573 22.6096 -110.98611 1 0 0
15.1573 22.6096 -110.98611 0 0 -1
15.1073 22.6096 -110.98611 0 0 -1
15.1073 22.6096 -110.98611 -1 0 0
15.1073 22.6096 -110.9361 0 0 1
15.1073 22.6096 -110.9361 -1 0 0
15.1573 22.6096 -110.9361 1 0 0
15.1573 22.6096 -110.9361 0 0 1
15.1573 21.3349 -110.9361 1 0 0
15.1573 21.3349 -110.9361 0 0 1
15.1073 21.3349 -110.9361 0 0 1
15.1073 21.3349 -110.9361 -1 0 0
15.1073 21.3349 -110.98611 0 0 -1
15.1073 21.3349 -110.98611 -1 0 0
15.1573 21.3349 -110.98611 1 0 0
15.1573 21.3349 -110.98611 0 0 -1
-15.1591 22.6096 -110.98611 0 0 -1
-15.1591 22.6096 -110.98611 -1 0 0
-15.1091 22.6096 -110.98611 1 0 0
-15.1091 22.6096 -110.98611 0 0 -1
-15.1091 22.6096 -110.9361 1 0 0
-15.1091 22.6096 -110.9361 0 0 1
-15.1591 22.6096 -110.9361 0 0 1
-15.1591 22.6096 -110.9361 -1 0 0
-15.1591 21.3349 -110.9361 0 0 1
-15.1591 21.3349 -110.9361 -1 0 0
-15.1091 21.3349 -110.9361 1 0 0
-15.1091 21.3349 -110.9361 0 0 1
-15.1091 21.3349 -110.98611 1 0 0
-15.1091 21.3349 -110.98611 0 0 -1
-15.1591 21.3349 -110.98611 0 0 -1
-15.1591 21.3349 -110.98611 -1 0 0
15.1573 21.3349 -112.51111 1 0 0
15.1573 21.3349 -112.51111 0 0 -1
15.1073 21.3349 -112.51111 0 0 -1
15.1073 21.3349 -112.51111 -1 0 0
15.1073 21.3349 -112.46111 0 0 1
15.1073 21.3349 -112.46111 -1 0 0
15.1573 21.3349 -112.46111 1 0 0
15.1573 21.3349 -112.46111 0 0 1
15.1573 22.6096 -112.46111 1 0 0
15.1573 22.6096 -112.46111 0 0 1
15.1073 22.6096 -112.46111 0 0 1
15.1073 22.6096 -112.46111 -1 0 0
15.1073 22.6096 -112.51111 0 0 -1
15.1073 22.6096 -112.51111 -1 0 0
15.1573 22.6096 -112.51111 1 0 0
15.1573 22.6096 -112.51111 0 0 -1
-15.1591 21.3349 -112.51111 0 0 -1
-15.1591 21.3349 -112.51111 -1 0 0
-15.1091 21.3349 -112.51111 1 0 0
-15.1091 21.3349 -112.51111 0 0 -1
-15.1091 21.3349 -112.46111 1 0 0
-15.1091 21.3349 -112.46111 0 0 1
-15.1591 21.3349 -112.46111 0 0 1
-15.1591 21.3349 -112.46111 -1 0 0
-15.1591 22.6096 -112.46111 0 0 1
-15.1591 22.6096 -112.46111 -1 0 0
-15.1091 22.6096 -112.46111 1 0 0
-15.1091 22.6096 -112.46111 0 0 1
-15.1091 22.6096 -112.51111 1 0 0
-15.1091 22.6096 -112.51111 0 0 -1
-15.1591 22.6096 -112.51111 0 0 -1
-15.1591 22.6096 -112.51111 -1 0 0
-14.9781 22.6096 -120.02594 1 0 0
-14.9781 22.6096 -120.02594 0 0 -1
-15.0281 22.6096 -120.02594 0 0 -1
-15.0281 22.6096 -120.02594 -1 0 0
-15.0281 22.6096 -119.9759 0 0 1
-15.0281 22.6096 -119.9759 -1 0 0
-14.9781 22.6096 -119.9759 1 0 0
-14.9781 22.6096 -119.9759 0 0 1
-14.9781 21.3349 -119.9759 1 0 0
-14.9781 21.3349 -119.9759 0 0 1
-15.0281 21.3349 -119.9759 0 0 1
-15.0281 21.3349 -119.9759 -1 0 0
-15.0281 21.3349 -120.02594 0 0 -1
-15.0281 21.3349 -120.02594 -1 0 0
-14.9781 21.3349 -120.02594 1 0 0
-14.9781 21.3349 -120.02594 0 0 -1
0.023695 21.3349 -120.02594 1 0 0
0.023695 21.3349 -120.02594 0 0 -1
-0.026305 21.3349 -120.02594 0 0 -1
-0.026305 21.3349 -120.02594 -1 0 0
-0.026305 21.3349 -119.9759 0 0 1
-0.026305 21.3349 -119.9759 -1 0 0
0.023695 21.3349 -119.9759 1 0 0
0.023695 21.3349 -119.9759 0 0 1
0.023695 22.6096 -119.9759 1 0 0
0.023695 22.6096 -119.9759 0 0 1
-0.026305 22.6096 -119.9759 0 0 1
-0.026305 22.6096 -119.9759 -1 0 0
-0.026305 22.6096 -120.02594 0 0 -1
-0.026305 22.6096 -120.02594 -1 0 0
0.023695 22.6096 -120.02594 1 0 0
0.023695 22.6096 -120.02594 0 0 -1
15.1573 21.3349 -103.46109 1 0 0
15.1573 21.3349 -103.46109 0 0 -1
15.1073 21.3349 -103.46109 0 0 -1
15.1073 21.3349 -103.46109 -1 0 0
15.1073 21.3349 -103.41109 0 0 1
15.1073 21.3349 -103.41109 -1 0 0
15.1573 21.3349 -103.41109 1 0 0
15.1573 21.3349 -103.41109 0 0 1
15.1573 22.6096 -103.41109 1 0 0
15.1573 22.6096 -103.41109 0 0 1
15.1073 22.6096 -103.41109 0 0 1
15.1073 22.6096 -103.41109 -1 0 0
15.1073 22.6096 -103.46109 0 0 -1
15.1073 22.6096 -103.46109 -1 0 0
15.1573 22.6096 -103.46109 1 0 0
15.1573 22.6096 -103.46109 0 0 -1
-15.1591 21.3349 -103.46109 0 0 -1
-15.1591 21.3349 -103.46109 -1 0 0
-15.1091 21.3349 -103.46109 1 0 0
-15.1091 21.3349 -103.46109 0 0 -1
-15.1091 21.3349 -103.41109 1 0 0
-15.1091 21.3349 -103.41109 0 0 1
-15.1591 21.3349 -103.41109 0 0 1
-15.1591 21.3349 -103.41109 -1 0 0
-15.1591 22.6096 -103.41109 0 0 1
-15.1591 22.6096 -103.41109 -1 0 0
-15.1091 22.6096 -103.41109 1 0 0
-15.1091 22.6096 -103.41109 0 0 1
-15.1091 22.6096 -103.46109 1 0 0
-15.1091 22.6096 -103.46109 0 0 -1
-15.1591 22.6096 -103.46109 0 0 -1
-15.1591 22.6096 -103.46109 -1 0 0
15.1573 22.6096 -104.98611 1 0 0
15.1573 22.6096 -104.98611 0 0 -1
15.1073 22.6096 -104.98611 0 0 -1
15.1073 22.6096 -104.98611 -1 0 0
15.1073 22.6096 -104.9361 0 0 1
15.1073 22.6096 -104.9361 -1 0 0
15.1573 22.6096 -104.9361 1 0 0
15.1573 22.6096 -104.9361 0 0 1
15.1573 21.3349 -104.9361 1 0 0
15.1573 21.3349 -104.9361 0 0 1
15.1073 21.3349 -104.9361 0 0 1
15.1073 21.3349 -104.9361 -1 0 0
15.1073 21.3349 -104.98611 0 0 -1
15.1073 21.3349 -104.98611 -1 0 0
15.1573 21.3349 -104.98611 1 0 0
15.1573 21.3349 -104.98611 0 0 -1
-15.1591 22.6096 -104.98611 0 0 -1
-15.1591 22.6096 -104.98611 -1 0 0
-15.1091 22.6096 -104.98611 1 0 0
-15.1091 22.6096 -104.98611 0 0 -1
-15.1091 22.6096 -104.9361 1 0 0
-15.1091 22.6096 -104.9361 0 0 1
-15.1591 22.6096 -104.9361 0 0 1
-15.1591 22.6096 -104.9361 -1 0 0
-15.1591 21.3349 -104.9361 0 0 1
-15.1591 21.3349 -104.9361 -1 0 0
-15.1091 21.3349 -104.9361 1 0 0
-15.1091 21.3349 -104.9361 0 0 1
-15.1091 21.3349 -104.98611 1 0 0
-15.1091 21.3349 -104.98611 0 0 -1
-15.1591 21.3349 -104.98611 0 0 -1
-15.1591 21.3349 -104.98611 -1 0 0
15.1573 21.3349 -106.51111 1 0 0
15.1573 21.3349 -106.51111 0 0 -1
15.1073 21.3349 -106.51111 0 0 -1
15.1073 21.3349 -106.51111 -1 0 0
15.1073 21.3349 -106.46111 0 0 1
15.1073 21.3349 -106.46111 -1 0 0
15.1573 21.3349 -106.46111 1 0 0
15.1573 21.3349 -106.46111 0 0 1
15.1573 22.6096 -106.46111 1 0 0
15.1573 22.6096 -106.46111 0 0 1
15.1073 22.6096 -106.46111 0 0 1
15.1073 22.6096 -106.46111 -1 0 0
15.1073 22.6096 -106.51111 0 0 -1
15.1073 22.6096 -106.51111 -1 0 0
15.1573 22.6096 -106.51111 1 0 0
15.1573 22.6096 -106.51111 0 0 -1
-15.1591 21.3349 -106.51111 0 0 -1
-15.1591 21.3349 -106.51111 -1 0 0
-15.1091 21.3349 -106.51111 1 0 0
-15.1091 21.3349 -106.51111 0 0 -1
-15.1091 21.3349 -106.46111 1 0 0
-15.1091 21.3349 -106.46111 0 0 1
-15.1591 21.3349 -106.46111 0 0 1
-15.1591 21.3349 -106.46111 -1 0 0
-15.1591 22.6096 -106.46111 0 0 1
-15.1591 22.6096 -106.46111 -1 0 0
-15.1091 22.6096 -106.46111 1 0 0
-15.1091 22.6096 -106.46111 0 0 1
-15.1091 22.6096 -106.51111 1 0 0
-15.1091 22.6096 -106.51111 0 0 -1
-15.1591 22.6096 -106.51111 0 0 -1
-15.1591 22.6096 -106.51111 -1 0 0
15.1573 21.9349 -101.99689 1 0 0
15.1573 21.9349 -101.99689 0 -1 0
15.1073 21.9349 -101.99689 0 -1 0
15.1073 21.9349 -101.99689 -1 0 0
15.1073 21.9849 -101.99689 0 1 0
15.1073 21.9849 -101.99689 -1 0 0
15.1573 21.9849 -101.99689 1 0 0
15.1573 21.9849 -101.99689 0 1 0
15.1573 21.9849 -119.97654 1 0 0
15.1573 21.9849 -119.97654 0 1 0
15.1073 21.9849 -119.97654 0 1 0
15.1073 21.9849 -119.97654 -1 0 0
15.1073 21.9349 -119.97654 0 -1 0
15.1073 21.9349 -119.97654 -1 0 0
15.1573 21.9349 -119.97654 1 0 0
15.1573 21.9349 -119.97654 0 -1 0
-15.1591 21.9349 -101.99689 0 -1 0
-15.1591 21.9349 -101.99689 -1 0 0
-15.1091 21.9349 -101.99689 1 0 0
-15.1091 21.9349 -101.99689 0 -1 0
-15.1091 21.9849 -101.99689 1 0 0
-15.1091 21.9849 -101.99689 0 1 0
-15.1591 21.9849 -101.99689 0 1 0
-15.1591 21.9849 -101.99689 -1 0 0
-15.1591 21.9849 -119.97654 0 1 0
-15.1591 21.9849 -119.97654 -1 0 0
-15.1091 21.9849 -119.97654 1 0 0
-15.1091 21.9849 -119.97654 0 1 0
-15.1091 21.9349 -119.97654 1 0 0
-15.1091 21.9349 -119.97654 0 -1 0
-15.1591 21.9349 -119.97654 0 -1 0
-15.1591 21.9349 -119.97654 -1 0 0
15.1573 22.6099 -119.97616 1 0 0
15.1573 22.6099 -119.97616 0 -1 0
15.1073 22.6099 -119.97616 0 -1 0
15.1073 22.6099 -119.97616 -1 0 0
15.1073 22.6599 -119.97616 0 1 0
15.1073 22.6599 -119.97616 -1 0 0
15.1573 22.6599 -119.97616 1 0 0
15.1573 22.6599 -119.97616 0 1 0
15.1573 22.6599 -101.99638 1 0 0
15.1573 22.6599 -101.99638 0 1 0
15.1073 22.6599 -101.99638 0 1 0
15.1073 22.6599 -101.99638 -1 0 0
15.1073 22.6099 -101.99638 0 -1 0
15.1073 22.6099 -101.99638 -1 0 0
15.1573 22.6099 -101.99638 1 0 0
15.1573 22.6099 -101.99638 0 -1 0
-15.1591 22.6099 -119.97616 0 -1 0
-15.1591 22.6099 -119.97616 -1 0 0
-15.1091 22.6099 -119.97616 1 0 0
-15.1091 22.6099 -119.97616 0 -1 0
-15.1091 22.6599 -119.97616 1 0 0
-15.1091 22.6599 -119.97616 0 1 0
-15.1591 22.6599 -119.97616 0 1 0
-15.1591 22.6599 -119.97616 -1 0 0
-15.1591 22.6599 -101.99638 0 1 0
-15.1591 22.6599 -101.99638 -1 0 0
-15.1091 22.6599 -101.99638 1 0 0
-15.1091 22.6599 -101.99638 0 1 0
-15.1091 22.6099 -101.99638 1 0 0
-15.1091 22.6099 -101.99638 0 -1 0
-15.1591 22.6099 -101.99638 0 -1 0
-15.1591 22.6099 -101.99638 -1 0 0
15.1571 22.6099 -120.02644 1 0 0
15.1571 22.6099 -120.02644 0 -1 0
15.1571 22.6099 -120.02644 0 0 -1
15.1571 22.6099 -119.97642 1 0 0
15.1571 22.6099 -119.97642 0 -1 0
15.1571 22.6099 -119.97642 0 0 1
15.1571 22.6599 -119.97642 1 0 0
15.1571 22.6599 -119.97642 0 0 1
15.1571 22.6599 -119.97642 0 1 0
15.1571 22.6599 -120.02644 1 0 0
15.1571 22.6599 -120.02644 0 0 -1
15.1571 22.6599 -120.02644 0 1 0
-15.1587 22.6599 -120.02644 0 0 -1
-15.1587 22.6599 -120.02644 0 1 0
-15.1587 22.6599 -120.02644 -1 0 0
-15.1587 22.6599 -119.97642 0 0 1
-15.1587 22.6599 -119.97642 0 1 0
-15.1587 22.6599 -119.97642 -1 0 0
-15.1587 22.6099 -119.97642 0 -1 0
-15.1587 22.6099 -119.97642 0 0 1
-15.1587 22.6099 -119.97642 -1 0 0
-15.1587 22.6099 -120.02644 0 -1 0
-15.1587 22.6099 -120.02644 0 0 -1
-15.1587 22.6099 -120.02644 -1 0 0
-15.1593 21.9349 -120.02644 0 -1 0
-15.1593 21.9349 -120.02644 0 0 -1
-15.1593 21.9349 -120.02644 -1 0 0
-15.1593 21.9349 -119.97642 0 -1 0
-15.1593 21.9349 -119.97642 0 0 1
-15.1593 21.9349 -119.97642 -1 0 0
-15.1593 21.9849 -119.97642 0 0 1
-15.1593 21.9849 -119.97642 0 1 0
-15.1593 21.9849 -119.97642 -1 0 0
-15.1593 21.9849 -120.02644 0 0 -1
-15.1593 21.9849 -120.02644 0 1 0
-15.1593 21.9849 -120.02644 -1 0 0
15.1565 21.9849 -120.02644 1 0 0
15.1565 21.9849 -120.02644 0 0 -1
15.1565 21.9849 -120.02644 0 1 0
15.1565 21.9849 -119.97642 1 0 0
15.1565 21.9849 -119.97642 0 0 1
15.1565 21.9849 -119.97642 0 1 0
15.1565 21.9349 -119.97642 1 0 0
15.1565 21.9349 -119.97642 0 -1 0
15.1565 21.9349 -119.97642 0 0 1
15.1565 21.9349 -120.02644 1 0 0
15.1565 21.9349 -120.02644 0 -1 0
15.1565 21.9349 -120.02644 0 0 -1
15.1573 21.3349 -115.46109 1 0 0
15.1573 21.3349 -115.46109 0 0 -1
15.1073 21.3349 -115.46109 0 0 -1
15.1073 21.3349 -115.46109 -1 0 0
15.1073 21.3349 -115.41109 0 0 1
15.1073 21.3349 -115.41109 -1 0 0
15.1573 21.3349 -115.41109 1 0 0
15.1573 21.3349 -115.41109 0 0 1
15.1573 22.6096 -115.41109 1 0 0
15.1573 22.6096 -115.41109 0 0 1
15.1073 22.6096 -115.41109 0 0 1
15.1073 22.6096 -115.41109 -1 0 0
15.1073 22.6096 -115.46109 0 0 -1
15.1073 22.6096 -115.46109 -1 0 0
15.1573 22.6096 -115.46109 1 0 0
15.1573 22.6096 -115.46109 0 0 -1
-15.1591 21.3349 -115.46109 0 0 -1
-15.1591 21.3349 -115.46109 -1 0 0
-15.1091 21.3349 -115.46109 1 0 0
-15.1091 21.3349 -115.46109 0 0 -1
-15.1091 21.3349 -115.41109 1 0 0
-15.1091 21.3349 -115.41109 0 0 1
-15.1591 21.3349 -115.41109 0 0 1
-15.1591 21.3349 -115.41109 -1 0 0
-15.1591 22.6096 -115.41109 0 0 1
-15.1591 22.6096 -115.41109 -1 0 0
-15.1091 22.6096 -115.41109 1 0 0
-15.1091 22.6096 -115.41109 0 0 1
-15.1091 22.6096 -115.46109 1 0 0
-15.1091 22.6096 -115.46109 0 0 -1
-15.1591 22.6096 -115.46109 0 0 -1
-15.1591 22.6096 -115.46109 -1 0 0
15.1573 22.6096 -116.98611 1 0 0
15.1573 22.6096 -116.98611 0 0 -1
15.1073 22.6096 -116.98611 0 0 -1
15.1073 22.6096 -116.98611 -1 0 0
15.1073 22.6096 -116.9361 0 0 1
15.1073 22.6096 -116.9361 -1 0 0
15.1573 22.6096 -116.9361 1 0 0
15.1573 22.6096 -116.9361 0 0 1
15.1573 21.3349 -116.9361 1 0 0
15.1573 21.3349 -116.9361 0 0 1
15.1073 21.3349 -116.9361 0 0 1
15.1073 21.3349 -116.9361 -1 0 0
15.1073 21.3349 -116.98611 0 0 -1
15.1073 21.3349 -116.98611 -1 0 0
15.1573 21.3349 -116.98611 1 0 0
15.1573 21.3349 -116.98611 0 0 -1
-15.1591 22.6096 -116.98611 0 0 -1
-15.1591 22.6096 -116.98611 -1 0 0
-15.1091 22.6096 -116.98611 1 0 0
-15.1091 22.6096 -116.98611 0 0 -1
-15.1091 22.6096 -116.9361 1 0 0
-15.1091 22.6096 -116.9361 0 0 1
-15.1591 22.6096 -116.9361 0 0 1
-15.1591 22.6096 -116.9361 -1 0 0
-15.1591 21.3349 -116.9361 0 0 1
-15.1591 21.3349 -116.9361 -1 0 0
-15.1091 21.3349 -116.9361 1 0 0
-15.1091 21.3349 -116.9361 0 0 1
-15.1091 21.3349 -116.98611 1 0 0
-15.1091 21.3349 -116.98611 0 0 -1
-15.1591 21.3349 -116.98611 0 0 -1
-15.1591 21.3349 -116.98611 -1 0 0
15.1573 21.3349 -118.51111 1 0 0
15.1573 21.3349 -118.51111 0 0 -1
15.1073 21.3349 -118.51111 0 0 -1
15.1073 21.3349 -118.51111 -1 0 0
15.1073 21.3349 -118.46111 0 0 1
15.1073 21.3349 -118.46111 -1 0 0
15.1573 21.3349 -118.46111 1 0 0
15.1573 21.3349 -118.46111 0 0 1
15.1573 22.6096 -118.46111 1 0 0
15.1573 22.6096 -118.46111 0 0 1
15.1073 22.6096 -118.46111 0 0 1
15.1073 22.6096 -118.46111 -1 0 0
15.1073 22.6096 -118.51111 0 0 -1
15.1073 22.6096 -118.51111 -1 0 0
15.1573 22.6096 -118.51111 1 0 0
15.1573 22.6096 -118.51111 0 0 -1
-15.1591 21.3349 -118.51111 0 0 -1
-15.1591 21.3349 -118.51111 -1 0 0
-15.1091 21.3349 -118.51111 1 0 0
-15.1091 21.3349 -118.51111 0 0 -1
-15.1091 21.3349 -118.46111 1 0 0
-15.1091 21.3349 -118.46111 0 0 1
-15.1591 21.3349 -118.46111 0 0 1
-15.1591 21.3349 -118.46111 -1 0 0
-15.1591 22.6096 -118.46111 0 0 1
-15.1591 22.6096 -118.46111 -1 0 0
-15.1091 22.6096 -118.46111 1 0 0
-15.1091 22.6096 -118.46111 0 0 1
-15.1091 22.6096 -118.51111 1 0 0
-15.1091 22.6096 -118.51111 0 0 -1
-15.1591 22.6096 -118.51111 0 0 -1
-15.1591 22.6096 -118.51111 -1 0 0
13.8237 21.3349 -120.02594 1 0 0
13.8237 21.3349 -120.02594 0 0 -1
13.7737 21.3349 -120.02594 0 0 -1
13.7737 21.3349 -120.02594 -1 0 0
13.7737 21.3349 -119.9759 0 0 1
13.7737 21.3349 -119.9759 -1 0 0
13.8237 21.3349 -119.9759 1 0 0
13.8237 21.3349 -119.9759 0 0 1
13.8237 22.6096 -119.9759 1 0 0
13.8237 22.6096 -119.9759 0 0 1
13.7737 22.6096 -119.9759 0 0 1
13.7737 22.6096 -119.9759 -1 0 0
13.7737 22.6096 -120.02594 0 0 -1
13.7737 22.6096 -120.02594 -1 0 0
13.8237 22.6096 -120.02594 1 0 0
13.8237 22.6096 -120.02594 0 0 -1
12.3237 22.6096 -120.02594 1 0 0
12.3237 22.6096 -120.02594 0 0 -1
12.2737 22.6096 -120.02594 0 0 -1
12.2737 22.6096 -120.02594 -1 0 0
12.2737 22.6096 -119.9759 0 0 1
12.2737 22.6096 -119.9759 -1 0 0
12.3237 22.6096 -119.9759 1 0 0
12.3237 22.6096 -119.9759 0 0 1
12.3237 21.3349 -119.9759 1 0 0
12.3237 21.3349 -119.9759 0 0 1
12.2737 21.3349 -119.9759 0 0 1
12.2737 21.3349 -119.9759 -1 0 0
12.2737 21.3349 -120.02594 0 0 -1
12.2737 21.3349 -120.02594 -1 0 0
12.3237 21.3349 -120.02594 1 0 0
12.3237 21.3349 -120.02594 0 0 -1
10.8237 21.3349 -120.02594 1 0 0
10.8237 21.3349 -120.02594 0 0 -1
10.7737 21.3349 -120.02594 0 0 -1
10.7737 21.3349 -120.02594 -1 0 0
10.7737 21.3349 -119.9759 0 0 1
10.7737 21.3349 -119.9759 -1 0 0
10.8237 21.3349 -119.9759 1 0 0
10.8237 21.3349 -119.9759 0 0 1
10.8237 22.6096 -119.9759 1 0 0
10.8237 22.6096 -119.9759 0 0 1
10.7737 22.6096 -119.9759 0 0 1
10.7737 22.6096 -119.9759 -1 0 0
10.7737 22.6096 -120.02594 0 0 -1
10.7737 22.6096 -120.02594 -1 0 0
10.8237 22.6096 -120.02594 1 0 0
10.8237 22.6096 -120.02594 0 0 -1
9.32369 22.6096 -120.02594 1 0 0
9.32369 22.6096 -120.02594 0 0 -1
9.27369 22.6096 -120.02594 0 0 -1
9.27369 22.6096 -120.02594 -1 0 0
9.27369 22.6096 -119.9759 0 0 1
9.27369 22.6096 -119.9759 -1 0 0
9.32369 22.6096 -119.9759 1 0 0
9.32369 22.6096 -119.9759 0 0 1
9.32369 21.3349 -119.9759 1 0 0
9.32369 21.3349 -119.9759 0 0 1
9.27369 21.3349 -119.9759 0 0 1
9.27369 21.3349 -119.9759 -1 0 0
9.27369 21.3349 -120.02594 0 0 -1
9.27369 21.3349 -120.02594 -1 0 0
9.32369 21.3349 -120.02594 1 0 0
9.32369 21.3349 -120.02594 0 0 -1
7.82369 21.3349 -120.02594 1 0 0
7.82369 21.3349 -120.02594 0 0 -1
7.77369 21.3349 -120.02594 0 0 -1
7.77369 21.3349 -120.02594 -1 0 0
7.77369 21.3349 -119.9759 0 0 1
7.77369 21.3349 -119.9759 -1 0 0
7.82369 21.3349 -119.9759 1 0 0
7.82369 21.3349 -119.9759 0 0 1
7.82369 22.6096 -119.9759 1 0 0
7.82369 22.6096 -119.9759 0 0 1
7.77369 22.6096 -119.9759 0 0 1
7.77369 22.6096 -119.9759 -1 0 0
7.77369 22.6096 -120.02594 0 0 -1
7.77369 22.6096 -120.02594 -1 0 0
7.82369 22.6096 -120.02594 1 0 0
7.82369 22.6096 -120.02594 0 0 -1
6.32369 22.6096 -120.02594 1 0 0
6.32369 22.6096 -120.02594 0 0 -1
6.27369 22.6096 -120.02594 0 0 -1
6.27369 22.6096 -120.02594 -1 0 0
6.27369 22.6096 -119.9759 0 0 1
6.27369 22.6096 -119.9759 -1 0 0
6.32369 22.6096 -119.9759 1 0 0
6.32369 22.6096 -119.9759 0 0 1
6.32369 21.3349 -119.9759 1 0 0
6.32369 21.3349 -119.9759 0 0 1
6.27369 21.3349 -119.9759 0 0 1
6.27369 21.3349 -119.9759 -1 0 0
6.27369 21.3349 -120.02594 0 0 -1
6.27369 21.3349 -120.02594 -1 0 0
6.32369 21.3349 -120.02594 1 0 0
6.32369 21.3349 -120.02594 0 0 -1
4.82369 21.3349 -120.02594 1 0 0
4.82369 21.3349 -120.02594 0 0 -1
4.77369 21.3349 -120.02594 0 0 -1
4.77369 21.3349 -120.02594 -1 0 0
4.77369 21.3349 -119.9759 0 0 1
4.77369 21.3349 -119.9759 -1 0 0
4.82369 21.3349 -119.9759 1 0 0
4.82369 21.3349 -119.9759 0 0 1
4.82369 22.6096 -119.9759 1 0 0
4.82369 22.6096 -119.9759 0 0 1
4.77369 22.6096 -119.9759 0 0 1
4.77369 22.6096 -119.9759 -1 0 0
4.77369 22.6096 -120.02594 0 0 -1
4.77369 22.6096 -120.02594 -1 0 0
4.82369 22.6096 -120.02594 1 0 0
4.82369 22.6096 -120.02594 0 0 -1
3.32369 22.6096 -120.02594 1 0 0
3.32369 22.6096 -120.02594 0 0 -1
3.27369 22.6096 -120.02594 0 0 -1
3.27369 22.6096 -120.02594 -1 0 0
3.27369 22.6096 -119.9759 0 0 1
3.27369 22.6096 -119.9759 -1 0 0
3.32369 22.6096 -119.9759 1 0 0
3.32369 22.6096 -119.9759 0 0 1
3.32369 21.3349 -119.9759 1 0 0
3.32369 21.3349 -119.9759 0 0 1
3.27369 21.3349 -119.9759 0 0 1
3.27369 21.3349 -119.9759 -1 0 0
3.27369 21.3349 -120.02594 0 0 -1
3.27369 21.3349 -120.02594 -1 0 0
3.32369 21.3349 -120.02594 1 0 0
3.32369 21.3349 -120.02594 0 0 -1
1.82369 21.3349 -120.02594 1 0 0
1.82369 21.3349 -120.02594 0 0 -1
1.77369 21.3349 -120.02594 0 0 -1
1.77369 21.3349 -120.02594 -1 0 0
1.77369 21.3349 -119.9759 0 0 1
1.77369 21.3349 -119.9759 -1 0 0
1.82369 21.3349 -119.9759 1 0 0
1.82369 21.3349 -119.9759 0 0 1
1.82369 22.6096 -119.9759 1 0 0
1.82369 22.6096 -119.9759 0 0 1
1.77369 22.6096 -119.9759 0 0 1
1.77369 22.6096 -119.9759 -1 0 0
1.77369 22.6096 -120.02594 0 0 -1
1.77369 22.6096 -120.02594 -1 0 0
1.82369 22.6096 -120.02594 1 0 0
1.82369 22.6096 -120.02594 0 0 -1
-13.8237 21.3349 -120.02594 0 0 -1
-13.8237 21.3349 -120.02594 -1 0 0
-13.7737 21.3349 -120.02594 1 0 0
-13.7737 21.3349 -120.02594 0 0 -1
-13.7737 21.3349 -119.9759 1 0 0
-13.7737 21.3349 -119.9759 0 0 1
-13.8237 21.3349 -119.9759 0 0 1
-13.8237 21.3349 -119.9759 -1 0 0
-13.8237 22.6096 -119.9759 0 0 1
-13.8237 22.6096 -119.9759 -1 0 0
-13.7737 22.6096 -119.9759 1 0 0
-13.7737 22.6096 -119.9759 0 0 1
-13.7737 22.6096 -120.02594 1 0 0
-13.7737 22.6096 -120.02594 0 0 -1
-13.8237 22.6096 -120.02594 0 0 -1
-13.8237 22.6096 -120.02594 -1 0 0
-12.3237 22.6096 -120.02594 0 0 -1
-12.3237 22.6096 -120.02594 -1 0 0
-12.2737 22.6096 -120.02594 1 0 0
-12.2737 22.6096 -120.02594 0 0 -1
-12.2737 22.6096 -119.9759 1 0 0
-12.2737 22.6096 -119.9759 0 0 1
-12.3237 22.6096 -119.9759 0 0 1
-12.3237 22.6096 -119.9759 -1 0 0
-12.3237 21.3349 -119.9759 0 0 1
-12.3237 21.3349 -119.9759 -1 0 0
-12.2737 21.3349 -119.9759 1 0 0
-12.2737 21.3349 -119.9759 0 0 1
-12.2737 21.3349 -120.02594 1 0 0
-12.2737 21.3349 -120.02594 0 0 -1
-12.3237 21.3349 -120.02594 0 0 -1
-12.3237 21.3349 -120.02594 -1 0 0
-10.8237 21.3349 -120.02594 0 0 -1
-10.8237 21.3349 -120.02594 -1 0 0
-10.7737 21.3349 -120.02594 1 0 0
-10.7737 21.3349 -120.02594 0 0 -1
-10.7737 21.3349 -119.9759 1 0 0
-10.7737 21.3349 -119.9759 0 0 1
-10.8237 21.3349 -119.9759 0 0 1
-10.8237 21.3349 -119.9759 -1 0 0
-10.8237 22.6096 -119.9759 0 0 1
-10.8237 22.6096 -119.9759 -1 0 0
-10.7737 22.6096 -119.9759 1 0 0
-10.7737 22.6096 -119.9759 0 0 1
-10.7737 22.6096 -120.02594 1 0 0
-10.7737 22.6096 -120.02594 0 0 -1
-10.8237 22.6096 -120.02594 0 0 -1
-10.8237 22.6096 -120.02594 -1 0 0
-9.3237 22.6096 -120.02594 0 0 -1
-9.3237 22.6096 -120.02594 -1 0 0
-9.2737 22.6096 -120.02594 1 0 0
-9.2737 22.6096 -120.02594 0 0 -1
-9.2737 22.6096 -119.9759 1 0 0
-9.2737 22.6096 -119.9759 0 0 1
-9.3237 22.6096 -119.9759 0 0 1
-9.3237 22.6096 -119.9759 -1 0 0
-9.3237 21.3349 -119.9759 0 0 1
-9.3237 21.3349 -119.9759 -1 0 0
-9.2737 21.3349 -119.9759 1 0 0
-9.2737 21.3349 -119.9759 0 0 1
-9.2737 21.3349 -120.02594 1 0 0
-9.2737 21.3349 -120.02594 0 0 -1
-9.3237 21.3349 -120.02594 0 0 -1
-9.3237 21.3349 -120.02594 -1 0 0
-7.8237 21.3349 -120.02594 0 0 -1
-7.8237 21.3349 -120.02594 -1 0 0
-7.7737 21.3349 -120.02594 1 0 0
-7.7737 21.3349 -120.02594 0 0 -1
-7.7737 21.3349 -119.9759 1 0 0
-7.7737 21.3349 -119.9759 0 0 1
-7.8237 21.3349 -119.9759 0 0 1
-7.8237 21.3349 -119.9759 -1 0 0
-7.8237 22.6096 -119.9759 0 0 1
-7.8237 22.6096 -119.9759 -1 0 0
-7.7737 22.6096 -119.9759 1 0 0
-7.7737 22.6096 -119.9759 0 0 1
-7.7737 22.6096 -120.02594 1 0 0
-7.7737 22.6096 -120.02594 0 0 -1
-7.8237 22.6096 -120.02594 0 0 -1
-7.8237 22.6096 -120.02594 -1 0 0
-6.3237 22.6096 -120.02594 0 0 -1
-6.3237 22.6096 -120.02594 -1 0 0
-6.2737 22.6096 -120.02594 1 0 0
-6.2737 22.6096 -120.02594 0 0 -1
-6.2737 22.6096 -119.9759 1 0 0
-6.2737 22.6096 -119.9759 0 0 1
-6.3237 22.6096 -119.9759 0 0 1
-6.3237 22.6096 -119.9759 -1 0 0
-6.3237 21.3349 -119.9759 0 0 1
-6.3237 21.3349 -119.9759 -1 0 0
-6.2737 21.3349 -119.9759 1 0 0
-6.2737 21.3349 -119.9759 0 0 1
-6.2737 21.3349 -120.02594 1 0 0
-6.2737 21.3349 -120.02594 0 0 -1
-6.3237 21.3349 -120.02594 0 0 -1
-6.3237 21.3349 -120.02594 -1 0 0
-4.8237 21.3349 -120.02594 0 0 -1
-4.8237 21.3349 -120.02594 -1 0 0
-4.7737 21.3349 -120.02594 1 0 0
-4.7737 21.3349 -120.02594 0 0 -1
-4.7737 21.3349 -119.9759 1 0 0
-4.7737 21.3349 -119.9759 0 0 1
-4.8237 21.3349 -119.9759 0 0 1
-4.8237 21.3349 -119.9759 -1 0 0
-4.8237 22.6096 -119.9759 0 0 1
-4.8237 22.6096 -119.9759 -1 0 0
-4.7737 22.6096 -119.9759 1 0 0
-4.7737 22.6096 -119.9759 0 0 1
-4.7737 22.6096 -120.02594 1 0 0
-4.7737 22.6096 -120.02594 0 0 -1
-4.8237 22.6096 -120.02594 0 0 -1
-4.8237 22.6096 -120.02594 -1 0 0
-3.3237 22.6096 -120.02594 0 0 -1
-3.3237 22.6096 -120.02594 -1 0 0
-3.2737 22.6096 -120.02594 1 0 0
-3.2737 22.6096 -120.02594 0 0 -1
-3.2737 22.6096 -119.9759 1 0 0
-3.2737 22.6096 -119.9759 0 0 1
-3.3237 22.6096 -119.9759 0 0 1
-3.3237 22.6096 -119.9759 -1 0 0
-3.3237 21.3349 -119.9759 0 0 1
-3.3237 21.3349 -119.9759 -1 0 0
-3.2737 21.3349 -119.9759 1 0 0
-3.2737 21.3349 -119.9759 0 0 1
-3.2737 21.3349 -120.02594 1 0 0
-3.2737 21.3349 -120.02594 0 0 -1
-3.3237 21.3349 -120.02594 0 0 -1
-3.3237 21.3349 -120.02594 -1 0 0
-1.8237 21.3349 -120.02594 0 0 -1
-1.8237 21.3349 -120.02594 -1 0 0
-1.7737 21.3349 -120.02594 1 0 0
-1.7737 21.3349 -120.02594 0 0 -1
-1.7737 21.3349 -119.9759 1 0 0
-1.7737 21.3349 -119.9759 0 0 1
-1.8237 21.3349 -119.9759 0 0 1
-1.8237 21.3349 -119.9759 -1 0 0
-1.8237 22.6096 -119.9759 0 0 1
-1.8237 22.6096 -119.9759 -1 0 0
-1.7737 22.6096 -119.9759 1 0 0
-1.7737 22.6096 -119.9759 0 0 1
-1.7737 22.6096 -120.02594 1 0 0
-1.7737 22.6096 -120.02594 0 0 -1
-1.8237 22.6096 -120.02594 0 0 -1
-1.8237 22.6096 -120.02594 -1 0 0
15.1573 18.2348 -109.46109 1 0 0
15.1573 18.2348 -109.46109 0 0 -1
15.1073 18.2348 -109.46109 0 0 -1
15.1073 18.2348 -109.46109 -1 0 0
15.1073 18.2348 -109.41109 0 0 1
15.1073 18.2348 -109.41109 -1 0 0
15.1573 18.2348 -109.41109 1 0 0
15.1573 18.2348 -109.41109 0 0 1
15.1573 19.5095 -109.41109 1 0 0
15.1573 19.5095 -109.41109 0 0 1
15.1073 19.5095 -109.41109 0 0 1
15.1073 19.5095 -109.41109 -1 0 0
15.1073 19.5095 -109.46109 0 0 -1
15.1073 19.5095 -109.46109 -1 0 0
15.1573 19.5095 -109.46109 1 0 0
15.1573 19.5095 -109.46109 0 0 -1
-15.1591 18.2348 -109.46109 0 0 -1
-15.1591 18.2348 -109.46109 -1 0 0
-15.1091 18.2348 -109.46109 1 0 0
-15.1091 18.2348 -109.46109 0 0 -1
-15.1091 18.2348 -109.41109 1 0 0
-15.1091 18.2348 -109.41109 0 0 1
-15.1591 18.2348 -109.41109 0 0 1
-15.1591 18.2348 -109.41109 -1 0 0
-15.1591 19.5095 -109.41109 0 0 1
-15.1591 19.5095 -109.41109 -1 0 0
-15.1091 19.5095 -109.41109 1 0 0
-15.1091 19.5095 -109.41109 0 0 1
-15.1091 19.5095 -109.46109 1 0 0
-15.1091 19.5095 -109.46109 0 0 -1
-15.1591 19.5095 -109.46109 0 0 -1
-15.1591 19.5095 -109.46109 -1 0 0
15.1573 19.5095 -110.98611 1 0 0
15.1573 19.5095 -110.98611 0 0 -1
15.1073 19.5095 -110.98611 0 0 -1
15.1073 19.5095 -110.98611 -1 0 0
15.1073 19.5095 -110.9361 0 0 1
15.1073 19.5095 -110.9361 -1 0 0
15.1573 19.5095 -110.9361 1 0 0
15.1573 19.5095 -110.9361 0 0 1
15.1573 18.2348 -110.9361 1 0 0
15.1573 18.2348 -110.9361 0 0 1
15.1073 18.2348 -110.9361 0 0 1
15.1073 18.2348 -110.9361 -1 0 0
15.1073 18.2348 -110.98611 0 0 -1
15.1073 18.2348 -110.98611 -1 0 0
15.1573 18.2348 -110.98611 1 0 0
15.1573 18.2348 -110.98611 0 0 -1
-15.1591 19.5095 -110.98611 0 0 -1
-15.1591 19.5095 -110.98611 -1 0 0
-15.1091 19.5095 -110.98611 1 0 0
-15.1091 19.5095 -110.98611 0 0 -1
-15.1091 19.5095 -110.9361 1 0 0
-15.1091 19.5095 -110.9361 0 0 1
-15.1591 19.5095 -110.9361 0 0 1
-15.1591 19.5095 -110.9361 -1 0 0
-15.1591 18.2348 -110.9361 0 0 1
-15.1591 18.2348 -110.9361 -1 0 0
-15.1091 18.2348 -110.9361 1 0 0
-15.1091 18.2348 -110.9361 0 0 1
-15.1091 18.2348 -110.98611 1 0 0
-15.1091 18.2348 -110.98611 0 0 -1
-15.1591 18.2348 -110.98611 0 0 -1
-15.1591 18.2348 -110.98611 -1 0 0
15.1573 18.2348 -112.51111 1 0 0
15.1573 18.2348 -112.51111 0 0 -1
15.1073 18.2348 -112.51111 0 0 -1
15.1073 18.2348 -112.51111 -1 0 0
15.1073 18.2348 -112.46111 0 0 1
15.1073 18.2348 -112.46111 -1 0 0
15.1573 18.2348 -112.46111 1 0 0
15.1573 18.2348 -112.46111 0 0 1
15.1573 19.5095 -112.46111 1 0 0
15.1573 19.5095 -112.46111 0 0 1
15.1073 19.5095 -112.46111 0 0 1
15.1073 19.5095 -112.46111 -1 0 0
15.1073 19.5095 -112.51111 0 0 -1
15.1073 19.5095 -112.51111 -1 0 0
15.1573 19.5095 -112.51111 1 0 0
15.1573 19.5095 -112.51111 0 0 -1
-15.1591 18.2348 -112.51111 0 0 -1
-15.1591 18.2348 -112.51111 -1 0 0
-15.1091 18.2348 -112.51111 1 0 0
-15.1091 18.2348 -112.51111 0 0 -1
-15.1091 18.2348 -112.46111 1 0 0
-15.1091 18.2348 -112.46111 0 0 1
-15.1591 18.2348 -112.46111 0 0 1
-15.1591 18.2348 -112.46111 -1 0 0
-15.1591 19.5095 -112.46111 0 0 1
-15.1591 19.5095 -112.46111 -1 0 0
-15.1091 19.5095 -112.46111 1 0 0
-15.1091 19.5095 -112.46111 0 0 1
-15.1091 19.5095 -112.51111 1 0 0
-15.1091 19.5095 -112.51111 0 0 -1
-15.1591 19.5095 -112.51111 0 0 -1
-15.1591 19.5095 -112.51111 -1 0 0
-14.9781 19.5095 -120.02594 1 0 0
-14.9781 19.5095 -120.02594 0 0 -1
-15.0281 19.5095 -120.02594 0 0 -1
-15.0281 19.5095 -120.02594 -1 0 0
-15.0281 19.5095 -119.9759 0 0 1
-15.0281 19.5095 -119.9759 -1 0 0
-14.9781 19.5095 -119.9759 1 0 0
-14.9781 19.5095 -119.9759 0 0 1
-14.9781 18.2348 -119.9759 1 0 0
-14.9781 18.2348 -119.9759 0 0 1
-15.0281 18.2348 -119.9759 0 0 1
-15.0281 18.2348 -119.9759 -1 0 0
-15.0281 18.2348 -120.02594 0 0 -1
-15.0281 18.2348 -120.02594 -1 0 0
-14.9781 18.2348 -120.02594 1 0 0
-14.9781 18.2348 -120.02594 0 0 -1
0.023695 18.2348 -120.02594 1 0 0
0.023695 18.2348 -120.02594 0 0 -1
-0.026305 18.2348 -120.02594 0 0 -1
-0.026305 18.2348 -120.02594 -1 0 0
-0.026305 18.2348 -119.9759 0 0 1
-0.026305 18.2348 -119.9759 -1 0 0
0.023695 18.2348 -119.9759 1 0 0
0.023695 18.2348 -119.9759 0 0 1
0.023695 19.5095 -119.9759 1 0 0
0.023695 19.5095 -119.9759 0 0 1
-0.026305 19.5095 -119.9759 0 0 1
-0.026305 19.5095 -119.9759 -1 0 0
-0.026305 19.5095 -120.02594 0 0 -1
-0.026305 19.5095 -120.02594 -1 0 0
0.023695 19.5095 -120.02594 1 0 0
0.023695 19.5095 -120.02594 0 0 -1
15.1573 18.2348 -103.46109 1 0 0
15.1573 18.2348 -103.46109 0 0 -1
15.1073 18.2348 -103.46109 0 0 -1
15.1073 18.2348 -103.46109 -1 0 0
15.1073 18.2348 -103.41109 0 0 1
15.1073 18.2348 -103.41109 -1 0 0
15.1573 18.2348 -103.41109 1 0 0
15.1573 18.2348 -103.41109 0 0 1
15.1573 19.5095 -103.41109 1 0 0
15.1573 19.5095 -103.41109 0 0 1
15.1073 19.5095 -103.41109 0 0 1
15.1073 19.5095 -103.41109 -1 0 0
15.1073 19.5095 -103.46109 0 0 -1
15.1073 19.5095 -103.46109 -1 0 0
15.1573 19.5095 -103.46109 1 0 0
15.1573 19.5095 -103.46109 0 0 -1
-15.1591 18.2348 -103.46109 0 0 -1
-15.1591 18.2348 -103.46109 -1 0 0
-15.1091 18.2348 -103.46109 1 0 0
-15.1091 18.2348 -103.46109 0 0 -1
-15.1091 18.2348 -103.41109 1 0 0
-15.1091 18.2348 -103.41109 0 0 1
-15.1591 18.2348 -103.41109 0 0 1
-15.1591 18.2348 -103.41109 -1 0 0
-15.1591 19.5095 -103.41109 0 0 1
-15.1591 19.5095 -103.41109 -1 0 0
-15.1091 19.5095 -103.41109 1 0 0
-15.1091 19.5095 -103.41109 0 0 1
-15.1091 19.5095 -103.46109 1 0 0
-15.1091 19.5095 -103.46109 0 0 -1
-15.1591 19.5095 -103.46109 0 0 -1
-15.1591 19.5095 -103.46109 -1 0 0
15.1573 19.5095 -104.98611 1 0 0
15.1573 19.5095 -104.98611 0 0 -1
15.1073 19.5095 -104.98611 0 0 -1
15.1073 19.5095 -104.98611 -1 0 0
15.1073 19.5095 -104.9361 0 0 1
15.1073 19.5095 -104.9361 -1 0 0
15.1573 19.5095 -104.9361 1 0 0
15.1573 19.5095 -104.9361 0 0 1
15.1573 18.2348 -104.9361 1 0 0
15.1573 18.2348 -104.9361 0 0 1
15.1073 18.2348 -104.9361 0 0 1
15.1073 18.2348 -104.9361 -1 0 0
15.1073 18.2348 -104.98611 0 0 -1
15.1073 18.2348 -104.98611 -1 0 0
15.1573 18.2348 -104.98611 1 0 0
15.1573 18.2348 -104.98611 0 0 -1
-15.1591 19.5095 -104.98611 0 0 -1
-15.1591 19.5095 -104.98611 -1 0 0
-15.1091 19.5095 -104.98611 1 0 0
-15.1091 19.5095 -104.98611 0 0 -1
-15.1091 19.5095 -104.9361 1 0 0
-15.1091 19.5095 -104.9361 0 0 1
-15.1591 19.5095 -104.9361 0 0 1
-15.1591 19.5095 -104.9361 -1 0 0
-15.1591 18.2348 -104.9361 0 0 1
-15.1591 18.2348 -104.9361 -1 0 0
-15.1091 18.2348 -104.9361 1 0 0
-15.1091 18.2348 -104.9361 0 0 1
-15.1091 18.2348 -104.98611 1 0 0
-15.1091 18.2348 -104.98611 0 0 -1
-15.1591 18.2348 -104.98611 0 0 -1
-15.1591 18.2348 -104.98611 -1 0 0
15.1573 18.2348 -106.51111 1 0 0
15.1573 18.2348 -106.51111 0 0 -1
15.1073 18.2348 -106.51111 0 0 -1
15.1073 18.2348 -106.51111 -1 0 0
15.1073 18.2348 -106.46111 0 0 1
15.1073 18.2348 -106.46111 -1 0 0
15.1573 18.2348 -106.46111 1 0 0
15.1573 18.2348 -106.46111 0 0 1
15.1573 19.5095 -106.46111 1 0 0
15.1573 19.5095 -106.46111 0 0 1
15.1073 19.5095 -106.46111 0 0 1
15.1073 19.5095 -106.46111 -1 0 0
15.1073 19.5095 -106.51111 0 0 -1
15.1073 19.5095 -106.51111 -1 0 0
15.1573 19.5095 -106.51111 1 0 0
15.1573 19.5095 -106.51111 0 0 -1
-15.1591 18.2348 -106.51111 0 0 -1
-15.1591 18.2348 -106.51111 -1 0 0
-15.1091 18.2348 -106.51111 1 0 0
-15.1091 18.2348 -106.51111 0 0 -1
-15.1091 18.2348 -106.46111 1 0 0
-15.1091 18.2348 -106.46111 0 0 1
-15.1591 18.2348 -106.46111 0 0 1
-15.1591 18.2348 -106.46111 -1 0 0
-15.1591 19.5095 -106.46111 0 0 1
-15.1591 19.5095 -106.46111 -1 0 0
-15.1091 19.5095 -106.46111 1 0 0
-15.1091 19.5095 -106.46111 0 0 1
-15.1091 19.5095 -106.51111 1 0 0
-15.1091 19.5095 -106.51111 0 0 -1
-15.1591 19.5095 -106.51111 0 0 -1
-15.1591 19.5095 -106.51111 -1 0 0
15.1573 18.8348 -101.99689 1 0 0
15.1573 18.8348 -101.99689 0 -1 0
15.1073 18.8348 -101.99689 0 -1 0
15.1073 18.8348 -101.99689 -1 0 0
15.1073 18.8848 -101.99689 0 1 0
15.1073 18.8848 -101.99689 -1 0 0
15.1573 18.8848 -101.99689 1 0 0
15.1573 18.8848 -101.99689 0 1 0
15.1573 18.8848 -119.97654 1 0 0
15.1573 18.8848 -119.97654 0 1 0
15.1073 18.8848 -119.97654 0 1 0
15.1073 18.8848 -119.97654 -1 0 0
15.1073 18.8348 -119.97654 0 -1 0
15.1073 18.8348 -119.97654 -1 0 0
15.1573 18.8348 -119.97654 1 0 0
15.1573 18.8348 -119.97654 0 -1 0
-15.1591 18.8348 -101.99689 0 -1 0
-15.1591 18.8348 -101.99689 -1 0 0
-15.1091 18.8348 -101.99689 1 0 0
-15.1091 18.8348 -101.99689 0 -1 0
-15.1091 18.8848 -101.99689 1 0 0
-15.1091 18.8848 -101.99689 0 1 0
-15.1591 18.8848 -101.99689 0 1 0
-15.1591 18.8848 -101.99689 -1 0 0
-15.1591 18.8848 -119.97654 0 1 0
-15.1591 18.8848 -119.97654 -1 0 0
-15.1091 18.8848 -119.97654 1 0 0
-15.1091 18.8848 -119.97654 0 1 0
-15.1091 18.8348 -119.97654 1 0 0
-15.1091 18.8348 -119.97654 0 -1 0
-15.1591 18.8348 -119.97654 0 -1 0
-15.1591 18.8348 -119.97654 -1 0 0
15.1573 19.5098 -119.97616 1 0 0
15.1573 19.5098 -119.97616 0 -1 0
15.1073 19.5098 -119.97616 0 -1 0
15.1073 19.5098 -119.97616 -1 0 0
15.1073 19.5598 -119.97616 0 1 0
15.1073 19.5598 -119.97616 -1 0 0
15.1573 19.5598 -119.97616 1 0 0
15.1573 19.5598 -119.97616 0 1 0
15.1573 19.5598 -101.99638 1 0 0
15.1573 19.5598 -101.99638 0 1 0
15.1073 19.5598 -101.99638 0 1 0
15.1073 19.5598 -101.99638 -1 0 0
15.1073 19.5098 -101.99638 0 -1 0
15.1073 19.5098 -101.99638 -1 0 0
15.1573 19.5098 -101.99638 1 0 0
15.1573 19.5098 -101.99638 0 -1 0
-15.1591 19.5098 -119.97616 0 -1 0
-15.1591 19.5098 -119.97616 -1 0 0
-15.1091 19.5098 -119.97616 1 0 0
-15.1091 19.5098 -119.97616 0 -1 0
-15.1091 19.5598 -119.97616 1 0 0
-15.1091 19.5598 -119.97616 0 1 0
-15.1591 19.5598 -119.97616 0 1 0
-15.1591 19.5598 -119.97616 -1 0 0
-15.1591 19.5598 -101.99638 0 1 0
-15.1591 19.5598 -101.99638 -1 0 0
-15.1091 19.5598 -101.99638 1 0 0
-15.1091 19.5598 -101.99638 0 1 0
-15.1091 19.5098 -101.99638 1 0 0
-15.1091 19.5098 -101.99638 0 -1 0
-15.1591 19.5098 -101.99638 0 -1 0
-15.1591 19.5098 -101.99638 -1 0 0
15.1571 19.5098 -120.02644 1 0 0
15.1571 19.5098 -120.02644 0 -1 0
15.1571 19.5098 -120.02644 0 0 -1
15.1571 19.5098 -119.97642 1 0 0
15.1571 19.5098 -119.97642 0 -1 0
15.1571 19.5098 -119.97642 0 0 1
15.1571 19.5598 -119.97642 1 0 0
15.1571 19.5598 -119.97642 0 0 1
15.1571 19.5598 -119.97642 0 1 0
15.1571 19.5598 -120.02644 1 0 0
15.1571 19.5598 -120.02644 0 0 -1
15.1571 19.5598 -120.02644 0 1 0
-15.1587 19.5598 -120.02644 0 0 -1
-15.1587 19.5598 -120.02644 0 1 0
-15.1587 19.5598 -120.02644 -1 0 0
-15.1587 19.5598 -119.97642 0 0 1
-15.1587 19.5598 -119.97642 0 1 0
-15.1587 19.5598 -119.97642 -1 0 0
-15.1587 19.5098 -119.97642 0 -1 0
-15.1587 19.5098 -119.97642 0 0 1
-15.1587 19.5098 -119.97642 -1 0 0
-15.1587 19.5098 -120.02644 0 -1 0
-15.1587 19.5098 -120.02644 0 0 -1
-15.1587 19.5098 -120.02644 -1 0 0
-15.1593 18.8348 -120.02644 0 -1 0
-15.1593 18.8348 -120.02644 0 0 -1
-15.1593 18.8348 -120.02644 -1 0 0
-15.1593 18.8348 -119.97642 0 -1 0
-15.1593 18.8348 -119.97642 0 0 1
-15.1593 18.8348 -119.97642 -1 0 0
-15.1593 18.8848 -119.97642 0 0 1
-15.1593 18.8848 -119.97642 0 1 0
-15.1593 18.8848 -119.97642 -1 0 0
-15.1593 18.8848 -120.02644 0 0 -1
-15.1593 18.8848 -120.02644 0 1 0
-15.1593 18.8848 -120.02644 -1 0 0
15.1565 18.8848 -120.02644 1 0 0
15.1565 18.8848 -120.02644 0 0 -1
15.1565 18.8848 -120.02644 0 1 0
15.1565 18.8848 -119.97642 1 0 0
15.1565 18.8848 -119.97642 0 0 1
15.1565 18.8848 -119.97642 0 1 0
15.1565 18.8348 -119.97642 1 0 0
15.1565 18.8348 -119.97642 0 -1 0
15.1565 18.8348 -119.97642 0 0 1
15.1565 18.8348 -120.02644 1 0 0
15.1565 18.8348 -120.02644 0 -1 0
15.1565 18.8348 -120.02644 0 0 -1
15.1573 18.2348 -115.46109 1 0 0
15.1573 18.2348 -115.46109 0 0 -1
15.1073 18.2348 -115.46109 0 0 -1
15.1073 18.2348 -115.46109 -1 0 0
15.1073 18.2348 -115.41109 0 0 1
15.1073 18.2348 -115.41109 -1 0 0
15.1573 18.2348 -115.41109 1 0 0
15.1573 18.2348 -115.41109 0 0 1
15.1573 19.5095 -115.41109 1 0 0
15.1573 19.5095 -115.41109 0 0 1
15.1073 19.5095 -115.41109 0 0 1
15.1073 19.5095 -115.41109 -1 0 0
15.1073 19.5095 -115.46109 0 0 -1
15.1073 19.5095 -115.46109 -1 0 0
15.1573 19.5095 -115.46109 1 0 0
15.1573 19.5095 -115.46109 0 0 -1
-15.1591 18.2348 -115.46109 0 0 -1
-15.1591 18.2348 -115.46109 -1 0 0
-15.1091 18.2348 -115.46109 1 0 0
-15.1091 18.2348 -115.46109 0 0 -1
-15.1091 18.2348 -115.41109 1 0 0
-15.1091 18.2348 -115.41109 0 0 1
-15.1591 18.2348 -115.41109 0 0 1
-15.1591 18.2348 -115.41109 -1 0 0
-15.1591 19.5095 -115.41109 0 0 1
-15.1591 19.5095 -115.41109 -1 0 0
-15.1091 19.5095 -115.41109 1 0 0
-15.1091 19.5095 -115.41109 0 0 1
-15.1091 19.5095 -115.46109 1 0 0
-15.1091 19.5095 -115.46109 0 0 -1
-15.1591 19.5095 -115.46109 0 0 -1
-15.1591 19.5095 -115.46109 -1 0 0
15.1573 19.5095 -116.98611 1 0 0
15.1573 19.5095 -116.98611 0 0 -1
15.1073 19.5095 -116.98611 0 0 -1
15.1073 19.5095 -116.98611 -1 0 0
15.1073 19.5095 -116.9361 0 0 1
15.1073 19.5095 -116.9361 -1 0 0
15.1573 19.5095 -116.9361 1 0 0
15.1573 19.5095 -116.9361 0 0 1
15.1573 18.2348 -116.9361 1 0 0
15.1573 18.2348 -116.9361 0 0 1
15.1073 18.2348 -116.9361 0 0 1
15.1073 18.2348 -116.9361 -1 0 0
15.1073 18.2348 -116.98611 0 0 -1
15.1073 18.2348 -116.98611 -1 0 0
15.1573 18.2348 -116.98611 1 0 0
15.1573 18.2348 -116.98611 0 0 -1
-15.1591 19.5095 -116.98611 0 0 -1
-15.1591 19.5095 -116.98611 -1 0 0
-15.1091 19.5095 -116.98611 1 0 0
-15.1091 19.5095 -116.98611 0 0 -1
-15.1091 19.5095 -116.9361 1 0 0
-15.1091 19.5095 -116.9361 0 0 1
-15.1591 19.5095 -116.9361 0 0 1
-15.1591 19.5095 -116.9361 -1 0 0
-15.1591 18.2348 -116.9361 0 0 1
-15.1591 18.2348 -116.9361 -1 0 0
-15.1091 18.2348 -116.9361 1 0 0
-15.1091 18.2348 -116.9361 0 0 1
-15.1091 18.2348 -116.98611 1 0 0
-15.1091 18.2348 -116.98611 0 0 -1
-15.1591 18.2348 -116.98611 0 0 -1
-15.1591 18.2348 -116.98611 -1 0 0
15.1573 18.2348 -118.51111 1 0 0
15.1573 18.2348 -118.51111 0 0 -1
15.1073 18.2348 -118.51111 0 0 -1
15.1073 18.2348 -118.51111 -1 0 0
15.1073 18.2348 -118.46111 0 0 1
15.1073 18.2348 -118.46111 -1 0 0
15.1573 18.2348 -118.46111 1 0 0
15.1573 18.2348 -118.46111 0 0 1
15.1573 19.5095 -118.46111 1 0 0
15.1573 19.5095 -118.46111 0 0 1
15.1073 19.5095 -118.46111 0 0 1
15.1073 19.5095 -118.46111 -1 0 0
15.1073 19.5095 -118.51111 0 0 -1
15.1073 19.5095 -118.51111 -1 0 0
15.1573 19.5095 -118.51111 1 0 0
15.1573 19.5095 -118.51111 0 0 -1
-15.1591 18.2348 -118.51111 0 0 -1
-15.1591 18.2348 -118.51111 -1 0 0
-15.1091 18.2348 -118.51111 1 0 0
-15.1091 18.2348 -118.51111 0 0 -1
-15.1091 18.2348 -118.46111 1 0 0
-15.1091 18.2348 -118.46111 0 0 1
-15.1591 18.2348 -118.46111 0 0 1
-15.1591 18.2348 -118.46111 -1 0 0
-15.1591 19.5095 -118.46111 0 0 1
-15.1591 19.5095 -118.46111 -1 0 0
-15.1091 19.5095 -118.46111 1 0 0
-15.1091 19.5095 -118.46111 0 0 1
-15.1091 19.5095 -118.51111 1 0 0
-15.1091 19.5095 -118.51111 0 0 -1
-15.1591 19.5095 -118.51111 0 0 -1
-15.1591 19.5095 -118.51111 -1 0 0
13.8237 18.2348 -120.02594 1 0 0
13.8237 18.2348 -120.02594 0 0 -1
13.7737 18.2348 -120.02594 0 0 -1
13.7737 18.2348 -120.02594 -1 0 0
13.7737 18.2348 -119.9759 0 0 1
13.7737 18.2348 -119.9759 -1 0 0
13.8237 18.2348 -119.9759 1 0 0
13.8237 18.2348 -119.9759 0 0 1
13.8237 19.5095 -119.9759 1 0 0
13.8237 19.5095 -119.9759 0 0 1
13.7737 19.5095 -119.9759 0 0 1
13.7737 19.5095 -119.9759 -1 0 0
13.7737 19.5095 -120.02594 0 0 -1
13.7737 19.5095 -120.02594 -1 0 0
13.8237 19.5095 -120.02594 1 0 0
13.8237 19.5095 -120.02594 0 0 -1
12.3237 19.5095 -120.02594 1 0 0
12.3237 19.5095 -120.02594 0 0 -1
12.2737 19.5095 -120.02594 0 0 -1
12.2737 19.5095 -120.02594 -1 0 0
12.2737 19.5095 -119.9759 0 0 1
12.2737 19.5095 -119.9759 -1 0 0
12.3237 19.5095 -119.9759 1 0 0
12.3237 19.5095 -119.9759 0 0 1
12.3237 18.2348 -119.9759 1 0 0
12.3237 18.2348 -119.9759 0 0 1
12.2737 18.2348 -119.9759 0 0 1
12.2737 18.2348 -119.9759 -1 0 0
12.2737 18.2348 -120.02594 0 0 -1
12.2737 18.2348 -120.02594 -1 0 0
12.3237 18.2348 -120.02594 1 0 0
12.3237 18.2348 -120.02594 0 0 -1
10.8237 18.2348 -120.02594 1 0 0
10.8237 18.2348 -120.02594 0 0 -1
10.7737 18.2348 -120.02594 0 0 -1
10.7737 18.2348 -120.02594 -1 0 0
10.7737 18.2348 -119.9759 0 0 1
10.7737 18.2348 -119.9759 -1 0 0
10.8237 18.2348 -119.9759 1 0 0
10.8237 18.2348 -119.9759 0 0 1
10.8237 19.5095 -119.9759 1 0 0
10.8237 19.5095 -119.9759 0 0 1
10.7737 19.5095 -119.9759 0 0 1
10.7737 19.5095 -119.9759 -1 0 0
10.7737 19.5095 -120.02594 0 0 -1
10.7737 19.5095 -120.02594 -1 0 0
10.8237 19.5095 -120.02594 1 0 0
10.8237 19.5095 -120.02594 0 0 -1
9.32369 19.5095 -120.02594 1 0 0
9.32369 19.5095 -120.02594 0 0 -1
9.27369 19.5095 -120.02594 0 0 -1
9.27369 19.5095 -120.02594 -1 0 0
9.27369 19.5095 -119.9759 0 0 1
9.27369 19.5095 -119.9759 -1 0 0
9.32369 19.5095 -119.9759 1 0 0
9.32369 19.5095 -119.9759 0 0 1
9.32369 18.2348 -119.9759 1 0 0
9.32369 18.2348 -119.9759 0 0 1
9.27369 18.2348 -119.9759 0 0 1
9.27369 18.2348 -119.9759 -1 0 0
9.27369 18.2348 -120.02594 0 0 -1
9.27369 18.2348 -120.02594 -1 0 0
9.32369 18.2348 -120.02594 1 0 0
9.32369 18.2348 -120.02594 0 0 -1
7.82369 18.2348 -120.02594 1 0 0
7.82369 18.2348 -120.02594 0 0 -1
7.77369 18.2348 -120.02594 0 0 -1
7.77369 18.2348 -120.02594 -1 0 0
7.77369 18.2348 -119.9759 0 0 1
7.77369 18.2348 -119.9759 -1 0 0
7.82369 18.2348 -119.9759 1 0 0
7.82369 18.2348 -119.9759 0 0 1
7.82369 19.5095 -119.9759 1 0 0
7.82369 19.5095 -119.9759 0 0 1
7.77369 19.5095 -119.9759 0 0 1
7.77369 19.5095 -119.9759 -1 0 0
7.77369 19.5095 -120.02594 0 0 -1
7.77369 19.5095 -120.02594 -1 0 0
7.82369 19.5095 -120.02594 1 0 0
7.82369 19.5095 -120.02594 0 0 -1
6.32369 19.5095 -120.02594 1 0 0
6.32369 19.5095 -120.02594 0 0 -1
6.27369 19.5095 -120.02594 0 0 -1
6.27369 19.5095 -120.02594 -1 0 0
6.27369 19.5095 -119.9759 0 0 1
6.27369 19.5095 -119.9759 -1 0 0
6.32369 19.5095 -119.9759 1 0 0
6.32369 19.5095 -119.9759 0 0 1
6.32369 18.2348 -119.9759 1 0 0
6.32369 18.2348 -119.9759 0 0 1
6.27369 18.2348 -119.9759 0 0 1
6.27369 18.2348 -119.9759 -1 0 0
6.27369 18.2348 -120.02594 0 0 -1
6.27369 18.2348 -120.02594 -1 0 0
6.32369 18.2348 -120.02594 1 0 0
6.32369 18.2348 -120.02594 0 0 -1
4.82369 18.2348 -120.02594 1 0 0
4.82369 18.2348 -120.02594 0 0 -1
4.77369 18.2348 -120.02594 0 0 -1
4.77369 18.2348 -120.02594 -1 0 0
4.77369 18.2348 -119.9759 0 0 1
4.77369 18.2348 -119.9759 -1 0 0
4.82369 18.2348 -119.9759 1 0 0
4.82369 18.2348 -119.9759 0 0 1
4.82369 19.5095 -119.9759 1 0 0
4.82369 19.5095 -119.9759 0 0 1
4.77369 19.5095 -119.9759 0 0 1
4.77369 19.5095 -119.9759 -1 0 0
4.77369 19.5095 -120.02594 0 0 -1
4.77369 19.5095 -120.02594 -1 0 0
4.82369 19.5095 -120.02594 1 0 0
4.82369 19.5095 -120.02594 0 0 -1
3.32369 19.5095 -120.02594 1 0 0
3.32369 19.5095 -120.02594 0 0 -1
3.27369 19.5095 -120.02594 0 0 -1
3.27369 19.5095 -120.02594 -1 0 0
3.27369 19.5095 -119.9759 0 0 1
3.27369 19.5095 -119.9759 -1 0 0
3.32369 19.5095 -119.9759 1 0 0
3.32369 19.5095 -119.9759 0 0 1
3.32369 18.2348 -119.9759 1 0 0
3.32369 18.2348 -119.9759 0 0 1
3.27369 18.2348 -119.9759 0 0 1
3.27369 18.2348 -119.9759 -1 0 0
3.27369 18.2348 -120.02594 0 0 -1
3.27369 18.2348 -120.02594 -1 0 0
3.32369 18.2348 -120.02594 1 0 0
3.32369 18.2348 -120.02594 0 0 -1
1.82369 18.2348 -120.02594 1 0 0
1.82369 18.2348 -120.02594 0 0 -1
1.77369 18.2348 -120.02594 0 0 -1
1.77369 18.2348 -120.02594 -1 0 0
1.77369 18.2348 -119.9759 0 0 1
1.77369 18.2348 -119.9759 -1 0 0
1.82369 18.2348 -119.9759 1 0 0
1.82369 18.2348 -119.9759 0 0 1
1.82369 19.5095 -119.9759 1 0 0
1.82369 19.5095 -119.9759 0 0 1
1.77369 19.5095 -119.9759 0 0 1
1.77369 19.5095 -119.9759 -1 0 0
1.77369 19.5095 -120.02594 0 0 -1
1.77369 19.5095 -120.02594 -1 0 0
1.82369 19.5095 -120.02594 1 0 0
1.82369 19.5095 -120.02594 0 0 -1
-13.8237 18.2348 -120.02594 0 0 -1
-13.8237 18.2348 -120.02594 -1 0 0
-13.7737 18.2348 -120.02594 1 0 0
-13.7737 18.2348 -120.02594 0 0 -1
-13.7737 18.2348 -119.9759 1 0 0
-13.7737 18.2348 -119.9759 0 0 1
-13.8237 18.2348 -119.9759 0 0 1
-13.8237 18.2348 -119.9759 -1 0 0
-13.8237 19.5095 -119.9759 0 0 1
-13.8237 19.5095 -119.9759 -1 0 0
-13.7737 19.5095 -119.9759 1 0 0
-13.7737 19.5095 -119.9759 0 0 1
-13.7737 19.5095 -120.02594 1 0 0
-13.7737 19.5095 -120.02594 0 0 -1
-13.8237 19.5095 -120.02594 0 0 -1
-13.8237 19.5095 -120.02594 -1 0 0
-12.3237 19.5095 -120.02594 0 0 -1
-12.3237 19.5095 -120.02594 -1 0 0
-12.2737 19.5095 -120.02594 1 0 0
-12.2737 19.5095 -120.02594 0 0 -1
-12.2737 19.5095 -119.9759 1 0 0
-12.2737 19.5095 -119.9759 0 0 1
-12.3237 19.5095 -119.9759 0 0 1
-12.3237 19.5095 -119.9759 -1 0 0
-12.3237 18.2348 -119.9759 0 0 1
-12.3237 18.2348 -119.9759 -1 0 0
-12.2737 18.2348 -119.9759 1 0 0
-12.2737 18.2348 -119.9759 0 0 1
-12.2737 18.2348 -120.02594 1 0 0
-12.2737 18.2348 -120.02594 0 0 -1
-12.3237 18.2348 -120.02594 0 0 -1
-12.3237 18.2348 -120.02594 -1 0 0
-10.8237 18.2348 -120.02594 0 0 -1
-10.8237 18.2348 -120.02594 -1 0 0
-10.7737 18.2348 -120.02594 1 0 0
-10.7737 18.2348 -120.02594 0 0 -1
-10.7737 18.2348 -119.9759 1 0 0
-10.7737 18.2348 -119.9759 0 0 1
-10.8237 18.2348 -119.9759 0 0 1
-10.8237 18.2348 -119.9759 -1 0 0
-10.8237 19.5095 -119.9759 0 0 1
-10.8237 19.5095 -119.9759 -1 0 0
-10.7737 19.5095 -119.9759 1 0 0
-10.7737 19.5095 -119.9759 0 0 1
-10.7737 19.5095 -120.02594 1 0 0
-10.7737 19.5095 -120.02594 0 0 -1
-10.8237 19.5095 -120.02594 0 0 -1
-10.8237 19.5095 -120.02594 -1 0 0
-9.3237 19.5095 -120.02594 0 0 -1
-9.3237 19.5095 -120.02594 -1 0 0
-9.2737 19.5095 -120.02594 1 0 0
-9.2737 19.5095 -120.02594 0 0 -1
-9.2737 19.5095 -119.9759 1 0 0
-9.2737 19.5095 -119.9759 0 0 1
-9.3237 19.5095 -119.9759 0 0 1
-9.3237 19.5095 -119.9759 -1 0 0
-9.3237 18.2348 -119.9759 0 0 1
-9.3237 18.2348 -119.9759 -1 0 0
-9.2737 18.2348 -119.9759 1 0 0
-9.2737 18.2348 -119.9759 0 0 1
-9.2737 18.2348 -120.02594 1 0 0
-9.2737 18.2348 -120.02594 0 0 -1
-9.3237 18.2348 -120.02594 0 0 -1
-9.3237 18.2348 -120.02594 -1 0 0
-7.8237 18.2348 -120.02594 0 0 -1
-7.8237 18.2348 -120.02594 -1 0 0
-7.7737 18.2348 -120.02594 1 0 0
-7.7737 18.2348 -120.02594 0 0 -1
-7.7737 18.2348 -119.9759 1 0 0
-7.7737 18.2348 -119.9759 0 0 1
-7.8237 18.2348 -119.9759 0 0 1
-7.8237 18.2348 -119.9759 -1 0 0
-7.8237 19.5095 -119.9759 0 0 1
-7.8237 19.5095 -119.9759 -1 0 0
-7.7737 19.5095 -119.9759 1 0 0
-7.7737 19.5095 -119.9759 0 0 1
-7.7737 19.5095 -120.02594 1 0 0
-7.7737 19.5095 -120.02594 0 0 -1
-7.8237 19.5095 -120.02594 0 0 -1
-7.8237 19.5095 -120.02594 -1 0 0
-6.3237 19.5095 -120.02594 0 0 -1
-6.3237 19.5095 -120.02594 -1 0 0
-6.2737 19.5095 -120.02594 1 0 0
-6.2737 19.5095 -120.02594 0 0 -1
-6.2737 19.5095 -119.9759 1 0 0
-6.2737 19.5095 -119.9759 0 0 1
-6.3237 19.5095 -119.9759 0 0 1
-6.3237 19.5095 -119.9759 -1 0 0
-6.3237 18.2348 -119.9759 0 0 1
-6.3237 18.2348 -119.9759 -1 0 0
-6.2737 18.2348 -119.9759 1 0 0
-6.2737 18.2348 -119.9759 0 0 1
-6.2737 18.2348 -120.02594 1 0 0
-6.2737 18.2348 -120.02594 0 0 -1
-6.3237 18.2348 -120.02594 0 0 -1
-6.3237 18.2348 -120.02594 -1 0 0
-4.8237 18.2348 -120.02594 0 0 -1
-4.8237 18.2348 -120.02594 -1 0 0
-4.7737 18.2348 -120.02594 1 0 0
-4.7737 18.2348 -120.02594 0 0 -1
-4.7737 18.2348 -119.9759 1 0 0
-4.7737 18.2348 -119.9759 0 0 1
-4.8237 18.2348 -119.9759 0 0 1
-4.8237 18.2348 -119.9759 -1 0 0
-4.8237 19.5095 -119.9759 0 0 1
-4.8237 19.5095 -119.9759 -1 0 0
-4.7737 19.5095 -119.9759 1 0 0
-4.7737 19.5095 -119.9759 0 0 1
-4.7737 19.5095 -120.02594 1 0 0
-4.7737 19.5095 -120.02594 0 0 -1
-4.8237 19.5095 -120.02594 0 0 -1
-4.8237 19.5095 -120.02594 -1 0 0
-3.3237 19.5095 -120.02594 0 0 -1
-3.3237 19.5095 -120.02594 -1 0 0
-3.2737 19.5095 -120.02594 1 0 0
-3.2737 19.5095 -120.02594 0 0 -1
-3.2737 19.5095 -119.9759 1 0 0
-3.2737 19.5095 -119.9759 0 0 1
-3.3237 19.5095 -119.9759 0 0 1
-3.3237 19.5095 -119.9759 -1 0 0
-3.3237 18.2348 -119.9759 0 0 1
-3.3237 18.2348 -119.9759 -1 0 0
-3.2737 18.2348 -119.9759 1 0 0
-3.2737 18.2348 -119.9759 0 0 1
-3.2737 18.2348 -120.02594 1 0 0
-3.2737 18.2348 -120.02594 0 0 -1
-3.3237 18.2348 -120.02594 0 0 -1
-3.3237 18.2348 -120.02594 -1 0 0
-1.8237 18.2348 -120.02594 0 0 -1
-1.8237 18.2348 -120.02594 -1 0 0
-1.7737 18.2348 -120.02594 1 0 0
-1.7737 18.2348 -120.02594 0 0 -1
-1.7737 18.2348 -119.9759 1 0 0
-1.7737 18.2348 -119.9759 0 0 1
-1.8237 18.2348 -119.9759 0 0 1
-1.8237 18.2348 -119.9759 -1 0 0
-1.8237 19.5095 -119.9759 0 0 1
-1.8237 19.5095 -119.9759 -1 0 0
-1.7737 19.5095 -119.9759 1 0 0
-1.7737 19.5095 -119.9759 0 0 1
-1.7737 19.5095 -120.02594 1 0 0
-1.7737 19.5095 -120.02594 0 0 -1
-1.8237 19.5095 -120.02594 0 0 -1
-1.8237 19.5095 -120.02594 -1 0 0
15.1573 15.3349 -109.46109 1 0 0
15.1573 15.3349 -109.46109 0 0 -1
15.1073 15.3349 -109.46109 0 0 -1
15.1073 15.3349 -109.46109 -1 0 0
15.1073 15.3349 -109.41109 0 0 1
15.1073 15.3349 -109.41109 -1 0 0
15.1573 15.3349 -109.41109 1 0 0
15.1573 15.3349 -109.41109 0 0 1
15.1573 16.6096 -109.41109 1 0 0
15.1573 16.6096 -109.41109 0 0 1
15.1073 16.6096 -109.41109 0 0 1
15.1073 16.6096 -109.41109 -1 0 0
15.1073 16.6096 -109.46109 0 0 -1
15.1073 16.6096 -109.46109 -1 0 0
15.1573 16.6096 -109.46109 1 0 0
15.1573 16.6096 -109.46109 0 0 -1
-15.1591 15.3349 -109.46109 0 0 -1
-15.1591 15.3349 -109.46109 -1 0 0
-15.1091 15.3349 -109.46109 1 0 0
-15.1091 15.3349 -109.46109 0 0 -1
-15.1091 15.3349 -109.41109 1 0 0
-15.1091 15.3349 -109.41109 0 0 1
-15.1591 15.3349 -109.41109 0 0 1
-15.1591 15.3349 -109.41109 -1 0 0
-15.1591 16.6096 -109.41109 0 0 1
-15.1591 16.6096 -109.41109 -1 0 0
-15.1091 16.6096 -109.41109 1 0 0
-15.1091 16.6096 -109.41109 0 0 1
-15.1091 16.6096 -109.46109 1 0 0
-15.1091 16.6096 -109.46109 0 0 -1
-15.1591 16.6096 -109.46109 0 0 -1
-15.1591 16.6096 -109.46109 -1 0 0
15.1573 16.6096 -110.98611 1 0 0
15.1573 16.6096 -110.98611 0 0 -1
15.1073 16.6096 -110.98611 0 0 -1
15.1073 16.6096 -110.98611 -1 0 0
15.1073 16.6096 -110.9361 0 0 1
15.1073 16.6096 -110.9361 -1 0 0
15.1573 16.6096 -110.9361 1 0 0
15.1573 16.6096 -110.9361 0 0 1
15.1573 15.3349 -110.9361 1 0 0
15.1573 15.3349 -110.9361 0 0 1
15.1073 15.3349 -110.9361 0 0 1
15.1073 15.3349 -110.9361 -1 0 0
15.1073 15.3349 -110.98611 0 0 -1
15.1073 15.3349 -110.98611 -1 0 0
15.1573 15.3349 -110.98611 1 0 0
15.1573 15.3349 -110.98611 0 0 -1
-15.1591 16.6096 -110.98611 0 0 -1
-15.1591 16.6096 -110.98611 -1 0 0
-15.1091 16.6096 -110.98611 1 0 0
-15.1091 16.6096 -110.98611 0 0 -1
-15.1091 16.6096 -110.9361 1 0 0
-15.1091 16.6096 -110.9361 0 0 1
-15.1591 16.6096 -110.9361 0 0 1
-15.1591 16.6096 -110.9361 -1 0 0
-15.1591 15.3349 -110.9361 0 0 1
-15.1591 15.3349 -110.9361 -1 0 0
-15.1091 15.3349 -110.9361 1 0 0
-15.1091 15.3349 -110.9361 0 0 1
-15.1091 15.3349 -110.98611 1 0 0
-15.1091 15.3349 -110.98611 0 0 -1
-15.1591 15.3349 -110.98611 0 0 -1
-15.1591 15.3349 -110.98611 -1 0 0
15.1573 15.3349 -112.51111 1 0 0
15.1573 15.3349 -112.51111 0 0 -1
15.1073 15.3349 -112.51111 0 0 -1
15.1073 15.3349 -112.51111 -1 0 0
15.1073 15.3349 -112.46111 0 0 1
15.1073 15.3349 -112.46111 -1 0 0
15.1573 15.3349 -112.46111 1 0 0
15.1573 15.3349 -112.46111 0 0 1
15.1573 16.6096 -112.46111 1 0 0
15.1573 16.6096 -112.46111 0 0 1
15.1073 16.6096 -112.46111 0 0 1
15.1073 16.6096 -112.46111 -1 0 0
15.1073 16.6096 -112.51111 0 0 -1
15.1073 16.6096 -112.51111 -1 0 0
15.1573 16.6096 -112.51111 1 0 0
15.1573 16.6096 -112.51111 0 0 -1
-15.1591 15.3349 -112.51111 0 0 -1
-15.1591 15.3349 -112.51111 -1 0 0
-15.1091 15.3349 -112.51111 1 0 0
-15.1091 15.3349 -112.51111 0 0 -1
-15.1091 15.3349 -112.46111 1 0 0
-15.1091 15.3349 -112.46111 0 0 1
-15.1591 15.3349 -112.46111 0 0 1
-15.1591 15.3349 -112.46111 -1 0 0
-15.1591 16.6096 -112.46111 0 0 1
-15.1591 16.6096 -112.46111 -1 0 0
-15.1091 16.6096 -112.46111 1 0 0
-15.1091 16.6096 -112.46111 0 0 1
-15.1091 16.6096 -112.51111 1 0 0
-15.1091 16.6096 -112.51111 0 0 -1
-15.1591 16.6096 -112.51111 0 0 -1
-15.1591 16.6096 -112.51111 -1 0 0
-14.9781 16.6096 -120.02594 1 0 0
-14.9781 16.6096 -120.02594 0 0 -1
-15.0281 16.6096 -120.02594 0 0 -1
-15.0281 16.6096 -120.02594 -1 0 0
-15.0281 16.6096 -119.9759 0 0 1
-15.0281 16.6096 -119.9759 -1 0 0
-14.9781 16.6096 -119.9759 1 0 0
-14.9781 16.6096 -119.9759 0 0 1
-14.9781 15.3349 -119.9759 1 0 0
-14.9781 15.3349 -119.9759 0 0 1
-15.0281 15.3349 -119.9759 0 0 1
-15.0281 15.3349 -119.9759 -1 0 0
-15.0281 15.3349 -120.02594 0 0 -1
-15.0281 15.3349 -120.02594 -1 0 0
-14.9781 15.3349 -120.02594 1 0 0
-14.9781 15.3349 -120.02594 0 0 -1
0.023695 15.3349 -120.02594 1 0 0
0.023695 15.3349 -120.02594 0 0 -1
-0.026305 15.3349 -120.02594 0 0 -1
-0.026305 15.3349 -120.02594 -1 0 0
-0.026305 15.3349 -119.9759 0 0 1
-0.026305 15.3349 -119.9759 -1 0 0
0.023695 15.3349 -119.9759 1 0 0
0.023695 15.3349 -119.9759 0 0 1
0.023695 16.6096 -119.9759 1 0 0
0.023695 16.6096 -119.9759 0 0 1
-0.026305 16.6096 -119.9759 0 0 1
-0.026305 16.6096 -119.9759 -1 0 0
-0.026305 16.6096 -120.02594 0 0 -1
-0.026305 16.6096 -120.02594 -1 0 0
0.023695 16.6096 -120.02594 1 0 0
0.023695 16.6096 -120.02594 0 0 -1
15.1573 15.3349 -103.46109 1 0 0
15.1573 15.3349 -103.46109 0 0 -1
15.1073 15.3349 -103.46109 0 0 -1
15.1073 15.3349 -103.46109 -1 0 0
15.1073 15.3349 -103.41109 0 0 1
15.1073 15.3349 -103.41109 -1 0 0
15.1573 15.3349 -103.41109 1 0 0
15.1573 15.3349 -103.41109 0 0 1
15.1573 16.6096 -103.41109 1 0 0
15.1573 16.6096 -103.41109 0 0 1
15.1073 16.6096 -103.41109 0 0 1
15.1073 16.6096 -103.41109 -1 0 0
15.1073 16.6096 -103.46109 0 0 -1
15.1073 16.6096 -103.46109 -1 0 0
15.1573 16.6096 -103.46109 1 0 0
15.1573 16.6096 -103.46109 0 0 -1
-15.1591 15.3349 -103.46109 0 0 -1
-15.1591 15.3349 -103.46109 -1 0 0
-15.1091 15.3349 -103.46109 1 0 0
-15.1091 15.3349 -103.46109 0 0 -1
-15.1091 15.3349 -103.41109 1 0 0
-15.1091 15.3349 -103.41109 0 0 1
-15.1591 15.3349 -103.41109 0 0 1
-15.1591 15.3349 -103.41109 -1 0 0
-15.1591 16.6096 -103.41109 0 0 1
-15.1591 16.6096 -103.41109 -1 0 0
-15.1091 16.6096 -103.41109 1 0 0
-15.1091 16.6096 -103.41109 0 0 1
-15.1091 16.6096 -103.46109 1 0 0
-15.1091 16.6096 -103.46109 0 0 -1
-15.1591 16.6096 -103.46109 0 0 -1
-15.1591 16.6096 -103.46109 -1 0 0
15.1573 16.6096 -104.98611 1 0 0
15.1573 16.6096 -104.98611 0 0 -1
15.1073 16.6096 -104.98611 0 0 -1
15.1073 16.6096 -104.98611 -1 0 0
15.1073 16.6096 -104.9361 0 0 1
15.1073 16.6096 -104.9361 -1 0 0
15.1573 16.6096 -104.9361 1 0 0
15.1573 16.6096 -104.9361 0 0 1
15.1573 15.3349 -104.9361 1 0 0
15.1573 15.3349 -104.9361 0 0 1
15.1073 15.3349 -104.9361 0 0 1
15.1073 15.3349 -104.9361 -1 0 0
15.1073 15.3349 -104.98611 0 0 -1
15.1073 15.3349 -104.98611 -1 0 0
15.1573 15.3349 -104.98611 1 0 0
15.1573 15.3349 -104.98611 0 0 -1
-15.1591 16.6096 -104.98611 0 0 -1
-15.1591 16.6096 -104.98611 -1 0 0
-15.1091 16.6096 -104.98611 1 0 0
-15.1091 16.6096 -104.98611 0 0 -1
-15.1091 16.6096 -104.9361 1 0 0
-15.1091 16.6096 -104.9361 0 0 1
-15.1591 16.6096 -104.9361 0 0 1
-15.1591 16.6096 -104.9361 -1 0 0
-15.1591 15.3349 -104.9361 0 0 1
-15.1591 15.3349 -104.9361 -1 0 0
-15.1091 15.3349 -104.9361 1 0 0
-15.1091 15.3349 -104.9361 0 0 1
-15.1091 15.3349 -104.98611 1 0 0
-15.1091 15.3349 -104.98611 0 0 -1
-15.1591 15.3349 -104.98611 0 0 -1
-15.1591 15.3349 -104.98611 -1 0 0
15.1573 15.3349 -106.51111 1 0 0
15.1573 15.3349 -106.51111 0 0 -1
15.1073 15.3349 -106.51111 0 0 -1
15.1073 15.3349 -106.51111 -1 0 0
15.1073 15.3349 -106.46111 0 0 1
15.1073 15.3349 -106.46111 -1 0 0
15.1573 15.3349 -106.46111 1 0 0
15.1573 15.3349 -106.46111 0 0 1
15.1573 16.6096 -106.46111 1 0 0
15.1573 16.6096 -106.46111 0 0 1
15.1073 16.6096 -106.46111 0 0 1
15.1073 16.6096 -106.46111 -1 0 0
15.1073 16.6096 -106.51111 0 0 -1
15.1073 16.6096 -106.51111 -1 0 0
15.1573 16.6096 -106.51111 1 0 0
15.1573 16.6096 -106.51111 0 0 -1
-15.1591 15.3349 -106.51111 0 0 -1
-15.1591 15.3349 -106.51111 -1 0 0
-15.1091 15.3349 -106.51111 1 0 0
-15.1091 15.3349 -106.51111 0 0 -1
-15.1091 15.3349 -106.46111 1 0 0
-15.1091 15.3349 -106.46111 0 0 1
-15.1591 15.3349 -106.46111 0 0 1
-15.1591 15.3349 -106.46111 -1 0 0
-15.1591 16.6096 -106.46111 0 0 1
-15.1591 16.6096 -106.46111 -1 0 0
-15.1091 16.6096 -106.46111 1 0 0
-15.1091 16.6096 -106.46111 0 0 1
-15.1091 16.6096 -106.51111 1 0 0
-15.1091 16.6096 -106.51111 0 0 -1
-15.1591 16.6096 -106.51111 0 0 -1
-15.1591 16.6096 -106.51111 -1 0 0
15.1573 15.9349 -101.99689 1 0 0
15.1573 15.9349 -101.99689 0 -1 0
15.1073 15.9349 -101.99689 0 -1 0
15.1073 15.9349 -101.99689 -1 0 0
15.1073 15.9849 -101.99689 0 1 0
15.1073 15.9849 -101.99689 -1 0 0
15.1573 15.9849 -101.99689 1 0 0
15.1573 15.9849 -101.99689 0 1 0
15.1573 15.9849 -119.97654 1 0 0
15.1573 15.9849 -119.97654 0 1 0
15.1073 15.9849 -119.97654 0 1 0
15.1073 15.9849 -119.97654 -1 0 0
15.1073 15.9349 -119.97654 0 -1 0
15.1073 15.9349 -119.97654 -1 0 0
15.1573 15.9349 -119.97654 1 0 0
15.1573 15.9349 -119.97654 0 -1 0
-15.1591 15.9349 -101.99689 0 -1 0
-15.1591 15.9349 -101.99689 -1 0 0
-15.1091 15.9349 -101.99689 1 0 0
-15.1091 15.9349 -101.99689 0 -1 0
-15.1091 15.9849 -101.99689 1 0 0
-15.1091 15.9849 -101.99689 0 1 0
-15.1591 15.9849 -101.99689 0 1 0
-15.1591 15.9849 -101.99689 -1 0 0
-15.1591 15.9849 -119.97654 0 1 0
-15.1591 15.9849 -119.97654 -1 0 0
-15.1091 15.9849 -119.97654 1 0 0
-15.1091 15.9849 -119.97654 0 1 0
-15.1091 15.9349 -119.97654 1 0 0
-15.1091 15.9349 -119.97654 0 -1 0
-15.1591 15.9349 -119.97654 0 -1 0
-15.1591 15.9349 -119.97654 -1 0 0
15.1573 16.6099 -119.97616 1 0 0
15.1573 16.6099 -119.97616 0 -1 0
15.1073 16.6099 -119.97616 0 -1 0
15.1073 16.6099 -119.97616 -1 0 0
15.1073 16.6599 -119.97616 0 1 0
15.1073 16.6599 -119.97616 -1 0 0
15.1573 16.6599 -119.97616 1 0 0
15.1573 16.6599 -119.97616 0 1 0
15.1573 16.6599 -101.99638 1 0 0
15.1573 16.6599 -101.99638 0 1 0
15.1073 16.6599 -101.99638 0 1 0
15.1073 16.6599 -101.99638 -1 0 0
15.1073 16.6099 -101.99638 0 -1 0
15.1073 16.6099 -101.99638 -1 0 0
15.1573 16.6099 -101.99638 1 0 0
15.1573 16.6099 -101.99638 0 -1 0
-15.1591 16.6099 -119.97616 0 -1 0
-15.1591 16.6099 -119.97616 -1 0 0
-15.1091 16.6099 -119.97616 1 0 0
-15.1091 16.6099 -119.97616 0 -1 0
-15.1091 16.6599 -119.97616 1 0 0
-15.1091 16.6599 -119.97616 0 1 0
-15.1591 16.6599 -119.97616 0 1 0
-15.1591 16.6599 -119.97616 -1 0 0
-15.1591 16.6599 -101.99638 0 1 0
-15.1591 16.6599 -101.99638 -1 0 0
-15.1091 16.6599 -101.99638 1 0 0
-15.1091 16.6599 -101.99638 0 1 0
-15.1091 16.6099 -101.99638 1 0 0
-15.1091 16.6099 -101.99638 0 -1 0
-15.1591 16.6099 -101.99638 0 -1 0
-15.1591 16.6099 -101.99638 -1 0 0
15.1571 16.6099 -120.02644 1 0 0
15.1571 16.6099 -120.02644 0 -1 0
15.1571 16.6099 -120.02644 0 0 -1
15.1571 16.6099 -119.97642 1 0 0
15.1571 16.6099 -119.97642 0 -1 0
15.1571 16.6099 -119.97642 0 0 1
15.1571 16.6599 -119.97642 1 0 0
15.1571 16.6599 -119.97642 0 0 1
15.1571 16.6599 -119.97642 0 1 0
15.1571 16.6599 -120.02644 1 0 0
15.1571 16.6599 -120.02644 0 0 -1
15.1571 16.6599 -120.02644 0 1 0
-15.1587 16.6599 -120.02644 0 0 -1
-15.1587 16.6599 -120.02644 0 1 0
-15.1587 16.6599 -120.02644 -1 0 0
-15.1587 16.6599 -119.97642 0 0 1
-15.1587 16.6599 -119.97642 0 1 0
-15.1587 16.6599 -119.97642 -1 0 0
-15.1587 16.6099 -119.97642 0 -1 0
-15.1587 16.6099 -119.97642 0 0 1
-15.1587 16.6099 -119.97642 -1 0 0
-15.1587 16.6099 -120.02644 0 -1 0
-15.1587 16.6099 -120.02644 0 0 -1
-15.1587 16.6099 -120.02644 -1 0 0
-15.1593 15.9349 -120.02644 0 -1 0
-15.1593 15.9349 -120.02644 0 0 -1
-15.1593 15.9349 -120.02644 -1 0 0
-15.1593 15.9349 -119.97642 0 -1 0
-15.1593 15.9349 -119.97642 0 0 1
-15.1593 15.9349 -119.97642 -1 0 0
-15.1593 15.9849 -119.97642 0 0 1
-15.1593 15.9849 -119.97642 0 1 0
-15.1593 15.9849 -119.97642 -1 0 0
-15.1593 15.9849 -120.02644 0 0 -1
-15.1593 15.9849 -120.02644 0 1 0
-15.1593 15.9849 -120.02644 -1 0 0
15.1565 15.9849 -120.02644 1 0 0
15.1565 15.9849 -120.02644 0 0 -1
15.1565 15.9849 -120.02644 0 1 0
15.1565 15.9849 -119.97642 1 0 0
15.1565 15.9849 -119.97642 0 0 1
15.1565 15.9849 -119.97642 0 1 0
15.1565 15.9349 -119.97642 1 0 0
15.1565 15.9349 -119.97642 0 -1 0
15.1565 15.9349 -119.97642 0 0 1
15.1565 15.9349 -120.02644 1 0 0
15.1565 15.9349 -120.02644 0 -1 0
15.1565 15.9349 -120.02644 0 0 -1
15.1573 15.3349 -115.46109 1 0 0
15.1573 15.3349 -115.46109 0 0 -1
15.1073 15.3349 -115.46109 0 0 -1
15.1073 15.3349 -115.46109 -1 0 0
15.1073 15.3349 -115.41109 0 0 1
15.1073 15.3349 -115.41109 -1 0 0
15.1573 15.3349 -115.41109 1 0 0
15.1573 15.3349 -115.41109 0 0 1
15.1573 16.6096 -115.41109 1 0 0
15.1573 16.6096 -115.41109 0 0 1
15.1073 16.6096 -115.41109 0 0 1
15.1073 16.6096 -115.41109 -1 0 0
15.1073 16.6096 -115.46109 0 0 -1
15.1073 16.6096 -115.46109 -1 0 0
15.1573 16.6096 -115.46109 1 0 0
15.1573 16.6096 -115.46109 0 0 -1
-15.1591 15.3349 -115.46109 0 0 -1
-15.1591 15.3349 -115.46109 -1 0 0
-15.1091 15.3349 -115.46109 1 0 0
-15.1091 15.3349 -115.46109 0 0 -1
-15.1091 15.3349 -115.41109 1 0 0
-15.1091 15.3349 -115.41109 0 0 1
-15.1591 15.3349 -115.41109 0 0 1
-15.1591 15.3349 -115.41109 -1 0 0
-15.1591 16.6096 -115.41109 0 0 1
-15.1591 16.6096 -115.41109 -1 0 0
-15.1091 16.6096 -115.41109 1 0 0
-15.1091 16.6096 -115.41109 0 0 1
-15.1091 16.6096 -115.46109 1 0 0
-15.1091 16.6096 -115.46109 0 0 -1
-15.1591 16.6096 -115.46109 0 0 -1
-15.1591 16.6096 -115.46109 -1 0 0
15.1573 16.6096 -116.98611 1 0 0
15.1573 16.6096 -116.98611 0 0 -1
15.1073 16.6096 -116.98611 0 0 -1
15.1073 16.6096 -116.98611 -1 0 0
15.1073 16.6096 -116.9361 0 0 1
15.1073 16.6096 -116.9361 -1 0 0
15.1573 16.6096 -116.9361 1 0 0
15.1573 16.6096 -116.9361 0 0 1
15.1573 15.3349 -116.9361 1 0 0
15.1573 15.3349 -116.9361 0 0 1
15.1073 15.3349 -116.9361 0 0 1
15.1073 15.3349 -116.9361 -1 0 0
15.1073 15.3349 -116.98611 0 0 -1
15.1073 15.3349 -116.98611 -1 0 0
15.1573 15.3349 -116.98611 1 0 0
15.1573 15.3349 -116.98611 0 0 -1
-15.1591 16.6096 -116.98611 0 0 -1
-15.1591 16.6096 -116.98611 -1 0 0
-15.1091 16.6096 -116.98611 1 0 0
-15.1091 16.6096 -116.98611 0 0 -1
-15.1091 16.6096 -116.9361 1 0 0
-15.1091 16.6096 -116.9361 0 0 1
-15.1591 16.6096 -116.9361 0 0 1
-15.1591 16.6096 -116.9361 -1 0 0
-15.1591 15.3349 -116.9361 0 0 1
-15.1591 15.3349 -116.9361 -1 0 0
-15.1091 15.3349 -116.9361 1 0 0
-15.1091 15.3349 -116.9361 0 0 1
-15.1091 15.3349 -116.98611 1 0 0
-15.1091 15.3349 -116.98611 0 0 -1
-15.1591 15.3349 -116.98611 0 0 -1
-15.1591 15.3349 -116.98611 -1 0 0
15.1573 15.3349 -118.51111 1 0 0
15.1573 15.3349 -118.51111 0 0 -1
15.1073 15.3349 -118.51111 0 0 -1
15.1073 15.3349 -118.51111 -1 0 0
15.1073 15.3349 -118.46111 0 0 1
15.1073 15.3349 -118.46111 -1 0 0
15.1573 15.3349 -118.46111 1 0 0
15.1573 15.3349 -118.46111 0 0 1
15.1573 16.6096 -118.46111 1 0 0
15.1573 16.6096 -118.46111 0 0 1
15.1073 16.6096 -118.46111 0 0 1
15.1073 16.6096 -118.46111 -1 0 0
15.1073 16.6096 -118.51111 0 0 -1
15.1073 16.6096 -118.51111 -1 0 0
15.1573 16.6096 -118.51111 1 0 0
15.1573 16.6096 -118.51111 0 0 -1
-15.1591 15.3349 -118.51111 0 0 -1
-15.1591 15.3349 -118.51111 -1 0 0
-15.1091 15.3349 -118.51111 1 0 0
-15.1091 15.3349 -118.51111 0 0 -1
-15.1091 15.3349 -118.46111 1 0 0
-15.1091 15.3349 -118.46111 0 0 1
-15.1591 15.3349 -118.46111 0 0 1
-15.1591 15.3349 -118.46111 -1 0 0
-15.1591 16.6096 -118.46111 0 0 1
-15.1591 16.6096 -118.46111 -1 0 0
-15.1091 16.6096 -118.46111 1 0 0
-15.1091 16.6096 -118.46111 0 0 1
-15.1091 16.6096 -118.51111 1 0 0
-15.1091 16.6096 -118.51111 0 0 -1
-15.1591 16.6096 -118.51111 0 0 -1
-15.1591 16.6096 -118.51111 -1 0 0
13.8237 15.3349 -120.02594 1 0 0
13.8237 15.3349 -120.02594 0 0 -1
13.7737 15.3349 -120.02594 0 0 -1
13.7737 15.3349 -120.02594 -1 0 0
13.7737 15.3349 -119.9759 0 0 1
13.7737 15.3349 -119.9759 -1 0 0
13.8237 15.3349 -119.9759 1 0 0
13.8237 15.3349 -119.9759 0 0 1
13.8237 16.6096 -119.9759 1 0 0
13.8237 16.6096 -119.9759 0 0 1
13.7737 16.6096 -119.9759 0 0 1
13.7737 16.6096 -119.9759 -1 0 0
13.7737 16.6096 -120.02594 0 0 -1
13.7737 16.6096 -120.02594 -1 0 0
13.8237 16.6096 -120.02594 1 0 0
13.8237 16.6096 -120.02594 0 0 -1
12.3237 16.6096 -120.02594 1 0 0
12.3237 16.6096 -120.02594 0 0 -1
12.2737 16.6096 -120.02594 0 0 -1
12.2737 16.6096 -120.02594 -1 0 0
12.2737 16.6096 -119.9759 0 0 1
12.2737 16.6096 -119.9759 -1 0 0
12.3237 16.6096 -119.9759 1 0 0
12.3237 16.6096 -119.9759 0 0 1
12.3237 15.3349 -119.9759 1 0 0
12.3237 15.3349 -119.9759 0 0 1
12.2737 15.3349 -119.9759 0 0 1
12.2737 15.3349 -119.9759 -1 0 0
12.2737 15.3349 -120.02594 0 0 -1
12.2737 15.3349 -120.02594 -1 0 0
12.3237 15.3349 -120.02594 1 0 0
12.3237 15.3349 -120.02594 0 0 -1
10.8237 15.3349 -120.02594 1 0 0
10.8237 15.3349 -120.02594 0 0 -1
10.7737 15.3349 -120.02594 0 0 -1
10.7737 15.3349 -120.02594 -1 0 0
10.7737 15.3349 -119.9759 0 0 1
10.7737 15.3349 -119.9759 -1 0 0
10.8237 15.3349 -119.9759 1 0 0
10.8237 15.3349 -119.9759 0 0 1
10.8237 16.6096 -119.9759 1 0 0
10.8237 16.6096 -119.9759 0 0 1
10.7737 16.6096 -119.9759 0 0 1
10.7737 16.6096 -119.9759 -1 0 0
10.7737 16.6096 -120.02594 0 0 -1
10.7737 16.6096 -120.02594 -1 0 0
10.8237 16.6096 -120.02594 1 0 0
10.8237 16.6096 -120.02594 0 0 -1
9.32369 16.6096 -120.02594 1 0 0
9.32369 16.6096 -120.02594 0 0 -1
9.27369 16.6096 -120.02594 0 0 -1
9.27369 16.6096 -120.02594 -1 0 0
9.27369 16.6096 -119.9759 0 0 1
9.27369 16.6096 -119.9759 -1 0 0
9.32369 16.6096 -119.9759 1 0 0
9.32369 16.6096 -119.9759 0 0 1
9.32369 15.3349 -119.9759 1 0 0
9.32369 15.3349 -119.9759 0 0 1
9.27369 15.3349 -119.9759 0 0 1
9.27369 15.3349 -119.9759 -1 0 0
9.27369 15.3349 -120.02594 0 0 -1
9.27369 15.3349 -120.02594 -1 0 0
9.32369 15.3349 -120.02594 1 0 0
9.32369 15.3349 -120.02594 0 0 -1
7.82369 15.3349 -120.02594 1 0 0
7.82369 15.3349 -120.02594 0 0 -1
7.77369 15.3349 -120.02594 0 0 -1
7.77369 15.3349 -120.02594 -1 0 0
7.77369 15.3349 -119.9759 0 0 1
7.77369 15.3349 -119.9759 -1 0 0
7.82369 15.3349 -119.9759 1 0 0
7.82369 15.3349 -119.9759 0 0 1
7.82369 16.6096 -119.9759 1 0 0
7.82369 16.6096 -119.9759 0 0 1
7.77369 16.6096 -119.9759 0 0 1
7.77369 16.6096 -119.9759 -1 0 0
7.77369 16.6096 -120.02594 0 0 -1
7.77369 16.6096 -120.02594 -1 0 0
7.82369 16.6096 -120.02594 1 0 0
7.82369 16.6096 -120.02594 0 0 -1
6.32369 16.6096 -120.02594 1 0 0
6.32369 16.6096 -120.02594 0 0 -1
6.27369 16.6096 -120.02594 0 0 -1
6.27369 16.6096 -120.02594 -1 0 0
6.27369 16.6096 -119.9759 0 0 1
6.27369 16.6096 -119.9759 -1 0 0
6.32369 16.6096 -119.9759 1 0 0
6.32369 16.6096 -119.9759 0 0 1
6.32369 15.3349 -119.9759 1 0 0
6.32369 15.3349 -119.9759 0 0 1
6.27369 15.3349 -119.9759 0 0 1
6.27369 15.3349 -119.9759 -1 0 0
6.27369 15.3349 -120.02594 0 0 -1
6.27369 15.3349 -120.02594 -1 0 0
6.32369 15.3349 -120.02594 1 0 0
6.32369 15.3349 -120.02594 0 0 -1
4.82369 15.3349 -120.02594 1 0 0
4.82369 15.3349 -120.02594 0 0 -1
4.77369 15.3349 -120.02594 0 0 -1
4.77369 15.3349 -120.02594 -1 0 0
4.77369 15.3349 -119.9759 0 0 1
4.77369 15.3349 -119.9759 -1 0 0
4.82369 15.3349 -119.9759 1 0 0
4.82369 15.3349 -119.9759 0 0 1
4.82369 16.6096 -119.9759 1 0 0
4.82369 16.6096 -119.9759 0 0 1
4.77369 16.6096 -119.9759 0 0 1
4.77369 16.6096 -119.9759 -1 0 0
4.77369 16.6096 -120.02594 0 0 -1
4.77369 16.6096 -120.02594 -1 0 0
4.82369 16.6096 -120.02594 1 0 0
4.82369 16.6096 -120.02594 0 0 -1
3.32369 16.6096 -120.02594 1 0 0
3.32369 16.6096 -120.02594 0 0 -1
3.27369 16.6096 -120.02594 0 0 -1
3.27369 16.6096 -120.02594 -1 0 0
3.27369 16.6096 -119.9759 0 0 1
3.27369 16.6096 -119.9759 -1 0 0
3.32369 16.6096 -119.9759 1 0 0
3.32369 16.6096 -119.9759 0 0 1
3.32369 15.3349 -119.9759 1 0 0
3.32369 15.3349 -119.9759 0 0 1
3.27369 15.3349 -119.9759 0 0 1
3.27369 15.3349 -119.9759 -1 0 0
3.27369 15.3349 -120.02594 0 0 -1
3.27369 15.3349 -120.02594 -1 0 0
3.32369 15.3349 -120.02594 1 0 0
3.32369 15.3349 -120.02594 0 0 -1
1.82369 15.3349 -120.02594 1 0 0
1.82369 15.3349 -120.02594 0 0 -1
1.77369 15.3349 -120.02594 0 0 -1
1.77369 15.3349 -120.02594 -1 0 0
1.77369 15.3349 -119.9759 0 0 1
1.77369 15.3349 -119.9759 -1 0 0
1.82369 15.3349 -119.9759 1 0 0
1.82369 15.3349 -119.9759 0 0 1
1.82369 16.6096 -119.9759 1 0 0
1.82369 16.6096 -119.9759 0 0 1
1.77369 16.6096 -119.9759 0 0 1
1.77369 16.6096 -119.9759 -1 0 0
1.77369 16.6096 -120.02594 0 0 -1
1.77369 16.6096 -120.02594 -1 0 0
1.82369 16.6096 -120.02594 1 0 0
1.82369 16.6096 -120.02594 0 0 -1
-13.8237 15.3349 -120.02594 0 0 -1
-13.8237 15.3349 -120.02594 -1 0 0
-13.7737 15.3349 -120.02594 1 0 0
-13.7737 15.3349 -120.02594 0 0 -1
-13.7737 15.3349 -119.9759 1 0 0
-13.7737 15.3349 -119.9759 0 0 1
-13.8237 15.3349 -119.9759 0 0 1
-13.8237 15.3349 -119.9759 -1 0 0
-13.8237 16.6096 -119.9759 0 0 1
-13.8237 16.6096 -119.9759 -1 0 0
-13.7737 16.6096 -119.9759 1 0 0
-13.7737 16.6096 -119.9759 0 0 1
-13.7737 16.6096 -120.02594 1 0 0
-13.7737 16.6096 -120.02594 0 0 -1
-13.8237 16.6096 -120.02594 0 0 -1
-13.8237 16.6096 -120.02594 -1 0 0
-12.3237 16.6096 -120.02594 0 0 -1
-12.3237 16.6096 -120.02594 -1 0 0
-12.2737 16.6096 -120.02594 1 0 0
-12.2737 16.6096 -120.02594 0 0 -1
-12.2737 16.6096 -119.9759 1 0 0
-12.2737 16.6096 -119.9759 0 0 1
-12.3237 16.6096 -119.9759 0 0 1
-12.3237 16.6096 -119.9759 -1 0 0
-12.3237 15.3349 -119.9759 0 0 1
-12.3237 15.3349 -119.9759 -1 0 0
-12.2737 15.3349 -119.9759 1 0 0
-12.2737 15.3349 -119.9759 0 0 1
-12.2737 15.3349 -120.02594 1 0 0
-12.2737 15.3349 -120.02594 0 0 -1
-12.3237 15.3349 -120.02594 0 0 -1
-12.3237 15.3349 -120.02594 -1 0 0
-10.8237 15.3349 -120.02594 0 0 -1
-10.8237 15.3349 -120.02594 -1 0 0
-10.7737 15.3349 -120.02594 1 0 0
-10.7737 15.3349 -120.02594 0 0 -1
-10.7737 15.3349 -119.9759 1 0 0
-10.7737 15.3349 -119.9759 0 0 1
-10.8237 15.3349 -119.9759 0 0 1
-10.8237 15.3349 -119.9759 -1 0 0
-10.8237 16.6096 -119.9759 0 0 1
-10.8237 16.6096 -119.9759 -1 0 0
-10.7737 16.6096 -119.9759 1 0 0
-10.7737 16.6096 -119.9759 0 0 1
-10.7737 16.6096 -120.02594 1 0 0
-10.7737 16.6096 -120.02594 0 0 -1
-10.8237 16.6096 -120.02594 0 0 -1
-10.8237 16.6096 -120.02594 -1 0 0
-9.3237 16.6096 -120.02594 0 0 -1
-9.3237 16.6096 -120.02594 -1 0 0
-9.2737 16.6096 -120.02594 1 0 0
-9.2737 16.6096 -120.02594 0 0 -1
-9.2737 16.6096 -119.9759 1 0 0
-9.2737 16.6096 -119.9759 0 0 1
-9.3237 16.6096 -119.9759 0 0 1
-9.3237 16.6096 -119.9759 -1 0 0
-9.3237 15.3349 -119.9759 0 0 1
-9.3237 15.3349 -119.9759 -1 0 0
-9.2737 15.3349 -119.9759 1 0 0
-9.2737 15.3349 -119.9759 0 0 1
-9.2737 15.3349 -120.02594 1 0 0
-9.2737 15.3349 -120.02594 0 0 -1
-9.3237 15.3349 -120.02594 0 0 -1
-9.3237 15.3349 -120.02594 -1 0 0
-7.8237 15.3349 -120.02594 0 0 -1
-7.8237 15.3349 -120.02594 -1 0 0
-7.7737 15.3349 -120.02594 1 0 0
-7.7737 15.3349 -120.02594 0 0 -1
-7.7737 15.3349 -119.9759 1 0 0
-7.7737 15.3349 -119.9759 0 0 1
-7.8237 15.3349 -119.9759 0 0 1
-7.8237 15.3349 -119.9759 -1 0 0
-7.8237 16.6096 -119.9759 0 0 1
-7.8237 16.6096 -119.9759 -1 0 0
-7.7737 16.6096 -119.9759 1 0 0
-7.7737 16.6096 -119.9759 0 0 1
-7.7737 16.6096 -120.02594 1 0 0
-7.7737 16.6096 -120.02594 0 0 -1
-7.8237 16.6096 -120.02594 0 0 -1
-7.8237 16.6096 -120.02594 -1 0 0
-6.3237 16.6096 -120.02594 0 0 -1
-6.3237 16.6096 -120.02594 -1 0 0
-6.2737 16.6096 -120.02594 1 0 0
-6.2737 16.6096 -120.02594 0 0 -1
-6.2737 16.6096 -119.9759 1 0 0
-6.2737 16.6096 -119.9759 0 0 1
-6.3237 16.6096 -119.9759 0 0 1
-6.3237 16.6096 -119.9759 -1 0 0
-6.3237 15.3349 -119.9759 0 0 1
-6.3237 15.3349 -119.9759 -1 0 0
-6.2737 15.3349 -119.9759 1 0 0
-6.2737 15.3349 -119.9759 0 0 1
-6.2737 15.3349 -120.02594 1 0 0
-6.2737 15.3349 -120.02594 0 0 -1
-6.3237 15.3349 -120.02594 0 0 -1
-6.3237 15.3349 -120.02594 -1 0 0
-4.8237 15.3349 -120.02594 0 0 -1
-4.8237 15.3349 -120.02594 -1 0 0
-4.7737 15.3349 -120.02594 1 0 0
-4.7737 15.3349 -120.02594 0 0 -1
-4.7737 15.3349 -119.9759 1 0 0
-4.7737 15.3349 -119.9759 0 0 1
-4.8237 15.3349 -119.9759 0 0 1
-4.8237 15.3349 -119.9759 -1 0 0
-4.8237 16.6096 -119.9759 0 0 1
-4.8237 16.6096 -119.9759 -1 0 0
-4.7737 16.6096 -119.9759 1 0 0
-4.7737 16.6096 -119.9759 0 0 1
-4.7737 16.6096 -120.02594 1 0 0
-4.7737 16.6096 -120.02594 0 0 -1
-4.8237 16.6096 -120.02594 0 0 -1
-4.8237 16.6096 -120.02594 -1 0 0
-3.3237 16.6096 -120.02594 0 0 -1
-3.3237 16.6096 -120.02594 -1 0 0
-3.2737 16.6096 -120.02594 1 0 0
-3.2737 16.6096 -120.02594 0 0 -1
-3.2737 16.6096 -119.9759 1 0 0
-3.2737 16.6096 -119.9759 0 0 1
-3.3237 16.6096 -119.9759 0 0 1
-3.3237 16.6096 -119.9759 -1 0 0
-3.3237 15.3349 -119.9759 0 0 1
-3.3237 15.3349 -119.9759 -1 0 0
-3.2737 15.3349 -119.9759 1 0 0
-3.2737 15.3349 -119.9759 0 0 1
-3.2737 15.3349 -120.02594 1 0 0
-3.2737 15.3349 -120.02594 0 0 -1
-3.3237 15.3349 -120.02594 0 0 -1
-3.3237 15.3349 -120.02594 -1 0 0
-1.8237 15.3349 -120.02594 0 0 -1
-1.8237 15.3349 -120.02594 -1 0 0
-1.7737 15.3349 -120.02594 1 0 0
-1.7737 15.3349 -120.02594 0 0 -1
-1.7737 15.3349 -119.9759 1 0 0
-1.7737 15.3349 -119.9759 0 0 1
-1.8237 15.3349 -119.9759 0 0 1
-1.8237 15.3349 -119.9759 -1 0 0
-1.8237 16.6096 -119.9759 0 0 1
-1.8237 16.6096 -119.9759 -1 0 0
-1.7737 16.6096 -119.9759 1 0 0
-1.7737 16.6096 -119.9759 0 0 1
-1.7737 16.6096 -120.02594 1 0 0
-1.7737 16.6096 -120.02594 0 0 -1
-1.8237 16.6096 -120.02594 0 0 -1
-1.8237 16.6096 -120.02594 -1 0 0
15.1573 12.2348 -109.46109 1 0 0
15.1573 12.2348 -109.46109 0 0 -1
15.1073 12.2348 -109.46109 0 0 -1
15.1073 12.2348 -109.46109 -1 0 0
15.1073 12.2348 -109.41109 0 0 1
15.1073 12.2348 -109.41109 -1 0 0
15.1573 12.2348 -109.41109 1 0 0
15.1573 12.2348 -109.41109 0 0 1
15.1573 13.5095 -109.41109 1 0 0
15.1573 13.5095 -109.41109 0 0 1
15.1073 13.5095 -109.41109 0 0 1
15.1073 13.5095 -109.41109 -1 0 0
15.1073 13.5095 -109.46109 0 0 -1
15.1073 13.5095 -109.46109 -1 0 0
15.1573 13.5095 -109.46109 1 0 0
15.1573 13.5095 -109.46109 0 0 -1
-15.1591 12.2348 -109.46109 0 0 -1
-15.1591 12.2348 -109.46109 -1 0 0
-15.1091 12.2348 -109.46109 1 0 0
-15.1091 12.2348 -109.46109 0 0 -1
-15.1091 12.2348 -109.41109 1 0 0
-15.1091 12.2348 -109.41109 0 0 1
-15.1591 12.2348 -109.41109 0 0 1
-15.1591 12.2348 -109.41109 -1 0 0
-15.1591 13.5095 -109.41109 0 0 1
-15.1591 13.5095 -109.41109 -1 0 0
-15.1091 13.5095 -109.41109 1 0 0
-15.1091 13.5095 -109.41109 0 0 1
-15.1091 13.5095 -109.46109 1 0 0
-15.1091 13.5095 -109.46109 0 0 -1
-15.1591 13.5095 -109.46109 0 0 -1
-15.1591 13.5095 -109.46109 -1 0 0
15.1573 13.5095 -110.98611 1 0 0
15.1573 13.5095 -110.98611 0 0 -1
15.1073 13.5095 -110.98611 0 0 -1
15.1073 13.5095 -110.98611 -1 0 0
15.1073 13.5095 -110.9361 0 0 1
15.1073 13.5095 -110.9361 -1 0 0
15.1573 13.5095 -110.9361 1 0 0
15.1573 13.5095 -110.9361 0 0 1
15.1573 12.2348 -110.9361 1 0 0
15.1573 12.2348 -110.9361 0 0 1
15.1073 12.2348 -110.9361 0 0 1
15.1073 12.2348 -110.9361 -1 0 0
15.1073 12.2348 -110.98611 0 0 -1
15.1073 12.2348 -110.98611 -1 0 0
15.1573 12.2348 -110.98611 1 0 0
15.1573 12.2348 -110.98611 0 0 -1
-15.1591 13.5095 -110.98611 0 0 -1
-15.1591 13.5095 -110.98611 -1 0 0
-15.1091 13.5095 -110.98611 1 0 0
-15.1091 13.5095 -110.98611 0 0 -1
-15.1091 13.5095 -110.9361 1 0 0
-15.1091 13.5095 -110.9361 0 0 1
-15.1591 13.5095 -110.9361 0 0 1
-15.1591 13.5095 -110.9361 -1 0 0
-15.1591 12.2348 -110.9361 0 0 1
-15.1591 12.2348 -110.9361 -1 0 0
-15.1091 12.2348 -110.9361 1 0 0
-15.1091 12.2348 -110.9361 0 0 1
-15.1091 12.2348 -110.98611 1 0 0
-15.1091 12.2348 -110.98611 0 0 -1
-15.1591 12.2348 -110.98611 0 0 -1
-15.1591 12.2348 -110.98611 -1 0 0
15.1573 12.2348 -112.51111 1 0 0
15.1573 12.2348 -112.51111 0 0 -1
15.1073 12.2348 -112.51111 0 0 -1
15.1073 12.2348 -112.51111 -1 0 0
15.1073 12.2348 -112.46111 0 0 1
15.1073 12.2348 -112.46111 -1 0 0
15.1573 12.2348 -112.46111 1 0 0
15.1573 12.2348 -112.46111 0 0 1
15.1573 13.5095 -112.46111 1 0 0
15.1573 13.5095 -112.46111 0 0 1
15.1073 13.5095 -112.46111 0 0 1
15.1073 13.5095 -112.46111 -1 0 0
15.1073 13.5095 -112.51111 0 0 -1
15.1073 13.5095 -112.51111 -1 0 0
15.1573 13.5095 -112.51111 1 0 0
15.1573 13.5095 -112.51111 0 0 -1
-15.1591 12.2348 -112.51111 0 0 -1
-15.1591 12.2348 -112.51111 -1 0 0
-15.1091 12.2348 -112.51111 1 0 0
-15.1091 12.2348 -112.51111 0 0 -1
-15.1091 12.2348 -112.46111 1 0 0
-15.1091 12.2348 -112.46111 0 0 1
-15.1591 12.2348 -112.46111 0 0 1
-15.1591 12.2348 -112.46111 -1 0 0
-15.1591 13.5095 -112.46111 0 0 1
-15.1591 13.5095 -112.46111 -1 0 0
-15.1091 13.5095 -112.46111 1 0 0
-15.1091 13.5095 -112.46111 0 0 1
-15.1091 13.5095 -112.51111 1 0 0
-15.1091 13.5095 -112.51111 0 0 -1
-15.1591 13.5095 -112.51111 0 0 -1
-15.1591 13.5095 -112.51111 -1 0 0
-14.9781 13.5095 -120.02594 1 0 0
-14.9781 13.5095 -120.02594 0 0 -1
-15.0281 13.5095 -120.02594 0 0 -1
-15.0281 13.5095 -120.02594 -1 0 0
-15.0281 13.5095 -119.9759 0 0 1
-15.0281 13.5095 -119.9759 -1 0 0
-14.9781 13.5095 -119.9759 1 0 0
-14.9781 13.5095 -119.9759 0 0 1
-14.9781 12.2348 -119.9759 1 0 0
-14.9781 12.2348 -119.9759 0 0 1
-15.0281 12.2348 -119.9759 0 0 1
-15.0281 12.2348 -119.9759 -1 0 0
-15.0281 12.2348 -120.02594 0 0 -1
-15.0281 12.2348 -120.02594 -1 0 0
-14.9781 12.2348 -120.02594 1 0 0
-14.9781 12.2348 -120.02594 0 0 -1
0.023695 12.2348 -120.02594 1 0 0
0.023695 12.2348 -120.02594 0 0 -1
-0.026305 12.2348 -120.02594 0 0 -1
-0.026305 12.2348 -120.02594 -1 0 0
-0.026305 12.2348 -119.9759 0 0 1
-0.026305 12.2348 -119.9759 -1 0 0
0.023695 12.2348 -119.9759 1 0 0
0.023695 12.2348 -119.9759 0 0 1
0.023695 13.5095 -119.9759 1 0 0
0.023695 13.5095 -119.9759 0 0 1
-0.026305 13.5095 -119.9759 0 0 1
-0.026305 13.5095 -119.9759 -1 0 0
-0.026305 13.5095 -120.02594 0 0 -1
-0.026305 13.5095 -120.02594 -1 0 0
0.023695 13.5095 -120.02594 1 0 0
0.023695 13.5095 -120.02594 0 0 -1
15.1573 12.2348 -103.46109 1 0 0
15.1573 12.2348 -103.46109 0 0 -1
15.1073 12.2348 -103.46109 0 0 -1
15.1073 12.2348 -103.46109 -1 0 0
15.1073 12.2348 -103.41109 0 0 1
15.1073 12.2348 -103.41109 -1 0 0
15.1573 12.2348 -103.41109 1 0 0
15.1573 12.2348 -103.41109 0 0 1
15.1573 13.5095 -103.41109 1 0 0
15.1573 13.5095 -103.41109 0 0 1
15.1073 13.5095 -103.41109 0 0 1
15.1073 13.5095 -103.41109 -1 0 0
15.1073 13.5095 -103.46109 0 0 -1
15.1073 13.5095 -103.46109 -1 0 0
15.1573 13.5095 -103.46109 1 0 0
15.1573 13.5095 -103.46109 0 0 -1
-15.1591 12.2348 -103.46109 0 0 -1
-15.1591 12.2348 -103.46109 -1 0 0
-15.1091 12.2348 -103.46109 1 0 0
-15.1091 12.2348 -103.46109 0 0 -1
-15.1091 12.2348 -103.41109 1 0 0
-15.1091 12.2348 -103.41109 0 0 1
-15.1591 12.2348 -103.41109 0 0 1
-15.1591 12.2348 -103.41109 -1 0 0
-15.1591 13.5095 -103.41109 0 0 1
-15.1591 13.5095 -103.41109 -1 0 0
-15.1091 13.5095 -103.41109 1 0 0
-15.1091 13.5095 -103.41109 0 0 1
-15.1091 13.5095 -103.46109 1 0 0
-15.1091 13.5095 -103.46109 0 0 -1
-15.1591 13.5095 -103.46109 0 0 -1
-15.1591 13.5095 -103.46109 -1 0 0
15.1573 13.5095 -104.98611 1 0 0
15.1573 13.5095 -104.98611 0 0 -1
15.1073 13.5095 -104.98611 0 0 -1
15.1073 13.5095 -104.98611 -1 0 0
15.1073 13.5095 -104.9361 0 0 1
15.1073 13.5095 -104.9361 -1 0 0
15.1573 13.5095 -104.9361 1 0 0
15.1573 13.5095 -104.9361 0 0 1
15.1573 12.2348 -104.9361 1 0 0
15.1573 12.2348 -104.9361 0 0 1
15.1073 12.2348 -104.9361 0 0 1
15.1073 12.2348 -104.9361 -1 0 0
15.1073 12.2348 -104.98611 0 0 -1
15.1073 12.2348 -104.98611 -1 0 0
15.1573 12.2348 -104.98611 1 0 0
15.1573 12.2348 -104.98611 0 0 -1
-15.1591 13.5095 -104.98611 0 0 -1
-15.1591 13.5095 -104.98611 -1 0 0
-15.1091 13.5095 -104.98611 1 0 0
-15.1091 13.5095 -104.98611 0 0 -1
-15.1091 13.5095 -104.9361 1 0 0
-15.1091 13.5095 -104.9361 0 0 1
-15.1591 13.5095 -104.9361 0 0 1
-15.1591 13.5095 -104.9361 -1 0 0
-15.1591 12.2348 -104.9361 0 0 1
-15.1591 12.2348 -104.9361 -1 0 0
-15.1091 12.2348 -104.9361 1 0 0
-15.1091 12.2348 -104.9361 0 0 1
-15.1091 12.2348 -104.98611 1 0 0
-15.1091 12.2348 -104.98611 0 0 -1
-15.1591 12.2348 -104.98611 0 0 -1
-15.1591 12.2348 -104.98611 -1 0 0
15.1573 12.2348 -106.51111 1 0 0
15.1573 12.2348 -106.51111 0 0 -1
15.1073 12.2348 -106.51111 0 0 -1
15.1073 12.2348 -106.51111 -1 0 0
15.1073 12.2348 -106.46111 0 0 1
15.1073 12.2348 -106.46111 -1 0 0
15.1573 12.2348 -106.46111 1 0 0
15.1573 12.2348 -106.46111 0 0 1
15.1573 13.5095 -106.46111 1 0 0
15.1573 13.5095 -106.46111 0 0 1
15.1073 13.5095 -106.46111 0 0 1
15.1073 13.5095 -106.46111 -1 0 0
15.1073 13.5095 -106.51111 0 0 -1
15.1073 13.5095 -106.51111 -1 0 0
15.1573 13.5095 -106.51111 1 0 0
15.1573 13.5095 -106.51111 0 0 -1
-15.1591 12.2348 -106.51111 0 0 -1
-15.1591 12.2348 -106.51111 -1 0 0
-15.1091 12.2348 -106.51111 1 0 0
-15.1091 12.2348 -106.51111 0 0 -1
-15.1091 12.2348 -106.46111 1 0 0
-15.1091 12.2348 -106.46111 0 0 1
-15.1591 12.2348 -106.46111 0 0 1
-15.1591 12.2348 -106.46111 -1 0 0
-15.1591 13.5095 -106.46111 0 0 1
-15.1591 13.5095 -106.46111 -1 0 0
-15.1091 13.5095 -106.46111 1 0 0
-15.1091 13.5095 -106.46111 0 0 1
-15.1091 13.5095 -106.51111 1 0 0
-15.1091 13.5095 -106.51111 0 0 -1
-15.1591 13.5095 -106.51111 0 0 -1
-15.1591 13.5095 -106.51111 -1 0 0
15.1573 12.8348 -101.99689 1 0 0
15.1573 12.8348 -101.99689 0 -1 0
15.1073 12.8348 -101.99689 0 -1 0
15.1073 12.8348 -101.99689 -1 0 0
15.1073 12.8848 -101.99689 0 1 0
15.1073 12.8848 -101.99689 -1 0 0
15.1573 12.8848 -101.99689 1 0 0
15.1573 12.8848 -101.99689 0 1 0
15.1573 12.8848 -119.97654 1 0 0
15.1573 12.8848 -119.97654 0 1 0
15.1073 12.8848 -119.97654 0 1 0
15.1073 12.8848 -119.97654 -1 0 0
15.1073 12.8348 -119.97654 0 -1 0
15.1073 12.8348 -119.97654 -1 0 0
15.1573 12.8348 -119.97654 1 0 0
15.1573 12.8348 -119.97654 0 -1 0
-15.1591 12.8348 -101.99689 0 -1 0
-15.1591 12.8348 -101.99689 -1 0 0
-15.1091 12.8348 -101.99689 1 0 0
-15.1091 12.8348 -101.99689 0 -1 0
-15.1091 12.8848 -101.99689 1 0 0
-15.1091 12.8848 -101.99689 0 1 0
-15.1591 12.8848 -101.99689 0 1 0
-15.1591 12.8848 -101.99689 -1 0 0
-15.1591 12.8848 -119.97654 0 1 0
-15.1591 12.8848 -119.97654 -1 0 0
-15.1091 12.8848 -119.97654 1 0 0
-15.1091 12.8848 -119.97654 0 1 0
-15.1091 12.8348 -119.97654 1 0 0
-15.1091 12.8348 -119.97654 0 -1 0
-15.1591 12.8348 -119.97654 0 -1 0
-15.1591 12.8348 -119.97654 -1 0 0
15.1573 13.5098 -119.97616 1 0 0
15.1573 13.5098 -119.97616 0 -1 0
15.1073 13.5098 -119.97616 0 -1 0
15.1073 13.5098 -119.97616 -1 0 0
15.1073 13.5598 -119.97616 0 1 0
15.1073 13.5598 -119.97616 -1 0 0
15.1573 13.5598 -119.97616 1 0 0
15.1573 13.5598 -119.97616 0 1 0
15.1573 13.5598 -101.99638 1 0 0
15.1573 13.5598 -101.99638 0 1 0
15.1073 13.5598 -101.99638 0 1 0
15.1073 13.5598 -101.99638 -1 0 0
15.1073 13.5098 -101.99638 0 -1 0
15.1073 13.5098 -101.99638 -1 0 0
15.1573 13.5098 -101.99638 1 0 0
15.1573 13.5098 -101.99638 0 -1 0
-15.1591 13.5098 -119.97616 0 -1 0
-15.1591 13.5098 -119.97616 -1 0 0
-15.1091 13.5098 -119.97616 1 0 0
-15.1091 13.5098 -119.97616 0 -1 0
-15.1091 13.5598 -119.97616 1 0 0
-15.1091 13.5598 -119.97616 0 1 0
-15.1591 13.5598 -119.97616 0 1 0
-15.1591 13.5598 -119.97616 -1 0 0
-15.1591 13.5598 -101.99638 0 1 0
-15.1591 13.5598 -101.99638 -1 0 0
-15.1091 13.5598 -101.99638 1 0 0
-15.1091 13.5598 -101.99638 0 1 0
-15.1091 13.5098 -101.99638 1 0 0
-15.1091 13.5098 -101.99638 0 -1 0
-15.1591 13.5098 -101.99638 0 -1 0
-15.1591 13.5098 -101.99638 -1 0 0
15.1571 13.5098 -120.02644 1 0 0
15.1571 13.5098 -120.02644 0 -1 0
15.1571 13.5098 -120.02644 0 0 -1
15.1571 13.5098 -119.97642 1 0 0
15.1571 13.5098 -119.97642 0 -1 0
15.1571 13.5098 -119.97642 0 0 1
15.1571 13.5598 -119.97642 1 0 0
15.1571 13.5598 -119.97642 0 0 1
15.1571 13.5598 -119.97642 0 1 0
15.1571 13.5598 -120.02644 1 0 0
15.1571 13.5598 -120.02644 0 0 -1
15.1571 13.5598 -120.02644 0 1 0
-15.1587 13.5598 -120.02644 0 0 -1
-15.1587 13.5598 -120.02644 0 1 0
-15.1587 13.5598 -120.02644 -1 0 0
-15.1587 13.5598 -119.97642 0 0 1
-15.1587 13.5598 -119.97642 0 1 0
-15.1587 13.5598 -119.97642 -1 0 0
-15.1587 13.5098 -119.97642 0 -1 0
-15.1587 13.5098 -119.97642 0 0 1
-15.1587 13.5098 -119.97642 -1 0 0
-15.1587 13.5098 -120.02644 0 -1 0
-15.1587 13.5098 -120.02644 0 0 -1
-15.1587 13.5098 -120.02644 -1 0 0
-15.1593 12.8348 -120.02644 0 -1 0
-15.1593 12.8348 -120.02644 0 0 -1
-15.1593 12.8348 -120.02644 -1 0 0
-15.1593 12.8348 -119.97642 0 -1 0
-15.1593 12.8348 -119.97642 0 0 1
-15.1593 12.8348 -119.97642 -1 0 0
-15.1593 12.8848 -119.97642 0 0 1
-15.1593 12.8848 -119.97642 0 1 0
-15.1593 12.8848 -119.97642 -1 0 0
-15.1593 12.8848 -120.02644 0 0 -1
-15.1593 12.8848 -120.02644 0 1 0
-15.1593 12.8848 -120.02644 -1 0 0
15.1565 12.8848 -120.02644 1 0 0
15.1565 12.8848 -120.02644 0 0 -1
15.1565 12.8848 -120.02644 0 1 0
15.1565 12.8848 -119.97642 1 0 0
15.1565 12.8848 -119.97642 0 0 1
15.1565 12.8848 -119.97642 0 1 0
15.1565 12.8348 -119.97642 1 0 0
15.1565 12.8348 -119.97642 0 -1 0
15.1565 12.8348 -119.97642 0 0 1
15.1565 12.8348 -120.02644 1 0 0
15.1565 12.8348 -120.02644 0 -1 0
15.1565 12.8348 -120.02644 0 0 -1
15.1573 12.2348 -115.46109 1 0 0
15.1573 12.2348 -115.46109 0 0 -1
15.1073 12.2348 -115.46109 0 0 -1
15.1073 12.2348 -115.46109 -1 0 0
15.1073 12.2348 -115.41109 0 0 1
15.1073 12.2348 -115.41109 -1 0 0
15.1573 12.2348 -115.41109 1 0 0
15.1573 12.2348 -115.41109 0 0 1
15.1573 13.5095 -115.41109 1 0 0
15.1573 13.5095 -115.41109 0 0 1
15.1073 13.5095 -115.41109 0 0 1
15.1073 13.5095 -115.41109 -1 0 0
15.1073 13.5095 -115.46109 0 0 -1
15.1073 13.5095 -115.46109 -1 0 0
15.1573 13.5095 -115.46109 1 0 0
15.1573 13.5095 -115.46109 0 0 -1
-15.1591 12.2348 -115.46109 0 0 -1
-15.1591 12.2348 -115.46109 -1 0 0
-15.1091 12.2348 -115.46109 1 0 0
-15.1091 12.2348 -115.46109 0 0 -1
-15.1091 12.2348 -115.41109 1 0 0
-15.1091 12.2348 -115.41109 0 0 1
-15.1591 12.2348 -115.41109 0 0 1
-15.1591 12.2348 -115.41109 -1 0 0
-15.1591 13.5095 -115.41109 0 0 1
-15.1591 13.5095 -115.41109 -1 0 0
-15.1091 13.5095 -115.41109 1 0 0
-15.1091 13.5095 -115.41109 0 0 1
-15.1091 13.5095 -115.46109 1 0 0
-15.1091 13.5095 -115.46109 0 0 -1
-15.1591 13.5095 -115.46109 0 0 -1
-15.1591 13.5095 -115.46109 -1 0 0
15.1573 13.5095 -116.98611 1 0 0
15.1573 13.5095 -116.98611 0 0 -1
15.1073 13.5095 -116.98611 0 0 -1
15.1073 13.5095 -116.98611 -1 0 0
15.1073 13.5095 -116.9361 0 0 1
15.1073 13.5095 -116.9361 -1 0 0
15.1573 13.5095 -116.9361 1 0 0
15.1573 13.5095 -116.9361 0 0 1
15.1573 12.2348 -116.9361 1 0 0
15.1573 12.2348 -116.9361 0 0 1
15.1073 12.2348 -116.9361 0 0 1
15.1073 12.2348 -116.9361 -1 0 0
15.1073 12.2348 -116.98611 0 0 -1
15.1073 12.2348 -116.98611 -1 0 0
15.1573 12.2348 -116.98611 1 0 0
15.1573 12.2348 -116.98611 0 0 -1
-15.1591 13.5095 -116.98611 0 0 -1
-15.1591 13.5095 -116.98611 -1 0 0
-15.1091 13.5095 -116.98611 1 0 0
-15.1091 13.5095 -116.98611 0 0 -1
-15.1091 13.5095 -116.9361 1 0 0
-15.1091 13.5095 -116.9361 0 0 1
-15.1591 13.5095 -116.9361 0 0 1
-15.1591 13.5095 -116.9361 -1 0 0
-15.1591 12.2348 -116.9361 0 0 1
-15.1591 12.2348 -116.9361 -1 0 0
-15.1091 12.2348 -116.9361 1 0 0
-15.1091 12.2348 -116.9361 0 0 1
-15.1091 12.2348 -116.98611 1 0 0
-15.1091 12.2348 -116.98611 0 0 -1
-15.1591 12.2348 -116.98611 0 0 -1
-15.1591 12.2348 -116.98611 -1 0 0
15.1573 12.2348 -118.51111 1 0 0
15.1573 12.2348 -118.51111 0 0 -1
15.1073 12.2348 -118.51111 0 0 -1
15.1073 12.2348 -118.51111 -1 0 0
15.1073 12.2348 -118.46111 0 0 1
15.1073 12.2348 -118.46111 -1 0 0
15.1573 12.2348 -118.46111 1 0 0
15.1573 12.2348 -118.46111 0 0 1
15.1573 13.5095 -118.46111 1 0 0
15.1573 13.5095 -118.46111 0 0 1
15.1073 13.5095 -118.46111 0 0 1
15.1073 13.5095 -118.46111 -1 0 0
15.1073 13.5095 -118.51111 0 0 -1
15.1073 13.5095 -118.51111 -1 0 0
15.1573 13.5095 -118.51111 1 0 0
15.1573 13.5095 -118.51111 0 0 -1
-15.1591 12.2348 -118.51111 0 0 -1
-15.1591 12.2348 -118.51111 -1 0 0
-15.1091 12.2348 -118.51111 1 0 0
-15.1091 12.2348 -118.51111 0 0 -1
-15.1091 12.2348 -118.46111 1 0 0
-15.1091 12.2348 -118.46111 0 0 1
-15.1591 12.2348 -118.46111 0 0 1
-15.1591 12.2348 -118.46111 -1 0 0
-15.1591 13.5095 -118.46111 0 0 1
-15.1591 13.5095 -118.46111 -1 0 0
-15.1091 13.5095 -118.46111 1 0 0
-15.1091 13.5095 -118.46111 0 0 1
-15.1091 13.5095 -118.51111 1 0 0
-15.1091 13.5095 -118.51111 0 0 -1
-15.1591 13.5095 -118.51111 0 0 -1
-15.1591 13.5095 -118.51111 -1 0 0
13.8237 12.2348 -120.02594 1 0 0
13.8237 12.2348 -120.02594 0 0 -1
13.7737 12.2348 -120.02594 0 0 -1
13.7737 12.2348 -120.02594 -1 0 0
13.7737 12.2348 -119.9759 0 0 1
13.7737 12.2348 -119.9759 -1 0 0
13.8237 12.2348 -119.9759 1 0 0
13.8237 12.2348 -119.9759 0 0 1
13.8237 13.5095 -119.9759 1 0 0
13.8237 13.5095 -119.9759 0 0 1
13.7737 13.5095 -119.9759 0 0 1
13.7737 13.5095 -119.9759 -1 0 0
13.7737 13.5095 -120.02594 0 0 -1
13.7737 13.5095 -120.02594 -1 0 0
13.8237 13.5095 -120.02594 1 0 0
13.8237 13.5095 -120.02594 0 0 -1
12.3237 13.5095 -120.02594 1 0 0
12.3237 13.5095 -120.02594 0 0 -1
12.2737 13.5095 -120.02594 0 0 -1
12.2737 13.5095 -120.02594 -1 0 0
12.2737 13.5095 -119.9759 0 0 1
12.2737 13.5095 -119.9759 -1 0 0
12.3237 13.5095 -119.9759 1 0 0
12.3237 13.5095 -119.9759 0 0 1
12.3237 12.2348 -119.9759 1 0 0
12.3237 12.2348 -119.9759 0 0 1
12.2737 12.2348 -119.9759 0 0 1
12.2737 12.2348 -119.9759 -1 0 0
12.2737 12.2348 -120.02594 0 0 -1
12.2737 12.2348 -120.02594 -1 0 0
12.3237 12.2348 -120.02594 1 0 0
12.3237 12.2348 -120.02594 0 0 -1
10.8237 12.2348 -120.02594 1 0 0
10.8237 12.2348 -120.02594 0 0 -1
10.7737 12.2348 -120.02594 0 0 -1
10.7737 12.2348 -120.02594 -1 0 0
10.7737 12.2348 -119.9759 0 0 1
10.7737 12.2348 -119.9759 -1 0 0
10.8237 12.2348 -119.9759 1 0 0
10.8237 12.2348 -119.9759 0 0 1
10.8237 13.5095 -119.9759 1 0 0
10.8237 13.5095 -119.9759 0 0 1
10.7737 13.5095 -119.9759 0 0 1
10.7737 13.5095 -119.9759 -1 0 0
10.7737 13.5095 -120.02594 0 0 -1
10.7737 13.5095 -120.02594 -1 0 0
10.8237 13.5095 -120.02594 1 0 0
10.8237 13.5095 -120.02594 0 0 -1
9.32369 13.5095 -120.02594 1 0 0
9.32369 13.5095 -120.02594 0 0 -1
9.27369 13.5095 -120.02594 0 0 -1
9.27369 13.5095 -120.02594 -1 0 0
9.27369 13.5095 -119.9759 0 0 1
9.27369 13.5095 -119.9759 -1 0 0
9.32369 13.5095 -119.9759 1 0 0
9.32369 13.5095 -119.9759 0 0 1
9.32369 12.2348 -119.9759 1 0 0
9.32369 12.2348 -119.9759 0 0 1
9.27369 12.2348 -119.9759 0 0 1
9.27369 12.2348 -119.9759 -1 0 0
9.27369 12.2348 -120.02594 0 0 -1
9.27369 12.2348 -120.02594 -1 0 0
9.32369 12.2348 -120.02594 1 0 0
9.32369 12.2348 -120.02594 0 0 -1
7.82369 12.2348 -120.02594 1 0 0
7.82369 12.2348 -120.02594 0 0 -1
7.77369 12.2348 -120.02594 0 0 -1
7.77369 12.2348 -120.02594 -1 0 0
7.77369 12.2348 -119.9759 0 0 1
7.77369 12.2348 -119.9759 -1 0 0
7.82369 12.2348 -119.9759 1 0 0
7.82369 12.2348 -119.9759 0 0 1
7.82369 13.5095 -119.9759 1 0 0
7.82369 13.5095 -119.9759 0 0 1
7.77369 13.5095 -119.9759 0 0 1
7.77369 13.5095 -119.9759 -1 0 0
7.77369 13.5095 -120.02594 0 0 -1
7.77369 13.5095 -120.02594 -1 0 0
7.82369 13.5095 -120.02594 1 0 0
7.82369 13.5095 -120.02594 0 0 -1
6.32369 13.5095 -120.02594 1 0 0
6.32369 13.5095 -120.02594 0 0 -1
6.27369 13.5095 -120.02594 0 0 -1
6.27369 13.5095 -120.02594 -1 0 0
6.27369 13.5095 -119.9759 0 0 1
6.27369 13.5095 -119.9759 -1 0 0
6.32369 13.5095 -119.9759 1 0 0
6.32369 13.5095 -119.9759 0 0 1
6.32369 12.2348 -119.9759 1 0 0
6.32369 12.2348 -119.9759 0 0 1
6.27369 12.2348 -119.9759 0 0 1
6.27369 12.2348 -119.9759 -1 0 0
6.27369 12.2348 -120.02594 0 0 -1
6.27369 12.2348 -120.02594 -1 0 0
6.32369 12.2348 -120.02594 1 0 0
6.32369 12.2348 -120.02594 0 0 -1
4.82369 12.2348 -120.02594 1 0 0
4.82369 12.2348 -120.02594 0 0 -1
4.77369 12.2348 -120.02594 0 0 -1
4.77369 12.2348 -120.02594 -1 0 0
4.77369 12.2348 -119.9759 0 0 1
4.77369 12.2348 -119.9759 -1 0 0
4.82369 12.2348 -119.9759 1 0 0
4.82369 12.2348 -119.9759 0 0 1
4.82369 13.5095 -119.9759 1 0 0
4.82369 13.5095 -119.9759 0 0 1
4.77369 13.5095 -119.9759 0 0 1
4.77369 13.5095 -119.9759 -1 0 0
4.77369 13.5095 -120.02594 0 0 -1
4.77369 13.5095 -120.02594 -1 0 0
4.82369 13.5095 -120.02594 1 0 0
4.82369 13.5095 -120.02594 0 0 -1
3.32369 13.5095 -120.02594 1 0 0
3.32369 13.5095 -120.02594 0 0 -1
3.27369 13.5095 -120.02594 0 0 -1
3.27369 13.5095 -120.02594 -1 0 0
3.27369 13.5095 -119.9759 0 0 1
3.27369 13.5095 -119.9759 -1 0 0
3.32369 13.5095 -119.9759 1 0 0
3.32369 13.5095 -119.9759 0 0 1
3.32369 12.2348 -119.9759 1 0 0
3.32369 12.2348 -119.9759 0 0 1
3.27369 12.2348 -119.9759 0 0 1
3.27369 12.2348 -119.9759 -1 0 0
3.27369 12.2348 -120.02594 0 0 -1
3.27369 12.2348 -120.02594 -1 0 0
3.32369 12.2348 -120.02594 1 0 0
3.32369 12.2348 -120.02594 0 0 -1
1.82369 12.2348 -120.02594 1 0 0
1.82369 12.2348 -120.02594 0 0 -1
1.77369 12.2348 -120.02594 0 0 -1
1.77369 12.2348 -120.02594 -1 0 0
1.77369 12.2348 -119.9759 0 0 1
1.77369 12.2348 -119.9759 -1 0 0
1.82369 12.2348 -119.9759 1 0 0
1.82369 12.2348 -119.9759 0 0 1
1.82369 13.5095 -119.9759 1 0 0
1.82369 13.5095 -119.9759 0 0 1
1.77369 13.5095 -119.9759 0 0 1
1.77369 13.5095 -119.9759 -1 0 0
1.77369 13.5095 -120.02594 0 0 -1
1.77369 13.5095 -120.02594 -1 0 0
1.82369 13.5095 -120.02594 1 0 0
1.82369 13.5095 -120.02594 0 0 -1
-13.8237 12.2348 -120.02594 0 0 -1
-13.8237 12.2348 -120.02594 -1 0 0
-13.7737 12.2348 -120.02594 1 0 0
-13.7737 12.2348 -120.02594 0 0 -1
-13.7737 12.2348 -119.9759 1 0 0
-13.7737 12.2348 -119.9759 0 0 1
-13.8237 12.2348 -119.9759 0 0 1
-13.8237 12.2348 -119.9759 -1 0 0
-13.8237 13.5095 -119.9759 0 0 1
-13.8237 13.5095 -119.9759 -1 0 0
-13.7737 13.5095 -119.9759 1 0 0
-13.7737 13.5095 -119.9759 0 0 1
-13.7737 13.5095 -120.02594 1 0 0
-13.7737 13.5095 -120.02594 0 0 -1
-13.8237 13.5095 -120.02594 0 0 -1
-13.8237 13.5095 -120.02594 -1 0 0
-12.3237 13.5095 -120.02594 0 0 -1
-12.3237 13.5095 -120.02594 -1 0 0
-12.2737 13.5095 -120.02594 1 0 0
-12.2737 13.5095 -120.02594 0 0 -1
-12.2737 13.5095 -119.9759 1 0 0
-12.2737 13.5095 -119.9759 0 0 1
-12.3237 13.5095 -119.9759 0 0 1
-12.3237 13.5095 -119.9759 -1 0 0
-12.3237 12.2348 -119.9759 0 0 1
-12.3237 12.2348 -119.9759 -1 0 0
-12.2737 12.2348 -119.9759 1 0 0
-12.2737 12.2348 -119.9759 0 0 1
-12.2737 12.2348 -120.02594 1 0 0
-12.2737 12.2348 -120.02594 0 0 -1
-12.3237 12.2348 -120.02594 0 0 -1
-12.3237 12.2348 -120.02594 -1 0 0
-10.8237 12.2348 -120.02594 0 0 -1
-10.8237 12.2348 -120.02594 -1 0 0
-10.7737 12.2348 -120.02594 1 0 0
-10.7737 12.2348 -120.02594 0 0 -1
-10.7737 12.2348 -119.9759 1 0 0
-10.7737 12.2348 -119.9759 0 0 1
-10.8237 12.2348 -119.9759 0 0 1
-10.8237 12.2348 -119.9759 -1 0 0
-10.8237 13.5095 -119.9759 0 0 1
-10.8237 13.5095 -119.9759 -1 0 0
-10.7737 13.5095 -119.9759 1 0 0
-10.7737 13.5095 -119.9759 0 0 1
-10.7737 13.5095 -120.02594 1 0 0
-10.7737 13.5095 -120.02594 0 0 -1
-10.8237 13.5095 -120.02594 0 0 -1
-10.8237 13.5095 -120.02594 -1 0 0
-9.3237 13.5095 -120.02594 0 0 -1
-9.3237 13.5095 -120.02594 -1 0 0
-9.2737 13.5095 -120.02594 1 0 0
-9.2737 13.5095 -120.02594 0 0 -1
-9.2737 13.5095 -119.9759 1 0 0
-9.2737 13.5095 -119.9759 0 0 1
-9.3237 13.5095 -119.9759 0 0 1
-9.3237 13.5095 -119.9759 -1 0 0
-9.3237 12.2348 -119.9759 0 0 1
-9.3237 12.2348 -119.9759 -1 0 0
-9.2737 12.2348 -119.9759 1 0 0
-9.2737 12.2348 -119.9759 0 0 1
-9.2737 12.2348 -120.02594 1 0 0
-9.2737 12.2348 -120.02594 0 0 -1
-9.3237 12.2348 -120.02594 0 0 -1
-9.3237 12.2348 -120.02594 -1 0 0
-7.8237 12.2348 -120.02594 0 0 -1
-7.8237 12.2348 -120.02594 -1 0 0
-7.7737 12.2348 -120.02594 1 0 0
-7.7737 12.2348 -120.02594 0 0 -1
-7.7737 12.2348 -119.9759 1 0 0
-7.7737 12.2348 -119.9759 0 0 1
-7.8237 12.2348 -119.9759 0 0 1
-7.8237 12.2348 -119.9759 -1 0 0
-7.8237 13.5095 -119.9759 0 0 1
-7.8237 13.5095 -119.9759 -1 0 0
-7.7737 13.5095 -119.9759 1 0 0
-7.7737 13.5095 -119.9759 0 0 1
-7.7737 13.5095 -120.02594 1 0 0
-7.7737 13.5095 -120.02594 0 0 -1
-7.8237 13.5095 -120.02594 0 0 -1
-7.8237 13.5095 -120.02594 -1 0 0
-6.3237 13.5095 -120.02594 0 0 -1
-6.3237 13.5095 -120.02594 -1 0 0
-6.2737 13.5095 -120.02594 1 0 0
-6.2737 13.5095 -120.02594 0 0 -1
-6.2737 13.5095 -119.9759 1 0 0
-6.2737 13.5095 -119.9759 0 0 1
-6.3237 13.5095 -119.9759 0 0 1
-6.3237 13.5095 -119.9759 -1 0 0
-6.3237 12.2348 -119.9759 0 0 1
-6.3237 12.2348 -119.9759 -1 0 0
-6.2737 12.2348 -119.9759 1 0 0
-6.2737 12.2348 -119.9759 0 0 1
-6.2737 12.2348 -120.02594 1 0 0
-6.2737 12.2348 -120.02594 0 0 -1
-6.3237 12.2348 -120.02594 0 0 -1
-6.3237 12.2348 -120.02594 -1 0 0
-4.8237 12.2348 -120.02594 0 0 -1
-4.8237 12.2348 -120.02594 -1 0 0
-4.7737 12.2348 -120.02594 1 0 0
-4.7737 12.2348 -120.02594 0 0 -1
-4.7737 12.2348 -119.9759 1 0 0
-4.7737 12.2348 -119.9759 0 0 1
-4.8237 12.2348 -119.9759 0 0 1
-4.8237 12.2348 -119.9759 -1 0 0
-4.8237 13.5095 -119.9759 0 0 1
-4.8237 13.5095 -119.9759 -1 0 0
-4.7737 13.5095 -119.9759 1 0 0
-4.7737 13.5095 -119.9759 0 0 1
-4.7737 13.5095 -120.02594 1 0 0
-4.7737 13.5095 -120.02594 0 0 -1
-4.8237 13.5095 -120.02594 0 0 -1
-4.8237 13.5095 -120.02594 -1 0 0
-3.3237 13.5095 -120.02594 0 0 -1
-3.3237 13.5095 -120.02594 -1 0 0
-3.2737 13.5095 -120.02594 1 0 0
-3.2737 13.5095 -120.02594 0 0 -1
-3.2737 13.5095 -119.9759 1 0 0
-3.2737 13.5095 -119.9759 0 0 1
-3.3237 13.5095 -119.9759 0 0 1
-3.3237 13.5095 -119.9759 -1 0 0
-3.3237 12.2348 -119.9759 0 0 1
-3.3237 12.2348 -119.9759 -1 0 0
-3.2737 12.2348 -119.9759 1 0 0
-3.2737 12.2348 -119.9759 0 0 1
-3.2737 12.2348 -120.02594 1 0 0
-3.2737 12.2348 -120.02594 0 0 -1
-3.3237 12.2348 -120.02594 0 0 -1
-3.3237 12.2348 -120.02594 -1 0 0
-1.8237 12.2348 -120.02594 0 0 -1
-1.8237 12.2348 -120.02594 -1 0 0
-1.7737 12.2348 -120.02594 1 0 0
-1.7737 12.2348 -120.02594 0 0 -1
-1.7737 12.2348 -119.9759 1 0 0
-1.7737 12.2348 -119.9759 0 0 1
-1.8237 12.2348 -119.9759 0 0 1
-1.8237 12.2348 -119.9759 -1 0 0
-1.8237 13.5095 -119.9759 0 0 1
-1.8237 13.5095 -119.9759 -1 0 0
-1.7737 13.5095 -119.9759 1 0 0
-1.7737 13.5095 -119.9759 0 0 1
-1.7737 13.5095 -120.02594 1 0 0
-1.7737 13.5095 -120.02594 0 0 -1
-1.8237 13.5095 -120.02594 0 0 -1
-1.8237 13.5095 -120.02594 -1 0 0
15.1573 9.3349 -109.46109 1 0 0
15.1573 9.3349 -109.46109 0 0 -1
15.1073 9.3349 -109.46109 0 0 -1
15.1073 9.3349 -109.46109 -1 0 0
15.1073 9.3349 -109.41109 0 0 1
15.1073 9.3349 -109.41109 -1 0 0
15.1573 9.3349 -109.41109 1 0 0
15.1573 9.3349 -109.41109 0 0 1
15.1573 10.6096 -109.41109 1 0 0
15.1573 10.6096 -109.41109 0 0 1
15.1073 10.6096 -109.41109 0 0 1
15.1073 10.6096 -109.41109 -1 0 0
15.1073 10.6096 -109.46109 0 0 -1
15.1073 10.6096 -109.46109 -1 0 0
15.1573 10.6096 -109.46109 1 0 0
15.1573 10.6096 -109.46109 0 0 -1
-15.1591 9.3349 -109.46109 0 0 -1
-15.1591 9.3349 -109.46109 -1 0 0
-15.1091 9.3349 -109.46109 1 0 0
-15.1091 9.3349 -109.46109 0 0 -1
-15.1091 9.3349 -109.41109 1 0 0
-15.1091 9.3349 -109.41109 0 0 1
-15.1591 9.3349 -109.41109 0 0 1
-15.1591 9.3349 -109.41109 -1 0 0
-15.1591 10.6096 -109.41109 0 0 1
-15.1591 10.6096 -109.41109 -1 0 0
-15.1091 10.6096 -109.41109 1 0 0
-15.1091 10.6096 -109.41109 0 0 1
-15.1091 10.6096 -109.46109 1 0 0
-15.1091 10.6096 -109.46109 0 0 -1
-15.1591 10.6096 -109.46109 0 0 -1
-15.1591 10.6096 -109.46109 -1 0 0
15.1573 10.6096 -110.98611 1 0 0
15.1573 10.6096 -110.98611 0 0 -1
15.1073 10.6096 -110.98611 0 0 -1
15.1073 10.6096 -110.98611 -1 0 0
15.1073 10.6096 -110.9361 0 0 1
15.1073 10.6096 -110.9361 -1 0 0
15.1573 10.6096 -110.9361 1 0 0
15.1573 10.6096 -110.9361 0 0 1
15.1573 9.3349 -110.9361 1 0 0
15.1573 9.3349 -110.9361 0 0 1
15.1073 9.3349 -110.9361 0 0 1
15.1073 9.3349 -110.9361 -1 0 0
15.1073 9.3349 -110.98611 0 0 -1
15.1073 9.3349 -110.98611 -1 0 0
15.1573 9.3349 -110.98611 1 0 0
15.1573 9.3349 -110.98611 0 0 -1
-15.1591 10.6096 -110.98611 0 0 -1
-15.1591 10.6096 -110.98611 -1 0 0
-15.1091 10.6096 -110.98611 1 0 0
-15.1091 10.6096 -110.98611 0 0 -1
-15.1091 10.6096 -110.9361 1 0 0
-15.1091 10.6096 -110.9361 0 0 1
-15.1591 10.6096 -110.9361 0 0 1
-15.1591 10.6096 -110.9361 -1 0 0
-15.1591 9.3349 -110.9361 0 0 1
-15.1591 9.3349 -110.9361 -1 0 0
-15.1091 9.3349 -110.9361 1 0 0
-15.1091 9.3349 -110.9361 0 0 1
-15.1091 9.3349 -110.98611 1 0 0
-15.1091 9.3349 -110.98611 0 0 -1
-15.1591 9.3349 -110.98611 0 0 -1
-15.1591 9.3349 -110.98611 -1 0 0
15.1573 9.3349 -112.51111 1 0 0
15.1573 9.3349 -112.51111 0 0 -1
15.1073 9.3349 -112.51111 0 0 -1
15.1073 9.3349 -112.51111 -1 0 0
15.1073 9.3349 -112.46111 0 0 1
15.1073 9.3349 -112.46111 -1 0 0
15.1573 9.3349 -112.46111 1 0 0
15.1573 9.3349 -112.46111 0 0 1
15.1573 10.6096 -112.46111 1 0 0
15.1573 10.6096 -112.46111 0 0 1
15.1073 10.6096 -112.46111 0 0 1
15.1073 10.6096 -112.46111 -1 0 0
15.1073 10.6096 -112.51111 0 0 -1
15.1073 10.6096 -112.51111 -1 0 0
15.1573 10.6096 -112.51111 1 0 0
15.1573 10.6096 -112.51111 0 0 -1
-15.1591 9.3349 -112.51111 0 0 -1
-15.1591 9.3349 -112.51111 -1 0 0
-15.1091 9.3349 -112.51111 1 0 0
-15.1091 9.3349 -112.51111 0 0 -1
-15.1091 9.3349 -112.46111 1 0 0
-15.1091 9.3349 -112.46111 0 0 1
-15.1591 9.3349 -112.46111 0 0 1
-15.1591 9.3349 -112.46111 -1 0 0
-15.1591 10.6096 -112.46111 0 0 1
-15.1591 10.6096 -112.46111 -1 0 0
-15.1091 10.6096 -112.46111 1 0 0
-15.1091 10.6096 -112.46111 0 0 1
-15.1091 10.6096 -112.51111 1 0 0
-15.1091 10.6096 -112.51111 0 0 -1
-15.1591 10.6096 -112.51111 0 0 -1
-15.1591 10.6096 -112.51111 -1 0 0
-14.9781 10.6096 -120.02594 1 0 0
-14.9781 10.6096 -120.02594 0 0 -1
-15.0281 10.6096 -120.02594 0 0 -1
-15.0281 10.6096 -120.02594 -1 0 0
-15.0281 10.6096 -119.9759 0 0 1
-15.0281 10.6096 -119.9759 -1 0 0
-14.9781 10.6096 -119.9759 1 0 0
-14.9781 10.6096 -119.9759 0 0 1
-14.9781 9.3349 -119.9759 1 0 0
-14.9781 9.3349 -119.9759 0 0 1
-15.0281 9.3349 -119.9759 0 0 1
-15.0281 9.3349 -119.9759 -1 0 0
-15.0281 9.3349 -120.02594 0 0 -1
-15.0281 9.3349 -120.02594 -1 0 0
-14.9781 9.3349 -120.02594 1 0 0
-14.9781 9.3349 -120.02594 0 0 -1
0.023695 9.3349 -120.02594 1 0 0
0.023695 9.3349 -120.02594 0 0 -1
-0.026305 9.3349 -120.02594 0 0 -1
-0.026305 9.3349 -120.02594 -1 0 0
-0.026305 9.3349 -119.9759 0 0 1
-0.026305 9.3349 -119.9759 -1 0 0
0.023695 9.3349 -119.9759 1 0 0
0.023695 9.3349 -119.9759 0 0 1
0.023695 10.6096 -119.9759 1 0 0
0.023695 10.6096 -119.9759 0 0 1
-0.026305 10.6096 -119.9759 0 0 1
-0.026305 10.6096 -119.9759 -1 0 0
-0.026305 10.6096 -120.02594 0 0 -1
-0.026305 10.6096 -120.02594 -1 0 0
0.023695 10.6096 -120.02594 1 0 0
0.023695 10.6096 -120.02594 0 0 -1
15.1573 9.3349 -103.46109 1 0 0
15.1573 9.3349 -103.46109 0 0 -1
15.1073 9.3349 -103.46109 0 0 -1
15.1073 9.3349 -103.46109 -1 0 0
15.1073 9.3349 -103.41109 0 0 1
15.1073 9.3349 -103.41109 -1 0 0
15.1573 9.3349 -103.41109 1 0 0
15.1573 9.3349 -103.41109 0 0 1
15.1573 10.6096 -103.41109 1 0 0
15.1573 10.6096 -103.41109 0 0 1
15.1073 10.6096 -103.41109 0 0 1
15.1073 10.6096 -103.41109 -1 0 0
15.1073 10.6096 -103.46109 0 0 -1
15.1073 10.6096 -103.46109 -1 0 0
15.1573 10.6096 -103.46109 1 0 0
15.1573 10.6096 -103.46109 0 0 -1
-15.1591 9.3349 -103.46109 0 0 -1
-15.1591 9.3349 -103.46109 -1 0 0
-15.1091 9.3349 -103.46109 1 0 0
-15.1091 9.3349 -103.46109 0 0 -1
-15.1091 9.3349 -103.41109 1 0 0
-15.1091 9.3349 -103.41109 0 0 1
-15.1591 9.3349 -103.41109 0 0 1
-15.1591 9.3349 -103.41109 -1 0 0
-15.1591 10.6096 -103.41109 0 0 1
-15.1591 10.6096 -103.41109 -1 0 0
-15.1091 10.6096 -103.41109 1 0 0
-15.1091 10.6096 -103.41109 0 0 1
-15.1091 10.6096 -103.46109 1 0 0
-15.1091 10.6096 -103.46109 0 0 -1
-15.1591 10.6096 -103.46109 0 0 -1
-15.1591 10.6096 -103.46109 -1 0 0
15.1573 10.6096 -104.98611 1 0 0
15.1573 10.6096 -104.98611 0 0 -1
15.1073 10.6096 -104.98611 0 0 -1
15.1073 10.6096 -104.98611 -1 0 0
15.1073 10.6096 -104.9361 0 0 1
15.1073 10.6096 -104.9361 -1 0 0
15.1573 10.6096 -104.9361 1 0 0
15.1573 10.6096 -104.9361 0 0 1
15.1573 9.3349 -104.9361 1 0 0
15.1573 9.3349 -104.9361 0 0 1
15.1073 9.3349 -104.9361 0 0 1
15.1073 9.3349 -104.9361 -1 0 0
15.1073 9.3349 -104.98611 0 0 -1
15.1073 9.3349 -104.98611 -1 0 0
15.1573 9.3349 -104.98611 1 0 0
15.1573 9.3349 -104.98611 0 0 -1
-15.1591 10.6096 -104.98611 0 0 -1
-15.1591 10.6096 -104.98611 -1 0 0
-15.1091 10.6096 -104.98611 1 0 0
-15.1091 10.6096 -104.98611 0 0 -1
-15.1091 10.6096 -104.9361 1 0 0
-15.1091 10.6096 -104.9361 0 0 1
-15.1591 10.6096 -104.9361 0 0 1
-15.1591 10.6096 -104.9361 -1 0 0
-15.1591 9.3349 -104.9361 0 0 1
-15.1591 9.3349 -104.9361 -1 0 0
-15.1091 9.3349 -104.9361 1 0 0
-15.1091 9.3349 -104.9361 0 0 1
-15.1091 9.3349 -104.98611 1 0 0
-15.1091 9.3349 -104.98611 0 0 -1
-15.1591 9.3349 -104.98611 0 0 -1
-15.1591 9.3349 -104.98611 -1 0 0
15.1573 9.3349 -106.51111 1 0 0
15.1573 9.3349 -106.51111 0 0 -1
15.1073 9.3349 -106.51111 0 0 -1
15.1073 9.3349 -106.51111 -1 0 0
15.1073 9.3349 -106.46111 0 0 1
15.1073 9.3349 -106.46111 -1 0 0
15.1573 9.3349 -106.46111 1 0 0
15.1573 9.3349 -106.46111 0 0 1
15.1573 10.6096 -106.46111 1 0 0
15.1573 10.6096 -106.46111 0 0 1
15.1073 10.6096 -106.46111 0 0 1
15.1073 10.6096 -106.46111 -1 0 0
15.1073 10.6096 -106.51111 0 0 -1
15.1073 10.6096 -106.51111 -1 0 0
15.1573 10.6096 -106.51111 1 0 0
15.1573 10.6096 -106.51111 0 0 -1
-15.1591 9.3349 -106.51111 0 0 -1
-15.1591 9.3349 -106.51111 -1 0 0
-15.1091 9.3349 -106.51111 1 0 0
-15.1091 9.3349 -106.51111 0 0 -1
-15.1091 9.3349 -106.46111 1 0 0
-15.1091 9.3349 -106.46111 0 0 1
-15.1591 9.3349 -106.46111 0 0 1
-15.1591 9.3349 -106.46111 -1 0 0
-15.1591 10.6096 -106.46111 0 0 1
-15.1591 10.6096 -106.46111 -1 0 0
-15.1091 10.6096 -106.46111 1 0 0
-15.1091 10.6096 -106.46111 0 0 1
-15.1091 10.6096 -106.51111 1 0 0
-15.1091 10.6096 -106.51111 0 0 -1
-15.1591 10.6096 -106.51111 0 0 -1
-15.1591 10.6096 -106.51111 -1 0 0
15.1573 9.9349 -101.99689 1 0 0
15.1573 9.9349 -101.99689 0 -1 0
15.1073 9.9349 -101.99689 0 -1 0
15.1073 9.9349 -101.99689 -1 0 0
15.1073 9.9849 -101.99689 0 1 0
15.1073 9.9849 -101.99689 -1 0 0
15.1573 9.9849 -101.99689 1 0 0
15.1573 9.9849 -101.99689 0 1 0
15.1573 9.9849 -119.97654 1 0 0
15.1573 9.9849 -119.97654 0 1 0
15.1073 9.9849 -119.97654 0 1 0
15.1073 9.9849 -119.97654 -1 0 0
15.1073 9.9349 -119.97654 0 -1 0
15.1073 9.9349 -119.97654 -1 0 0
15.1573 9.9349 -119.97654 1 0 0
15.1573 9.9349 -119.97654 0 -1 0
-15.1591 9.9349 -101.99689 0 -1 0
-15.1591 9.9349 -101.99689 -1 0 0
-15.1091 9.9349 -101.99689 1 0 0
-15.1091 9.9349 -101.99689 0 -1 0
-15.1091 9.9849 -101.99689 1 0 0
-15.1091 9.9849 -101.99689 0 1 0
-15.1591 9.9849 -101.99689 0 1 0
-15.1591 9.9849 -101.99689 -1 0 0
-15.1591 9.9849 -119.97654 0 1 0
-15.1591 9.9849 -119.97654 -1 0 0
-15.1091 9.9849 -119.97654 1 0 0
-15.1091 9.9849 -119.97654 0 1 0
-15.1091 9.9349 -119.97654 1 0 0
-15.1091 9.9349 -119.97654 0 -1 0
-15.1591 9.9349 -119.97654 0 -1 0
-15.1591 9.9349 -119.97654 -1 0 0
15.1573 10.6099 -119.97616 1 0 0
15.1573 10.6099 -119.97616 0 -1 0
15.1073 10.6099 -119.97616 0 -1 0
15.1073 10.6099 -119.97616 -1 0 0
15.1073 10.6599 -119.97616 0 1 0
15.1073 10.6599 -119.97616 -1 0 0
15.1573 10.6599 -119.97616 1 0 0
15.1573 10.6599 -119.97616 0 1 0
15.1573 10.6599 -101.99638 1 0 0
15.1573 10.6599 -101.99638 0 1 0
15.1073 10.6599 -101.99638 0 1 0
15.1073 10.6599 -101.99638 -1 0 0
15.1073 10.6099 -101.99638 0 -1 0
15.1073 10.6099 -101.99638 -1 0 0
15.1573 10.6099 -101.99638 1 0 0
15.1573 10.6099 -101.99638 0 -1 0
-15.1591 10.6099 -119.97616 0 -1 0
-15.1591 10.6099 -119.97616 -1 0 0
-15.1091 10.6099 -119.97616 1 0 0
-15.1091 10.6099 -119.97616 0 -1 0
-15.1091 10.6599 -119.97616 1 0 0
-15.1091 10.6599 -119.97616 0 1 0
-15.1591 10.6599 -119.97616 0 1 0
-15.1591 10.6599 -119.97616 -1 0 0
-15.1591 10.6599 -101.99638 0 1 0
-15.1591 10.6599 -101.99638 -1 0 0
-15.1091 10.6599 -101.99638 1 0 0
-15.1091 10.6599 -101.99638 0 1 0
-15.1091 10.6099 -101.99638 1 0 0
-15.1091 10.6099 -101.99638 0 -1 0
-15.1591 10.6099 -101.99638 0 -1 0
-15.1591 10.6099 -101.99638 -1 0 0
15.1571 10.6099 -120.02644 1 0 0
15.1571 10.6099 -120.02644 0 -1 0
15.1571 10.6099 -120.02644 0 0 -1
15.1571 10.6099 -119.97642 1 0 0
15.1571 10.6099 -119.97642 0 -1 0
15.1571 10.6099 -119.97642 0 0 1
15.1571 10.6599 -119.97642 1 0 0
15.1571 10.6599 -119.97642 0 0 1
15.1571 10.6599 -119.97642 0 1 0
15.1571 10.6599 -120.02644 1 0 0
15.1571 10.6599 -120.02644 0 0 -1
15.1571 10.6599 -120.02644 0 1 0
-15.1587 10.6599 -120.02644 0 0 -1
-15.1587 10.6599 -120.02644 0 1 0
-15.1587 10.6599 -120.02644 -1 0 0
-15.1587 10.6599 -119.97642 0 0 1
-15.1587 10.6599 -119.97642 0 1 0
-15.1587 10.6599 -119.97642 -1 0 0
-15.1587 10.6099 -119.97642 0 -1 0
-15.1587 10.6099 -119.97642 0 0 1
-15.1587 10.6099 -119.97642 -1 0 0
-15.1587 10.6099 -120.02644 0 -1 0
-15.1587 10.6099 -120.02644 0 0 -1
-15.1587 10.6099 -120.02644 -1 0 0
-15.1593 9.9349 -120.02644 0 -1 0
-15.1593 9.9349 -120.02644 0 0 -1
-15.1593 9.9349 -120.02644 -1 0 0
-15.1593 9.9349 -119.97642 0 -1 0
-15.1593 9.9349 -119.97642 0 0 1
-15.1593 9.9349 -119.97642 -1 0 0
-15.1593 9.9849 -119.97642 0 0 1
-15.1593 9.9849 -119.97642 0 1 0
-15.1593 9.9849 -119.97642 -1 0 0
-15.1593 9.9849 -120.02644 0 0 -1
-15.1593 9.9849 -120.02644 0 1 0
-15.1593 9.9849 -120.02644 -1 0 0
15.1565 9.9849 -120.02644 1 0 0
15.1565 9.9849 -120.02644 0 0 -1
15.1565 9.9849 -120.02644 0 1 0
15.1565 9.9849 -119.97642 1 0 0
15.1565 9.9849 -119.97642 0 0 1
15.1565 9.9849 -119.97642 0 1 0
15.1565 9.9349 -119.97642 1 0 0
15.1565 9.9349 -119.97642 0 -1 0
15.1565 9.9349 -119.97642 0 0 1
15.1565 9.9349 -120.02644 1 0 0
15.1565 9.9349 -120.02644 0 -1 0
15.1565 9.9349 -120.02644 0 0 -1
15.1573 9.3349 -115.46109 1 0 0
15.1573 9.3349 -115.46109 0 0 -1
15.1073 9.3349 -115.46109 0 0 -1
15.1073 9.3349 -115.46109 -1 0 0
15.1073 9.3349 -115.41109 0 0 1
15.1073 9.3349 -115.41109 -1 0 0
15.1573 9.3349 -115.41109 1 0 0
15.1573 9.3349 -115.41109 0 0 1
15.1573 10.6096 -115.41109 1 0 0
15.1573 10.6096 -115.41109 0 0 1
15.1073 10.6096 -115.41109 0 0 1
15.1073 10.6096 -115.41109 -1 0 0
15.1073 10.6096 -115.46109 0 0 -1
15.1073 10.6096 -115.46109 -1 0 0
15.1573 10.6096 -115.46109 1 0 0
15.1573 10.6096 -115.46109 0 0 -1
-15.1591 9.3349 -115.46109 0 0 -1
-15.1591 9.3349 -115.46109 -1 0 0
-15.1091 9.3349 -115.46109 1 0 0
-15.1091 9.3349 -115.46109 0 0 -1
-15.1091 9.3349 -115.41109 1 0 0
-15.1091 9.3349 -115.41109 0 0 1
-15.1591 9.3349 -115.41109 0 0 1
-15.1591 9.3349 -115.41109 -1 0 0
-15.1591 10.6096 -115.41109 0 0 1
-15.1591 10.6096 -115.41109 -1 0 0
-15.1091 10.6096 -115.41109 1 0 0
-15.1091 10.6096 -115.41109 0 0 1
-15.1091 10.6096 -115.46109 1 0 0
-15.1091 10.6096 -115.46109 0 0 -1
-15.1591 10.6096 -115.46109 0 0 -1
-15.1591 10.6096 -115.46109 -1 0 0
15.1573 10.6096 -116.98611 1 0 0
15.1573 10.6096 -116.98611 0 0 -1
15.1073 10.6096 -116.98611 0 0 -1
15.1073 10.6096 -116.98611 -1 0 0
15.1073 10.6096 -116.9361 0 0 1
15.1073 10.6096 -116.9361 -1 0 0
15.1573 10.6096 -116.9361 1 0 0
15.1573 10.6096 -116.9361 0 0 1
15.1573 9.3349 -116.9361 1 0 0
15.1573 9.3349 -116.9361 0 0 1
15.1073 9.3349 -116.9361 0 0 1
15.1073 9.3349 -116.9361 -1 0 0
15.1073 9.3349 -116.98611 0 0 -1
15.1073 9.3349 -116.98611 -1 0 0
15.1573 9.3349 -116.98611 1 0 0
15.1573 9.3349 -116.98611 0 0 -1
-15.1591 10.6096 -116.98611 0 0 -1
-15.1591 10.6096 -116.98611 -1 0 0
-15.1091 10.6096 -116.98611 1 0 0
-15.1091 10.6096 -116.98611 0 0 -1
-15.1091 10.6096 -116.9361 1 0 0
-15.1091 10.6096 -116.9361 0 0 1
-15.1591 10.6096 -116.9361 0 0 1
-15.1591 10.6096 -116.9361 -1 0 0
-15.1591 9.3349 -116.9361 0 0 1
-15.1591 9.3349 -116.9361 -1 0 0
-15.1091 9.3349 -116.9361 1 0 0
-15.1091 9.3349 -116.9361 0 0 1
-15.1091 9.3349 -116.98611 1 0 0
-15.1091 9.3349 -116.98611 0 0 -1
-15.1591 9.3349 -116.98611 0 0 -1
-15.1591 9.3349 -116.98611 -1 0 0
15.1573 9.3349 -118.51111 1 0 0
15.1573 9.3349 -118.51111 0 0 -1
15.1073 9.3349 -118.51111 0 0 -1
15.1073 9.3349 -118.51111 -1 0 0
15.1073 9.3349 -118.46111 0 0 1
15.1073 9.3349 -118.46111 -1 0 0
15.1573 9.3349 -118.46111 1 0 0
15.1573 9.3349 -118.46111 0 0 1
15.1573 10.6096 -118.46111 1 0 0
15.1573 10.6096 -118.46111 0 0 1
15.1073 10.6096 -118.46111 0 0 1
15.1073 10.6096 -118.46111 -1 0 0
15.1073 10.6096 -118.51111 0 0 -1
15.1073 10.6096 -118.51111 -1 0 0
15.1573 10.6096 -118.51111 1 0 0
15.1573 10.6096 -118.51111 0 0 -1
-15.1591 9.3349 -118.51111 0 0 -1
-15.1591 9.3349 -118.51111 -1 0 0
-15.1091 9.3349 -118.51111 1 0 0
-15.1091 9.3349 -118.51111 0 0 -1
-15.1091 9.3349 -118.46111 1 0 0
-15.1091 9.3349 -118.46111 0 0 1
-15.1591 9.3349 -118.46111 0 0 1
-15.1591 9.3349 -118.46111 -1 0 0
-15.1591 10.6096 -118.46111 0 0 1
-15.1591 10.6096 -118.46111 -1 0 0
-15.1091 10.6096 -118.46111 1 0 0
-15.1091 10.6096 -118.46111 0 0 1
-15.1091 10.6096 -118.51111 1 0 0
-15.1091 10.6096 -118.51111 0 0 -1
-15.1591 10.6096 -118.51111 0 0 -1
-15.1591 10.6096 -118.51111 -1 0 0
13.8237 9.3349 -120.02594 1 0 0
13.8237 9.3349 -120.02594 0 0 -1
13.7737 9.3349 -120.02594 0 0 -1
13.7737 9.3349 -120.02594 -1 0 0
13.7737 9.3349 -119.9759 0 0 1
13.7737 9.3349 -119.9759 -1 0 0
13.8237 9.3349 -119.9759 1 0 0
13.8237 9.3349 -119.9759 0 0 1
13.8237 10.6096 -119.9759 1 0 0
13.8237 10.6096 -119.9759 0 0 1
13.7737 10.6096 -119.9759 0 0 1
13.7737 10.6096 -119.9759 -1 0 0
13.7737 10.6096 -120.02594 0 0 -1
13.7737 10.6096 -120.02594 -1 0 0
13.8237 10.6096 -120.02594 1 0 0
13.8237 10.6096 -120.02594 0 0 -1
12.3237 10.6096 -120.02594 1 0 0
12.3237 10.6096 -120.02594 0 0 -1
12.2737 10.6096 -120.02594 0 0 -1
12.2737 10.6096 -120.02594 -1 0 0
12.2737 10.6096 -119.9759 0 0 1
12.2737 10.6096 -119.9759 -1 0 0
12.3237 10.6096 -119.9759 1 0 0
12.3237 10.6096 -119.9759 0 0 1
12.3237 9.3349 -119.9759 1 0 0
12.3237 9.3349 -119.9759 0 0 1
12.2737 9.3349 -119.9759 0 0 1
12.2737 9.3349 -119.9759 -1 0 0
12.2737 9.3349 -120.02594 0 0 -1
12.2737 9.3349 -120.02594 -1 0 0
12.3237 9.3349 -120.02594 1 0 0
12.3237 9.3349 -120.02594 0 0 -1
10.8237 9.3349 -120.02594 1 0 0
10.8237 9.3349 -120.02594 0 0 -1
10.7737 9.3349 -120.02594 0 0 -1
10.7737 9.3349 -120.02594 -1 0 0
10.7737 9.3349 -119.9759 0 0 1
10.7737 9.3349 -119.9759 -1 0 0
10.8237 9.3349 -119.9759 1 0 0
10.8237 9.3349 -119.9759 0 0 1
10.8237 10.6096 -119.9759 1 0 0
10.8237 10.6096 -119.9759 0 0 1
10.7737 10.6096 -119.9759 0 0 1
10.7737 10.6096 -119.9759 -1 0 0
10.7737 10.6096 -120.02594 0 0 -1
10.7737 10.6096 -120.02594 -1 0 0
10.8237 10.6096 -120.02594 1 0 0
10.8237 10.6096 -120.02594 0 0 -1
9.32369 10.6096 -120.02594 1 0 0
9.32369 10.6096 -120.02594 0 0 -1
9.27369 10.6096 -120.02594 0 0 -1
9.27369 10.6096 -120.02594 -1 0 0
9.27369 10.6096 -119.9759 0 0 1
9.27369 10.6096 -119.9759 -1 0 0
9.32369 10.6096 -119.9759 1 0 0
9.32369 10.6096 -119.9759 0 0 1
9.32369 9.3349 -119.9759 1 0 0
9.32369 9.3349 -119.9759 0 0 1
9.27369 9.3349 -119.9759 0 0 1
9.27369 9.3349 -119.9759 -1 0 0
9.27369 9.3349 -120.02594 0 0 -1
9.27369 9.3349 -120.02594 -1 0 0
9.32369 9.3349 -120.02594 1 0 0
9.32369 9.3349 -120.02594 0 0 -1
7.82369 9.3349 -120.02594 1 0 0
7.82369 9.3349 -120.02594 0 0 -1
7.77369 9.3349 -120.02594 0 0 -1
7.77369 9.3349 -120.02594 -1 0 0
7.77369 9.3349 -119.9759 0 0 1
7.77369 9.3349 -119.9759 -1 0 0
7.82369 9.3349 -119.9759 1 0 0
7.82369 9.3349 -119.9759 0 0 1
7.82369 10.6096 -119.9759 1 0 0
7.82369 10.6096 -119.9759 0 0 1
7.77369 10.6096 -119.9759 0 0 1
7.77369 10.6096 -119.9759 -1 0 0
7.77369 10.6096 -120.02594 0 0 -1
7.77369 10.6096 -120.02594 -1 0 0
7.82369 10.6096 -120.02594 1 0 0
7.82369 10.6096 -120.02594 0 0 -1
6.32369 10.6096 -120.02594 1 0 0
6.32369 10.6096 -120.02594 0 0 -1
6.27369 10.6096 -120.02594 0 0 -1
6.27369 10.6096 -120.02594 -1 0 0
6.27369 10.6096 -119.9759 0 0 1
6.27369 10.6096 -119.9759 -1 0 0
6.32369 10.6096 -119.9759 1 0 0
6.32369 10.6096 -119.9759 0 0 1
6.32369 9.3349 -119.9759 1 0 0
6.32369 9.3349 -119.9759 0 0 1
6.27369 9.3349 -119.9759 0 0 1
6.27369 9.3349 -119.9759 -1 0 0
6.27369 9.3349 -120.02594 0 0 -1
6.27369 9.3349 -120.02594 -1 0 0
6.32369 9.3349 -120.02594 1 0 0
6.32369 9.3349 -120.02594 0 0 -1
4.82369 9.3349 -120.02594 1 0 0
4.82369 9.3349 -120.02594 0 0 -1
4.77369 9.3349 -120.02594 0 0 -1
4.77369 9.3349 -120.02594 -1 0 0
4.77369 9.3349 -119.9759 0 0 1
4.77369 9.3349 -119.9759 -1 0 0
4.82369 9.3349 -119.9759 1 0 0
4.82369 9.3349 -119.9759 0 0 1
4.82369 10.6096 -119.9759 1 0 0
4.82369 10.6096 -119.9759 0 0 1
4.77369 10.6096 -119.9759 0 0 1
4.77369 10.6096 -119.9759 -1 0 0
4.77369 10.6096 -120.02594 0 0 -1
4.77369 10.6096 -120.02594 -1 0 0
4.82369 10.6096 -120.02594 1 0 0
4.82369 10.6096 -120.02594 0 0 -1
3.32369 10.6096 -120.02594 1 0 0
3.32369 10.6096 -120.02594 0 0 -1
3.27369 10.6096 -120.02594 0 0 -1
3.27369 10.6096 -120.02594 -1 0 0
3.27369 10.6096 -119.9759 0 0 1
3.27369 10.6096 -119.9759 -1 0 0
3.32369 10.6096 -119.9759 1 0 0
3.32369 10.6096 -119.9759 0 0 1
3.32369 9.3349 -119.9759 1 0 0
3.32369 9.3349 -119.9759 0 0 1
3.27369 9.3349 -119.9759 0 0 1
3.27369 9.3349 -119.9759 -1 0 0
3.27369 9.3349 -120.02594 0 0 -1
3.27369 9.3349 -120.02594 -1 0 0
3.32369 9.3349 -120.02594 1 0 0
3.32369 9.3349 -120.02594 0 0 -1
1.82369 9.3349 -120.02594 1 0 0
1.82369 9.3349 -120.02594 0 0 -1
1.77369 9.3349 -120.02594 0 0 -1
1.77369 9.3349 -120.02594 -1 0 0
1.77369 9.3349 -119.9759 0 0 1
1.77369 9.3349 -119.9759 -1 0 0
1.82369 9.3349 -119.9759 1 0 0
1.82369 9.3349 -119.9759 0 0 1
1.82369 10.6096 -119.9759 1 0 0
1.82369 10.6096 -119.9759 0 0 1
1.77369 10.6096 -119.9759 0 0 1
1.77369 10.6096 -119.9759 -1 0 0
1.77369 10.6096 -120.02594 0 0 -1
1.77369 10.6096 -120.02594 -1 0 0
1.82369 10.6096 -120.02594 1 0 0
1.82369 10.6096 -120.02594 0 0 -1
-13.8237 9.3349 -120.02594 0 0 -1
-13.8237 9.3349 -120.02594 -1 0 0
-13.7737 9.3349 -120.02594 1 0 0
-13.7737 9.3349 -120.02594 0 0 -1
-13.7737 9.3349 -119.9759 1 0 0
-13.7737 9.3349 -119.9759 0 0 1
-13.8237 9.3349 -119.9759 0 0 1
-13.8237 9.3349 -119.9759 -1 0 0
-13.8237 10.6096 -119.9759 0 0 1
-13.8237 10.6096 -119.9759 -1 0 0
-13.7737 10.6096 -119.9759 1 0 0
-13.7737 10.6096 -119.9759 0 0 1
-13.7737 10.6096 -120.02594 1 0 0
-13.7737 10.6096 -120.02594 0 0 -1
-13.8237 10.6096 -120.02594 0 0 -1
-13.8237 10.6096 -120.02594 -1 0 0
-12.3237 10.6096 -120.02594 0 0 -1
-12.3237 10.6096 -120.02594 -1 0 0
-12.2737 10.6096 -120.02594 1 0 0
-12.2737 10.6096 -120.02594 0 0 -1
-12.2737 10.6096 -119.9759 1 0 0
-12.2737 10.6096 -119.9759 0 0 1
-12.3237 10.6096 -119.9759 0 0 1
-12.3237 10.6096 -119.9759 -1 0 0
-12.3237 9.3349 -119.9759 0 0 1
-12.3237 9.3349 -119.9759 -1 0 0
-12.2737 9.3349 -119.9759 1 0 0
-12.2737 9.3349 -119.9759 0 0 1
-12.2737 9.3349 -120.02594 1 0 0
-12.2737 9.3349 -120.02594 0 0 -1
-12.3237 9.3349 -120.02594 0 0 -1
-12.3237 9.3349 -120.02594 -1 0 0
-10.8237 9.3349 -120.02594 0 0 -1
-10.8237 9.3349 -120.02594 -1 0 0
-10.7737 9.3349 -120.02594 1 0 0
-10.7737 9.3349 -120.02594 0 0 -1
-10.7737 9.3349 -119.9759 1 0 0
-10.7737 9.3349 -119.9759 0 0 1
-10.8237 9.3349 -119.9759 0 0 1
-10.8237 9.3349 -119.9759 -1 0 0
-10.8237 10.6096 -119.9759 0 0 1
-10.8237 10.6096 -119.9759 -1 0 0
-10.7737 10.6096 -119.9759 1 0 0
-10.7737 10.6096 -119.9759 0 0 1
-10.7737 10.6096 -120.02594 1 0 0
-10.7737 10.6096 -120.02594 0 0 -1
-10.8237 10.6096 -120.02594 0 0 -1
-10.8237 10.6096 -120.02594 -1 0 0
-9.3237 10.6096 -120.02594 0 0 -1
-9.3237 10.6096 -120.02594 -1 0 0
-9.2737 10.6096 -120.02594 1 0 0
-9.2737 10.6096 -120.02594 0 0 -1
-9.2737 10.6096 -119.9759 1 0 0
-9.2737 10.6096 -119.9759 0 0 1
-9.3237 10.6096 -119.9759 0 0 1
-9.3237 10.6096 -119.9759 -1 0 0
-9.3237 9.3349 -119.9759 0 0 1
-9.3237 9.3349 -119.9759 -1 0 0
-9.2737 9.3349 -119.9759 1 0 0
-9.2737 9.3349 -119.9759 0 0 1
-9.2737 9.3349 -120.02594 1 0 0
-9.2737 9.3349 -120.02594 0 0 -1
-9.3237 9.3349 -120.02594 0 0 -1
-9.3237 9.3349 -120.02594 -1 0 0
-7.8237 9.3349 -120.02594 0 0 -1
-7.8237 9.3349 -120.02594 -1 0 0
-7.7737 9.3349 -120.02594 1 0 0
-7.7737 9.3349 -120.02594 0 0 -1
-7.7737 9.3349 -119.9759 1 0 0
-7.7737 9.3349 -119.9759 0 0 1
-7.8237 9.3349 -119.9759 0 0 1
-7.8237 9.3349 -119.9759 -1 0 0
-7.8237 10.6096 -119.9759 0 0 1
-7.8237 10.6096 -119.9759 -1 0 0
-7.7737 10.6096 -119.9759 1 0 0
-7.7737 10.6096 -119.9759 0 0 1
-7.7737 10.6096 -120.02594 1 0 0
-7.7737 10.6096 -120.02594 0 0 -1
-7.8237 10.6096 -120.02594 0 0 -1
-7.8237 10.6096 -120.02594 -1 0 0
-6.3237 10.6096 -120.02594 0 0 -1
-6.3237 10.6096 -120.02594 -1 0 0
-6.2737 10.6096 -120.02594 1 0 0
-6.2737 10.6096 -120.02594 0 0 -1
-6.2737 10.6096 -119.9759 1 0 0
-6.2737 10.6096 -119.9759 0 0 1
-6.3237 10.6096 -119.9759 0 0 1
-6.3237 10.6096 -119.9759 -1 0 0
-6.3237 9.3349 -119.9759 0 0 1
-6.3237 9.3349 -119.9759 -1 0 0
-6.2737 9.3349 -119.9759 1 0 0
-6.2737 9.3349 -119.9759 0 0 1
-6.2737 9.3349 -120.02594 1 0 0
-6.2737 9.3349 -120.02594 0 0 -1
-6.3237 9.3349 -120.02594 0 0 -1
-6.3237 9.3349 -120.02594 -1 0 0
-4.8237 9.3349 -120.02594 0 0 -1
-4.8237 9.3349 -120.02594 -1 0 0
-4.7737 9.3349 -120.02594 1 0 0
-4.7737 9.3349 -120.02594 0 0 -1
-4.7737 9.3349 -119.9759 1 0 0
-4.7737 9.3349 -119.9759 0 0 1
-4.8237 9.3349 -119.9759 0 0 1
-4.8237 9.3349 -119.9759 -1 0 0
-4.8237 10.6096 -119.9759 0 0 1
-4.8237 10.6096 -119.9759 -1 0 0
-4.7737 10.6096 -119.9759 1 0 0
-4.7737 10.6096 -119.9759 0 0 1
-4.7737 10.6096 -120.02594 1 0 0
-4.7737 10.6096 -120.02594 0 0 -1
-4.8237 10.6096 -120.02594 0 0 -1
-4.8237 10.6096 -120.02594 -1 0 0
-3.3237 10.6096 -120.02594 0 0 -1
-3.3237 10.6096 -120.02594 -1 0 0
-3.2737 10.6096 -120.02594 1 0 0
-3.2737 10.6096 -120.02594 0 0 -1
-3.2737 10.6096 -119.9759 1 0 0
-3.2737 10.6096 -119.9759 0 0 1
-3.3237 10.6096 -119.9759 0 0 1
-3.3237 10.6096 -119.9759 -1 0 0
-3.3237 9.3349 -119.9759 0 0 1
-3.3237 9.3349 -119.9759 -1 0 0
-3.2737 9.3349 -119.9759 1 0 0
-3.2737 9.3349 -119.9759 0 0 1
-3.2737 9.3349 -120.02594 1 0 0
-3.2737 9.3349 -120.02594 0 0 -1
-3.3237 9.3349 -120.02594 0 0 -1
-3.3237 9.3349 -120.02594 -1 0 0
-1.8237 9.3349 -120.02594 0 0 -1
-1.8237 9.3349 -120.02594 -1 0 0
-1.7737 9.3349 -120.02594 1 0 0
-1.7737 9.3349 -120.02594 0 0 -1
-1.7737 9.3349 -119.9759 1 0 0
-1.7737 9.3349 -119.9759 0 0 1
-1.8237 9.3349 -119.9759 0 0 1
-1.8237 9.3349 -119.9759 -1 0 0
-1.8237 10.6096 -119.9759 0 0 1
-1.8237 10.6096 -119.9759 -1 0 0
-1.7737 10.6096 -119.9759 1 0 0
-1.7737 10.6096 -119.9759 0 0 1
-1.7737 10.6096 -120.02594 1 0 0
-1.7737 10.6096 -120.02594 0 0 -1
-1.8237 10.6096 -120.02594 0 0 -1
-1.8237 10.6096 -120.02594 -1 0 0
15.1573 6.2348 -109.46109 1 0 0
15.1573 6.2348 -109.46109 0 0 -1
15.1073 6.2348 -109.46109 0 0 -1
15.1073 6.2348 -109.46109 -1 0 0
15.1073 6.2348 -109.41109 0 0 1
15.1073 6.2348 -109.41109 -1 0 0
15.1573 6.2348 -109.41109 1 0 0
15.1573 6.2348 -109.41109 0 0 1
15.1573 7.5095 -109.41109 1 0 0
15.1573 7.5095 -109.41109 0 0 1
15.1073 7.5095 -109.41109 0 0 1
15.1073 7.5095 -109.41109 -1 0 0
15.1073 7.5095 -109.46109 0 0 -1
15.1073 7.5095 -109.46109 -1 0 0
15.1573 7.5095 -109.46109 1 0 0
15.1573 7.5095 -109.46109 0 0 -1
-15.1591 6.2348 -109.46109 0 0 -1
-15.1591 6.2348 -109.46109 -1 0 0
-15.1091 6.2348 -109.46109 1 0 0
-15.1091 6.2348 -109.46109 0 0 -1
-15.1091 6.2348 -109.41109 1 0 0
-15.1091 6.2348 -109.41109 0 0 1
-15.1591 6.2348 -109.41109 0 0 1
-15.1591 6.2348 -109.41109 -1 0 0
-15.1591 7.5095 -109.41109 0 0 1
-15.1591 7.5095 -109.41109 -1 0 0
-15.1091 7.5095 -109.41109 1 0 0
-15.1091 7.5095 -109.41109 0 0 1
-15.1091 7.5095 -109.46109 1 0 0
-15.1091 7.5095 -109.46109 0 0 -1
-15.1591 7.5095 -109.46109 0 0 -1
-15.1591 7.5095 -109.46109 -1 0 0
15.1573 7.5095 -110.98611 1 0 0
15.1573 7.5095 -110.98611 0 0 -1
15.1073 7.5095 -110.98611 0 0 -1
15.1073 7.5095 -110.98611 -1 0 0
15.1073 7.5095 -110.9361 0 0 1
15.1073 7.5095 -110.9361 -1 0 0
15.1573 7.5095 -110.9361 1 0 0
15.1573 7.5095 -110.9361 0 0 1
15.1573 6.2348 -110.9361 1 0 0
15.1573 6.2348 -110.9361 0 0 1
15.1073 6.2348 -110.9361 0 0 1
15.1073 6.2348 -110.9361 -1 0 0
15.1073 6.2348 -110.98611 0 0 -1
15.1073 6.2348 -110.98611 -1 0 0
15.1573 6.2348 -110.98611 1 0 0
15.1573 6.2348 -110.98611 0 0 -1
-15.1591 7.5095 -110.98611 0 0 -1
-15.1591 7.5095 -110.98611 -1 0 0
-15.1091 7.5095 -110.98611 1 0 0
-15.1091 7.5095 -110.98611 0 0 -1
-15.1091 7.5095 -110.9361 1 0 0
-15.1091 7.5095 -110.9361 0 0 1
-15.1591 7.5095 -110.9361 0 0 1
-15.1591 7.5095 -110.9361 -1 0 0
-15.1591 6.2348 -110.9361 0 0 1
-15.1591 6.2348 -110.9361 -1 0 0
-15.1091 6.2348 -110.9361 1 0 0
-15.1091 6.2348 -110.9361 0 0 1
-15.1091 6.2348 -110.98611 1 0 0
-15.1091 6.2348 -110.98611 0 0 -1
-15.1591 6.2348 -110.98611 0 0 -1
-15.1591 6.2348 -110.98611 -1 0 0
15.1573 6.2348 -112.51111 1 0 0
15.1573 6.2348 -112.51111 0 0 -1
15.1073 6.2348 -112.51111 0 0 -1
15.1073 6.2348 -112.51111 -1 0 0
15.1073 6.2348 -112.46111 0 0 1
15.1073 6.2348 -112.46111 -1 0 0
15.1573 6.2348 -112.46111 1 0 0
15.1573 6.2348 -112.46111 0 0 1
15.1573 7.5095 -112.46111 1 0 0
15.1573 7.5095 -112.46111 0 0 1
15.1073 7.5095 -112.46111 0 0 1
15.1073 7.5095 -112.46111 -1 0 0
15.1073 7.5095 -112.51111 0 0 -1
15.1073 7.5095 -112.51111 -1 0 0
15.1573 7.5095 -112.51111 1 0 0
15.1573 7.5095 -112.51111 0 0 -1
-15.1591 6.2348 -112.51111 0 0 -1
-15.1591 6.2348 -112.51111 -1 0 0
-15.1091 6.2348 -112.51111 1 0 0
-15.1091 6.2348 -112.51111 0 0 -1
-15.1091 6.2348 -112.46111 1 0 0
-15.1091 6.2348 -112.46111 0 0 1
-15.1591 6.2348 -112.46111 0 0 1
-15.1591 6.2348 -112.46111 -1 0 0
-15.1591 7.5095 -112.46111 0 0 1
-15.1591 7.5095 -112.46111 -1 0 0
-15.1091 7.5095 -112.46111 1 0 0
-15.1091 7.5095 -112.46111 0 0 1
-15.1091 7.5095 -112.51111 1 0 0
-15.1091 7.5095 -112.51111 0 0 -1
-15.1591 7.5095 -112.51111 0 0 -1
-15.1591 7.5095 -112.51111 -1 0 0
-14.9781 7.5095 -120.02594 1 0 0
-14.9781 7.5095 -120.02594 0 0 -1
-15.0281 7.5095 -120.02594 0 0 -1
-15.0281 7.5095 -120.02594 -1 0 0
-15.0281 7.5095 -119.9759 0 0 1
-15.0281 7.5095 -119.9759 -1 0 0
-14.9781 7.5095 -119.9759 1 0 0
-14.9781 7.5095 -119.9759 0 0 1
-14.9781 6.2348 -119.9759 1 0 0
-14.9781 6.2348 -119.9759 0 0 1
-15.0281 6.2348 -119.9759 0 0 1
-15.0281 6.2348 -119.9759 -1 0 0
-15.0281 6.2348 -120.02594 0 0 -1
-15.0281 6.2348 -120.02594 -1 0 0
-14.9781 6.2348 -120.02594 1 0 0
-14.9781 6.2348 -120.02594 0 0 -1
0.023695 6.2348 -120.02594 1 0 0
0.023695 6.2348 -120.02594 0 0 -1
-0.026305 6.2348 -120.02594 0 0 -1
-0.026305 6.2348 -120.02594 -1 0 0
-0.026305 6.2348 -119.9759 0 0 1
-0.026305 6.2348 -119.9759 -1 0 0
0.023695 6.2348 -119.9759 1 0 0
0.023695 6.2348 -119.9759 0 0 1
0.023695 7.5095 -119.9759 1 0 0
0.023695 7.5095 -119.9759 0 0 1
-0.026305 7.5095 -119.9759 0 0 1
-0.026305 7.5095 -119.9759 -1 0 0
-0.026305 7.5095 -120.02594 0 0 -1
-0.026305 7.5095 -120.02594 -1 0 0
0.023695 7.5095 -120.02594 1 0 0
0.023695 7.5095 -120.02594 0 0 -1
15.1573 6.2348 -103.46109 1 0 0
15.1573 6.2348 -103.46109 0 0 -1
15.1073 6.2348 -103.46109 0 0 -1
15.1073 6.2348 -103.46109 -1 0 0
15.1073 6.2348 -103.41109 0 0 1
15.1073 6.2348 -103.41109 -1 0 0
15.1573 6.2348 -103.41109 1 0 0
15.1573 6.2348 -103.41109 0 0 1
15.1573 7.5095 -103.41109 1 0 0
15.1573 7.5095 -103.41109 0 0 1
15.1073 7.5095 -103.41109 0 0 1
15.1073 7.5095 -103.41109 -1 0 0
15.1073 7.5095 -103.46109 0 0 -1
15.1073 7.5095 -103.46109 -1 0 0
15.1573 7.5095 -103.46109 1 0 0
15.1573 7.5095 -103.46109 0 0 -1
-15.1591 6.2348 -103.46109 0 0 -1
-15.1591 6.2348 -103.46109 -1 0 0
-15.1091 6.2348 -103.46109 1 0 0
-15.1091 6.2348 -103.46109 0 0 -1
-15.1091 6.2348 -103.41109 1 0 0
-15.1091 6.2348 -103.41109 0 0 1
-15.1591 6.2348 -103.41109 0 0 1
-15.1591 6.2348 -103.41109 -1 0 0
-15.1591 7.5095 -103.41109 0 0 1
-15.1591 7.5095 -103.41109 -1 0 0
-15.1091 7.5095 -103.41109 1 0 0
-15.1091 7.5095 -103.41109 0 0 1
-15.1091 7.5095 -103.46109 1 0 0
-15.1091 7.5095 -103.46109 0 0 -1
-15.1591 7.5095 -103.46109 0 0 -1
-15.1591 7.5095 -103.46109 -1 0 0
15.1573 7.5095 -104.98611 1 0 0
15.1573 7.5095 -104.98611 0 0 -1
15.1073 7.5095 -104.98611 0 0 -1
15.1073 7.5095 -104.98611 -1 0 0
15.1073 7.5095 -104.9361 0 0 1
15.1073 7.5095 -104.9361 -1 0 0
15.1573 7.5095 -104.9361 1 0 0
15.1573 7.5095 -104.9361 0 0 1
15.1573 6.2348 -104.9361 1 0 0
15.1573 6.2348 -104.9361 0 0 1
15.1073 6.2348 -104.9361 0 0 1
15.1073 6.2348 -104.9361 -1 0 0
15.1073 6.2348 -104.98611 0 0 -1
15.1073 6.2348 -104.98611 -1 0 0
15.1573 6.2348 -104.98611 1 0 0
15.1573 6.2348 -104.98611 0 0 -1
-15.1591 7.5095 -104.98611 0 0 -1
-15.1591 7.5095 -104.98611 -1 0 0
-15.1091 7.5095 -104.98611 1 0 0
-15.1091 7.5095 -104.98611 0 0 -1
-15.1091 7.5095 -104.9361 1 0 0
-15.1091 7.5095 -104.9361 0 0 1
-15.1591 7.5095 -104.9361 0 0 1
-15.1591 7.5095 -104.9361 -1 0 0
-15.1591 6.2348 -104.9361 0 0 1
-15.1591 6.2348 -104.9361 -1 0 0
-15.1091 6.2348 -104.9361 1 0 0
-15.1091 6.2348 -104.9361 0 0 1
-15.1091 6.2348 -104.98611 1 0 0
-15.1091 6.2348 -104.98611 0 0 -1
-15.1591 6.2348 -104.98611 0 0 -1
-15.1591 6.2348 -104.98611 -1 0 0
15.1573 6.2348 -106.51111 1 0 0
15.1573 6.2348 -106.51111 0 0 -1
15.1073 6.2348 -106.51111 0 0 -1
15.1073 6.2348 -106.51111 -1 0 0
15.1073 6.2348 -106.46111 0 0 1
15.1073 6.2348 -106.46111 -1 0 0
15.1573 6.2348 -106.46111 1 0 0
15.1573 6.2348 -106.46111 0 0 1
15.1573 7.5095 -106.46111 1 0 0
15.1573 7.5095 -106.46111 0 0 1
15.1073 7.5095 -106.46111 0 0 1
15.1073 7.5095 -106.46111 -1 0 0
15.1073 7.5095 -106.51111 0 0 -1
15.1073 7.5095 -106.51111 -1 0 0
15.1573 7.5095 -106.51111 1 0 0
15.1573 7.5095 -106.51111 0 0 -1
-15.1591 6.2348 -106.51111 0 0 -1
-15.1591 6.2348 -106.51111 -1 0 0
-15.1091 6.2348 -106.51111 1 0 0
-15.1091 6.2348 -106.51111 0 0 -1
-15.1091 6.2348 -106.46111 1 0 0
-15.1091 6.2348 -106.46111 0 0 1
-15.1591 6.2348 -106.46111 0 0 1
-15.1591 6.2348 -106.46111 -1 0 0
-15.1591 7.5095 -106.46111 0 0 1
-15.1591 7.5095 -106.46111 -1 0 0
-15.1091 7.5095 -106.46111 1 0 0
-15.1091 7.5095 -106.46111 0 0 1
-15.1091 7.5095 -106.51111 1 0 0
-15.1091 7.5095 -106.51111 0 0 -1
-15.1591 7.5095 -106.51111 0 0 -1
-15.1591 7.5095 -106.51111 -1 0 0
15.1573 6.8348 -101.99689 1 0 0
15.1573 6.8348 -101.99689 0 -1 0
15.1073 6.8348 -101.99689 0 -1 0
15.1073 6.8348 -101.99689 -1 0 0
15.1073 6.8848 -101.99689 0 1 0
15.1073 6.8848 -101.99689 -1 0 0
15.1573 6.8848 -101.99689 1 0 0
15.1573 6.8848 -101.99689 0 1 0
15.1573 6.8848 -119.97654 1 0 0
15.1573 6.8848 -119.97654 0 1 0
15.1073 6.8848 -119.97654 0 1 0
15.1073 6.8848 -119.97654 -1 0 0
15.1073 6.8348 -119.97654 0 -1 0
15.1073 6.8348 -119.97654 -1 0 0
15.1573 6.8348 -119.97654 1 0 0
15.1573 6.8348 -119.97654 0 -1 0
-15.1591 6.8348 -101.99689 0 -1 0
-15.1591 6.8348 -101.99689 -1 0 0
-15.1091 6.8348 -101.99689 1 0 0
-15.1091 6.8348 -101.99689 0 -1 0
-15.1091 6.8848 -101.99689 1 0 0
-15.1091 6.8848 -101.99689 0 1 0
-15.1591 6.8848 -101.99689 0 1 0
-15.1591 6.8848 -101.99689 -1 0 0
-15.1591 6.8848 -119.97654 0 1 0
-15.1591 6.8848 -119.97654 -1 0 0
-15.1091 6.8848 -119.97654 1 0 0
-15.1091 6.8848 -119.97654 0 1 0
-15.1091 6.8348 -119.97654 1 0 0
-15.1091 6.8348 -119.97654 0 -1 0
-15.1591 6.8348 -119.97654 0 -1 0
-15.1591 6.8348 -119.97654 -1 0 0
15.1573 7.5098 -119.97616 1 0 0
15.1573 7.5098 -119.97616 0 -1 0
15.1073 7.5098 -119.97616 0 -1 0
15.1073 7.5098 -119.97616 -1 0 0
15.1073 7.5598 -119.97616 0 1 0
15.1073 7.5598 -119.97616 -1 0 0
15.1573 7.5598 -119.97616 1 0 0
15.1573 7.5598 -119.97616 0 1 0
15.1573 7.5598 -101.99638 1 0 0
15.1573 7.5598 -101.99638 0 1 0
15.1073 7.5598 -101.99638 0 1 0
15.1073 7.5598 -101.99638 -1 0 0
15.1073 7.5098 -101.99638 0 -1 0
15.1073 7.5098 -101.99638 -1 0 0
15.1573 7.5098 -101.99638 1 0 0
15.1573 7.5098 -101.99638 0 -1 0
-15.1591 7.5098 -119.97616 0 -1 0
-15.1591 7.5098 -119.97616 -1 0 0
-15.1091 7.5098 -119.97616 1 0 0
-15.1091 7.5098 -119.97616 0 -1 0
-15.1091 7.5598 -119.97616 1 0 0
-15.1091 7.5598 -119.97616 0 1 0
-15.1591 7.5598 -119.97616 0 1 0
-15.1591 7.5598 -119.97616 -1 0 0
-15.1591 7.5598 -101.99638 0 1 0
-15.1591 7.5598 -101.99638 -1 0 0
-15.1091 7.5598 -101.99638 1 0 0
-15.1091 7.5598 -101.99638 0 1 0
-15.1091 7.5098 -101.99638 1 0 0
-15.1091 7.5098 -101.99638 0 -1 0
-15.1591 7.5098 -101.99638 0 -1 0
-15.1591 7.5098 -101.99638 -1 0 0
15.1571 7.5098 -120.02644 1 0 0
15.1571 7.5098 -120.02644 0 -1 0
15.1571 7.5098 -120.02644 0 0 -1
15.1571 7.5098 -119.97642 1 0 0
15.1571 7.5098 -119.97642 0 -1 0
15.1571 7.5098 -119.97642 0 0 1
15.1571 7.5598 -119.97642 1 0 0
15.1571 7.5598 -119.97642 0 0 1
15.1571 7.5598 -119.97642 0 1 0
15.1571 7.5598 -120.02644 1 0 0
15.1571 7.5598 -120.02644 0 0 -1
15.1571 7.5598 -120.02644 0 1 0
-15.1587 7.5598 -120.02644 0 0 -1
-15.1587 7.5598 -120.02644 0 1 0
-15.1587 7.5598 -120.02644 -1 0 0
-15.1587 7.5598 -119.97642 0 0 1
-15.1587 7.5598 -119.97642 0 1 0
-15.1587 7.5598 -119.97642 -1 0 0
-15.1587 7.5098 -119.97642 0 -1 0
-15.1587 7.5098 -119.97642 0 0 1
-15.1587 7.5098 -119.97642 -1 0 0
-15.1587 7.5098 -120.02644 0 -1 0
-15.1587 7.5098 -120.02644 0 0 -1
-15.1587 7.5098 -120.02644 -1 0 0
-15.1593 6.8348 -120.02644 0 -1 0
-15.1593 6.8348 -120.02644 0 0 -1
-15.1593 6.8348 -120.02644 -1 0 0
-15.1593 6.8348 -119.97642 0 -1 0
-15.1593 6.8348 -119.97642 0 0 1
-15.1593 6.8348 -119.97642 -1 0 0
-15.1593 6.8848 -119.97642 0 0 1
-15.1593 6.8848 -119.97642 0 1 0
-15.1593 6.8848 -119.97642 -1 0 0
-15.1593 6.8848 -120.02644 0 0 -1
-15.1593 6.8848 -120.02644 0 1 0
-15.1593 6.8848 -120.02644 -1 0 0
15.1565 6.8848 -120.02644 1 0 0
15.1565 6.8848 -120.02644 0 0 -1
15.1565 6.8848 -120.02644 0 1 0
15.1565 6.8848 -119.97642 1 0 0
15.1565 6.8848 -119.97642 0 0 1
15.1565 6.8848 -119.97642 0 1 0
15.1565 6.8348 -119.97642 1 0 0
15.1565 6.8348 -119.97642 0 -1 0
15.1565 6.8348 -119.97642 0 0 1
15.1565 6.8348 -120.02644 1 0 0
15.1565 6.8348 -120.02644 0 -1 0
15.1565 6.8348 -120.02644 0 0 -1
15.1573 6.2348 -115.46109 1 0 0
15.1573 6.2348 -115.46109 0 0 -1
15.1073 6.2348 -115.46109 0 0 -1
15.1073 6.2348 -115.46109 -1 0 0
15.1073 6.2348 -115.41109 0 0 1
15.1073 6.2348 -115.41109 -1 0 0
15.1573 6.2348 -115.41109 1 0 0
15.1573 6.2348 -115.41109 0 0 1
15.1573 7.5095 -115.41109 1 0 0
15.1573 7.5095 -115.41109 0 0 1
15.1073 7.5095 -115.41109 0 0 1
15.1073 7.5095 -115.41109 -1 0 0
15.1073 7.5095 -115.46109 0 0 -1
15.1073 7.5095 -115.46109 -1 0 0
15.1573 7.5095 -115.46109 1 0 0
15.1573 7.5095 -115.46109 0 0 -1
-15.1591 6.2348 -115.46109 0 0 -1
-15.1591 6.2348 -115.46109 -1 0 0
-15.1091 6.2348 -115.46109 1 0 0
-15.1091 6.2348 -115.46109 0 0 -1
-15.1091 6.2348 -115.41109 1 0 0
-15.1091 6.2348 -115.41109 0 0 1
-15.1591 6.2348 -115.41109 0 0 1
-15.1591 6.2348 -115.41109 -1 0 0
-15.1591 7.5095 -115.41109 0 0 1
-15.1591 7.5095 -115.41109 -1 0 0
-15.1091 7.5095 -115.41109 1 0 0
-15.1091 7.5095 -115.41109 0 0 1
-15.1091 7.5095 -115.46109 1 0 0
-15.1091 7.5095 -115.46109 0 0 -1
-15.1591 7.5095 -115.46109 0 0 -1
-15.1591 7.5095 -115.46109 -1 0 0
15.1573 7.5095 -116.98611 1 0 0
15.1573 7.5095 -116.98611 0 0 -1
15.1073 7.5095 -116.98611 0 0 -1
15.1073 7.5095 -116.98611 -1 0 0
15.1073 7.5095 -116.9361 0 0 1
15.1073 7.5095 -116.9361 -1 0 0
15.1573 7.5095 -116.9361 1 0 0
15.1573 7.5095 -116.9361 0 0 1
15.1573 6.2348 -116.9361 1 0 0
15.1573 6.2348 -116.9361 0 0 1
15.1073 6.2348 -116.9361 0 0 1
15.1073 6.2348 -116.9361 -1 0 0
15.1073 6.2348 -116.98611 0 0 -1
15.1073 6.2348 -116.98611 -1 0 0
15.1573 6.2348 -116.98611 1 0 0
15.1573 6.2348 -116.98611 0 0 -1
-15.1591 7.5095 -116.98611 0 0 -1
-15.1591 7.5095 -116.98611 -1 0 0
-15.1091 7.5095 -116.98611 1 0 0
-15.1091 7.5095 -116.98611 0 0 -1
-15.1091 7.5095 -116.9361 1 0 0
-15.1091 7.5095 -116.9361 0 0 1
-15.1591 7.5095 -116.9361 0 0 1
-15.1591 7.5095 -116.9361 -1 0 0
-15.1591 6.2348 -116.9361 0 0 1
-15.1591 6.2348 -116.9361 -1 0 0
-15.1091 6.2348 -116.9361 1 0 0
-15.1091 6.2348 -116.9361 0 0 1
-15.1091 6.2348 -116.98611 1 0 0
-15.1091 6.2348 -116.98611 0 0 -1
-15.1591 6.2348 -116.98611 0 0 -1
-15.1591 6.2348 -116.98611 -1 0 0
15.1573 6.2348 -118.51111 1 0 0
15.1573 6.2348 -118.51111 0 0 -1
15.1073 6.2348 -118.51111 0 0 -1
15.1073 6.2348 -118.51111 -1 0 0
15.1073 6.2348 -118.46111 0 0 1
15.1073 6.2348 -118.46111 -1 0 0
15.1573 6.2348 -118.46111 1 0 0
15.1573 6.2348 -118.46111 0 0 1
15.1573 7.5095 -118.46111 1 0 0
15.1573 7.5095 -118.46111 0 0 1
15.1073 7.5095 -118.46111 0 0 1
15.1073 7.5095 -118.46111 -1 0 0
15.1073 7.5095 -118.51111 0 0 -1
15.1073 7.5095 -118.51111 -1 0 0
15.1573 7.5095 -118.51111 1 0 0
15.1573 7.5095 -118.51111 0 0 -1
-15.1591 6.2348 -118.51111 0 0 -1
-15.1591 6.2348 -118.51111 -1 0 0
-15.1091 6.2348 -118.51111 1 0 0
-15.1091 6.2348 -118.51111 0 0 -1
-15.1091 6.2348 -118.46111 1 0 0
-15.1091 6.2348 -118.46111 0 0 1
-15.1591 6.2348 -118.46111 0 0 1
-15.1591 6.2348 -118.46111 -1 0 0
-15.1591 7.5095 -118.46111 0 0 1
-15.1591 7.5095 -118.46111 -1 0 0
-15.1091 7.5095 -118.46111 1 0 0
-15.1091 7.5095 -118.46111 0 0 1
-15.1091 7.5095 -118.51111 1 0 0
-15.1091 7.5095 -118.51111 0 0 -1
-15.1591 7.5095 -118.51111 0 0 -1
-15.1591 7.5095 -118.51111 -1 0 0
13.8237 6.2348 -120.02594 1 0 0
13.8237 6.2348 -120.02594 0 0 -1
13.7737 6.2348 -120.02594 0 0 -1
13.7737 6.2348 -120.02594 -1 0 0
13.7737 6.2348 -119.9759 0 0 1
13.7737 6.2348 -119.9759 -1 0 0
13.8237 6.2348 -119.9759 1 0 0
13.8237 6.2348 -119.9759 0 0 1
13.8237 7.5095 -119.9759 1 0 0
13.8237 7.5095 -119.9759 0 0 1
13.7737 7.5095 -119.9759 0 0 1
13.7737 7.5095 -119.9759 -1 0 0
13.7737 7.5095 -120.02594 0 0 -1
13.7737 7.5095 -120.02594 -1 0 0
13.8237 7.5095 -120.02594 1 0 0
13.8237 7.5095 -120.02594 0 0 -1
12.3237 7.5095 -120.02594 1 0 0
12.3237 7.5095 -120.02594 0 0 -1
12.2737 7.5095 -120.02594 0 0 -1
12.2737 7.5095 -120.02594 -1 0 0
12.2737 7.5095 -119.9759 0 0 1
12.2737 7.5095 -119.9759 -1 0 0
12.3237 7.5095 -119.9759 1 0 0
12.3237 7.5095 -119.9759 0 0 1
12.3237 6.2348 -119.9759 1 0 0
12.3237 6.2348 -119.9759 0 0 1
12.2737 6.2348 -119.9759 0 0 1
12.2737 6.2348 -119.9759 -1 0 0
12.2737 6.2348 -120.02594 0 0 -1
12.2737 6.2348 -120.02594 -1 0 0
12.3237 6.2348 -120.02594 1 0 0
12.3237 6.2348 -120.02594 0 0 -1
10.8237 6.2348 -120.02594 1 0 0
10.8237 6.2348 -120.02594 0 0 -1
10.7737 6.2348 -120.02594 0 0 -1
10.7737 6.2348 -120.02594 -1 0 0
10.7737 6.2348 -119.9759 0 0 1
10.7737 6.2348 -119.9759 -1 0 0
10.8237 6.2348 -119.9759 1 0 0
10.8237 6.2348 -119.9759 0 0 1
10.8237 7.5095 -119.9759 1 0 0
10.8237 7.5095 -119.9759 0 0 1
10.7737 7.5095 -119.9759 0 0 1
10.7737 7.5095 -119.9759 -1 0 0
10.7737 7.5095 -120.02594 0 0 -1
10.7737 7.5095 -120.02594 -1 0 0
10.8237 7.5095 -120.02594 1 0 0
10.8237 7.5095 -120.02594 0 0 -1
9.32369 7.5095 -120.02594 1 0 0
9.32369 7.5095 -120.02594 0 0 -1
9.27369 7.5095 -120.02594 0 0 -1
9.27369 7.5095 -120.02594 -1 0 0
9.27369 7.5095 -119.9759 0 0 1
9.27369 7.5095 -119.9759 -1 0 0
9.32369 7.5095 -119.9759 1 0 0
9.32369 7.5095 -119.9759 0 0 1
9.32369 6.2348 -119.9759 1 0 0
9.32369 6.2348 -119.9759 0 0 1
9.27369 6.2348 -119.9759 0 0 1
9.27369 6.2348 -119.9759 -1 0 0
9.27369 6.2348 -120.02594 0 0 -1
9.27369 6.2348 -120.02594 -1 0 0
9.32369 6.2348 -120.02594 1 0 0
9.32369 6.2348 -120.02594 0 0 -1
7.82369 6.2348 -120.02594 1 0 0
7.82369 6.2348 -120.02594 0 0 -1
7.77369 6.2348 -120.02594 0 0 -1
7.77369 6.2348 -120.02594 -1 0 0
7.77369 6.2348 -119.9759 0 0 1
7.77369 6.2348 -119.9759 -1 0 0
7.82369 6.2348 -119.9759 1 0 0
7.82369 6.2348 -119.9759 0 0 1
7.82369 7.5095 -119.9759 1 0 0
7.82369 7.5095 -119.9759 0 0 1
7.77369 7.5095 -119.9759 0 0 1
7.77369 7.5095 -119.9759 -1 0 0
7.77369 7.5095 -120.02594 0 0 -1
7.77369 7.5095 -120.02594 -1 0 0
7.82369 7.5095 -120.02594 1 0 0
7.82369 7.5095 -120.02594 0 0 -1
6.32369 7.5095 -120.02594 1 0 0
6.32369 7.5095 -120.02594 0 0 -1
6.27369 7.5095 -120.02594 0 0 -1
6.27369 7.5095 -120.02594 -1 0 0
6.27369 7.5095 -119.9759 0 0 1
6.27369 7.5095 -119.9759 -1 0 0
6.32369 7.5095 -119.9759 1 0 0
6.32369 7.5095 -119.9759 0 0 1
6.32369 6.2348 -119.9759 1 0 0
6.32369 6.2348 -119.9759 0 0 1
6.27369 6.2348 -119.9759 0 0 1
6.27369 6.2348 -119.9759 -1 0 0
6.27369 6.2348 -120.02594 0 0 -1
6.27369 6.2348 -120.02594 -1 0 0
6.32369 6.2348 -120.02594 1 0 0
6.32369 6.2348 -120.02594 0 0 -1
4.82369 6.2348 -120.02594 1 0 0
4.82369 6.2348 -120.02594 0 0 -1
4.77369 6.2348 -120.02594 0 0 -1
4.77369 6.2348 -120.02594 -1 0 0
4.77369 6.2348 -119.9759 0 0 1
4.77369 6.2348 -119.9759 -1 0 0
4.82369 6.2348 -119.9759 1 0 0
4.82369 6.2348 -119.9759 0 0 1
4.82369 7.5095 -119.9759 1 0 0
4.82369 7.5095 -119.9759 0 0 1
4.77369 7.5095 -119.9759 0 0 1
4.77369 7.5095 -119.9759 -1 0 0
4.77369 7.5095 -120.02594 0 0 -1
4.77369 7.5095 -120.02594 -1 0 0
4.82369 7.5095 -120.02594 1 0 0
4.82369 7.5095 -120.02594 0 0 -1
3.32369 7.5095 -120.02594 1 0 0
3.32369 7.5095 -120.02594 0 0 -1
3.27369 7.5095 -120.02594 0 0 -1
3.27369 7.5095 -120.02594 -1 0 0
3.27369 7.5095 -119.9759 0 0 1
3.27369 7.5095 -119.9759 -1 0 0
3.32369 7.5095 -119.9759 1 0 0
3.32369 7.5095 -119.9759 0 0 1
3.32369 6.2348 -119.9759 1 0 0
3.32369 6.2348 -119.9759 0 0 1
3.27369 6.2348 -119.9759 0 0 1
3.27369 6.2348 -119.9759 -1 0 0
3.27369 6.2348 -120.02594 0 0 -1
3.27369 6.2348 -120.02594 -1 0 0
3.32369 6.2348 -120.02594 1 0 0
3.32369 6.2348 -120.02594 0 0 -1
1.82369 6.2348 -120.02594 1 0 0
1.82369 6.2348 -120.02594 0 0 -1
1.77369 6.2348 -120.02594 0 0 -1
1.77369 6.2348 -120.02594 -1 0 0
1.77369 6.2348 -119.9759 0 0 1
1.77369 6.2348 -119.9759 -1 0 0
1.82369 6.2348 -119.9759 1 0 0
1.82369 6.2348 -119.9759 0 0 1
1.82369 7.5095 -119.9759 1 0 0
1.82369 7.5095 -119.9759 0 0 1
1.77369 7.5095 -119.9759 0 0 1
1.77369 7.5095 -119.9759 -1 0 0
1.77369 7.5095 -120.02594 0 0 -1
1.77369 7.5095 -120.02594 -1 0 0
1.82369 7.5095 -120.02594 1 0 0
1.82369 7.5095 -120.02594 0 0 -1
-13.8237 6.2348 -120.02594 0 0 -1
-13.8237 6.2348 -120.02594 -1 0 0
-13.7737 6.2348 -120.02594 1 0 0
-13.7737 6.2348 -120.02594 0 0 -1
-13.7737 6.2348 -119.9759 1 0 0
-13.7737 6.2348 -119.9759 0 0 1
-13.8237 6.2348 -119.9759 0 0 1
-13.8237 6.2348 -119.9759 -1 0 0
-13.8237 7.5095 -119.9759 0 0 1
-13.8237 7.5095 -119.9759 -1 0 0
-13.7737 7.5095 -119.9759 1 0 0
-13.7737 7.5095 -119.9759 0 0 1
-13.7737 7.5095 -120.02594 1 0 0
-13.7737 7.5095 -120.02594 0 0 -1
-13.8237 7.5095 -120.02594 0 0 -1
-13.8237 7.5095 -120.02594 -1 0 0
-12.3237 7.5095 -120.02594 0 0 -1
-12.3237 7.5095 -120.02594 -1 0 0
-12.2737 7.5095 -120.02594 1 0 0
-12.2737 7.5095 -120.02594 0 0 -1
-12.2737 7.5095 -119.9759 1 0 0
-12.2737 7.5095 -119.9759 0 0 1
-12.3237 7.5095 -119.9759 0 0 1
-12.3237 7.5095 -119.9759 -1 0 0
-12.3237 6.2348 -119.9759 0 0 1
-12.3237 6.2348 -119.9759 -1 0 0
-12.2737 6.2348 -119.9759 1 0 0
-12.2737 6.2348 -119.9759 0 0 1
-12.2737 6.2348 -120.02594 1 0 0
-12.2737 6.2348 -120.02594 0 0 -1
-12.3237 6.2348 -120.02594 0 0 -1
-12.3237 6.2348 -120.02594 -1 0 0
-10.8237 6.2348 -120.02594 0 0 -1
-10.8237 6.2348 -120.02594 -1 0 0
-10.7737 6.2348 -120.02594 1 0 0
-10.7737 6.2348 -120.02594 0 0 -1
-10.7737 6.2348 -119.9759 1 0 0
-10.7737 6.2348 -119.9759 0 0 1
-10.8237 6.2348 -119.9759 0 0 1
-10.8237 6.2348 -119.9759 -1 0 0
-10.8237 7.5095 -119.9759 0 0 1
-10.8237 7.5095 -119.9759 -1 0 0
-10.7737 7.5095 -119.9759 1 0 0
-10.7737 7.5095 -119.9759 0 0 1
-10.7737 7.5095 -120.02594 1 0 0
-10.7737 7.5095 -120.02594 0 0 -1
-10.8237 7.5095 -120.02594 0 0 -1
-10.8237 7.5095 -120.02594 -1 0 0
-9.3237 7.5095 -120.02594 0 0 -1
-9.3237 7.5095 -120.02594 -1 0 0
-9.2737 7.5095 -120.02594 1 0 0
-9.2737 7.5095 -120.02594 0 0 -1
-9.2737 7.5095 -119.9759 1 0 0
-9.2737 7.5095 -119.9759 0 0 1
-9.3237 7.5095 -119.9759 0 0 1
-9.3237 7.5095 -119.9759 -1 0 0
-9.3237 6.2348 -119.9759 0 0 1
-9.3237 6.2348 -119.9759 -1 0 0
-9.2737 6.2348 -119.9759 1 0 0
-9.2737 6.2348 -119.9759 0 0 1
-9.2737 6.2348 -120.02594 1 0 0
-9.2737 6.2348 -120.02594 0 0 -1
-9.3237 6.2348 -120.02594 0 0 -1
-9.3237 6.2348 -120.02594 -1 0 0
-7.8237 6.2348 -120.02594 0 0 -1
-7.8237 6.2348 -120.02594 -1 0 0
-7.7737 6.2348 -120.02594 1 0 0
-7.7737 6.2348 -120.02594 0 0 -1
-7.7737 6.2348 -119.9759 1 0 0
-7.7737 6.2348 -119.9759 0 0 1
-7.8237 6.2348 -119.9759 0 0 1
-7.8237 6.2348 -119.9759 -1 0 0
-7.8237 7.5095 -119.9759 0 0 1
-7.8237 7.5095 -119.9759 -1 0 0
-7.7737 7.5095 -119.9759 1 0 0
-7.7737 7.5095 -119.9759 0 0 1
-7.7737 7.5095 -120.02594 1 0 0
-7.7737 7.5095 -120.02594 0 0 -1
-7.8237 7.5095 -120.02594 0 0 -1
-7.8237 7.5095 -120.02594 -1 0 0
-6.3237 7.5095 -120.02594 0 0 -1
-6.3237 7.5095 -120.02594 -1 0 0
-6.2737 7.5095 -120.02594 1 0 0
-6.2737 7.5095 -120.02594 0 0 -1
-6.2737 7.5095 -119.9759 1 0 0
-6.2737 7.5095 -119.9759 0 0 1
-6.3237 7.5095 -119.9759 0 0 1
-6.3237 7.5095 -119.9759 -1 0 0
-6.3237 6.2348 -119.9759 0 0 1
-6.3237 6.2348 -119.9759 -1 0 0
-6.2737 6.2348 -119.9759 1 0 0
-6.2737 6.2348 -119.9759 0 0 1
-6.2737 6.2348 -120.02594 1 0 0
-6.2737 6.2348 -120.02594 0 0 -1
-6.3237 6.2348 -120.02594 0 0 -1
-6.3237 6.2348 -120.02594 -1 0 0
-4.8237 6.2348 -120.02594 0 0 -1
-4.8237 6.2348 -120.02594 -1 0 0
-4.7737 6.2348 -120.02594 1 0 0
-4.7737 6.2348 -120.02594 0 0 -1
-4.7737 6.2348 -119.9759 1 0 0
-4.7737 6.2348 -119.9759 0 0 1
-4.8237 6.2348 -119.9759 0 0 1
-4.8237 6.2348 -119.9759 -1 0 0
-4.8237 7.5095 -119.9759 0 0 1
-4.8237 7.5095 -119.9759 -1 0 0
-4.7737 7.5095 -119.9759 1 0 0
-4.7737 7.5095 -119.9759 0 0 1
-4.7737 7.5095 -120.02594 1 0 0
-4.7737 7.5095 -120.02594 0 0 -1
-4.8237 7.5095 -120.02594 0 0 -1
-4.8237 7.5095 -120.02594 -1 0 0
-3.3237 7.5095 -120.02594 0 0 -1
-3.3237 7.5095 -120.02594 -1 0 0
-3.2737 7.5095 -120.02594 1 0 0
-3.2737 7.5095 -120.02594 0 0 -1
-3.2737 7.5095 -119.9759 1 0 0
-3.2737 7.5095 -119.9759 0 0 1
-3.3237 7.5095 -119.9759 0 0 1
-3.3237 7.5095 -119.9759 -1 0 0
-3.3237 6.2348 -119.9759 0 0 1
-3.3237 6.2348 -119.9759 -1 0 0
-3.2737 6.2348 -119.9759 1 0 0
-3.2737 6.2348 -119.9759 0 0 1
-3.2737 6.2348 -120.02594 1 0 0
-3.2737 6.2348 -120.02594 0 0 -1
-3.3237 6.2348 -120.02594 0 0 -1
-3.3237 6.2348 -120.02594 -1 0 0
-1.8237 6.2348 -120.02594 0 0 -1
-1.8237 6.2348 -120.02594 -1 0 0
-1.7737 6.2348 -120.02594 1 0 0
-1.7737 6.2348 -120.02594 0 0 -1
-1.7737 6.2348 -119.9759 1 0 0
-1.7737 6.2348 -119.9759 0 0 1
-1.8237 6.2348 -119.9759 0 0 1
-1.8237 6.2348 -119.9759 -1 0 0
-1.8237 7.5095 -119.9759 0 0 1
-1.8237 7.5095 -119.9759 -1 0 0
-1.7737 7.5095 -119.9759 1 0 0
-1.7737 7.5095 -119.9759 0 0 1
-1.7737 7.5095 -120.02594 1 0 0
-1.7737 7.5095 -120.02594 0 0 -1
-1.8237 7.5095 -120.02594 0 0 -1
-1.8237 7.5095 -120.02594 -1 0 0
15.1573 3.5348 -109.46109 1 0 0
15.1573 3.5348 -109.46109 0 0 -1
15.1073 3.5348 -109.46109 0 0 -1
15.1073 3.5348 -109.46109 -1 0 0
15.1073 3.5348 -109.41109 0 0 1
15.1073 3.5348 -109.41109 -1 0 0
15.1573 3.5348 -109.41109 1 0 0
15.1573 3.5348 -109.41109 0 0 1
15.1573 4.8095 -109.41109 1 0 0
15.1573 4.8095 -109.41109 0 0 1
15.1073 4.8095 -109.41109 0 0 1
15.1073 4.8095 -109.41109 -1 0 0
15.1073 4.8095 -109.46109 0 0 -1
15.1073 4.8095 -109.46109 -1 0 0
15.1573 4.8095 -109.46109 1 0 0
15.1573 4.8095 -109.46109 0 0 -1
-15.1591 3.5348 -109.46109 0 0 -1
-15.1591 3.5348 -109.46109 -1 0 0
-15.1091 3.5348 -109.46109 1 0 0
-15.1091 3.5348 -109.46109 0 0 -1
-15.1091 3.5348 -109.41109 1 0 0
-15.1091 3.5348 -109.41109 0 0 1
-15.1591 3.5348 -109.41109 0 0 1
-15.1591 3.5348 -109.41109 -1 0 0
-15.1591 4.8095 -109.41109 0 0 1
-15.1591 4.8095 -109.41109 -1 0 0
-15.1091 4.8095 -109.41109 1 0 0
-15.1091 4.8095 -109.41109 0 0 1
-15.1091 4.8095 -109.46109 1 0 0
-15.1091 4.8095 -109.46109 0 0 -1
-15.1591 4.8095 -109.46109 0 0 -1
-15.1591 4.8095 -109.46109 -1 0 0
15.1573 4.8095 -110.98611 1 0 0
15.1573 4.8095 -110.98611 0 0 -1
15.1073 4.8095 -110.98611 0 0 -1
15.1073 4.8095 -110.98611 -1 0 0
15.1073 4.8095 -110.9361 0 0 1
15.1073 4.8095 -110.9361 -1 0 0
15.1573 4.8095 -110.9361 1 0 0
15.1573 4.8095 -110.9361 0 0 1
15.1573 3.5348 -110.9361 1 0 0
15.1573 3.5348 -110.9361 0 0 1
15.1073 3.5348 -110.9361 0 0 1
15.1073 3.5348 -110.9361 -1 0 0
15.1073 3.5348 -110.98611 0 0 -1
15.1073 3.5348 -110.98611 -1 0 0
15.1573 3.5348 -110.98611 1 0 0
15.1573 3.5348 -110.98611 0 0 -1
-15.1591 4.8095 -110.98611 0 0 -1
-15.1591 4.8095 -110.98611 -1 0 0
-15.1091 4.8095 -110.98611 1 0 0
-15.1091 4.8095 -110.98611 0 0 -1
-15.1091 4.8095 -110.9361 1 0 0
-15.1091 4.8095 -110.9361 0 0 1
-15.1591 4.8095 -110.9361 0 0 1
-15.1591 4.8095 -110.9361 -1 0 0
-15.1591 3.5348 -110.9361 0 0 1
-15.1591 3.5348 -110.9361 -1 0 0
-15.1091 3.5348 -110.9361 1 0 0
-15.1091 3.5348 -110.9361 0 0 1
-15.1091 3.5348 -110.98611 1 0 0
-15.1091 3.5348 -110.98611 0 0 -1
-15.1591 3.5348 -110.98611 0 0 -1
-15.1591 3.5348 -110.98611 -1 0 0
15.1573 3.5348 -112.51111 1 0 0
15.1573 3.5348 -112.51111 0 0 -1
15.1073 3.5348 -112.51111 0 0 -1
15.1073 3.5348 -112.51111 -1 0 0
15.1073 3.5348 -112.46111 0 0 1
15.1073 3.5348 -112.46111 -1 0 0
15.1573 3.5348 -112.46111 1 0 0
15.1573 3.5348 -112.46111 0 0 1
15.1573 4.8095 -112.46111 1 0 0
15.1573 4.8095 -112.46111 0 0 1
15.1073 4.8095 -112.46111 0 0 1
15.1073 4.8095 -112.46111 -1 0 0
15.1073 4.8095 -112.51111 0 0 -1
15.1073 4.8095 -112.51111 -1 0 0
15.1573 4.8095 -112.51111 1 0 0
15.1573 4.8095 -112.51111 0 0 -1
-15.1591 3.5348 -112.51111 0 0 -1
-15.1591 3.5348 -112.51111 -1 0 0
-15.1091 3.5348 -112.51111 1 0 0
-15.1091 3.5348 -112.51111 0 0 -1
-15.1091 3.5348 -112.46111 1 0 0
-15.1091 3.5348 -112.46111 0 0 1
-15.1591 3.5348 -112.46111 0 0 1
-15.1591 3.5348 -112.46111 -1 0 0
-15.1591 4.8095 -112.46111 0 0 1
-15.1591 4.8095 -112.46111 -1 0 0
-15.1091 4.8095 -112.46111 1 0 0
-15.1091 4.8095 -112.46111 0 0 1
-15.1091 4.8095 -112.51111 1 0 0
-15.1091 4.8095 -112.51111 0 0 -1
-15.1591 4.8095 -112.51111 0 0 -1
-15.1591 4.8095 -112.51111 -1 0 0
-14.9781 4.8095 -120.02594 1 0 0
-14.9781 4.8095 -120.02594 0 0 -1
-15.0281 4.8095 -120.02594 0 0 -1
-15.0281 4.8095 -120.02594 -1 0 0
-15.0281 4.8095 -119.9759 0 0 1
-15.0281 4.8095 -119.9759 -1 0 0
-14.9781 4.8095 -119.9759 1 0 0
-14.9781 4.8095 -119.9759 0 0 1
-14.9781 3.5348 -119.9759 1 0 0
-14.9781 3.5348 -119.9759 0 0 1
-15.0281 3.5348 -119.9759 0 0 1
-15.0281 3.5348 -119.9759 -1 0 0
-15.0281 3.5348 -120.02594 0 0 -1
-15.0281 3.5348 -120.02594 -1 0 0
-14.9781 3.5348 -120.02594 1 0 0
-14.9781 3.5348 -120.02594 0 0 -1
0.023695 3.5348 -120.02594 1 0 0
0.023695 3.5348 -120.02594 0 0 -1
-0.026305 3.5348 -120.02594 0 0 -1
-0.026305 3.5348 -120.02594 -1 0 0
-0.026305 3.5348 -119.9759 0 0 1
-0.026305 3.5348 -119.9759 -1 0 0
0.023695 3.5348 -119.9759 1 0 0
0.023695 3.5348 -119.9759 0 0 1
0.023695 4.8095 -119.9759 1 0 0
0.023695 4.8095 -119.9759 0 0 1
-0.026305 4.8095 -119.9759 0 0 1
-0.026305 4.8095 -119.9759 -1 0 0
-0.026305 4.8095 -120.02594 0 0 -1
-0.026305 4.8095 -120.02594 -1 0 0
0.023695 4.8095 -120.02594 1 0 0
0.023695 4.8095 -120.02594 0 0 -1
15.1573 3.5348 -103.46109 1 0 0
15.1573 3.5348 -103.46109 0 0 -1
15.1073 3.5348 -103.46109 0 0 -1
15.1073 3.5348 -103.46109 -1 0 0
15.1073 3.5348 -103.41109 0 0 1
15.1073 3.5348 -103.41109 -1 0 0
15.1573 3.5348 -103.41109 1 0 0
15.1573 3.5348 -103.41109 0 0 1
15.1573 4.8095 -103.41109 1 0 0
15.1573 4.8095 -103.41109 0 0 1
15.1073 4.8095 -103.41109 0 0 1
15.1073 4.8095 -103.41109 -1 0 0
15.1073 4.8095 -103.46109 0 0 -1
15.1073 4.8095 -103.46109 -1 0 0
15.1573 4.8095 -103.46109 1 0 0
15.1573 4.8095 -103.46109 0 0 -1
-15.1591 3.5348 -103.46109 0 0 -1
-15.1591 3.5348 -103.46109 -1 0 0
-15.1091 3.5348 -103.46109 1 0 0
-15.1091 3.5348 -103.46109 0 0 -1
-15.1091 3.5348 -103.41109 1 0 0
-15.1091 3.5348 -103.41109 0 0 1
-15.1591 3.5348 -103.41109 0 0 1
-15.1591 3.5348 -103.41109 -1 0 0
-15.1591 4.8095 -103.41109 0 0 1
-15.1591 4.8095 -103.41109 -1 0 0
-15.1091 4.8095 -103.41109 1 0 0
-15.1091 4.8095 -103.41109 0 0 1
-15.1091 4.8095 -103.46109 1 0 0
-15.1091 4.8095 -103.46109 0 0 -1
-15.1591 4.8095 -103.46109 0 0 -1
-15.1591 4.8095 -103.46109 -1 0 0
15.1573 4.8095 -104.98611 1 0 0
15.1573 4.8095 -104.98611 0 0 -1
15.1073 4.8095 -104.98611 0 0 -1
15.1073 4.8095 -104.98611 -1 0 0
15.1073 4.8095 -104.9361 0 0 1
15.1073 4.8095 -104.9361 -1 0 0
15.1573 4.8095 -104.9361 1 0 0
15.1573 4.8095 -104.9361 0 0 1
15.1573 3.5348 -104.9361 1 0 0
15.1573 3.5348 -104.9361 0 0 1
15.1073 3.5348 -104.9361 0 0 1
15.1073 3.5348 -104.9361 -1 0 0
15.1073 3.5348 -104.98611 0 0 -1
15.1073 3.5348 -104.98611 -1 0 0
15.1573 3.5348 -104.98611 1 0 0
15.1573 3.5348 -104.98611 0 0 -1
-15.1591 4.8095 -104.98611 0 0 -1
-15.1591 4.8095 -104.98611 -1 0 0
-15.1091 4.8095 -104.98611 1 0 0
-15.1091 4.8095 -104.98611 0 0 -1
-15.1091 4.8095 -104.9361 1 0 0
-15.1091 4.8095 -104.9361 0 0 1
-15.1591 4.8095 -104.9361 0 0 1
-15.1591 4.8095 -104.9361 -1 0 0
-15.1591 3.5348 -104.9361 0 0 1
-15.1591 3.5348 -104.9361 -1 0 0
-15.1091 3.5348 -104.9361 1 0 0
-15.1091 3.5348 -104.9361 0 0 1
-15.1091 3.5348 -104.98611 1 0 0
-15.1091 3.5348 -104.98611 0 0 -1
-15.1591 3.5348 -104.98611 0 0 -1
-15.1591 3.5348 -104.98611 -1 0 0
15.1573 3.5348 -106.51111 1 0 0
15.1573 3.5348 -106.51111 0 0 -1
15.1073 3.5348 -106.51111 0 0 -1
15.1073 3.5348 -106.51111 -1 0 0
15.1073 3.5348 -106.46111 0 0 1
15.1073 3.5348 -106.46111 -1 0 0
15.1573 3.5348 -106.46111 1 0 0
15.1573 3.5348 -106.46111 0 0 1
15.1573 4.8095 -106.46111 1 0 0
15.1573 4.8095 -106.46111 0 0 1
15.1073 4.8095 -106.46111 0 0 1
15.1073 4.8095 -106.46111 -1 0 0
15.1073 4.8095 -106.51111 0 0 -1
15.1073 4.8095 -106.51111 -1 0 0
15.1573 4.8095 -106.51111 1 0 0
15.1573 4.8095 -106.51111 0 0 -1
-15.1591 3.5348 -106.51111 0 0 -1
-15.1591 3.5348 -106.51111 -1 0 0
-15.1091 3.5348 -106.51111 1 0 0
-15.1091 3.5348 -106.51111 0 0 -1
-15.1091 3.5348 -106.46111 1 0 0
-15.1091 3.5348 -106.46111 0 0 1
-15.1591 3.5348 -106.46111 0 0 1
-15.1591 3.5348 -106.46111 -1 0 0
-15.1591 4.8095 -106.46111 0 0 1
-15.1591 4.8095 -106.46111 -1 0 0
-15.1091 4.8095 -106.46111 1 0 0
-15.1091 4.8095 -106.46111 0 0 1
-15.1091 4.8095 -106.51111 1 0 0
-15.1091 4.8095 -106.51111 0 0 -1
-15.1591 4.8095 -106.51111 0 0 -1
-15.1591 4.8095 -106.51111 -1 0 0
15.1573 4.1348 -101.99689 1 0 0
15.1573 4.1348 -101.99689 0 -1 0
15.1073 4.1348 -101.99689 0 -1 0
15.1073 4.1348 -101.99689 -1 0 0
15.1073 4.1848 -101.99689 0 1 0
15.1073 4.1848 -101.99689 -1 0 0
15.1573 4.1848 -101.99689 1 0 0
15.1573 4.1848 -101.99689 0 1 0
15.1573 4.1848 -119.97654 1 0 0
15.1573 4.1848 -119.97654 0 1 0
15.1073 4.1848 -119.97654 0 1 0
15.1073 4.1848 -119.97654 -1 0 0
15.1073 4.1348 -119.97654 0 -1 0
15.1073 4.1348 -119.97654 -1 0 0
15.1573 4.1348 -119.97654 1 0 0
15.1573 4.1348 -119.97654 0 -1 0
-15.1591 4.1348 -101.99689 0 -1 0
-15.1591 4.1348 -101.99689 -1 0 0
-15.1091 4.1348 -101.99689 1 0 0
-15.1091 4.1348 -101.99689 0 -1 0
-15.1091 4.1848 -101.99689 1 0 0
-15.1091 4.1848 -101.99689 0 1 0
-15.1591 4.1848 -101.99689 0 1 0
-15.1591 4.1848 -101.99689 -1 0 0
-15.1591 4.1848 -119.97654 0 1 0
-15.1591 4.1848 -119.97654 -1 0 0
-15.1091 4.1848 -119.97654 1 0 0
-15.1091 4.1848 -119.97654 0 1 0
-15.1091 4.1348 -119.97654 1 0 0
-15.1091 4.1348 -119.97654 0 -1 0
-15.1591 4.1348 -119.97654 0 -1 0
-15.1591 4.1348 -119.97654 -1 0 0
15.1573 4.8098 -119.97616 1 0 0
15.1573 4.8098 -119.97616 0 -1 0
15.1073 4.8098 -119.97616 0 -1 0
15.1073 4.8098 -119.97616 -1 0 0
15.1073 4.8598 -119.97616 0 1 0
15.1073 4.8598 -119.97616 -1 0 0
15.1573 4.8598 -119.97616 1 0 0
15.1573 4.8598 -119.97616 0 1 0
15.1573 4.8598 -101.99638 1 0 0
15.1573 4.8598 -101.99638 0 1 0
15.1073 4.8598 -101.99638 0 1 0
15.1073 4.8598 -101.99638 -1 0 0
15.1073 4.8098 -101.99638 0 -1 0
15.1073 4.8098 -101.99638 -1 0 0
15.1573 4.8098 -101.99638 1 0 0
15.1573 4.8098 -101.99638 0 -1 0
-15.1591 4.8098 -119.97616 0 -1 0
-15.1591 4.8098 -119.97616 -1 0 0
-15.1091 4.8098 -119.97616 1 0 0
-15.1091 4.8098 -119.97616 0 -1 0
-15.1091 4.8598 -119.97616 1 0 0
-15.1091 4.8598 -119.97616 0 1 0
-15.1591 4.8598 -119.97616 0 1 0
-15.1591 4.8598 -119.97616 -1 0 0
-15.1591 4.8598 -101.99638 0 1 0
-15.1591 4.8598 -101.99638 -1 0 0
-15.1091 4.8598 -101.99638 1 0 0
-15.1091 4.8598 -101.99638 0 1 0
-15.1091 4.8098 -101.99638 1 0 0
-15.1091 4.8098 -101.99638 0 -1 0
-15.1591 4.8098 -101.99638 0 -1 0
-15.1591 4.8098 -101.99638 -1 0 0
15.1571 4.8098 -120.02644 1 0 0
15.1571 4.8098 -120.02644 0 -1 0
15.1571 4.8098 -120.02644 0 0 -1
15.1571 4.8098 -119.97642 1 0 0
15.1571 4.8098 -119.97642 0 -1 0
15.1571 4.8098 -119.97642 0 0 1
15.1571 4.8598 -119.97642 1 0 0
15.1571 4.8598 -119.97642 0 0 1
15.1571 4.8598 -119.97642 0 1 0
15.1571 4.8598 -120.02644 1 0 0
15.1571 4.8598 -120.02644 0 0 -1
15.1571 4.8598 -120.02644 0 1 0
-15.1587 4.8598 -120.02644 0 0 -1
-15.1587 4.8598 -120.02644 0 1 0
-15.1587 4.8598 -120.02644 -1 0 0
-15.1587 4.8598 -119.97642 0 0 1
-15.1587 4.8598 -119.97642 0 1 0
-15.1587 4.8598 -119.97642 -1 0 0
-15.1587 4.8098 -119.97642 0 -1 0
-15.1587 4.8098 -119.97642 0 0 1
-15.1587 4.8098 -119.97642 -1 0 0
-15.1587 4.8098 -120.02644 0 -1 0
-15.1587 4.8098 -120.02644 0 0 -1
-15.1587 4.8098 -120.02644 -1 0 0
-15.1593 4.1348 -120.02644 0 -1 0
-15.1593 4.1348 -120.02644 0 0 -1
-15.1593 4.1348 -120.02644 -1 0 0
-15.1593 4.1348 -119.97642 0 -1 0
-15.1593 4.1348 -119.97642 0 0 1
-15.1593 4.1348 -119.97642 -1 0 0
-15.1593 4.1848 -119.97642 0 0 1
-15.1593 4.1848 -119.97642 0 1 0
-15.1593 4.1848 -119.97642 -1 0 0
-15.1593 4.1848 -120.02644 0 0 -1
-15.1593 4.1848 -120.02644 0 1 0
-15.1593 4.1848 -120.02644 -1 0 0
15.1565 4.1848 -120.02644 1 0 0
15.1565 4.1848 -120.02644 0 0 -1
15.1565 4.1848 -120.02644 0 1 0
15.1565 4.1848 -119.97642 1 0 0
15.1565 4.1848 -119.97642 0 0 1
15.1565 4.1848 -119.97642 0 1 0
15.1565 4.1348 -119.97642 1 0 0
15.1565 4.1348 -119.97642 0 -1 0
15.1565 4.1348 -119.97642 0 0 1
15.1565 4.1348 -120.02644 1 0 0
15.1565 4.1348 -120.02644 0 -1 0
15.1565 4.1348 -120.02644 0 0 -1
15.1573 3.5348 -115.46109 1 0 0
15.1573 3.5348 -115.46109 0 0 -1
15.1073 3.5348 -115.46109 0 0 -1
15.1073 3.5348 -115.46109 -1 0 0
15.1073 3.5348 -115.41109 0 0 1
15.1073 3.5348 -115.41109 -1 0 0
15.1573 3.5348 -115.41109 1 0 0
15.1573 3.5348 -115.41109 0 0 1
15.1573 4.8095 -115.41109 1 0 0
15.1573 4.8095 -115.41109 0 0 1
15.1073 4.8095 -115.41109 0 0 1
15.1073 4.8095 -115.41109 -1 0 0
15.1073 4.8095 -115.46109 0 0 -1
15.1073 4.8095 -115.46109 -1 0 0
15.1573 4.8095 -115.46109 1 0 0
15.1573 4.8095 -115.46109 0 0 -1
-15.1591 3.5348 -115.46109 0 0 -1
-15.1591 3.5348 -115.46109 -1 0 0
-15.1091 3.5348 -115.46109 1 0 0
-15.1091 3.5348 -115.46109 0 0 -1
-15.1091 3.5348 -115.41109 1 0 0
-15.1091 3.5348 -115.41109 0 0 1
-15.1591 3.5348 -115.41109 0 0 1
-15.1591 3.5348 -115.41109 -1 0 0
-15.1591 4.8095 -115.41109 0 0 1
-15.1591 4.8095 -115.41109 -1 0 0
-15.1091 4.8095 -115.41109 1 0 0
-15.1091 4.8095 -115.41109 0 0 1
-15.1091 4.8095 -115.46109 1 0 0
-15.1091 4.8095 -115.46109 0 0 -1
-15.1591 4.8095 -115.46109 0 0 -1
-15.1591 4.8095 -115.46109 -1 0 0
15.1573 4.8095 -116.98611 1 0 0
15.1573 4.8095 -116.98611 0 0 -1
15.1073 4.8095 -116.98611 0 0 -1
15.1073 4.8095 -116.98611 -1 0 0
15.1073 4.8095 -116.9361 0 0 1
15.1073 4.8095 -116.9361 -1 0 0
15.1573 4.8095 -116.9361 1 0 0
15.1573 4.8095 -116.9361 0 0 1
15.1573 3.5348 -116.9361 1 0 0
15.1573 3.5348 -116.9361 0 0 1
15.1073 3.5348 -116.9361 0 0 1
15.1073 3.5348 -116.9361 -1 0 0
15.1073 3.5348 -116.98611 0 0 -1
15.1073 3.5348 -116.98611 -1 0 0
15.1573 3.5348 -116.98611 1 0 0
15.1573 3.5348 -116.98611 0 0 -1
-15.1591 4.8095 -116.98611 0 0 -1
-15.1591 4.8095 -116.98611 -1 0 0
-15.1091 4.8095 -116.98611 1 0 0
-15.1091 4.8095 -116.98611 0 0 -1
-15.1091 4.8095 -116.9361 1 0 0
-15.1091 4.8095 -116.9361 0 0 1
-15.1591 4.8095 -116.9361 0 0 1
-15.1591 4.8095 -116.9361 -1 0 0
-15.1591 3.5348 -116.9361 0 0 1
-15.1591 3.5348 -116.9361 -1 0 0
-15.1091 3.5348 -116.9361 1 0 0
-15.1091 3.5348 -116.9361 0 0 1
-15.1091 3.5348 -116.98611 1 0 0
-15.1091 3.5348 -116.98611 0 0 -1
-15.1591 3.5348 -116.98611 0 0 -1
-15.1591 3.5348 -116.98611 -1 0 0
15.1573 3.5348 -118.51111 1 0 0
15.1573 3.5348 -118.51111 0 0 -1
15.1073 3.5348 -118.51111 0 0 -1
15.1073 3.5348 -118.51111 -1 0 0
15.1073 3.5348 -118.46111 0 0 1
15.1073 3.5348 -118.46111 -1 0 0
15.1573 3.5348 -118.46111 1 0 0
15.1573 3.5348 -118.46111 0 0 1
15.1573 4.8095 -118.46111 1 0 0
15.1573 4.8095 -118.46111 0 0 1
15.1073 4.8095 -118.46111 0 0 1
15.1073 4.8095 -118.46111 -1 0 0
15.1073 4.8095 -118.51111 0 0 -1
15.1073 4.8095 -118.51111 -1 0 0
15.1573 4.8095 -118.51111 1 0 0
15.1573 4.8095 -118.51111 0 0 -1
-15.1591 3.5348 -118.51111 0 0 -1
-15.1591 3.5348 -118.51111 -1 0 0
-15.1091 3.5348 -118.51111 1 0 0
-15.1091 3.5348 -118.51111 0 0 -1
-15.1091 3.5348 -118.46111 1 0 0
-15.1091 3.5348 -118.46111 0 0 1
-15.1591 3.5348 -118.46111 0 0 1
-15.1591 3.5348 -118.46111 -1 0 0
-15.1591 4.8095 -118.46111 0 0 1
-15.1591 4.8095 -118.46111 -1 0 0
-15.1091 4.8095 -118.46111 1 0 0
-15.1091 4.8095 -118.46111 0 0 1
-15.1091 4.8095 -118.51111 1 0 0
-15.1091 4.8095 -118.51111 0 0 -1
-15.1591 4.8095 -118.51111 0 0 -1
-15.1591 4.8095 -118.51111 -1 0 0
13.8237 3.5348 -120.02594 1 0 0
13.8237 3.5348 -120.02594 0 0 -1
13.7737 3.5348 -120.02594 0 0 -1
13.7737 3.5348 -120.02594 -1 0 0
13.7737 3.5348 -119.9759 0 0 1
13.7737 3.5348 -119.9759 -1 0 0
13.8237 3.5348 -119.9759 1 0 0
13.8237 3.5348 -119.9759 0 0 1
13.8237 4.8095 -119.9759 1 0 0
13.8237 4.8095 -119.9759 0 0 1
13.7737 4.8095 -119.9759 0 0 1
13.7737 4.8095 -119.9759 -1 0 0
13.7737 4.8095 -120.02594 0 0 -1
13.7737 4.8095 -120.02594 -1 0 0
13.8237 4.8095 -120.02594 1 0 0
13.8237 4.8095 -120.02594 0 0 -1
12.3237 4.8095 -120.02594 1 0 0
12.3237 4.8095 -120.02594 0 0 -1
12.2737 4.8095 -120.02594 0 0 -1
12.2737 4.8095 -120.02594 -1 0 0
12.2737 4.8095 -119.9759 0 0 1
12.2737 4.8095 -119.9759 -1 0 0
12.3237 4.8095 -119.9759 1 0 0
12.3237 4.8095 -119.9759 0 0 1
12.3237 3.5348 -119.9759 1 0 0
12.3237 3.5348 -119.9759 0 0 1
12.2737 3.5348 -119.9759 0 0 1
12.2737 3.5348 -119.9759 -1 0 0
12.2737 3.5348 -120.02594 0 0 -1
12.2737 3.5348 -120.02594 -1 0 0
12.3237 3.5348 -120.02594 1 0 0
12.3237 3.5348 -120.02594 0 0 -1
10.8237 3.5348 -120.02594 1 0 0
10.8237 3.5348 -120.02594 0 0 -1
10.7737 3.5348 -120.02594 0 0 -1
10.7737 3.5348 -120.02594 -1 0 0
10.7737 3.5348 -119.9759 0 0 1
10.7737 3.5348 -119.9759 -1 0 0
10.8237 3.5348 -119.9759 1 0 0
10.8237 3.5348 -119.9759 0 0 1
10.8237 4.8095 -119.9759 1 0 0
10.8237 4.8095 -119.9759 0 0 1
10.7737 4.8095 -119.9759 0 0 1
10.7737 4.8095 -119.9759 -1 0 0
10.7737 4.8095 -120.02594 0 0 -1
10.7737 4.8095 -120.02594 -1 0 0
10.8237 4.8095 -120.02594 1 0 0
10.8237 4.8095 -120.02594 0 0 -1
9.32369 4.8095 -120.02594 1 0 0
9.32369 4.8095 -120.02594 0 0 -1
9.27369 4.8095 -120.02594 0 0 -1
9.27369 4.8095 -120.02594 -1 0 0
9.27369 4.8095 -119.9759 0 0 1
9.27369 4.8095 -119.9759 -1 0 0
9.32369 4.8095 -119.9759 1 0 0
9.32369 4.8095 -119.9759 0 0 1
9.32369 3.5348 -119.9759 1 0 0
9.32369 3.5348 -119.9759 0 0 1
9.27369 3.5348 -119.9759 0 0 1
9.27369 3.5348 -119.9759 -1 0 0
9.27369 3.5348 -120.02594 0 0 -1
9.27369 3.5348 -120.02594 -1 0 0
9.32369 3.5348 -120.02594 1 0 0
9.32369 3.5348 -120.02594 0 0 -1
7.82369 3.5348 -120.02594 1 0 0
7.82369 3.5348 -120.02594 0 0 -1
7.77369 3.5348 -120.02594 0 0 -1
7.77369 3.5348 -120.02594 -1 0 0
7.77369 3.5348 -119.9759 0 0 1
7.77369 3.5348 -119.9759 -1 0 0
7.82369 3.5348 -119.9759 1 0 0
7.82369 3.5348 -119.9759 0 0 1
7.82369 4.8095 -119.9759 1 0 0
7.82369 4.8095 -119.9759 0 0 1
7.77369 4.8095 -119.9759 0 0 1
7.77369 4.8095 -119.9759 -1 0 0
7.77369 4.8095 -120.02594 0 0 -1
7.77369 4.8095 -120.02594 -1 0 0
7.82369 4.8095 -120.02594 1 0 0
7.82369 4.8095 -120.02594 0 0 -1
6.32369 4.8095 -120.02594 1 0 0
6.32369 4.8095 -120.02594 0 0 -1
6.27369 4.8095 -120.02594 0 0 -1
6.27369 4.8095 -120.02594 -1 0 0
6.27369 4.8095 -119.9759 0 0 1
6.27369 4.8095 -119.9759 -1 0 0
6.32369 4.8095 -119.9759 1 0 0
6.32369 4.8095 -119.9759 0 0 1
6.32369 3.5348 -119.9759 1 0 0
6.32369 3.5348 -119.9759 0 0 1
6.27369 3.5348 -119.9759 0 0 1
6.27369 3.5348 -119.9759 -1 0 0
6.27369 3.5348 -120.02594 0 0 -1
6.27369 3.5348 -120.02594 -1 0 0
6.32369 3.5348 -120.02594 1 0 0
6.32369 3.5348 -120.02594 0 0 -1
4.82369 3.5348 -120.02594 1 0 0
4.82369 3.5348 -120.02594 0 0 -1
4.77369 3.5348 -120.02594 0 0 -1
4.77369 3.5348 -120.02594 -1 0 0
4.77369 3.5348 -119.9759 0 0 1
4.77369 3.5348 -119.9759 -1 0 0
4.82369 3.5348 -119.9759 1 0 0
4.82369 3.5348 -119.9759 0 0 1
4.82369 4.8095 -119.9759 1 0 0
4.82369 4.8095 -119.9759 0 0 1
4.77369 4.8095 -119.9759 0 0 1
4.77369 4.8095 -119.9759 -1 0 0
4.77369 4.8095 -120.02594 0 0 -1
4.77369 4.8095 -120.02594 -1 0 0
4.82369 4.8095 -120.02594 1 0 0
4.82369 4.8095 -120.02594 0 0 -1
3.32369 4.8095 -120.02594 1 0 0
3.32369 4.8095 -120.02594 0 0 -1
3.27369 4.8095 -120.02594 0 0 -1
3.27369 4.8095 -120.02594 -1 0 0
3.27369 4.8095 -119.9759 0 0 1
3.27369 4.8095 -119.9759 -1 0 0
3.32369 4.8095 -119.9759 1 0 0
3.32369 4.8095 -119.9759 0 0 1
3.32369 3.5348 -119.9759 1 0 0
3.32369 3.5348 -119.9759 0 0 1
3.27369 3.5348 -119.9759 0 0 1
3.27369 3.5348 -119.9759 -1 0 0
3.27369 3.5348 -120.02594 0 0 -1
3.27369 3.5348 -120.02594 -1 0 0
3.32369 3.5348 -120.02594 1 0 0
3.32369 3.5348 -120.02594 0 0 -1
1.82369 3.5348 -120.02594 1 0 0
1.82369 3.5348 -120.02594 0 0 -1
1.77369 3.5348 -120.02594 0 0 -1
1.77369 3.5348 -120.02594 -1 0 0
1.77369 3.5348 -119.9759 0 0 1
1.77369 3.5348 -119.9759 -1 0 0
1.82369 3.5348 -119.9759 1 0 0
1.82369 3.5348 -119.9759 0 0 1
1.82369 4.8095 -119.9759 1 0 0
1.82369 4.8095 -119.9759 0 0 1
1.77369 4.8095 -119.9759 0 0 1
1.77369 4.8095 -119.9759 -1 0 0
1.77369 4.8095 -120.02594 0 0 -1
1.77369 4.8095 -120.02594 -1 0 0
1.82369 4.8095 -120.02594 1 0 0
1.82369 4.8095 -120.02594 0 0 -1
-13.8237 3.5348 -120.02594 0 0 -1
-13.8237 3.5348 -120.02594 -1 0 0
-13.7737 3.5348 -120.02594 1 0 0
-13.7737 3.5348 -120.02594 0 0 -1
-13.7737 3.5348 -119.9759 1 0 0
-13.7737 3.5348 -119.9759 0 0 1
-13.8237 3.5348 -119.9759 0 0 1
-13.8237 3.5348 -119.9759 -1 0 0
-13.8237 4.8095 -119.9759 0 0 1
-13.8237 4.8095 -119.9759 -1 0 0
-13.7737 4.8095 -119.9759 1 0 0
-13.7737 4.8095 -119.9759 0 0 1
-13.7737 4.8095 -120.02594 1 0 0
-13.7737 4.8095 -120.02594 0 0 -1
-13.8237 4.8095 -120.02594 0 0 -1
-13.8237 4.8095 -120.02594 -1 0 0
-12.3237 4.8095 -120.02594 0 0 -1
-12.3237 4.8095 -120.02594 -1 0 0
-12.2737 4.8095 -120.02594 1 0 0
-12.2737 4.8095 -120.02594 0 0 -1
-12.2737 4.8095 -119.9759 1 0 0
-12.2737 4.8095 -119.9759 0 0 1
-12.3237 4.8095 -119.9759 0 0 1
-12.3237 4.8095 -119.9759 -1 0 0
-12.3237 3.5348 -119.9759 0 0 1
-12.3237 3.5348 -119.9759 -1 0 0
-12.2737 3.5348 -119.9759 1 0 0
-12.2737 3.5348 -119.9759 0 0 1
-12.2737 3.5348 -120.02594 1 0 0
-12.2737 3.5348 -120.02594 0 0 -1
-12.3237 3.5348 -120.02594 0 0 -1
-12.3237 3.5348 -120.02594 -1 0 0
-10.8237 3.5348 -120.02594 0 0 -1
-10.8237 3.5348 -120.02594 -1 0 0
-10.7737 3.5348 -120.02594 1 0 0
-10.7737 3.5348 -120.02594 0 0 -1
-10.7737 3.5348 -119.9759 1 0 0
-10.7737 3.5348 -119.9759 0 0 1
-10.8237 3.5348 -119.9759 0 0 1
-10.8237 3.5348 -119.9759 -1 0 0
-10.8237 4.8095 -119.9759 0 0 1
-10.8237 4.8095 -119.9759 -1 0 0
-10.7737 4.8095 -119.9759 1 0 0
-10.7737 4.8095 -119.9759 0 0 1
-10.7737 4.8095 -120.02594 1 0 0
-10.7737 4.8095 -120.02594 0 0 -1
-10.8237 4.8095 -120.02594 0 0 -1
-10.8237 4.8095 -120.02594 -1 0 0
-9.3237 4.8095 -120.02594 0 0 -1
-9.3237 4.8095 -120.02594 -1 0 0
-9.2737 4.8095 -120.02594 1 0 0
-9.2737 4.8095 -120.02594 0 0 -1
-9.2737 4.8095 -119.9759 1 0 0
-9.2737 4.8095 -119.9759 0 0 1
-9.3237 4.8095 -119.9759 0 0 1
-9.3237 4.8095 -119.9759 -1 0 0
-9.3237 3.5348 -119.9759 0 0 1
-9.3237 3.5348 -119.9759 -1 0 0
-9.2737 3.5348 -119.9759 1 0 0
-9.2737 3.5348 -119.9759 0 0 1
-9.2737 3.5348 -120.02594 1 0 0
-9.2737 3.5348 -120.02594 0 0 -1
-9.3237 3.5348 -120.02594 0 0 -1
-9.3237 3.5348 -120.02594 -1 0 0
-7.8237 3.5348 -120.02594 0 0 -1
-7.8237 3.5348 -120.02594 -1 0 0
-7.7737 3.5348 -120.02594 1 0 0
-7.7737 3.5348 -120.02594 0 0 -1
-7.7737 3.5348 -119.9759 1 0 0
-7.7737 3.5348 -119.9759 0 0 1
-7.8237 3.5348 -119.9759 0 0 1
-7.8237 3.5348 -119.9759 -1 0 0
-7.8237 4.8095 -119.9759 0 0 1
-7.8237 4.8095 -119.9759 -1 0 0
-7.7737 4.8095 -119.9759 1 0 0
-7.7737 4.8095 -119.9759 0 0 1
-7.7737 4.8095 -120.02594 1 0 0
-7.7737 4.8095 -120.02594 0 0 -1
-7.8237 4.8095 -120.02594 0 0 -1
-7.8237 4.8095 -120.02594 -1 0 0
-6.3237 4.8095 -120.02594 0 0 -1
-6.3237 4.8095 -120.02594 -1 0 0
-6.2737 4.8095 -120.02594 1 0 0
-6.2737 4.8095 -120.02594 0 0 -1
-6.2737 4.8095 -119.9759 1 0 0
-6.2737 4.8095 -119.9759 0 0 1
-6.3237 4.8095 -119.9759 0 0 1
-6.3237 4.8095 -119.9759 -1 0 0
-6.3237 3.5348 -119.9759 0 0 1
-6.3237 3.5348 -119.9759 -1 0 0
-6.2737 3.5348 -119.9759 1 0 0
-6.2737 3.5348 -119.9759 0 0 1
-6.2737 3.5348 -120.02594 1 0 0
-6.2737 3.5348 -120.02594 0 0 -1
-6.3237 3.5348 -120.02594 0 0 -1
-6.3237 3.5348 -120.02594 -1 0 0
-4.8237 3.5348 -120.02594 0 0 -1
-4.8237 3.5348 -120.02594 -1 0 0
-4.7737 3.5348 -120.02594 1 0 0
-4.7737 3.5348 -120.02594 0 0 -1
-4.7737 3.5348 -119.9759 1 0 0
-4.7737 3.5348 -119.9759 0 0 1
-4.8237 3.5348 -119.9759 0 0 1
-4.8237 3.5348 -119.9759 -1 0 0
-4.8237 4.8095 -119.9759 0 0 1
-4.8237 4.8095 -119.9759 -1 0 0
-4.7737 4.8095 -119.9759 1 0 0
-4.7737 4.8095 -119.9759 0 0 1
-4.7737 4.8095 -120.02594 1 0 0
-4.7737 4.8095 -120.02594 0 0 -1
-4.8237 4.8095 -120.02594 0 0 -1
-4.8237 4.8095 -120.02594 -1 0 0
-3.3237 4.8095 -120.02594 0 0 -1
-3.3237 4.8095 -120.02594 -1 0 0
-3.2737 4.8095 -120.02594 1 0 0
-3.2737 4.8095 -120.02594 0 0 -1
-3.2737 4.8095 -119.9759 1 0 0
-3.2737 4.8095 -119.9759 0 0 1
-3.3237 4.8095 -119.9759 0 0 1
-3.3237 4.8095 -119.9759 -1 0 0
-3.3237 3.5348 -119.9759 0 0 1
-3.3237 3.5348 -119.9759 -1 0 0
-3.2737 3.5348 -119.9759 1 0 0
-3.2737 3.5348 -119.9759 0 0 1
-3.2737 3.5348 -120.02594 1 0 0
-3.2737 3.5348 -120.02594 0 0 -1
-3.3237 3.5348 -120.02594 0 0 -1
-3.3237 3.5348 -120.02594 -1 0 0
-1.8237 3.5348 -120.02594 0 0 -1
-1.8237 3.5348 -120.02594 -1 0 0
-1.7737 3.5348 -120.02594 1 0 0
-1.7737 3.5348 -120.02594 0 0 -1
-1.7737 3.5348 -119.9759 1 0 0
-1.7737 3.5348 -119.9759 0 0 1
-1.8237 3.5348 -119.9759 0 0 1
-1.8237 3.5348 -119.9759 -1 0 0
-1.8237 4.8095 -119.9759 0 0 1
-1.8237 4.8095 -119.9759 -1 0 0
-1.7737 4.8095 -119.9759 1 0 0
-1.7737 4.8095 -119.9759 0 0 1
-1.7737 4.8095 -120.02594 1 0 0
-1.7737 4.8095 -120.02594 0 0 -1
-1.8237 4.8095 -120.02594 0 0 -1
-1.8237 4.8095 -120.02594 -1 0 0
15.1573 40.6099 -101.99638 0 -1 0
15.1573 40.6099 -101.99638 1 0 0
15.1073 40.6099 -101.99638 -1 0 0
15.1073 40.6099 -101.99638 0 -1 0
15.1073 40.6599 -101.99638 -1 0 0
15.1073 40.6599 -101.99638 0 1 0
15.1573 40.6599 -101.99638 0 1 0
15.1573 40.6599 -101.99638 1 0 0
15.1573 40.6599 -107.82208 0 1 0
15.1573 40.6599 -107.82208 1 0 0
15.1073 40.6599 -107.82208 -1 0 0
15.1073 40.6599 -107.82208 0 1 0
15.1073 40.6099 -107.82208 -1 0 0
15.1073 40.6099 -107.82208 0 -1 0
15.1573 40.6099 -107.82208 0 -1 0
15.1573 40.6099 -107.82208 1 0 0
15.1573 39.9349 -107.82208 0 -1 0
15.1573 39.9349 -107.82208 1 0 0
15.1073 39.9349 -107.82208 -1 0 0
15.1073 39.9349 -107.82208 0 -1 0
15.1073 39.9849 -107.82208 -1 0 0
15.1073 39.9849 -107.82208 0 1 0
15.1573 39.9849 -107.82208 0 1 0
15.1573 39.9849 -107.82208 1 0 0
15.1573 39.9849 -101.99689 0 1 0
15.1573 39.9849 -101.99689 1 0 0
15.1073 39.9849 -101.99689 -1 0 0
15.1073 39.9849 -101.99689 0 1 0
15.1073 39.9349 -101.99689 -1 0 0
15.1073 39.9349 -101.99689 0 -1 0
15.1573 39.9349 -101.99689 0 -1 0
15.1573 39.9349 -101.99689 1 0 0
15.1573 36.8348 -101.99689 1 0 0
15.1573 36.8348 -101.99689 0 -1 0
15.1073 36.8348 -101.99689 0 -1 0
15.1073 36.8348 -101.99689 -1 0 0
15.1073 36.8848 -101.99689 0 1 0
15.1073 36.8848 -101.99689 -1 0 0
15.1573 36.8848 -101.99689 1 0 0
15.1573 36.8848 -101.99689 0 1 0
15.1573 36.8848 -107.82208 1 0 0
15.1573 36.8848 -107.82208 0 1 0
15.1073 36.8848 -107.82208 0 1 0
15.1073 36.8848 -107.82208 -1 0 0
15.1073 36.8348 -107.82208 0 -1 0
15.1073 36.8348 -107.82208 -1 0 0
15.1573 36.8348 -107.82208 1 0 0
15.1573 36.8348 -107.82208 0 -1 0
15.1573 37.5098 -107.82208 1 0 0
15.1573 37.5098 -107.82208 0 -1 0
15.1073 37.5098 -107.82208 0 -1 0
15.1073 37.5098 -107.82208 -1 0 0
15.1073 37.5598 -107.82208 0 1 0
15.1073 37.5598 -107.82208 -1 0 0
15.1573 37.5598 -107.82208 1 0 0
15.1573 37.5598 -107.82208 0 1 0
15.1573 37.5598 -101.99638 1 0 0
15.1573 37.5598 -101.99638 0 1 0
15.1073 37.5598 -101.99638 0 1 0
15.1073 37.5598 -101.99638 -1 0 0
15.1073 37.5098 -101.99638 0 -1 0
15.1073 37.5098 -101.99638 -1 0 0
15.1573 37.5098 -101.99638 1 0 0
15.1573 37.5098 -101.99638 0 -1 0
712 710 715
709 715 710
704 718 707
717 707 718
713 719 711
705 711 719
716 714 706
708 706 714
690 692 700
698 700 692
695 689 697
703 697 689
702 688 701
691 701 688
694 696 693
699 693 696
680 678 683
677 683 678
672 686 675
685 675 686
681 687 679
673 679 687
684 682 674
676 674 682
658 660 668
666 668 660
663 657 665
671 665 657
670 656 669
659 669 656
662 664 661
667 661 664
648 646 651
645 651 646
640 654 643
653 643 654
649 655 647
641 647 655
652 650 642
644 642 650
626 628 636
634 636 628
631 625 633
639 633 625
638 624 637
627 637 624
630 632 629
635 629 632
616 614 619
613 619 614
608 622 611
621 611 622
617 623 615
609 615 623
620 618 610
612 610 618
594 596 604
602 604 596
599 593 601
607 601 593
606 592 605
595 605 592
598 600 597
603 597 600
584 582 587
581 587 582
576 590 579
589 579 590
585 591 583
577 583 591
588 586 578
580 578 586
570 564 569
567 569 564
562 572 561
575 561 572
574 568 560
566 560 568
571 573 565
563 565 573
549 547 555
557 555 547
544 550 558
552 558 550
556 546 559
545 559 546
548 554 551
553 551 554
538 532 537
535 537 532
530 540 529
543 529 540
542 536 528
534 528 536
539 541 533
531 533 541
517 515 523
525 523 515
512 518 526
520 526 518
524 514 527
513 527 514
516 522 519
521 519 522
506 500 505
503 505 500
498 508 497
511 497 508
510 504 496
502 496 504
507 509 501
499 501 509
485 483 491
493 491 483
480 486 494
488 494 486
492 482 495
481 495 482
484 490 487
489 487 490
474 468 473
471 473 468
466 476 465
479 465 476
478 472 464
470 464 472
475 477 469
467 469 477
453 451 459
461 459 451
448 454 462
456 462 454
460 450 463
449 463 450
452 458 455
457 455 458
442 436 441
439 441 436
434 444 433
447 433 444
446 440 432
438 432 440
443 445 437
435 437 445
424 422 427
421 427 422
416 430 419
429 419 430
425 431 423
417 423 431
428 426 418
420 418 426
410 404 409
407 409 404
402 412 401
415 401 412
414 408 400
406 400 408
411 413 405
403 405 413
386 388 396
394 396 388
391 385 393
399 393 385
398 384 397
387 397 384
390 392 389
395 389 392
373 371 379
381 379 371
368 374 382
376 382 374
380 370 383
369 383 370
372 378 375
377 375 378
360 358 363
357 363 358
352 366 355
365 355 366
361 367 359
353 359 367
364 362 354
356 354 362
346 340 345
343 345 340
338 348 337
351 337 348
350 344 336
342 336 344
347 349 341
339 341 349
318 316 328
332 328 316
313 321 335
325 335 321
331 315 334
312 334 315
319 329 322
326 322 329
320 323 317
314 317 323
324 327 333
330 333 327
297 294 288
291 288 294
305 302 308
311 308 302
304 296 301
299 301 296
292 306 289
309 289 306
310 300 290
298 290 300
303 307 295
293 295 307
276 282 274
284 274 282
281 279 287
273 287 279
285 286 275
272 275 286
280 283 278
277 278 283
267 261 269
259 269 261
262 264 256
270 256 264
271 268 257
258 257 268
266 265 260
263 260 265
246 245 248
251 248 245
243 240 253
254 253 240
247 249 241
255 241 249
250 244 252
242 252 244
228 231 234
233 234 231
225 226 239
236 239 226
232 230 238
224 238 230
229 235 227
237 227 235
216 214 219
213 219 214
208 222 211
221 211 222
217 223 215
209 215 223
220 218 210
212 210 218
202 196 201
199 201 196
194 204 193
207 193 204
206 200 192
198 192 200
203 205 197
195 197 205
178 180 188
186 188 180
183 177 185
191 185 177
190 176 189
179 189 176
182 184 181
187 181 184
165 163 171
173 171 163
160 166 174
168 174 166
172 162 175
161 175 162
164 170 167
169 167 170
152 150 155
149 155 150
144 158 147
157 147 158
153 159 151
145 151 159
156 154 146
148 146 154
138 132 137
135 137 132
130 140 129
143 129 140
142 136 128
134 128 136
139 141 133
131 133 141
122 116 121
119 121 116
114 124 113
127 113 124
126 120 112
118 112 120
123 125 117
115 117 125
101 99 107
109 107 99
96 102 110
104 110 102
108 98 111
97 111 98
100 106 103
105 103 106
88 86 91
85 91 86
80 94 83
93 83 94
89 95 87
81 87 95
92 90 82
84 82 90
74 68 73
71 73 68
66 76 65
79 65 76
78 72 64
70 64 72
75 77 69
67 69 77
50 52 60
58 60 52
55 49 57
63 57 49
62 48 61
51 61 48
54 56 53
59 53 56
37 35 43
45 43 35
32 38 46
40 46 38
44 34 47
33 47 34
36 42 39
41 39 42
24 22 27
21 27 22
16 30 19
29 19 30
25 31 23
17 23 31
28 26 18
20 18 26
10 4 9
7 9 4
2 12 1
15 1 12
14 8 0
6 0 8
11 13 5
3 5 13
1432 1430 1435
1429 1435 1430
1424 1438 1427
1437 1427 1438
1433 1439 1431
1425 1431 1439
1436 1434 1426
1428 1426 1434
1410 1412 1420
1418 1420 1412
1415 1409 1417
1423 1417 1409
1422 1408 1421
1411 1421 1408
1414 1416 1413
1419 1413 1416
1400 1398 1403
1397 1403 1398
1392 1406 1395
1405 1395 1406
1401 1407 1399
1393 1399 1407
1404 1402 1394
1396 1394 1402
1378 1380 1388
1386 1388 1380
1383 1377 1385
1391 1385 1377
1390 1376 1389
1379 1389 1376
1382 1384 1381
1387 1381 1384
1368 1366 1371
1365 1371 1366
1360 1374 1363
1373 1363 1374
1369 1375 1367
1361 1367 1375
1372 1370 1362
1364 1362 1370
1346 1348 1356
1354 1356 1348
1351 1345 1353
1359 1353 1345
1358 1344 1357
1347 1357 1344
1350 1352 1349
1355 1349 1352
1336 1334 1339
1333 1339 1334
1328 1342 1331
1341 1331 1342
1337 1343 1335
1329 1335 1343
1340 1338 1330
1332 1330 1338
1314 1316 1324
1322 1324 1316
1319 1313 1321
1327 1321 1313
1326 1312 1325
1315 1325 1312
1318 1320 1317
1323 1317 1320
1304 1302 1307
1301 1307 1302
1296 1310 1299
1309 1299 1310
1305 1311 1303
1297 1303 1311
1308 1306 1298
1300 1298 1306
1290 1284 1289
1287 1289 1284
1282 1292 1281
1295 1281 1292
1294 1288 1280
1286 1280 1288
1291 1293 1285
1283 1285 1293
1269 1267 1275
1277 1275 1267
1264 1270 1278
1272 1278 1270
1276 1266 1279
1265 1279 1266
1268 1274 1271
1273 1271 1274
1258 1252 1257
1255 1257 1252
1250 1260 1249
1263 1249 1260
1262 1256 1248
1254 1248 1256
1259 1261 1253
1251 1253 1261
1237 1235 1243
1245 1243 1235
1232 1238 1246
1240 1246 1238
1244 1234 1247
1233 1247 1234
1236 1242 1239
1241 1239 1242
1226 1220 1225
1223 1225 1220
1218 1228 1217
1231 1217 1228
1230 1224 1216
1222 1216 1224
1227 1229 1221
1219 1221 1229
1205 1203 1211
1213 1211 1203
1200 1206 1214
1208 1214 1206
1212 1202 1215
1201 1215 1202
1204 1210 1207
1209 1207 1210
1194 1188 1193
1191 1193 1188
1186 1196 1185
1199 1185 1196
1198 1192 1184
1190 1184 1192
1195 1197 1189
1187 1189 1197
1173 1171 1179
1181 1179 1171
1168 1174 1182
1176 1182 1174
1180 1170 1183
1169 1183 1170
1172 1178 1175
1177 1175 1178
1162 1156 1161
1159 1161 1156
1154 1164 1153
1167 1153 1164
1166 1160 1152
1158 1152 1160
1163 1165 1157
1155 1157 1165
1144 1142 1147
1141 1147 1142
1136 1150 1139
1149 1139 1150
1145 1151 1143
1137 1143 1151
1148 1146 1138
1140 1138 1146
1130 1124 1129
1127 1129 1124
1122 1132 1121
1135 1121 1132
1134 1128 1120
1126 1120 1128
1131 1133 1125
1123 1125 1133
1106 1108 1116
1114 1116 1108
1111 1105 1113
1119 1113 1105
1118 1104 1117
1107 1117 1104
1110 1112 1109
1115 1109 1112
1093 1091 1099
1101 1099 1091
1088 1094 1102
1096 1102 1094
1100 1090 1103
1089 1103 1090
1092 1098 1095
1097 1095 1098
1080 1078 1083
1077 1083 1078
1072 1086 1075
1085 1075 1086
1081 1087 1079
1073 1079 1087
1084 1082 1074
1076 1074 1082
1066 1060 1065
1063 1065 1060
1058 1068 1057
1071 1057 1068
1070 1064 1056
1062 1056 1064
1067 1069 1061
1059 1061 1069
1038 1036 1048
1052 1048 1036
1033 1041 1055
1045 1055 1041
1051 1035 1054
1032 1054 1035
1039 1049 1042
1046 1042 1049
1040 1043 1037
1034 1037 1043
1044 1047 1053
1050 1053 1047
1017 1014 1008
1011 1008 1014
1025 1022 1028
1031 1028 1022
1024 1016 1021
1019 1021 1016
1012 1026 1009
1029 1009 1026
1030 1020 1010
1018 1010 1020
1023 1027 1015
1013 1015 1027
996 1002 994
1004 994 1002
1001 999 1007
993 1007 999
1005 1006 995
992 995 1006
1000 1003 998
997 998 1003
987 981 989
979 989 981
982 984 976
990 976 984
991 988 977
978 977 988
986 985 980
983 980 985
966 965 968
971 968 965
963 960 973
974 973 960
967 969 961
975 961 969
970 964 972
962 972 964
948 951 954
953 954 951
945 946 959
956 959 946
952 950 958
944 958 950
949 955 947
957 947 955
936 934 939
933 939 934
928 942 931
941 931 942
937 943 935
929 935 943
940 938 930
932 930 938
922 916 921
919 921 916
914 924 913
927 913 924
926 920 912
918 912 920
923 925 917
915 917 925
898 900 908
906 908 900
903 897 905
911 905 897
910 896 909
899 909 896
902 904 901
907 901 904
885 883 891
893 891 883
880 886 894
888 894 886
892 882 895
881 895 882
884 890 887
889 887 890
872 870 875
869 875 870
864 878 867
877 867 878
873 879 871
865 871 879
876 874 866
868 866 874
858 852 857
855 857 852
850 860 849
863 849 860
862 856 848
854 848 856
859 861 853
851 853 861
842 836 841
839 841 836
834 844 833
847 833 844
846 840 832
838 832 840
843 845 837
835 837 845
821 819 827
829 827 819
816 822 830
824 830 822
828 818 831
817 831 818
820 826 823
825 823 826
808 806 811
805 811 806
800 814 803
813 803 814
809 815 807
801 807 815
812 810 802
804 802 810
794 788 793
791 793 788
786 796 785
799 785 796
798 792 784
790 784 792
795 797 789
787 789 797
770 772 780
778 780 772
775 769 777
783 777 769
782 768 781
771 781 768
774 776 773
779 773 776
757 755 763
765 763 755
752 758 766
760 766 758
764 754 767
753 767 754
756 762 759
761 759 762
744 742 747
741 747 742
736 750 739
749 739 750
745 751 743
737 743 751
748 746 738
740 738 746
730 724 729
727 729 724
722 732 721
735 721 732
734 728 720
726 720 728
731 733 725
723 725 733
2152 2150 2155
2149 2155 2150
2144 2158 2147
2157 2147 2158
2153 2159 2151
2145 2151 2159
2156 2154 2146
2148 2146 2154
2130 2132 2140
2138 2140 2132
2135 2129 2137
2143 2137 2129
2142 2128 2141
2131 2141 2128
2134 2136 2133
2139 2133 2136
2120 2118 2123
2117 2123 2118
2112 2126 2115
2125 2115 2126
2121 2127 2119
2113 2119 2127
2124 2122 2114
2116 2114 2122
2098 2100 2108
2106 2108 2100
2103 2097 2105
2111 2105 2097
2110 2096 2109
2099 2109 2096
2102 2104 2101
2107 2101 2104
2088 2086 2091
2085 2091 2086
2080 2094 2083
2093 2083 2094
2089 2095 2087
2081 2087 2095
2092 2090 2082
2084 2082 2090
2066 2068 2076
2074 2076 2068
2071 2065 2073
2079 2073 2065
2078 2064 2077
2067 2077 2064
2070 2072 2069
2075 2069 2072
2056 2054 2059
2053 2059 2054
2048 2062 2051
2061 2051 2062
2057 2063 2055
2049 2055 2063
2060 2058 2050
2052 2050 2058
2034 2036 2044
2042 2044 2036
2039 2033 2041
2047 2041 2033
2046 2032 2045
2035 2045 2032
2038 2040 2037
2043 2037 2040
2024 2022 2027
2021 2027 2022
2016 2030 2019
2029 2019 2030
2025 2031 2023
2017 2023 2031
2028 2026 2018
2020 2018 2026
2010 2004 2009
2007 2009 2004
2002 2012 2001
2015 2001 2012
2014 2008 2000
2006 2000 2008
2011 2013 2005
2003 2005 2013
1989 1987 1995
1997 1995 1987
1984 1990 1998
1992 1998 1990
1996 1986 1999
1985 1999 1986
1988 1994 1991
1993 1991 1994
1978 1972 1977
1975 1977 1972
1970 1980 1969
1983 1969 1980
1982 1976 1968
1974 1968 1976
1979 1981 1973
1971 1973 1981
1957 1955 1963
1965 1963 1955
1952 1958 1966
1960 1966 1958
1964 1954 1967
1953 1967 1954
1956 1962 1959
1961 1959 1962
1946 1940 1945
1943 1945 1940
1938 1948 1937
1951 1937 1948
1950 1944 1936
1942 1936 1944
1947 1949 1941
1939 1941 1949
1925 1923 1931
1933 1931 1923
1920 1926 1934
1928 1934 1926
1932 1922 1935
1921 1935 1922
1924 1930 1927
1929 1927 1930
1914 1908 1913
1911 1913 1908
1906 1916 1905
1919 1905 1916
1918 1912 1904
1910 1904 1912
1915 1917 1909
1907 1909 1917
1893 1891 1899
1901 1899 1891
1888 1894 1902
1896 1902 1894
1900 1890 1903
1889 1903 1890
1892 1898 1895
1897 1895 1898
1882 1876 1881
1879 1881 1876
1874 1884 1873
1887 1873 1884
1886 1880 1872
1878 1872 1880
1883 1885 1877
1875 1877 1885
1864 1862 1867
1861 1867 1862
1856 1870 1859
1869 1859 1870
1865 1871 1863
1857 1863 1871
1868 1866 1858
1860 1858 1866
1850 1844 1849
1847 1849 1844
1842 1852 1841
1855 1841 1852
1854 1848 1840
1846 1840 1848
1851 1853 1845
1843 1845 1853
1826 1828 1836
1834 1836 1828
1831 1825 1833
1839 1833 1825
1838 1824 1837
1827 1837 1824
1830 1832 1829
1835 1829 1832
1813 1811 1819
1821 1819 1811
1808 1814 1822
1816 1822 1814
1820 1810 1823
1809 1823 1810
1812 1818 1815
1817 1815 1818
1800 1798 1803
1797 1803 1798
1792 1806 1795
1805 1795 1806
1801 1807 1799
1793 1799 1807
1804 1802 1794
1796 1794 1802
1786 1780 1785
1783 1785 1780
1778 1788 1777
1791 1777 1788
1790 1784 1776
1782 1776 1784
1787 1789 1781
1779 1781 1789
1758 1756 1768
1772 1768 1756
1753 1761 1775
1765 1775 1761
1771 1755 1774
1752 1774 1755
1759 1769 1762
1766 1762 1769
1760 1763 1757
1754 1757 1763
1764 1767 1773
1770 1773 1767
1737 1734 1728
1731 1728 1734
1745 1742 1748
1751 1748 1742
1744 1736 1741
1739 1741 1736
1732 1746 1729
1749 1729 1746
1750 1740 1730
1738 1730 1740
1743 1747 1735
1733 1735 1747
1716 1722 1714
1724 1714 1722
1721 1719 1727
1713 1727 1719
1725 1726 1715
1712 1715 1726
1720 1723 1718
1717 1718 1723
1707 1701 1709
1699 1709 1701
1702 1704 1696
1710 1696 1704
1711 1708 1697
1698 1697 1708
1706 1705 1700
1703 1700 1705
1686 1685 1688
1691 1688 1685
1683 1680 1693
1694 1693 1680
1687 1689 1681
1695 1681 1689
1690 1684 1692
1682 1692 1684
1668 1671 1674
1673 1674 1671
1665 1666 1679
1676 1679 1666
1672 1670 1678
1664 1678 1670
1669 1675 1667
1677 1667 1675
1656 1654 1659
1653 1659 1654
1648 1662 1651
1661 1651 1662
1657 1663 1655
1649 1655 1663
1660 1658 1650
1652 1650 1658
1642 1636 1641
1639 1641 1636
1634 1644 1633
1647 1633 1644
1646 1640 1632
1638 1632 1640
1643 1645 1637
1635 1637 1645
1618 1620 1628
1626 1628 1620
1623 1617 1625
1631 1625 1617
1630 1616 1629
1619 1629 1616
1622 1624 1621
1627 1621 1624
1605 1603 1611
1613 1611 1603
1600 1606 1614
1608 1614 1606
1612 1602 1615
1601 1615 1602
1604 1610 1607
1609 1607 1610
1592 1590 1595
1589 1595 1590
1584 1598 1587
1597 1587 1598
1593 1599 1591
1585 1591 1599
1596 1594 1586
1588 1586 1594
1578 1572 1577
1575 1577 1572
1570 1580 1569
1583 1569 1580
1582 1576 1568
1574 1568 1576
1579 1581 1573
1571 1573 1581
1562 1556 1561
1559 1561 1556
1554 1564 1553
1567 1553 1564
1566 1560 1552
1558 1552 1560
1563 1565 1557
1555 1557 1565
1541 1539 1547
1549 1547 1539
1536 1542 1550
1544 1550 1542
1548 1538 1551
1537 1551 1538
1540 1546 1543
1545 1543 1546
1528 1526 1531
1525 1531 1526
1520 1534 1523
1533 1523 1534
1529 1535 1527
1521 1527 1535
1532 1530 1522
1524 1522 1530
1514 1508 1513
1511 1513 1508
1506 1516 1505
1519 1505 1516
1518 1512 1504
1510 1504 1512
1515 1517 1509
1507 1509 1517
1490 1492 1500
1498 1500 1492
1495 1489 1497
1503 1497 1489
1502 1488 1501
1491 1501 1488
1494 1496 1493
1499 1493 1496
1477 1475 1483
1485 1483 1475
1472 1478 1486
1480 1486 1478
1484 1474 1487
1473 1487 1474
1476 1482 1479
1481 1479 1482
1464 1462 1467
1461 1467 1462
1456 1470 1459
1469 1459 1470
1465 1471 1463
1457 1463 1471
1468 1466 1458
1460 1458 1466
1450 1444 1449
1447 1449 1444
1442 1452 1441
1455 1441 1452
1454 1448 1440
1446 1440 1448
1451 1453 1445
1443 1445 1453
2872 2870 2875
2869 2875 2870
2864 2878 2867
2877 2867 2878
2873 2879 2871
2865 2871 2879
2876 2874 2866
2868 2866 2874
2850 2852 2860
2858 2860 2852
2855 2849 2857
2863 2857 2849
2862 2848 2861
2851 2861 2848
2854 2856 2853
2859 2853 2856
2840 2838 2843
2837 2843 2838
2832 2846 2835
2845 2835 2846
2841 2847 2839
2833 2839 2847
2844 2842 2834
2836 2834 2842
2818 2820 2828
2826 2828 2820
2823 2817 2825
2831 2825 2817
2830 2816 2829
2819 2829 2816
2822 2824 2821
2827 2821 2824
2808 2806 2811
2805 2811 2806
2800 2814 2803
2813 2803 2814
2809 2815 2807
2801 2807 2815
2812 2810 2802
2804 2802 2810
2786 2788 2796
2794 2796 2788
2791 2785 2793
2799 2793 2785
2798 2784 2797
2787 2797 2784
2790 2792 2789
2795 2789 2792
2776 2774 2779
2773 2779 2774
2768 2782 2771
2781 2771 2782
2777 2783 2775
2769 2775 2783
2780 2778 2770
2772 2770 2778
2754 2756 2764
2762 2764 2756
2759 2753 2761
2767 2761 2753
2766 2752 2765
2755 2765 2752
2758 2760 2757
2763 2757 2760
2744 2742 2747
2741 2747 2742
2736 2750 2739
2749 2739 2750
2745 2751 2743
2737 2743 2751
2748 2746 2738
2740 2738 2746
2730 2724 2729
2727 2729 2724
2722 2732 2721
2735 2721 2732
2734 2728 2720
2726 2720 2728
2731 2733 2725
2723 2725 2733
2709 2707 2715
2717 2715 2707
2704 2710 2718
2712 2718 2710
2716 2706 2719
2705 2719 2706
2708 2714 2711
2713 2711 2714
2698 2692 2697
2695 2697 2692
2690 2700 2689
2703 2689 2700
2702 2696 2688
2694 2688 2696
2699 2701 2693
2691 2693 2701
2677 2675 2683
2685 2683 2675
2672 2678 2686
2680 2686 2678
2684 2674 2687
2673 2687 2674
2676 2682 2679
2681 2679 2682
2666 2660 2665
2663 2665 2660
2658 2668 2657
2671 2657 2668
2670 2664 2656
2662 2656 2664
2667 2669 2661
2659 2661 2669
2645 2643 2651
2653 2651 2643
2640 2646 2654
2648 2654 2646
2652 2642 2655
2641 2655 2642
2644 2650 2647
2649 2647 2650
2634 2628 2633
2631 2633 2628
2626 2636 2625
2639 2625 2636
2638 2632 2624
2630 2624 2632
2635 2637 2629
2627 2629 2637
2613 2611 2619
2621 2619 2611
2608 2614 2622
2616 2622 2614
2620 2610 2623
2609 2623 2610
2612 2618 2615
2617 2615 2618
2602 2596 2601
2599 2601 2596
2594 2604 2593
2607 2593 2604
2606 2600 2592
2598 2592 2600
2603 2605 2597
2595 2597 2605
2584 2582 2587
2581 2587 2582
2576 2590 2579
2589 2579 2590
2585 2591 2583
2577 2583 2591
2588 2586 2578
2580 2578 2586
2570 2564 2569
2567 2569 2564
2562 2572 2561
2575 2561 2572
2574 2568 2560
2566 2560 2568
2571 2573 2565
2563 2565 2573
2546 2548 2556
2554 2556 2548
2551 2545 2553
2559 2553 2545
2558 2544 2557
2547 2557 2544
2550 2552 2549
2555 2549 2552
2533 2531 2539
2541 2539 2531
2528 2534 2542
2536 2542 2534
2540 2530 2543
2529 2543 2530
2532 2538 2535
2537 2535 2538
2520 2518 2523
2517 2523 2518
2512 2526 2515
2525 2515 2526
2521 2527 2519
2513 2519 2527
2524 2522 2514
2516 2514 2522
2506 2500 2505
2503 2505 2500
2498 2508 2497
2511 2497 2508
2510 2504 2496
2502 2496 2504
2507 2509 2501
2499 2501 2509
2478 2476 2488
2492 2488 2476
2473 2481 2495
2485 2495 2481
2491 2475 2494
2472 2494 2475
2479 2489 2482
2486 2482 2489
2480 2483 2477
2474 2477 2483
2484 2487 2493
2490 2493 2487
2457 2454 2448
2451 2448 2454
2465 2462 2468
2471 2468 2462
2464 2456 2461
2459 2461 2456
2452 2466 2449
2469 2449 2466
2470 2460 2450
2458 2450 2460
2463 2467 2455
2453 2455 2467
2436 2442 2434
2444 2434 2442
2441 2439 2447
2433 2447 2439
2445 2446 2435
2432 2435 2446
2440 2443 2438
2437 2438 2443
2427 2421 2429
2419 2429 2421
2422 2424 2416
2430 2416 2424
2431 2428 2417
2418 2417 2428
2426 2425 2420
2423 2420 2425
2406 2405 2408
2411 2408 2405
2403 2400 2413
2414 2413 2400
2407 2409 2401
2415 2401 2409
2410 2404 2412
2402 2412 2404
2388 2391 2394
2393 2394 2391
2385 2386 2399
2396 2399 2386
2392 2390 2398
2384 2398 2390
2389 2395 2387
2397 2387 2395
2376 2374 2379
2373 2379 2374
2368 2382 2371
2381 2371 2382
2377 2383 2375
2369 2375 2383
2380 2378 2370
2372 2370 2378
2362 2356 2361
2359 2361 2356
2354 2364 2353
2367 2353 2364
2366 2360 2352
2358 2352 2360
2363 2365 2357
2355 2357 2365
2338 2340 2348
2346 2348 2340
2343 2337 2345
2351 2345 2337
2350 2336 2349
2339 2349 2336
2342 2344 2341
2347 2341 2344
2325 2323 2331
2333 2331 2323
2320 2326 2334
2328 2334 2326
2332 2322 2335
2321 2335 2322
2324 2330 2327
2329 2327 2330
2312 2310 2315
2309 2315 2310
2304 2318 2307
2317 2307 2318
2313 2319 2311
2305 2311 2319
2316 2314 2306
2308 2306 2314
2298 2292 2297
2295 2297 2292
2290 2300 2289
2303 2289 2300
2302 2296 2288
2294 2288 2296
2299 2301 2293
2291 2293 2301
2282 2276 2281
2279 2281 2276
2274 2284 2273
2287 2273 2284
2286 2280 2272
2278 2272 2280
2283 2285 2277
2275 2277 2285
2261 2259 2267
2269 2267 2259
2256 2262 2270
2264 2270 2262
2268 2258 2271
2257 2271 2258
2260 2266 2263
2265 2263 2266
2248 2246 2251
2245 2251 2246
2240 2254 2243
2253 2243 2254
2249 2255 2247
2241 2247 2255
2252 2250 2242
2244 2242 2250
2234 2228 2233
2231 2233 2228
2226 2236 2225
2239 2225 2236
2238 2232 2224
2230 2224 2232
2235 2237 2229
2227 2229 2237
2210 2212 2220
2218 2220 2212
2215 2209 2217
2223 2217 2209
2222 2208 2221
2211 2221 2208
2214 2216 2213
2219 2213 2216
2197 2195 2203
2205 2203 2195
2192 2198 2206
2200 2206 2198
2204 2194 2207
2193 2207 2194
2196 2202 2199
2201 2199 2202
2184 2182 2187
2181 2187 2182
2176 2190 2179
2189 2179 2190
2185 2191 2183
2177 2183 2191
2188 2186 2178
2180 2178 2186
2170 2164 2169
2167 2169 2164
2162 2172 2161
2175 2161 2172
2174 2168 2160
2166 2160 2168
2171 2173 2165
2163 2165 2173
3544 3542 3547
3541 3547 3542
3536 3550 3539
3549 3539 3550
3545 3551 3543
3537 3543 3551
3548 3546 3538
3540 3538 3546
3522 3524 3532
3530 3532 3524
3527 3521 3529
3535 3529 3521
3534 3520 3533
3523 3533 3520
3526 3528 3525
3531 3525 3528
3512 3510 3515
3509 3515 3510
3504 3518 3507
3517 3507 3518
3513 3519 3511
3505 3511 3519
3516 3514 3506
3508 3506 3514
3490 3492 3500
3498 3500 3492
3495 3489 3497
3503 3497 3489
3502 3488 3501
3491 3501 3488
3494 3496 3493
3499 3493 3496
3480 3478 3483
3477 3483 3478
3472 3486 3475
3485 3475 3486
3481 3487 3479
3473 3479 3487
3484 3482 3474
3476 3474 3482
3458 3460 3468
3466 3468 3460
3463 3457 3465
3471 3465 3457
3470 3456 3469
3459 3469 3456
3462 3464 3461
3467 3461 3464
3448 3446 3451
3445 3451 3446
3440 3454 3443
3453 3443 3454
3449 3455 3447
3441 3447 3455
3452 3450 3442
3444 3442 3450
3426 3428 3436
3434 3436 3428
3431 3425 3433
3439 3433 3425
3438 3424 3437
3427 3437 3424
3430 3432 3429
3435 3429 3432
3416 3414 3419
3413 3419 3414
3408 3422 3411
3421 3411 3422
3417 3423 3415
3409 3415 3423
3420 3418 3410
3412 3410 3418
3402 3396 3401
3399 3401 3396
3394 3404 3393
3407 3393 3404
3406 3400 3392
3398 3392 3400
3403 3405 3397
3395 3397 3405
3381 3379 3387
3389 3387 3379
3376 3382 3390
3384 3390 3382
3388 3378 3391
3377 3391 3378
3380 3386 3383
3385 3383 3386
3370 3364 3369
3367 3369 3364
3362 3372 3361
3375 3361 3372
3374 3368 3360
3366 3360 3368
3371 3373 3365
3363 3365 3373
3349 3347 3355
3357 3355 3347
3344 3350 3358
3352 3358 3350
3356 3346 3359
3345 3359 3346
3348 3354 3351
3353 3351 3354
3338 3332 3337
3335 3337 3332
3330 3340 3329
3343 3329 3340
3342 3336 3328
3334 3328 3336
3339 3341 3333
3331 3333 3341
3317 3315 3323
3325 3323 3315
3312 3318 3326
3320 3326 3318
3324 3314 3327
3313 3327 3314
3316 3322 3319
3321 3319 3322
3306 3300 3305
3303 3305 3300
3298 3308 3297
3311 3297 3308
3310 3304 3296
3302 3296 3304
3307 3309 3301
3299 3301 3309
3285 3283 3291
3293 3291 3283
3280 3286 3294
3288 3294 3286
3292 3282 3295
3281 3295 3282
3284 3290 3287
3289 3287 3290
3274 3268 3273
3271 3273 3268
3266 3276 3265
3279 3265 3276
3278 3272 3264
3270 3264 3272
3275 3277 3269
3267 3269 3277
3256 3254 3259
3253 3259 3254
3248 3262 3251
3261 3251 3262
3257 3263 3255
3249 3255 3263
3260 3258 3250
3252 3250 3258
3242 3236 3241
3239 3241 3236
3234 3244 3233
3247 3233 3244
3246 3240 3232
3238 3232 3240
3243 3245 3237
3235 3237 3245
3218 3220 3228
3226 3228 3220
3223 3217 3225
3231 3225 3217
3230 3216 3229
3219 3229 3216
3222 3224 3221
3227 3221 3224
3205 3203 3211
3213 3211 3203
3200 3206 3214
3208 3214 3206
3212 3202 3215
3201 3215 3202
3204 3210 3207
3209 3207 3210
3192 3190 3195
3189 3195 3190
3184 3198 3187
3197 3187 3198
3193 3199 3191
3185 3191 3199
3196 3194 3186
3188 3186 3194
3178 3172 3177
3175 3177 3172
3170 3180 3169
3183 3169 3180
3182 3176 3168
3174 3168 3176
3179 3181 3173
3171 3173 3181
3150 3148 3160
3164 3160 3148
3145 3153 3167
3157 3167 3153
3163 3147 3166
3144 3166 3147
3151 3161 3154
3158 3154 3161
3152 3155 3149
3146 3149 3155
3156 3159 3165
3162 3165 3159
3129 3126 3120
3123 3120 3126
3137 3134 3140
3143 3140 3134
3136 3128 3133
3131 3133 3128
3124 3138 3121
3141 3121 3138
3142 3132 3122
3130 3122 3132
3135 3139 3127
3125 3127 3139
3108 3114 3106
3116 3106 3114
3113 3111 3119
3105 3119 3111
3117 3118 3107
3104 3107 3118
3112 3115 3110
3109 3110 3115
3099 3093 3101
3091 3101 3093
3094 3096 3088
3102 3088 3096
3103 3100 3089
3090 3089 3100
3098 3097 3092
3095 3092 3097
3078 3077 3080
3083 3080 3077
3075 3072 3085
3086 3085 3072
3079 3081 3073
3087 3073 3081
3082 3076 3084
3074 3084 3076
3060 3063 3066
3065 3066 3063
3057 3058 3071
3068 3071 3058
3064 3062 3070
3056 3070 3062
3061 3067 3059
3069 3059 3067
3048 3046 3051
3045 3051 3046
3040 3054 3043
3053 3043 3054
3049 3055 3047
3041 3047 3055
3052 3050 3042
3044 3042 3050
3034 3028 3033
3031 3033 3028
3026 3036 3025
3039 3025 3036
3038 3032 3024
3030 3024 3032
3035 3037 3029
3027 3029 3037
3010 3012 3020
3018 3020 3012
3015 3009 3017
3023 3017 3009
3022 3008 3021
3011 3021 3008
3014 3016 3013
3019 3013 3016
2997 2995 3003
3005 3003 2995
2992 2998 3006
3000 3006 2998
3004 2994 3007
2993 3007 2994
2996 3002 2999
3001 2999 3002
2984 2982 2987
2981 2987 2982
2976 2990 2979
2989 2979 2990
2985 2991 2983
2977 2983 2991
2988 2986 2978
2980 2978 2986
2970 2964 2969
2967 2969 2964
2962 2972 2961
2975 2961 2972
2974 2968 2960
2966 2960 2968
2971 2973 2965
2963 2965 2973
2954 2948 2953
2951 2953 2948
2946 2956 2945
2959 2945 2956
2958 2952 2944
2950 2944 2952
2955 2957 2949
2947 2949 2957
2933 2931 2939
2941 2939 2931
2928 2934 2942
2936 2942 2934
2940 2930 2943
2929 2943 2930
2932 2938 2935
2937 2935 2938
2920 2918 2923
2917 2923 2918
2912 2926 2915
2925 2915 2926
2921 2927 2919
2913 2919 2927
2924 2922 2914
2916 2914 2922
2898 2900 2908
2906 2908 2900
2903 2897 2905
2911 2905 2897
2910 2896 2909
2899 2909 2896
2902 2904 2901
2907 2901 2904
2888 2886 2891
2885 2891 2886
2880 2894 2883
2893 2883 2894
2889 2895 2887
2881 2887 2895
2892 2890 2882
2884 2882 2890
4216 4214 4219
4213 4219 4214
4208 4222 4211
4221 4211 4222
4217 4223 4215
4209 4215 4223
4220 4218 4210
4212 4210 4218
4194 4196 4204
4202 4204 4196
4199 4193 4201
4207 4201 4193
4206 4192 4205
4195 4205 4192
4198 4200 4197
4203 4197 4200
4184 4182 4187
4181 4187 4182
4176 4190 4179
4189 4179 4190
4185 4191 4183
4177 4183 4191
4188 4186 4178
4180 4178 4186
4162 4164 4172
4170 4172 4164
4167 4161 4169
4175 4169 4161
4174 4160 4173
4163 4173 4160
4166 4168 4165
4171 4165 4168
4152 4150 4155
4149 4155 4150
4144 4158 4147
4157 4147 4158
4153 4159 4151
4145 4151 4159
4156 4154 4146
4148 4146 4154
4130 4132 4140
4138 4140 4132
4135 4129 4137
4143 4137 4129
4142 4128 4141
4131 4141 4128
4134 4136 4133
4139 4133 4136
4120 4118 4123
4117 4123 4118
4112 4126 4115
4125 4115 4126
4121 4127 4119
4113 4119 4127
4124 4122 4114
4116 4114 4122
4098 4100 4108
4106 4108 4100
4103 4097 4105
4111 4105 4097
4110 4096 4109
4099 4109 4096
4102 4104 4101
4107 4101 4104
4088 4086 4091
4085 4091 4086
4080 4094 4083
4093 4083 4094
4089 4095 4087
4081 4087 4095
4092 4090 4082
4084 4082 4090
4074 4068 4073
4071 4073 4068
4066 4076 4065
4079 4065 4076
4078 4072 4064
4070 4064 4072
4075 4077 4069
4067 4069 4077
4053 4051 4059
4061 4059 4051
4048 4054 4062
4056 4062 4054
4060 4050 4063
4049 4063 4050
4052 4058 4055
4057 4055 4058
4042 4036 4041
4039 4041 4036
4034 4044 4033
4047 4033 4044
4046 4040 4032
4038 4032 4040
4043 4045 4037
4035 4037 4045
4021 4019 4027
4029 4027 4019
4016 4022 4030
4024 4030 4022
4028 4018 4031
4017 4031 4018
4020 4026 4023
4025 4023 4026
4010 4004 4009
4007 4009 4004
4002 4012 4001
4015 4001 4012
4014 4008 4000
4006 4000 4008
4011 4013 4005
4003 4005 4013
3989 3987 3995
3997 3995 3987
3984 3990 3998
3992 3998 3990
3996 3986 3999
3985 3999 3986
3988 3994 3991
3993 3991 3994
3978 3972 3977
3975 3977 3972
3970 3980 3969
3983 3969 3980
3982 3976 3968
3974 3968 3976
3979 3981 3973
3971 3973 3981
3957 3955 3963
3965 3963 3955
3952 3958 3966
3960 3966 3958
3964 3954 3967
3953 3967 3954
3956 3962 3959
3961 3959 3962
3946 3940 3945
3943 3945 3940
3938 3948 3937
3951 3937 3948
3950 3944 3936
3942 3936 3944
3947 3949 3941
3939 3941 3949
3928 3926 3931
3925 3931 3926
3920 3934 3923
3933 3923 3934
3929 3935 3927
3921 3927 3935
3932 3930 3922
3924 3922 3930
3914 3908 3913
3911 3913 3908
3906 3916 3905
3919 3905 3916
3918 3912 3904
3910 3904 3912
3915 3917 3909
3907 3909 3917
3890 3892 3900
3898 3900 3892
3895 3889 3897
3903 3897 3889
3902 3888 3901
3891 3901 3888
3894 3896 3893
3899 3893 3896
3877 3875 3883
3885 3883 3875
3872 3878 3886
3880 3886 3878
3884 3874 3887
3873 3887 3874
3876 3882 3879
3881 3879 3882
3864 3862 3867
3861 3867 3862
3856 3870 3859
3869 3859 3870
3865 3871 3863
3857 3863 3871
3868 3866 3858
3860 3858 3866
3850 3844 3849
3847 3849 3844
3842 3852 3841
3855 3841 3852
3854 3848 3840
3846 3840 3848
3851 3853 3845
3843 3845 3853
3822 3820 3832
3836 3832 3820
3817 3825 3839
3829 3839 3825
3835 3819 3838
3816 3838 3819
3823 3833 3826
3830 3826 3833
3824 3827 3821
3818 3821 3827
3828 3831 3837
3834 3837 3831
3801 3798 3792
3795 3792 3798
3809 3806 3812
3815 3812 3806
3808 3800 3805
3803 3805 3800
3796 3810 3793
3813 3793 3810
3814 3804 3794
3802 3794 3804
3807 3811 3799
3797 3799 3811
3780 3786 3778
3788 3778 3786
3785 3783 3791
3777 3791 3783
3789 3790 3779
3776 3779 3790
3784 3787 3782
3781 3782 3787
3771 3765 3773
3763 3773 3765
3766 3768 3760
3774 3760 3768
3775 3772 3761
3762 3761 3772
3770 3769 3764
3767 3764 3769
3750 3749 3752
3755 3752 3749
3747 3744 3757
3758 3757 3744
3751 3753 3745
3759 3745 3753
3754 3748 3756
3746 3756 3748
3732 3735 3738
3737 3738 3735
3729 3730 3743
3740 3743 3730
3736 3734 3742
3728 3742 3734
3733 3739 3731
3741 3731 3739
3720 3718 3723
3717 3723 3718
3712 3726 3715
3725 3715 3726
3721 3727 3719
3713 3719 3727
3724 3722 3714
3716 3714 3722
3706 3700 3705
3703 3705 3700
3698 3708 3697
3711 3697 3708
3710 3704 3696
3702 3696 3704
3707 3709 3701
3699 3701 3709
3682 3684 3692
3690 3692 3684
3687 3681 3689
3695 3689 3681
3694 3680 3693
3683 3693 3680
3686 3688 3685
3691 3685 3688
3669 3667 3675
3677 3675 3667
3664 3670 3678
3672 3678 3670
3676 3666 3679
3665 3679 3666
3668 3674 3671
3673 3671 3674
3656 3654 3659
3653 3659 3654
3648 3662 3651
3661 3651 3662
3657 3663 3655
3649 3655 3663
3660 3658 3650
3652 3650 3658
3642 3636 3641
3639 3641 3636
3634 3644 3633
3647 3633 3644
3646 3640 3632
3638 3632 3640
3643 3645 3637
3635 3637 3645
3626 3620 3625
3623 3625 3620
3618 3628 3617
3631 3617 3628
3630 3624 3616
3622 3616 3624
3627 3629 3621
3619 3621 3629
3605 3603 3611
3613 3611 3603
3600 3606 3614
3608 3614 3606
3612 3602 3615
3601 3615 3602
3604 3610 3607
3609 3607 3610
3592 3590 3595
3589 3595 3590
3584 3598 3587
3597 3587 3598
3593 3599 3591
3585 3591 3599
3596 3594 3586
3588 3586 3594
3570 3572 3580
3578 3580 3572
3575 3569 3577
3583 3577 3569
3582 3568 3581
3571 3581 3568
3574 3576 3573
3579 3573 3576
3560 3558 3563
3557 3563 3558
3552 3566 3555
3565 3555 3566
3561 3567 3559
3553 3559 3567
3564 3562 3554
3556 3554 3562
4936 4934 4939
4933 4939 4934
4928 4942 4931
4941 4931 4942
4937 4943 4935
4929 4935 4943
4940 4938 4930
4932 4930 4938
4914 4916 4924
4922 4924 4916
4919 4913 4921
4927 4921 4913
4926 4912 4925
4915 4925 4912
4918 4920 4917
4923 4917 4920
4904 4902 4907
4901 4907 4902
4896 4910 4899
4909 4899 4910
4905 4911 4903
4897 4903 4911
4908 4906 4898
4900 4898 4906
4882 4884 4892
4890 4892 4884
4887 4881 4889
4895 4889 4881
4894 4880 4893
4883 4893 4880
4886 4888 4885
4891 4885 4888
4872 4870 4875
4869 4875 4870
4864 4878 4867
4877 4867 4878
4873 4879 4871
4865 4871 4879
4876 4874 4866
4868 4866 4874
4850 4852 4860
4858 4860 4852
4855 4849 4857
4863 4857 4849
4862 4848 4861
4851 4861 4848
4854 4856 4853
4859 4853 4856
4840 4838 4843
4837 4843 4838
4832 4846 4835
4845 4835 4846
4841 4847 4839
4833 4839 4847
4844 4842 4834
4836 4834 4842
4818 4820 4828
4826 4828 4820
4823 4817 4825
4831 4825 4817
4830 4816 4829
4819 4829 4816
4822 4824 4821
4827 4821 4824
4808 4806 4811
4805 4811 4806
4800 4814 4803
4813 4803 4814
4809 4815 4807
4801 4807 4815
4812 4810 4802
4804 4802 4810
4794 4788 4793
4791 4793 4788
4786 4796 4785
4799 4785 4796
4798 4792 4784
4790 4784 4792
4795 4797 4789
4787 4789 4797
4773 4771 4779
4781 4779 4771
4768 4774 4782
4776 4782 4774
4780 4770 4783
4769 4783 4770
4772 4778 4775
4777 4775 4778
4762 4756 4761
4759 4761 4756
4754 4764 4753
4767 4753 4764
4766 4760 4752
4758 4752 4760
4763 4765 4757
4755 4757 4765
4741 4739 4747
4749 4747 4739
4736 4742 4750
4744 4750 4742
4748 4738 4751
4737 4751 4738
4740 4746 4743
4745 4743 4746
4730 4724 4729
4727 4729 4724
4722 4732 4721
4735 4721 4732
4734 4728 4720
4726 4720 4728
4731 4733 4725
4723 4725 4733
4709 4707 4715
4717 4715 4707
4704 4710 4718
4712 4718 4710
4716 4706 4719
4705 4719 4706
4708 4714 4711
4713 4711 4714
4698 4692 4697
4695 4697 4692
4690 4700 4689
4703 4689 4700
4702 4696 4688
4694 4688 4696
4699 4701 4693
4691 4693 4701
4677 4675 4683
4685 4683 4675
4672 4678 4686
4680 4686 4678
4684 4674 4687
4673 4687 4674
4676 4682 4679
4681 4679 4682
4666 4660 4665
4663 4665 4660
4658 4668 4657
4671 4657 4668
4670 4664 4656
4662 4656 4664
4667 4669 4661
4659 4661 4669
4648 4646 4651
4645 4651 4646
4640 4654 4643
4653 4643 4654
4649 4655 4647
4641 4647 4655
4652 4650 4642
4644 4642 4650
4634 4628 4633
4631 4633 4628
4626 4636 4625
4639 4625 4636
4638 4632 4624
4630 4624 4632
4635 4637 4629
4627 4629 4637
4610 4612 4620
4618 4620 4612
4615 4609 4617
4623 4617 4609
4622 4608 4621
4611 4621 4608
4614 4616 4613
4619 4613 4616
4597 4595 4603
4605 4603 4595
4592 4598 4606
4600 4606 4598
4604 4594 4607
4593 4607 4594
4596 4602 4599
4601 4599 4602
4584 4582 4587
4581 4587 4582
4576 4590 4579
4589 4579 4590
4585 4591 4583
4577 4583 4591
4588 4586 4578
4580 4578 4586
4570 4564 4569
4567 4569 4564
4562 4572 4561
4575 4561 4572
4574 4568 4560
4566 4560 4568
4571 4573 4565
4563 4565 4573
4542 4540 4552
4556 4552 4540
4537 4545 4559
4549 4559 4545
4555 4539 4558
4536 4558 4539
4543 4553 4546
4550 4546 4553
4544 4547 4541
4538 4541 4547
4548 4551 4557
4554 4557 4551
4521 4518 4512
4515 4512 4518
4529 4526 4532
4535 4532 4526
4528 4520 4525
4523 4525 4520
4516 4530 4513
4533 4513 4530
4534 4524 4514
4522 4514 4524
4527 4531 4519
4517 4519 4531
4500 4506 4498
4508 4498 4506
4505 4503 4511
4497 4511 4503
4509 4510 4499
4496 4499 4510
4504 4507 4502
4501 4502 4507
4491 4485 4493
4483 4493 4485
4486 4488 4480
4494 4480 4488
4495 4492 4481
4482 4481 4492
4490 4489 4484
4487 4484 4489
4470 4469 4472
4475 4472 4469
4467 4464 4477
4478 4477 4464
4471 4473 4465
4479 4465 4473
4474 4468 4476
4466 4476 4468
4452 4455 4458
4457 4458 4455
4449 4450 4463
4460 4463 4450
4456 4454 4462
4448 4462 4454
4453 4459 4451
4461 4451 4459
4440 4438 4443
4437 4443 4438
4432 4446 4435
4445 4435 4446
4441 4447 4439
4433 4439 4447
4444 4442 4434
4436 4434 4442
4426 4420 4425
4423 4425 4420
4418 4428 4417
4431 4417 4428
4430 4424 4416
4422 4416 4424
4427 4429 4421
4419 4421 4429
4402 4404 4412
4410 4412 4404
4407 4401 4409
4415 4409 4401
4414 4400 4413
4403 4413 4400
4406 4408 4405
4411 4405 4408
4389 4387 4395
4397 4395 4387
4384 4390 4398
4392 4398 4390
4396 4386 4399
4385 4399 4386
4388 4394 4391
4393 4391 4394
4376 4374 4379
4373 4379 4374
4368 4382 4371
4381 4371 4382
4377 4383 4375
4369 4375 4383
4380 4378 4370
4372 4370 4378
4362 4356 4361
4359 4361 4356
4354 4364 4353
4367 4353 4364
4366 4360 4352
4358 4352 4360
4363 4365 4357
4355 4357 4365
4346 4340 4345
4343 4345 4340
4338 4348 4337
4351 4337 4348
4350 4344 4336
4342 4336 4344
4347 4349 4341
4339 4341 4349
4325 4323 4331
4333 4331 4323
4320 4326 4334
4328 4334 4326
4332 4322 4335
4321 4335 4322
4324 4330 4327
4329 4327 4330
4312 4310 4315
4309 4315 4310
4304 4318 4307
4317 4307 4318
4313 4319 4311
4305 4311 4319
4316 4314 4306
4308 4306 4314
4298 4292 4297
4295 4297 4292
4290 4300 4289
4303 4289 4300
4302 4296 4288
4294 4288 4296
4299 4301 4293
4291 4293 4301
4274 4276 4284
4282 4284 4276
4279 4273 4281
4287 4281 4273
4286 4272 4285
4275 4285 4272
4278 4280 4277
4283 4277 4280
4261 4259 4267
4269 4267 4259
4256 4262 4270
4264 4270 4262
4268 4258 4271
4257 4271 4258
4260 4266 4263
4265 4263 4266
4248 4246 4251
4245 4251 4246
4240 4254 4243
4253 4243 4254
4249 4255 4247
4241 4247 4255
4252 4250 4242
4244 4242 4250
4234 4228 4233
4231 4233 4228
4226 4236 4225
4239 4225 4236
4238 4232 4224
4230 4224 4232
4235 4237 4229
4227 4229 4237
5656 5654 5659
5653 5659 5654
5648 5662 5651
5661 5651 5662
5657 5663 5655
5649 5655 5663
5660 5658 5650
5652 5650 5658
5634 5636 5644
5642 5644 5636
5639 5633 5641
5647 5641 5633
5646 5632 5645
5635 5645 5632
5638 5640 5637
5643 5637 5640
5624 5622 5627
5621 5627 5622
5616 5630 5619
5629 5619 5630
5625 5631 5623
5617 5623 5631
5628 5626 5618
5620 5618 5626
5602 5604 5612
5610 5612 5604
5607 5601 5609
5615 5609 5601
5614 5600 5613
5603 5613 5600
5606 5608 5605
5611 5605 5608
5592 5590 5595
5589 5595 5590
5584 5598 5587
5597 5587 5598
5593 5599 5591
5585 5591 5599
5596 5594 5586
5588 5586 5594
5570 5572 5580
5578 5580 5572
5575 5569 5577
5583 5577 5569
5582 5568 5581
5571 5581 5568
5574 5576 5573
5579 5573 5576
5560 5558 5563
5557 5563 5558
5552 5566 5555
5565 5555 5566
5561 5567 5559
5553 5559 5567
5564 5562 5554
5556 5554 5562
5538 5540 5548
5546 5548 5540
5543 5537 5545
5551 5545 5537
5550 5536 5549
5539 5549 5536
5542 5544 5541
5547 5541 5544
5528 5526 5531
5525 5531 5526
5520 5534 5523
5533 5523 5534
5529 5535 5527
5521 5527 5535
5532 5530 5522
5524 5522 5530
5514 5508 5513
5511 5513 5508
5506 5516 5505
5519 5505 5516
5518 5512 5504
5510 5504 5512
5515 5517 5509
5507 5509 5517
5493 5491 5499
5501 5499 5491
5488 5494 5502
5496 5502 5494
5500 5490 5503
5489 5503 5490
5492 5498 5495
5497 5495 5498
5482 5476 5481
5479 5481 5476
5474 5484 5473
5487 5473 5484
5486 5480 5472
5478 5472 5480
5483 5485 5477
5475 5477 5485
5461 5459 5467
5469 5467 5459
5456 5462 5470
5464 5470 5462
5468 5458 5471
5457 5471 5458
5460 5466 5463
5465 5463 5466
5450 5444 5449
5447 5449 5444
5442 5452 5441
5455 5441 5452
5454 5448 5440
5446 5440 5448
5451 5453 5445
5443 5445 5453
5429 5427 5435
5437 5435 5427
5424 5430 5438
5432 5438 5430
5436 5426 5439
5425 5439 5426
5428 5434 5431
5433 5431 5434
5418 5412 5417
5415 5417 5412
5410 5420 5409
5423 5409 5420
5422 5416 5408
5414 5408 5416
5419 5421 5413
5411 5413 5421
5397 5395 5403
5405 5403 5395
5392 5398 5406
5400 5406 5398
5404 5394 5407
5393 5407 5394
5396 5402 5399
5401 5399 5402
5386 5380 5385
5383 5385 5380
5378 5388 5377
5391 5377 5388
5390 5384 5376
5382 5376 5384
5387 5389 5381
5379 5381 5389
5368 5366 5371
5365 5371 5366
5360 5374 5363
5373 5363 5374
5369 5375 5367
5361 5367 5375
5372 5370 5362
5364 5362 5370
5354 5348 5353
5351 5353 5348
5346 5356 5345
5359 5345 5356
5358 5352 5344
5350 5344 5352
5355 5357 5349
5347 5349 5357
5330 5332 5340
5338 5340 5332
5335 5329 5337
5343 5337 5329
5342 5328 5341
5331 5341 5328
5334 5336 5333
5339 5333 5336
5317 5315 5323
5325 5323 5315
5312 5318 5326
5320 5326 5318
5324 5314 5327
5313 5327 5314
5316 5322 5319
5321 5319 5322
5304 5302 5307
5301 5307 5302
5296 5310 5299
5309 5299 5310
5305 5311 5303
5297 5303 5311
5308 5306 5298
5300 5298 5306
5290 5284 5289
5287 5289 5284
5282 5292 5281
5295 5281 5292
5294 5288 5280
5286 5280 5288
5291 5293 5285
5283 5285 5293
5262 5260 5272
5276 5272 5260
5257 5265 5279
5269 5279 5265
5275 5259 5278
5256 5278 5259
5263 5273 5266
5270 5266 5273
5264 5267 5261
5258 5261 5267
5268 5271 5277
5274 5277 5271
5241 5238 5232
5235 5232 5238
5249 5246 5252
5255 5252 5246
5248 5240 5245
5243 5245 5240
5236 5250 5233
5253 5233 5250
5254 5244 5234
5242 5234 5244
5247 5251 5239
5237 5239 5251
5220 5226 5218
5228 5218 5226
5225 5223 5231
5217 5231 5223
5229 5230 5219
5216 5219 5230
5224 5227 5222
5221 5222 5227
5211 5205 5213
5203 5213 5205
5206 5208 5200
5214 5200 5208
5215 5212 5201
5202 5201 5212
5210 5209 5204
5207 5204 5209
5190 5189 5192
5195 5192 5189
5187 5184 5197
5198 5197 5184
5191 5193 5185
5199 5185 5193
5194 5188 5196
5186 5196 5188
5172 5175 5178
5177 5178 5175
5169 5170 5183
5180 5183 5170
5176 5174 5182
5168 5182 5174
5173 5179 5171
5181 5171 5179
5160 5158 5163
5157 5163 5158
5152 5166 5155
5165 5155 5166
5161 5167 5159
5153 5159 5167
5164 5162 5154
5156 5154 5162
5146 5140 5145
5143 5145 5140
5138 5148 5137
5151 5137 5148
5150 5144 5136
5142 5136 5144
5147 5149 5141
5139 5141 5149
5122 5124 5132
5130 5132 5124
5127 5121 5129
5135 5129 5121
5134 5120 5133
5123 5133 5120
5126 5128 5125
5131 5125 5128
5109 5107 5115
5117 5115 5107
5104 5110 5118
5112 5118 5110
5116 5106 5119
5105 5119 5106
5108 5114 5111
5113 5111 5114
5096 5094 5099
5093 5099 5094
5088 5102 5091
5101 5091 5102
5097 5103 5095
5089 5095 5103
5100 5098 5090
5092 5090 5098
5082 5076 5081
5079 5081 5076
5074 5084 5073
5087 5073 5084
5086 5080 5072
5078 5072 5080
5083 5085 5077
5075 5077 5085
5066 5060 5065
5063 5065 5060
5058 5068 5057
5071 5057 5068
5070 5064 5056
5062 5056 5064
5067 5069 5061
5059 5061 5069
5045 5043 5051
5053 5051 5043
5040 5046 5054
5048 5054 5046
5052 5042 5055
5041 5055 5042
5044 5050 5047
5049 5047 5050
5032 5030 5035
5029 5035 5030
5024 5038 5027
5037 5027 5038
5033 5039 5031
5025 5031 5039
5036 5034 5026
5028 5026 5034
5018 5012 5017
5015 5017 5012
5010 5020 5009
5023 5009 5020
5022 5016 5008
5014 5008 5016
5019 5021 5013
5011 5013 5021
4994 4996 5004
5002 5004 4996
4999 4993 5001
5007 5001 4993
5006 4992 5005
4995 5005 4992
4998 5000 4997
5003 4997 5000
4981 4979 4987
4989 4987 4979
4976 4982 4990
4984 4990 4982
4988 4978 4991
4977 4991 4978
4980 4986 4983
4985 4983 4986
4968 4966 4971
4965 4971 4966
4960 4974 4963
4973 4963 4974
4969 4975 4967
4961 4967 4975
4972 4970 4962
4964 4962 4970
4954 4948 4953
4951 4953 4948
4946 4956 4945
4959 4945 4956
4958 4952 4944
4950 4944 4952
4955 4957 4949
4947 4949 4957
6376 6374 6379
6373 6379 6374
6368 6382 6371
6381 6371 6382
6377 6383 6375
6369 6375 6383
6380 6378 6370
6372 6370 6378
6354 6356 6364
6362 6364 6356
6359 6353 6361
6367 6361 6353
6366 6352 6365
6355 6365 6352
6358 6360 6357
6363 6357 6360
6344 6342 6347
6341 6347 6342
6336 6350 6339
6349 6339 6350
6345 6351 6343
6337 6343 6351
6348 6346 6338
6340 6338 6346
6322 6324 6332
6330 6332 6324
6327 6321 6329
6335 6329 6321
6334 6320 6333
6323 6333 6320
6326 6328 6325
6331 6325 6328
6312 6310 6315
6309 6315 6310
6304 6318 6307
6317 6307 6318
6313 6319 6311
6305 6311 6319
6316 6314 6306
6308 6306 6314
6290 6292 6300
6298 6300 6292
6295 6289 6297
6303 6297 6289
6302 6288 6301
6291 6301 6288
6294 6296 6293
6299 6293 6296
6280 6278 6283
6277 6283 6278
6272 6286 6275
6285 6275 6286
6281 6287 6279
6273 6279 6287
6284 6282 6274
6276 6274 6282
6258 6260 6268
6266 6268 6260
6263 6257 6265
6271 6265 6257
6270 6256 6269
6259 6269 6256
6262 6264 6261
6267 6261 6264
6248 6246 6251
6245 6251 6246
6240 6254 6243
6253 6243 6254
6249 6255 6247
6241 6247 6255
6252 6250 6242
6244 6242 6250
6234 6228 6233
6231 6233 6228
6226 6236 6225
6239 6225 6236
6238 6232 6224
6230 6224 6232
6235 6237 6229
6227 6229 6237
6213 6211 6219
6221 6219 6211
6208 6214 6222
6216 6222 6214
6220 6210 6223
6209 6223 6210
6212 6218 6215
6217 6215 6218
6202 6196 6201
6199 6201 6196
6194 6204 6193
6207 6193 6204
6206 6200 6192
6198 6192 6200
6203 6205 6197
6195 6197 6205
6181 6179 6187
6189 6187 6179
6176 6182 6190
6184 6190 6182
6188 6178 6191
6177 6191 6178
6180 6186 6183
6185 6183 6186
6170 6164 6169
6167 6169 6164
6162 6172 6161
6175 6161 6172
6174 6168 6160
6166 6160 6168
6171 6173 6165
6163 6165 6173
6149 6147 6155
6157 6155 6147
6144 6150 6158
6152 6158 6150
6156 6146 6159
6145 6159 6146
6148 6154 6151
6153 6151 6154
6138 6132 6137
6135 6137 6132
6130 6140 6129
6143 6129 6140
6142 6136 6128
6134 6128 6136
6139 6141 6133
6131 6133 6141
6117 6115 6123
6125 6123 6115
6112 6118 6126
6120 6126 6118
6124 6114 6127
6113 6127 6114
6116 6122 6119
6121 6119 6122
6106 6100 6105
6103 6105 6100
6098 6108 6097
6111 6097 6108
6110 6104 6096
6102 6096 6104
6107 6109 6101
6099 6101 6109
6088 6086 6091
6085 6091 6086
6080 6094 6083
6093 6083 6094
6089 6095 6087
6081 6087 6095
6092 6090 6082
6084 6082 6090
6074 6068 6073
6071 6073 6068
6066 6076 6065
6079 6065 6076
6078 6072 6064
6070 6064 6072
6075 6077 6069
6067 6069 6077
6050 6052 6060
6058 6060 6052
6055 6049 6057
6063 6057 6049
6062 6048 6061
6051 6061 6048
6054 6056 6053
6059 6053 6056
6037 6035 6043
6045 6043 6035
6032 6038 6046
6040 6046 6038
6044 6034 6047
6033 6047 6034
6036 6042 6039
6041 6039 6042
6024 6022 6027
6021 6027 6022
6016 6030 6019
6029 6019 6030
6025 6031 6023
6017 6023 6031
6028 6026 6018
6020 6018 6026
6010 6004 6009
6007 6009 6004
6002 6012 6001
6015 6001 6012
6014 6008 6000
6006 6000 6008
6011 6013 6005
6003 6005 6013
5982 5980 5992
5996 5992 5980
5977 5985 5999
5989 5999 5985
5995 5979 5998
5976 5998 5979
5983 5993 5986
5990 5986 5993
5984 5987 5981
5978 5981 5987
5988 5991 5997
5994 5997 5991
5961 5958 5952
5955 5952 5958
5969 5966 5972
5975 5972 5966
5968 5960 5965
5963 5965 5960
5956 5970 5953
5973 5953 5970
5974 5964 5954
5962 5954 5964
5967 5971 5959
5957 5959 5971
5940 5946 5938
5948 5938 5946
5945 5943 5951
5937 5951 5943
5949 5950 5939
5936 5939 5950
5944 5947 5942
5941 5942 5947
5931 5925 5933
5923 5933 5925
5926 5928 5920
5934 5920 5928
5935 5932 5921
5922 5921 5932
5930 5929 5924
5927 5924 5929
5910 5909 5912
5915 5912 5909
5907 5904 5917
5918 5917 5904
5911 5913 5905
5919 5905 5913
5914 5908 5916
5906 5916 5908
5892 5895 5898
5897 5898 5895
5889 5890 5903
5900 5903 5890
5896 5894 5902
5888 5902 5894
5893 5899 5891
5901 5891 5899
5880 5878 5883
5877 5883 5878
5872 5886 5875
5885 5875 5886
5881 5887 5879
5873 5879 5887
5884 5882 5874
5876 5874 5882
5866 5860 5865
5863 5865 5860
5858 5868 5857
5871 5857 5868
5870 5864 5856
5862 5856 5864
5867 5869 5861
5859 5861 5869
5842 5844 5852
5850 5852 5844
5847 5841 5849
5855 5849 5841
5854 5840 5853
5843 5853 5840
5846 5848 5845
5851 5845 5848
5829 5827 5835
5837 5835 5827
5824 5830 5838
5832 5838 5830
5836 5826 5839
5825 5839 5826
5828 5834 5831
5833 5831 5834
5816 5814 5819
5813 5819 5814
5808 5822 5811
5821 5811 5822
5817 5823 5815
5809 5815 5823
5820 5818 5810
5812 5810 5818
5802 5796 5801
5799 5801 5796
5794 5804 5793
5807 5793 5804
5806 5800 5792
5798 5792 5800
5803 5805 5797
5795 5797 5805
5786 5780 5785
5783 5785 5780
5778 5788 5777
5791 5777 5788
5790 5784 5776
5782 5776 5784
5787 5789 5781
5779 5781 5789
5765 5763 5771
5773 5771 5763
5760 5766 5774
5768 5774 5766
5772 5762 5775
5761 5775 5762
5764 5770 5767
5769 5767 5770
5752 5750 5755
5749 5755 5750
5744 5758 5747
5757 5747 5758
5753 5759 5751
5745 5751 5759
5756 5754 5746
5748 5746 5754
5738 5732 5737
5735 5737 5732
5730 5740 5729
5743 5729 5740
5742 5736 5728
5734 5728 5736
5739 5741 5733
5731 5733 5741
5714 5716 5724
5722 5724 5716
5719 5713 5721
5727 5721 5713
5726 5712 5725
5715 5725 5712
5718 5720 5717
5723 5717 5720
5701 5699 5707
5709 5707 5699
5696 5702 5710
5704 5710 5702
5708 5698 5711
5697 5711 5698
5700 5706 5703
5705 5703 5706
5688 5686 5691
5685 5691 5686
5680 5694 5683
5693 5683 5694
5689 5695 5687
5681 5687 5695
5692 5690 5682
5684 5682 5690
5674 5668 5673
5671 5673 5668
5666 5676 5665
5679 5665 5676
5678 5672 5664
5670 5664 5672
5675 5677 5669
5667 5669 5677
7096 7094 7099
7093 7099 7094
7088 7102 7091
7101 7091 7102
7097 7103 7095
7089 7095 7103
7100 7098 7090
7092 7090 7098
7074 7076 7084
7082 7084 7076
7079 7073 7081
7087 7081 7073
7086 7072 7085
7075 7085 7072
7078 7080 7077
7083 7077 7080
7064 7062 7067
7061 7067 7062
7056 7070 7059
7069 7059 7070
7065 7071 7063
7057 7063 7071
7068 7066 7058
7060 7058 7066
7042 7044 7052
7050 7052 7044
7047 7041 7049
7055 7049 7041
7054 7040 7053
7043 7053 7040
7046 7048 7045
7051 7045 7048
7032 7030 7035
7029 7035 7030
7024 7038 7027
7037 7027 7038
7033 7039 7031
7025 7031 7039
7036 7034 7026
7028 7026 7034
7010 7012 7020
7018 7020 7012
7015 7009 7017
7023 7017 7009
7022 7008 7021
7011 7021 7008
7014 7016 7013
7019 7013 7016
7000 6998 7003
6997 7003 6998
6992 7006 6995
7005 6995 7006
7001 7007 6999
6993 6999 7007
7004 7002 6994
6996 6994 7002
6978 6980 6988
6986 6988 6980
6983 6977 6985
6991 6985 6977
6990 6976 6989
6979 6989 6976
6982 6984 6981
6987 6981 6984
6968 6966 6971
6965 6971 6966
6960 6974 6963
6973 6963 6974
6969 6975 6967
6961 6967 6975
6972 6970 6962
6964 6962 6970
6954 6948 6953
6951 6953 6948
6946 6956 6945
6959 6945 6956
6958 6952 6944
6950 6944 6952
6955 6957 6949
6947 6949 6957
6933 6931 6939
6941 6939 6931
6928 6934 6942
6936 6942 6934
6940 6930 6943
6929 6943 6930
6932 6938 6935
6937 6935 6938
6922 6916 6921
6919 6921 6916
6914 6924 6913
6927 6913 6924
6926 6920 6912
6918 6912 6920
6923 6925 6917
6915 6917 6925
6901 6899 6907
6909 6907 6899
6896 6902 6910
6904 6910 6902
6908 6898 6911
6897 6911 6898
6900 6906 6903
6905 6903 6906
6890 6884 6889
6887 6889 6884
6882 6892 6881
6895 6881 6892
6894 6888 6880
6886 6880 6888
6891 6893 6885
6883 6885 6893
6869 6867 6875
6877 6875 6867
6864 6870 6878
6872 6878 6870
6876 6866 6879
6865 6879 6866
6868 6874 6871
6873 6871 6874
6858 6852 6857
6855 6857 6852
6850 6860 6849
6863 6849 6860
6862 6856 6848
6854 6848 6856
6859 6861 6853
6851 6853 6861
6837 6835 6843
6845 6843 6835
6832 6838 6846
6840 6846 6838
6844 6834 6847
6833 6847 6834
6836 6842 6839
6841 6839 6842
6826 6820 6825
6823 6825 6820
6818 6828 6817
6831 6817 6828
6830 6824 6816
6822 6816 6824
6827 6829 6821
6819 6821 6829
6808 6806 6811
6805 6811 6806
6800 6814 6803
6813 6803 6814
6809 6815 6807
6801 6807 6815
6812 6810 6802
6804 6802 6810
6794 6788 6793
6791 6793 6788
6786 6796 6785
6799 6785 6796
6798 6792 6784
6790 6784 6792
6795 6797 6789
6787 6789 6797
6770 6772 6780
6778 6780 6772
6775 6769 6777
6783 6777 6769
6782 6768 6781
6771 6781 6768
6774 6776 6773
6779 6773 6776
6757 6755 6763
6765 6763 6755
6752 6758 6766
6760 6766 6758
6764 6754 6767
6753 6767 6754
6756 6762 6759
6761 6759 6762
6744 6742 6747
6741 6747 6742
6736 6750 6739
6749 6739 6750
6745 6751 6743
6737 6743 6751
6748 6746 6738
6740 6738 6746
6730 6724 6729
6727 6729 6724
6722 6732 6721
6735 6721 6732
6734 6728 6720
6726 6720 6728
6731 6733 6725
6723 6725 6733
6702 6700 6712
6716 6712 6700
6697 6705 6719
6709 6719 6705
6715 6699 6718
6696 6718 6699
6703 6713 6706
6710 6706 6713
6704 6707 6701
6698 6701 6707
6708 6711 6717
6714 6717 6711
6681 6678 6672
6675 6672 6678
6689 6686 6692
6695 6692 6686
6688 6680 6685
6683 6685 6680
6676 6690 6673
6693 6673 6690
6694 6684 6674
6682 6674 6684
6687 6691 6679
6677 6679 6691
6660 6666 6658
6668 6658 6666
6665 6663 6671
6657 6671 6663
6669 6670 6659
6656 6659 6670
6664 6667 6662
6661 6662 6667
6651 6645 6653
6643 6653 6645
6646 6648 6640
6654 6640 6648
6655 6652 6641
6642 6641 6652
6650 6649 6644
6647 6644 6649
6630 6629 6632
6635 6632 6629
6627 6624 6637
6638 6637 6624
6631 6633 6625
6639 6625 6633
6634 6628 6636
6626 6636 6628
6612 6615 6618
6617 6618 6615
6609 6610 6623
6620 6623 6610
6616 6614 6622
6608 6622 6614
6613 6619 6611
6621 6611 6619
6600 6598 6603
6597 6603 6598
6592 6606 6595
6605 6595 6606
6601 6607 6599
6593 6599 6607
6604 6602 6594
6596 6594 6602
6586 6580 6585
6583 6585 6580
6578 6588 6577
6591 6577 6588
6590 6584 6576
6582 6576 6584
6587 6589 6581
6579 6581 6589
6562 6564 6572
6570 6572 6564
6567 6561 6569
6575 6569 6561
6574 6560 6573
6563 6573 6560
6566 6568 6565
6571 6565 6568
6549 6547 6555
6557 6555 6547
6544 6550 6558
6552 6558 6550
6556 6546 6559
6545 6559 6546
6548 6554 6551
6553 6551 6554
6536 6534 6539
6533 6539 6534
6528 6542 6531
6541 6531 6542
6537 6543 6535
6529 6535 6543
6540 6538 6530
6532 6530 6538
6522 6516 6521
6519 6521 6516
6514 6524 6513
6527 6513 6524
6526 6520 6512
6518 6512 6520
6523 6525 6517
6515 6517 6525
6506 6500 6505
6503 6505 6500
6498 6508 6497
6511 6497 6508
6510 6504 6496
6502 6496 6504
6507 6509 6501
6499 6501 6509
6485 6483 6491
6493 6491 6483
6480 6486 6494
6488 6494 6486
6492 6482 6495
6481 6495 6482
6484 6490 6487
6489 6487 6490
6472 6470 6475
6469 6475 6470
6464 6478 6467
6477 6467 6478
6473 6479 6471
6465 6471 6479
6476 6474 6466
6468 6466 6474
6458 6452 6457
6455 6457 6452
6450 6460 6449
6463 6449 6460
6462 6456 6448
6454 6448 6456
6459 6461 6453
6451 6453 6461
6434 6436 6444
6442 6444 6436
6439 6433 6441
6447 6441 6433
6446 6432 6445
6435 6445 6432
6438 6440 6437
6443 6437 6440
6421 6419 6427
6429 6427 6419
6416 6422 6430
6424 6430 6422
6428 6418 6431
6417 6431 6418
6420 6426 6423
6425 6423 6426
6408 6406 6411
6405 6411 6406
6400 6414 6403
6413 6403 6414
6409 6415 6407
6401 6407 6415
6412 6410 6402
6404 6402 6410
6394 6388 6393
6391 6393 6388
6386 6396 6385
6399 6385 6396
6398 6392 6384
6390 6384 6392
6395 6397 6389
6387 6389 6397
7816 7814 7819
7813 7819 7814
7808 7822 7811
7821 7811 7822
7817 7823 7815
7809 7815 7823
7820 7818 7810
7812 7810 7818
7794 7796 7804
7802 7804 7796
7799 7793 7801
7807 7801 7793
7806 7792 7805
7795 7805 7792
7798 7800 7797
7803 7797 7800
7784 7782 7787
7781 7787 7782
7776 7790 7779
7789 7779 7790
7785 7791 7783
7777 7783 7791
7788 7786 7778
7780 7778 7786
7762 7764 7772
7770 7772 7764
7767 7761 7769
7775 7769 7761
7774 7760 7773
7763 7773 7760
7766 7768 7765
7771 7765 7768
7752 7750 7755
7749 7755 7750
7744 7758 7747
7757 7747 7758
7753 7759 7751
7745 7751 7759
7756 7754 7746
7748 7746 7754
7730 7732 7740
7738 7740 7732
7735 7729 7737
7743 7737 7729
7742 7728 7741
7731 7741 7728
7734 7736 7733
7739 7733 7736
7720 7718 7723
7717 7723 7718
7712 7726 7715
7725 7715 7726
7721 7727 7719
7713 7719 7727
7724 7722 7714
7716 7714 7722
7698 7700 7708
7706 7708 7700
7703 7697 7705
7711 7705 7697
7710 7696 7709
7699 7709 7696
7702 7704 7701
7707 7701 7704
7688 7686 7691
7685 7691 7686
7680 7694 7683
7693 7683 7694
7689 7695 7687
7681 7687 7695
7692 7690 7682
7684 7682 7690
7674 7668 7673
7671 7673 7668
7666 7676 7665
7679 7665 7676
7678 7672 7664
7670 7664 7672
7675 7677 7669
7667 7669 7677
7653 7651 7659
7661 7659 7651
7648 7654 7662
7656 7662 7654
7660 7650 7663
7649 7663 7650
7652 7658 7655
7657 7655 7658
7642 7636 7641
7639 7641 7636
7634 7644 7633
7647 7633 7644
7646 7640 7632
7638 7632 7640
7643 7645 7637
7635 7637 7645
7621 7619 7627
7629 7627 7619
7616 7622 7630
7624 7630 7622
7628 7618 7631
7617 7631 7618
7620 7626 7623
7625 7623 7626
7610 7604 7609
7607 7609 7604
7602 7612 7601
7615 7601 7612
7614 7608 7600
7606 7600 7608
7611 7613 7605
7603 7605 7613
7589 7587 7595
7597 7595 7587
7584 7590 7598
7592 7598 7590
7596 7586 7599
7585 7599 7586
7588 7594 7591
7593 7591 7594
7578 7572 7577
7575 7577 7572
7570 7580 7569
7583 7569 7580
7582 7576 7568
7574 7568 7576
7579 7581 7573
7571 7573 7581
7557 7555 7563
7565 7563 7555
7552 7558 7566
7560 7566 7558
7564 7554 7567
7553 7567 7554
7556 7562 7559
7561 7559 7562
7546 7540 7545
7543 7545 7540
7538 7548 7537
7551 7537 7548
7550 7544 7536
7542 7536 7544
7547 7549 7541
7539 7541 7549
7528 7526 7531
7525 7531 7526
7520 7534 7523
7533 7523 7534
7529 7535 7527
7521 7527 7535
7532 7530 7522
7524 7522 7530
7514 7508 7513
7511 7513 7508
7506 7516 7505
7519 7505 7516
7518 7512 7504
7510 7504 7512
7515 7517 7509
7507 7509 7517
7490 7492 7500
7498 7500 7492
7495 7489 7497
7503 7497 7489
7502 7488 7501
7491 7501 7488
7494 7496 7493
7499 7493 7496
7477 7475 7483
7485 7483 7475
7472 7478 7486
7480 7486 7478
7484 7474 7487
7473 7487 7474
7476 7482 7479
7481 7479 7482
7464 7462 7467
7461 7467 7462
7456 7470 7459
7469 7459 7470
7465 7471 7463
7457 7463 7471
7468 7466 7458
7460 7458 7466
7450 7444 7449
7447 7449 7444
7442 7452 7441
7455 7441 7452
7454 7448 7440
7446 7440 7448
7451 7453 7445
7443 7445 7453
7422 7420 7432
7436 7432 7420
7417 7425 7439
7429 7439 7425
7435 7419 7438
7416 7438 7419
7423 7433 7426
7430 7426 7433
7424 7427 7421
7418 7421 7427
7428 7431 7437
7434 7437 7431
7401 7398 7392
7395 7392 7398
7409 7406 7412
7415 7412 7406
7408 7400 7405
7403 7405 7400
7396 7410 7393
7413 7393 7410
7414 7404 7394
7402 7394 7404
7407 7411 7399
7397 7399 7411
7380 7386 7378
7388 7378 7386
7385 7383 7391
7377 7391 7383
7389 7390 7379
7376 7379 7390
7384 7387 7382
7381 7382 7387
7371 7365 7373
7363 7373 7365
7366 7368 7360
7374 7360 7368
7375 7372 7361
7362 7361 7372
7370 7369 7364
7367 7364 7369
7350 7349 7352
7355 7352 7349
7347 7344 7357
7358 7357 7344
7351 7353 7345
7359 7345 7353
7354 7348 7356
7346 7356 7348
7332 7335 7338
7337 7338 7335
7329 7330 7343
7340 7343 7330
7336 7334 7342
7328 7342 7334
7333 7339 7331
7341 7331 7339
7320 7318 7323
7317 7323 7318
7312 7326 7315
7325 7315 7326
7321 7327 7319
7313 7319 7327
7324 7322 7314
7316 7314 7322
7306 7300 7305
7303 7305 7300
7298 7308 7297
7311 7297 7308
7310 7304 7296
7302 7296 7304
7307 7309 7301
7299 7301 7309
7282 7284 7292
7290 7292 7284
7287 7281 7289
7295 7289 7281
7294 7280 7293
7283 7293 7280
7286 7288 7285
7291 7285 7288
7269 7267 7275
7277 7275 7267
7264 7270 7278
7272 7278 7270
7276 7266 7279
7265 7279 7266
7268 7274 7271
7273 7271 7274
7256 7254 7259
7253 7259 7254
7248 7262 7251
7261 7251 7262
7257 7263 7255
7249 7255 7263
7260 7258 7250
7252 7250 7258
7242 7236 7241
7239 7241 7236
7234 7244 7233
7247 7233 7244
7246 7240 7232
7238 7232 7240
7243 7245 7237
7235 7237 7245
7226 7220 7225
7223 7225 7220
7218 7228 7217
7231 7217 7228
7230 7224 7216
7222 7216 7224
7227 7229 7221
7219 7221 7229
7205 7203 7211
7213 7211 7203
7200 7206 7214
7208 7214 7206
7212 7202 7215
7201 7215 7202
7204 7210 7207
7209 7207 7210
7192 7190 7195
7189 7195 7190
7184 7198 7187
7197 7187 7198
7193 7199 7191
7185 7191 7199
7196 7194 7186
7188 7186 7194
7178 7172 7177
7175 7177 7172
7170 7180 7169
7183 7169 7180
7182 7176 7168
7174 7168 7176
7179 7181 7173
7171 7173 7181
7154 7156 7164
7162 7164 7156
7159 7153 7161
7167 7161 7153
7166 7152 7165
7155 7165 7152
7158 7160 7157
7163 7157 7160
7141 7139 7147
7149 7147 7139
7136 7142 7150
7144 7150 7142
7148 7138 7151
7137 7151 7138
7140 7146 7143
7145 7143 7146
7128 7126 7131
7125 7131 7126
7120 7134 7123
7133 7123 7134
7129 7135 7127
7121 7127 7135
7132 7130 7122
7124 7122 7130
7114 7108 7113
7111 7113 7108
7106 7116 7105
7119 7105 7116
7118 7112 7104
7110 7104 7112
7115 7117 7109
7107 7109 7117
8536 8534 8539
8533 8539 8534
8528 8542 8531
8541 8531 8542
8537 8543 8535
8529 8535 8543
8540 8538 8530
8532 8530 8538
8514 8516 8524
8522 8524 8516
8519 8513 8521
8527 8521 8513
8526 8512 8525
8515 8525 8512
8518 8520 8517
8523 8517 8520
8504 8502 8507
8501 8507 8502
8496 8510 8499
8509 8499 8510
8505 8511 8503
8497 8503 8511
8508 8506 8498
8500 8498 8506
8482 8484 8492
8490 8492 8484
8487 8481 8489
8495 8489 8481
8494 8480 8493
8483 8493 8480
8486 8488 8485
8491 8485 8488
8472 8470 8475
8469 8475 8470
8464 8478 8467
8477 8467 8478
8473 8479 8471
8465 8471 8479
8476 8474 8466
8468 8466 8474
8450 8452 8460
8458 8460 8452
8455 8449 8457
8463 8457 8449
8462 8448 8461
8451 8461 8448
8454 8456 8453
8459 8453 8456
8440 8438 8443
8437 8443 8438
8432 8446 8435
8445 8435 8446
8441 8447 8439
8433 8439 8447
8444 8442 8434
8436 8434 8442
8418 8420 8428
8426 8428 8420
8423 8417 8425
8431 8425 8417
8430 8416 8429
8419 8429 8416
8422 8424 8421
8427 8421 8424
8408 8406 8411
8405 8411 8406
8400 8414 8403
8413 8403 8414
8409 8415 8407
8401 8407 8415
8412 8410 8402
8404 8402 8410
8394 8388 8393
8391 8393 8388
8386 8396 8385
8399 8385 8396
8398 8392 8384
8390 8384 8392
8395 8397 8389
8387 8389 8397
8373 8371 8379
8381 8379 8371
8368 8374 8382
8376 8382 8374
8380 8370 8383
8369 8383 8370
8372 8378 8375
8377 8375 8378
8362 8356 8361
8359 8361 8356
8354 8364 8353
8367 8353 8364
8366 8360 8352
8358 8352 8360
8363 8365 8357
8355 8357 8365
8341 8339 8347
8349 8347 8339
8336 8342 8350
8344 8350 8342
8348 8338 8351
8337 8351 8338
8340 8346 8343
8345 8343 8346
8330 8324 8329
8327 8329 8324
8322 8332 8321
8335 8321 8332
8334 8328 8320
8326 8320 8328
8331 8333 8325
8323 8325 8333
8309 8307 8315
8317 8315 8307
8304 8310 8318
8312 8318 8310
8316 8306 8319
8305 8319 8306
8308 8314 8311
8313 8311 8314
8298 8292 8297
8295 8297 8292
8290 8300 8289
8303 8289 8300
8302 8296 8288
8294 8288 8296
8299 8301 8293
8291 8293 8301
8277 8275 8283
8285 8283 8275
8272 8278 8286
8280 8286 8278
8284 8274 8287
8273 8287 8274
8276 8282 8279
8281 8279 8282
8266 8260 8265
8263 8265 8260
8258 8268 8257
8271 8257 8268
8270 8264 8256
8262 8256 8264
8267 8269 8261
8259 8261 8269
8248 8246 8251
8245 8251 8246
8240 8254 8243
8253 8243 8254
8249 8255 8247
8241 8247 8255
8252 8250 8242
8244 8242 8250
8234 8228 8233
8231 8233 8228
8226 8236 8225
8239 8225 8236
8238 8232 8224
8230 8224 8232
8235 8237 8229
8227 8229 8237
8210 8212 8220
8218 8220 8212
8215 8209 8217
8223 8217 8209
8222 8208 8221
8211 8221 8208
8214 8216 8213
8219 8213 8216
8197 8195 8203
8205 8203 8195
8192 8198 8206
8200 8206 8198
8204 8194 8207
8193 8207 8194
8196 8202 8199
8201 8199 8202
8184 8182 8187
8181 8187 8182
8176 8190 8179
8189 8179 8190
8185 8191 8183
8177 8183 8191
8188 8186 8178
8180 8178 8186
8170 8164 8169
8167 8169 8164
8162 8172 8161
8175 8161 8172
8174 8168 8160
8166 8160 8168
8171 8173 8165
8163 8165 8173
8142 8140 8152
8156 8152 8140
8137 8145 8159
8149 8159 8145
8155 8139 8158
8136 8158 8139
8143 8153 8146
8150 8146 8153
8144 8147 8141
8138 8141 8147
8148 8151 8157
8154 8157 8151
8121 8118 8112
8115 8112 8118
8129 8126 8132
8135 8132 8126
8128 8120 8125
8123 8125 8120
8116 8130 8113
8133 8113 8130
8134 8124 8114
8122 8114 8124
8127 8131 8119
8117 8119 8131
8100 8106 8098
8108 8098 8106
8105 8103 8111
8097 8111 8103
8109 8110 8099
8096 8099 8110
8104 8107 8102
8101 8102 8107
8091 8085 8093
8083 8093 8085
8086 8088 8080
8094 8080 8088
8095 8092 8081
8082 8081 8092
8090 8089 8084
8087 8084 8089
8070 8069 8072
8075 8072 8069
8067 8064 8077
8078 8077 8064
8071 8073 8065
8079 8065 8073
8074 8068 8076
8066 8076 8068
8052 8055 8058
8057 8058 8055
8049 8050 8063
8060 8063 8050
8056 8054 8062
8048 8062 8054
8053 8059 8051
8061 8051 8059
8040 8038 8043
8037 8043 8038
8032 8046 8035
8045 8035 8046
8041 8047 8039
8033 8039 8047
8044 8042 8034
8036 8034 8042
8026 8020 8025
8023 8025 8020
8018 8028 8017
8031 8017 8028
8030 8024 8016
8022 8016 8024
8027 8029 8021
8019 8021 8029
8002 8004 8012
8010 8012 8004
8007 8001 8009
8015 8009 8001
8014 8000 8013
8003 8013 8000
8006 8008 8005
8011 8005 8008
7989 7987 7995
7997 7995 7987
7984 7990 7998
7992 7998 7990
7996 7986 7999
7985 7999 7986
7988 7994 7991
7993 7991 7994
7976 7974 7979
7973 7979 7974
7968 7982 7971
7981 7971 7982
7977 7983 7975
7969 7975 7983
7980 7978 7970
7972 7970 7978
7962 7956 7961
7959 7961 7956
7954 7964 7953
7967 7953 7964
7966 7960 7952
7958 7952 7960
7963 7965 7957
7955 7957 7965
7946 7940 7945
7943 7945 7940
7938 7948 7937
7951 7937 7948
7950 7944 7936
7942 7936 7944
7947 7949 7941
7939 7941 7949
7925 7923 7931
7933 7931 7923
7920 7926 7934
7928 7934 7926
7932 7922 7935
7921 7935 7922
7924 7930 7927
7929 7927 7930
7912 7910 7915
7909 7915 7910
7904 7918 7907
7917 7907 7918
7913 7919 7911
7905 7911 7919
7916 7914 7906
7908 7906 7914
7898 7892 7897
7895 7897 7892
7890 7900 7889
7903 7889 7900
7902 7896 7888
7894 7888 7896
7899 7901 7893
7891 7893 7901
7874 7876 7884
7882 7884 7876
7879 7873 7881
7887 7881 7873
7886 7872 7885
7875 7885 7872
7878 7880 7877
7883 7877 7880
7861 7859 7867
7869 7867 7859
7856 7862 7870
7864 7870 7862
7868 7858 7871
7857 7871 7858
7860 7866 7863
7865 7863 7866
7848 7846 7851
7845 7851 7846
7840 7854 7843
7853 7843 7854
7849 7855 7847
7841 7847 7855
7852 7850 7842
7844 7842 7850
7834 7828 7833
7831 7833 7828
7826 7836 7825
7839 7825 7836
7838 7832 7824
7830 7824 7832
7835 7837 7829
7827 7829 7837
9256 9254 9259
9253 9259 9254
9248 9262 9251
9261 9251 9262
9257 9263 9255
9249 9255 9263
9260 9258 9250
9252 9250 9258
9234 9236 9244
9242 9244 9236
9239 9233 9241
9247 9241 9233
9246 9232 9245
9235 9245 9232
9238 9240 9237
9243 9237 9240
9224 9222 9227
9221 9227 9222
9216 9230 9219
9229 9219 9230
9225 9231 9223
9217 9223 9231
9228 9226 9218
9220 9218 9226
9202 9204 9212
9210 9212 9204
9207 9201 9209
9215 9209 9201
9214 9200 9213
9203 9213 9200
9206 9208 9205
9211 9205 9208
9192 9190 9195
9189 9195 9190
9184 9198 9187
9197 9187 9198
9193 9199 9191
9185 9191 9199
9196 9194 9186
9188 9186 9194
9170 9172 9180
9178 9180 9172
9175 9169 9177
9183 9177 9169
9182 9168 9181
9171 9181 9168
9174 9176 9173
9179 9173 9176
9160 9158 9163
9157 9163 9158
9152 9166 9155
9165 9155 9166
9161 9167 9159
9153 9159 9167
9164 9162 9154
9156 9154 9162
9138 9140 9148
9146 9148 9140
9143 9137 9145
9151 9145 9137
9150 9136 9149
9139 9149 9136
9142 9144 9141
9147 9141 9144
9128 9126 9131
9125 9131 9126
9120 9134 9123
9133 9123 9134
9129 9135 9127
9121 9127 9135
9132 9130 9122
9124 9122 9130
9114 9108 9113
9111 9113 9108
9106 9116 9105
9119 9105 9116
9118 9112 9104
9110 9104 9112
9115 9117 9109
9107 9109 9117
9093 9091 9099
9101 9099 9091
9088 9094 9102
9096 9102 9094
9100 9090 9103
9089 9103 9090
9092 9098 9095
9097 9095 9098
9082 9076 9081
9079 9081 9076
9074 9084 9073
9087 9073 9084
9086 9080 9072
9078 9072 9080
9083 9085 9077
9075 9077 9085
9061 9059 9067
9069 9067 9059
9056 9062 9070
9064 9070 9062
9068 9058 9071
9057 9071 9058
9060 9066 9063
9065 9063 9066
9050 9044 9049
9047 9049 9044
9042 9052 9041
9055 9041 9052
9054 9048 9040
9046 9040 9048
9051 9053 9045
9043 9045 9053
9029 9027 9035
9037 9035 9027
9024 9030 9038
9032 9038 9030
9036 9026 9039
9025 9039 9026
9028 9034 9031
9033 9031 9034
9018 9012 9017
9015 9017 9012
9010 9020 9009
9023 9009 9020
9022 9016 9008
9014 9008 9016
9019 9021 9013
9011 9013 9021
8997 8995 9003
9005 9003 8995
8992 8998 9006
9000 9006 8998
9004 8994 9007
8993 9007 8994
8996 9002 8999
9001 8999 9002
8986 8980 8985
8983 8985 8980
8978 8988 8977
8991 8977 8988
8990 8984 8976
8982 8976 8984
8987 8989 8981
8979 8981 8989
8968 8966 8971
8965 8971 8966
8960 8974 8963
8973 8963 8974
8969 8975 8967
8961 8967 8975
8972 8970 8962
8964 8962 8970
8954 8948 8953
8951 8953 8948
8946 8956 8945
8959 8945 8956
8958 8952 8944
8950 8944 8952
8955 8957 8949
8947 8949 8957
8930 8932 8940
8938 8940 8932
8935 8929 8937
8943 8937 8929
8942 8928 8941
8931 8941 8928
8934 8936 8933
8939 8933 8936
8917 8915 8923
8925 8923 8915
8912 8918 8926
8920 8926 8918
8924 8914 8927
8913 8927 8914
8916 8922 8919
8921 8919 8922
8904 8902 8907
8901 8907 8902
8896 8910 8899
8909 8899 8910
8905 8911 8903
8897 8903 8911
8908 8906 8898
8900 8898 8906
8890 8884 8889
8887 8889 8884
8882 8892 8881
8895 8881 8892
8894 8888 8880
8886 8880 8888
8891 8893 8885
8883 8885 8893
8862 8860 8872
8876 8872 8860
8857 8865 8879
8869 8879 8865
8875 8859 8878
8856 8878 8859
8863 8873 8866
8870 8866 8873
8864 8867 8861
8858 8861 8867
8868 8871 8877
8874 8877 8871
8841 8838 8832
8835 8832 8838
8849 8846 8852
8855 8852 8846
8848 8840 8845
8843 8845 8840
8836 8850 8833
8853 8833 8850
8854 8844 8834
8842 8834 8844
8847 8851 8839
8837 8839 8851
8820 8826 8818
8828 8818 8826
8825 8823 8831
8817 8831 8823
8829 8830 8819
8816 8819 8830
8824 8827 8822
8821 8822 8827
8811 8805 8813
8803 8813 8805
8806 8808 8800
8814 8800 8808
8815 8812 8801
8802 8801 8812
8810 8809 8804
8807 8804 8809
8790 8789 8792
8795 8792 8789
8787 8784 8797
8798 8797 8784
8791 8793 8785
8799 8785 8793
8794 8788 8796
8786 8796 8788
8772 8775 8778
8777 8778 8775
8769 8770 8783
8780 8783 8770
8776 8774 8782
8768 8782 8774
8773 8779 8771
8781 8771 8779
8760 8758 8763
8757 8763 8758
8752 8766 8755
8765 8755 8766
8761 8767 8759
8753 8759 8767
8764 8762 8754
8756 8754 8762
8746 8740 8745
8743 8745 8740
8738 8748 8737
8751 8737 8748
8750 8744 8736
8742 8736 8744
8747 8749 8741
8739 8741 8749
8722 8724 8732
8730 8732 8724
8727 8721 8729
8735 8729 8721
8734 8720 8733
8723 8733 8720
8726 8728 8725
8731 8725 8728
8709 8707 8715
8717 8715 8707
8704 8710 8718
8712 8718 8710
8716 8706 8719
8705 8719 8706
8708 8714 8711
8713 8711 8714
8696 8694 8699
8693 8699 8694
8688 8702 8691
8701 8691 8702
8697 8703 8695
8689 8695 8703
8700 8698 8690
8692 8690 8698
8682 8676 8681
8679 8681 8676
8674 8684 8673
8687 8673 8684
8686 8680 8672
8678 8672 8680
8683 8685 8677
8675 8677 8685
8666 8660 8665
8663 8665 8660
8658 8668 8657
8671 8657 8668
8670 8664 8656
8662 8656 8664
8667 8669 8661
8659 8661 8669
8645 8643 8651
8653 8651 8643
8640 8646 8654
8648 8654 8646
8652 8642 8655
8641 8655 8642
8644 8650 8647
8649 8647 8650
8632 8630 8635
8629 8635 8630
8624 8638 8627
8637 8627 8638
8633 8639 8631
8625 8631 8639
8636 8634 8626
8628 8626 8634
8618 8612 8617
8615 8617 8612
8610 8620 8609
8623 8609 8620
8622 8616 8608
8614 8608 8616
8619 8621 8613
8611 8613 8621
8594 8596 8604
8602 8604 8596
8599 8593 8601
8607 8601 8593
8606 8592 8605
8595 8605 8592
8598 8600 8597
8603 8597 8600
8581 8579 8587
8589 8587 8579
8576 8582 8590
8584 8590 8582
8588 8578 8591
8577 8591 8578
8580 8586 8583
8585 8583 8586
8568 8566 8571
8565 8571 8566
8560 8574 8563
8573 8563 8574
8569 8575 8567
8561 8567 8575
8572 8570 8562
8564 8562 8570
8554 8548 8553
8551 8553 8548
8546 8556 8545
8559 8545 8556
8558 8552 8544
8550 8544 8552
8555 8557 8549
8547 8549 8557
9976 9974 9979
9973 9979 9974
9968 9982 9971
9981 9971 9982
9977 9983 9975
9969 9975 9983
9980 9978 9970
9972 9970 9978
9954 9956 9964
9962 9964 9956
9959 9953 9961
9967 9961 9953
9966 9952 9965
9955 9965 9952
9958 9960 9957
9963 9957 9960
9944 9942 9947
9941 9947 9942
9936 9950 9939
9949 9939 9950
9945 9951 9943
9937 9943 9951
9948 9946 9938
9940 9938 9946
9922 9924 9932
9930 9932 9924
9927 9921 9929
9935 9929 9921
9934 9920 9933
9923 9933 9920
9926 9928 9925
9931 9925 9928
9912 9910 9915
9909 9915 9910
9904 9918 9907
9917 9907 9918
9913 9919 9911
9905 9911 9919
9916 9914 9906
9908 9906 9914
9890 9892 9900
9898 9900 9892
9895 9889 9897
9903 9897 9889
9902 9888 9901
9891 9901 9888
9894 9896 9893
9899 9893 9896
9880 9878 9883
9877 9883 9878
9872 9886 9875
9885 9875 9886
9881 9887 9879
9873 9879 9887
9884 9882 9874
9876 9874 9882
9858 9860 9868
9866 9868 9860
9863 9857 9865
9871 9865 9857
9870 9856 9869
9859 9869 9856
9862 9864 9861
9867 9861 9864
9848 9846 9851
9845 9851 9846
9840 9854 9843
9853 9843 9854
9849 9855 9847
9841 9847 9855
9852 9850 9842
9844 9842 9850
9834 9828 9833
9831 9833 9828
9826 9836 9825
9839 9825 9836
9838 9832 9824
9830 9824 9832
9835 9837 9829
9827 9829 9837
9813 9811 9819
9821 9819 9811
9808 9814 9822
9816 9822 9814
9820 9810 9823
9809 9823 9810
9812 9818 9815
9817 9815 9818
9802 9796 9801
9799 9801 9796
9794 9804 9793
9807 9793 9804
9806 9800 9792
9798 9792 9800
9803 9805 9797
9795 9797 9805
9781 9779 9787
9789 9787 9779
9776 9782 9790
9784 9790 9782
9788 9778 9791
9777 9791 9778
9780 9786 9783
9785 9783 9786
9770 9764 9769
9767 9769 9764
9762 9772 9761
9775 9761 9772
9774 9768 9760
9766 9760 9768
9771 9773 9765
9763 9765 9773
9749 9747 9755
9757 9755 9747
9744 9750 9758
9752 9758 9750
9756 9746 9759
9745 9759 9746
9748 9754 9751
9753 9751 9754
9738 9732 9737
9735 9737 9732
9730 9740 9729
9743 9729 9740
9742 9736 9728
9734 9728 9736
9739 9741 9733
9731 9733 9741
9717 9715 9723
9725 9723 9715
9712 9718 9726
9720 9726 9718
9724 9714 9727
9713 9727 9714
9716 9722 9719
9721 9719 9722
9706 9700 9705
9703 9705 9700
9698 9708 9697
9711 9697 9708
9710 9704 9696
9702 9696 9704
9707 9709 9701
9699 9701 9709
9688 9686 9691
9685 9691 9686
9680 9694 9683
9693 9683 9694
9689 9695 9687
9681 9687 9695
9692 9690 9682
9684 9682 9690
9674 9668 9673
9671 9673 9668
9666 9676 9665
9679 9665 9676
9678 9672 9664
9670 9664 9672
9675 9677 9669
9667 9669 9677
9650 9652 9660
9658 9660 9652
9655 9649 9657
9663 9657 9649
9662 9648 9661
9651 9661 9648
9654 9656 9653
9659 9653 9656
9637 9635 9643
9645 9643 9635
9632 9638 9646
9640 9646 9638
9644 9634 9647
9633 9647 9634
9636 9642 9639
9641 9639 9642
9624 9622 9627
9621 9627 9622
9616 9630 9619
9629 9619 9630
9625 9631 9623
9617 9623 9631
9628 9626 9618
9620 9618 9626
9610 9604 9609
9607 9609 9604
9602 9612 9601
9615 9601 9612
9614 9608 9600
9606 9600 9608
9611 9613 9605
9603 9605 9613
9582 9580 9592
9596 9592 9580
9577 9585 9599
9589 9599 9585
9595 9579 9598
9576 9598 9579
9583 9593 9586
9590 9586 9593
9584 9587 9581
9578 9581 9587
9588 9591 9597
9594 9597 9591
9561 9558 9552
9555 9552 9558
9569 9566 9572
9575 9572 9566
9568 9560 9565
9563 9565 9560
9556 9570 9553
9573 9553 9570
9574 9564 9554
9562 9554 9564
9567 9571 9559
9557 9559 9571
9540 9546 9538
9548 9538 9546
9545 9543 9551
9537 9551 9543
9549 9550 9539
9536 9539 9550
9544 9547 9542
9541 9542 9547
9531 9525 9533
9523 9533 9525
9526 9528 9520
9534 9520 9528
9535 9532 9521
9522 9521 9532
9530 9529 9524
9527 9524 9529
9510 9509 9512
9515 9512 9509
9507 9504 9517
9518 9517 9504
9511 9513 9505
9519 9505 9513
9514 9508 9516
9506 9516 9508
9492 9495 9498
9497 9498 9495
9489 9490 9503
9500 9503 9490
9496 9494 9502
9488 9502 9494
9493 9499 9491
9501 9491 9499
9480 9478 9483
9477 9483 9478
9472 9486 9475
9485 9475 9486
9481 9487 9479
9473 9479 9487
9484 9482 9474
9476 9474 9482
9466 9460 9465
9463 9465 9460
9458 9468 9457
9471 9457 9468
9470 9464 9456
9462 9456 9464
9467 9469 9461
9459 9461 9469
9442 9444 9452
9450 9452 9444
9447 9441 9449
9455 9449 9441
9454 9440 9453
9443 9453 9440
9446 9448 9445
9451 9445 9448
9429 9427 9435
9437 9435 9427
9424 9430 9438
9432 9438 9430
9436 9426 9439
9425 9439 9426
9428 9434 9431
9433 9431 9434
9416 9414 9419
9413 9419 9414
9408 9422 9411
9421 9411 9422
9417 9423 9415
9409 9415 9423
9420 9418 9410
9412 9410 9418
9402 9396 9401
9399 9401 9396
9394 9404 9393
9407 9393 9404
9406 9400 9392
9398 9392 9400
9403 9405 9397
9395 9397 9405
9386 9380 9385
9383 9385 9380
9378 9388 9377
9391 9377 9388
9390 9384 9376
9382 9376 9384
9387 9389 9381
9379 9381 9389
9365 9363 9371
9373 9371 9363
9360 9366 9374
9368 9374 9366
9372 9362 9375
9361 9375 9362
9364 9370 9367
9369 9367 9370
9352 9350 9355
9349 9355 9350
9344 9358 9347
9357 9347 9358
9353 9359 9351
9345 9351 9359
9356 9354 9346
9348 9346 9354
9338 9332 9337
9335 9337 9332
9330 9340 9329
9343 9329 9340
9342 9336 9328
9334 9328 9336
9339 9341 9333
9331 9333 9341
9314 9316 9324
9322 9324 9316
9319 9313 9321
9327 9321 9313
9326 9312 9325
9315 9325 9312
9318 9320 9317
9323 9317 9320
9301 9299 9307
9309 9307 9299
9296 9302 9310
9304 9310 9302
9308 9298 9311
9297 9311 9298
9300 9306 9303
9305 9303 9306
9288 9286 9291
9285 9291 9286
9280 9294 9283
9293 9283 9294
9289 9295 9287
9281 9287 9295
9292 9290 9282
9284 9282 9290
9274 9268 9273
9271 9273 9268
9266 9276 9265
9279 9265 9276
9278 9272 9264
9270 9264 9272
9275 9277 9269
9267 9269 9277
10696 10694 10699
10693 10699 10694
10688 10702 10691
10701 10691 10702
10697 10703 10695
10689 10695 10703
10700 10698 10690
10692 10690 10698
10674 10676 10684
10682 10684 10676
10679 10673 10681
10687 10681 10673
10686 10672 10685
10675 10685 10672
10678 10680 10677
10683 10677 10680
10664 10662 10667
10661 10667 10662
10656 10670 10659
10669 10659 10670
10665 10671 10663
10657 10663 10671
10668 10666 10658
10660 10658 10666
10642 10644 10652
10650 10652 10644
10647 10641 10649
10655 10649 10641
10654 10640 10653
10643 10653 10640
10646 10648 10645
10651 10645 10648
10632 10630 10635
10629 10635 10630
10624 10638 10627
10637 10627 10638
10633 10639 10631
10625 10631 10639
10636 10634 10626
10628 10626 10634
10610 10612 10620
10618 10620 10612
10615 10609 10617
10623 10617 10609
10622 10608 10621
10611 10621 10608
10614 10616 10613
10619 10613 10616
10600 10598 10603
10597 10603 10598
10592 10606 10595
10605 10595 10606
10601 10607 10599
10593 10599 10607
10604 10602 10594
10596 10594 10602
10578 10580 10588
10586 10588 10580
10583 10577 10585
10591 10585 10577
10590 10576 10589
10579 10589 10576
10582 10584 10581
10587 10581 10584
10568 10566 10571
10565 10571 10566
10560 10574 10563
10573 10563 10574
10569 10575 10567
10561 10567 10575
10572 10570 10562
10564 10562 10570
10554 10548 10553
10551 10553 10548
10546 10556 10545
10559 10545 10556
10558 10552 10544
10550 10544 10552
10555 10557 10549
10547 10549 10557
10533 10531 10539
10541 10539 10531
10528 10534 10542
10536 10542 10534
10540 10530 10543
10529 10543 10530
10532 10538 10535
10537 10535 10538
10522 10516 10521
10519 10521 10516
10514 10524 10513
10527 10513 10524
10526 10520 10512
10518 10512 10520
10523 10525 10517
10515 10517 10525
10501 10499 10507
10509 10507 10499
10496 10502 10510
10504 10510 10502
10508 10498 10511
10497 10511 10498
10500 10506 10503
10505 10503 10506
10490 10484 10489
10487 10489 10484
10482 10492 10481
10495 10481 10492
10494 10488 10480
10486 10480 10488
10491 10493 10485
10483 10485 10493
10469 10467 10475
10477 10475 10467
10464 10470 10478
10472 10478 10470
10476 10466 10479
10465 10479 10466
10468 10474 10471
10473 10471 10474
10458 10452 10457
10455 10457 10452
10450 10460 10449
10463 10449 10460
10462 10456 10448
10454 10448 10456
10459 10461 10453
10451 10453 10461
10437 10435 10443
10445 10443 10435
10432 10438 10446
10440 10446 10438
10444 10434 10447
10433 10447 10434
10436 10442 10439
10441 10439 10442
10426 10420 10425
10423 10425 10420
10418 10428 10417
10431 10417 10428
10430 10424 10416
10422 10416 10424
10427 10429 10421
10419 10421 10429
10408 10406 10411
10405 10411 10406
10400 10414 10403
10413 10403 10414
10409 10415 10407
10401 10407 10415
10412 10410 10402
10404 10402 10410
10394 10388 10393
10391 10393 10388
10386 10396 10385
10399 10385 10396
10398 10392 10384
10390 10384 10392
10395 10397 10389
10387 10389 10397
10370 10372 10380
10378 10380 10372
10375 10369 10377
10383 10377 10369
10382 10368 10381
10371 10381 10368
10374 10376 10373
10379 10373 10376
10357 10355 10363
10365 10363 10355
10352 10358 10366
10360 10366 10358
10364 10354 10367
10353 10367 10354
10356 10362 10359
10361 10359 10362
10344 10342 10347
10341 10347 10342
10336 10350 10339
10349 10339 10350
10345 10351 10343
10337 10343 10351
10348 10346 10338
10340 10338 10346
10330 10324 10329
10327 10329 10324
10322 10332 10321
10335 10321 10332
10334 10328 10320
10326 10320 10328
10331 10333 10325
10323 10325 10333
10302 10300 10312
10316 10312 10300
10297 10305 10319
10309 10319 10305
10315 10299 10318
10296 10318 10299
10303 10313 10306
10310 10306 10313
10304 10307 10301
10298 10301 10307
10308 10311 10317
10314 10317 10311
10281 10278 10272
10275 10272 10278
10289 10286 10292
10295 10292 10286
10288 10280 10285
10283 10285 10280
10276 10290 10273
10293 10273 10290
10294 10284 10274
10282 10274 10284
10287 10291 10279
10277 10279 10291
10260 10266 10258
10268 10258 10266
10265 10263 10271
10257 10271 10263
10269 10270 10259
10256 10259 10270
10264 10267 10262
10261 10262 10267
10251 10245 10253
10243 10253 10245
10246 10248 10240
10254 10240 10248
10255 10252 10241
10242 10241 10252
10250 10249 10244
10247 10244 10249
10230 10229 10232
10235 10232 10229
10227 10224 10237
10238 10237 10224
10231 10233 10225
10239 10225 10233
10234 10228 10236
10226 10236 10228
10212 10215 10218
10217 10218 10215
10209 10210 10223
10220 10223 10210
10216 10214 10222
10208 10222 10214
10213 10219 10211
10221 10211 10219
10200 10198 10203
10197 10203 10198
10192 10206 10195
10205 10195 10206
10201 10207 10199
10193 10199 10207
10204 10202 10194
10196 10194 10202
10186 10180 10185
10183 10185 10180
10178 10188 10177
10191 10177 10188
10190 10184 10176
10182 10176 10184
10187 10189 10181
10179 10181 10189
10162 10164 10172
10170 10172 10164
10167 10161 10169
10175 10169 10161
10174 10160 10173
10163 10173 10160
10166 10168 10165
10171 10165 10168
10149 10147 10155
10157 10155 10147
10144 10150 10158
10152 10158 10150
10156 10146 10159
10145 10159 10146
10148 10154 10151
10153 10151 10154
10136 10134 10139
10133 10139 10134
10128 10142 10131
10141 10131 10142
10137 10143 10135
10129 10135 10143
10140 10138 10130
10132 10130 10138
10122 10116 10121
10119 10121 10116
10114 10124 10113
10127 10113 10124
10126 10120 10112
10118 10112 10120
10123 10125 10117
10115 10117 10125
10106 10100 10105
10103 10105 10100
10098 10108 10097
10111 10097 10108
10110 10104 10096
10102 10096 10104
10107 10109 10101
10099 10101 10109
10085 10083 10091
10093 10091 10083
10080 10086 10094
10088 10094 10086
10092 10082 10095
10081 10095 10082
10084 10090 10087
10089 10087 10090
10072 10070 10075
10069 10075 10070
10064 10078 10067
10077 10067 10078
10073 10079 10071
10065 10071 10079
10076 10074 10066
10068 10066 10074
10058 10052 10057
10055 10057 10052
10050 10060 10049
10063 10049 10060
10062 10056 10048
10054 10048 10056
10059 10061 10053
10051 10053 10061
10034 10036 10044
10042 10044 10036
10039 10033 10041
10047 10041 10033
10046 10032 10045
10035 10045 10032
10038 10040 10037
10043 10037 10040
10021 10019 10027
10029 10027 10019
10016 10022 10030
10024 10030 10022
10028 10018 10031
10017 10031 10018
10020 10026 10023
10025 10023 10026
10008 10006 10011
10005 10011 10006
10000 10014 10003
10013 10003 10014
10009 10015 10007
10001 10007 10015
10012 10010 10002
10004 10002 10010
9994 9988 9993
9991 9993 9988
9986 9996 9985
9999 9985 9996
9998 9992 9984
9990 9984 9992
9995 9997 9989
9987 9989 9997
11416 11414 11419
11413 11419 11414
11408 11422 11411
11421 11411 11422
11417 11423 11415
11409 11415 11423
11420 11418 11410
11412 11410 11418
11394 11396 11404
11402 11404 11396
11399 11393 11401
11407 11401 11393
11406 11392 11405
11395 11405 11392
11398 11400 11397
11403 11397 11400
11384 11382 11387
11381 11387 11382
11376 11390 11379
11389 11379 11390
11385 11391 11383
11377 11383 11391
11388 11386 11378
11380 11378 11386
11362 11364 11372
11370 11372 11364
11367 11361 11369
11375 11369 11361
11374 11360 11373
11363 11373 11360
11366 11368 11365
11371 11365 11368
11352 11350 11355
11349 11355 11350
11344 11358 11347
11357 11347 11358
11353 11359 11351
11345 11351 11359
11356 11354 11346
11348 11346 11354
11330 11332 11340
11338 11340 11332
11335 11329 11337
11343 11337 11329
11342 11328 11341
11331 11341 11328
11334 11336 11333
11339 11333 11336
11320 11318 11323
11317 11323 11318
11312 11326 11315
11325 11315 11326
11321 11327 11319
11313 11319 11327
11324 11322 11314
11316 11314 11322
11298 11300 11308
11306 11308 11300
11303 11297 11305
11311 11305 11297
11310 11296 11309
11299 11309 11296
11302 11304 11301
11307 11301 11304
11288 11286 11291
11285 11291 11286
11280 11294 11283
11293 11283 11294
11289 11295 11287
11281 11287 11295
11292 11290 11282
11284 11282 11290
11274 11268 11273
11271 11273 11268
11266 11276 11265
11279 11265 11276
11278 11272 11264
11270 11264 11272
11275 11277 11269
11267 11269 11277
11253 11251 11259
11261 11259 11251
11248 11254 11262
11256 11262 11254
11260 11250 11263
11249 11263 11250
11252 11258 11255
11257 11255 11258
11242 11236 11241
11239 11241 11236
11234 11244 11233
11247 11233 11244
11246 11240 11232
11238 11232 11240
11243 11245 11237
11235 11237 11245
11221 11219 11227
11229 11227 11219
11216 11222 11230
11224 11230 11222
11228 11218 11231
11217 11231 11218
11220 11226 11223
11225 11223 11226
11210 11204 11209
11207 11209 11204
11202 11212 11201
11215 11201 11212
11214 11208 11200
11206 11200 11208
11211 11213 11205
11203 11205 11213
11189 11187 11195
11197 11195 11187
11184 11190 11198
11192 11198 11190
11196 11186 11199
11185 11199 11186
11188 11194 11191
11193 11191 11194
11178 11172 11177
11175 11177 11172
11170 11180 11169
11183 11169 11180
11182 11176 11168
11174 11168 11176
11179 11181 11173
11171 11173 11181
11157 11155 11163
11165 11163 11155
11152 11158 11166
11160 11166 11158
11164 11154 11167
11153 11167 11154
11156 11162 11159
11161 11159 11162
11146 11140 11145
11143 11145 11140
11138 11148 11137
11151 11137 11148
11150 11144 11136
11142 11136 11144
11147 11149 11141
11139 11141 11149
11128 11126 11131
11125 11131 11126
11120 11134 11123
11133 11123 11134
11129 11135 11127
11121 11127 11135
11132 11130 11122
11124 11122 11130
11114 11108 11113
11111 11113 11108
11106 11116 11105
11119 11105 11116
11118 11112 11104
11110 11104 11112
11115 11117 11109
11107 11109 11117
11090 11092 11100
11098 11100 11092
11095 11089 11097
11103 11097 11089
11102 11088 11101
11091 11101 11088
11094 11096 11093
11099 11093 11096
11077 11075 11083
11085 11083 11075
11072 11078 11086
11080 11086 11078
11084 11074 11087
11073 11087 11074
11076 11082 11079
11081 11079 11082
11064 11062 11067
11061 11067 11062
11056 11070 11059
11069 11059 11070
11065 11071 11063
11057 11063 11071
11068 11066 11058
11060 11058 11066
11050 11044 11049
11047 11049 11044
11042 11052 11041
11055 11041 11052
11054 11048 11040
11046 11040 11048
11051 11053 11045
11043 11045 11053
11022 11020 11032
11036 11032 11020
11017 11025 11039
11029 11039 11025
11035 11019 11038
11016 11038 11019
11023 11033 11026
11030 11026 11033
11024 11027 11021
11018 11021 11027
11028 11031 11037
11034 11037 11031
11001 10998 10992
10995 10992 10998
11009 11006 11012
11015 11012 11006
11008 11000 11005
11003 11005 11000
10996 11010 10993
11013 10993 11010
11014 11004 10994
11002 10994 11004
11007 11011 10999
10997 10999 11011
10980 10986 10978
10988 10978 10986
10985 10983 10991
10977 10991 10983
10989 10990 10979
10976 10979 10990
10984 10987 10982
10981 10982 10987
10971 10965 10973
10963 10973 10965
10966 10968 10960
10974 10960 10968
10975 10972 10961
10962 10961 10972
10970 10969 10964
10967 10964 10969
10950 10949 10952
10955 10952 10949
10947 10944 10957
10958 10957 10944
10951 10953 10945
10959 10945 10953
10954 10948 10956
10946 10956 10948
10932 10935 10938
10937 10938 10935
10929 10930 10943
10940 10943 10930
10936 10934 10942
10928 10942 10934
10933 10939 10931
10941 10931 10939
10920 10918 10923
10917 10923 10918
10912 10926 10915
10925 10915 10926
10921 10927 10919
10913 10919 10927
10924 10922 10914
10916 10914 10922
10906 10900 10905
10903 10905 10900
10898 10908 10897
10911 10897 10908
10910 10904 10896
10902 10896 10904
10907 10909 10901
10899 10901 10909
10882 10884 10892
10890 10892 10884
10887 10881 10889
10895 10889 10881
10894 10880 10893
10883 10893 10880
10886 10888 10885
10891 10885 10888
10869 10867 10875
10877 10875 10867
10864 10870 10878
10872 10878 10870
10876 10866 10879
10865 10879 10866
10868 10874 10871
10873 10871 10874
10856 10854 10859
10853 10859 10854
10848 10862 10851
10861 10851 10862
10857 10863 10855
10849 10855 10863
10860 10858 10850
10852 10850 10858
10842 10836 10841
10839 10841 10836
10834 10844 10833
10847 10833 10844
10846 10840 10832
10838 10832 10840
10843 10845 10837
10835 10837 10845
10826 10820 10825
10823 10825 10820
10818 10828 10817
10831 10817 10828
10830 10824 10816
10822 10816 10824
10827 10829 10821
10819 10821 10829
10805 10803 10811
10813 10811 10803
10800 10806 10814
10808 10814 10806
10812 10802 10815
10801 10815 10802
10804 10810 10807
10809 10807 10810
10792 10790 10795
10789 10795 10790
10784 10798 10787
10797 10787 10798
10793 10799 10791
10785 10791 10799
10796 10794 10786
10788 10786 10794
10778 10772 10777
10775 10777 10772
10770 10780 10769
10783 10769 10780
10782 10776 10768
10774 10768 10776
10779 10781 10773
10771 10773 10781
10754 10756 10764
10762 10764 10756
10759 10753 10761
10767 10761 10753
10766 10752 10765
10755 10765 10752
10758 10760 10757
10763 10757 10760
10741 10739 10747
10749 10747 10739
10736 10742 10750
10744 10750 10742
10748 10738 10751
10737 10751 10738
10740 10746 10743
10745 10743 10746
10728 10726 10731
10725 10731 10726
10720 10734 10723
10733 10723 10734
10729 10735 10727
10721 10727 10735
10732 10730 10722
10724 10722 10730
10714 10708 10713
10711 10713 10708
10706 10716 10705
10719 10705 10716
10718 10712 10704
10710 10704 10712
10715 10717 10709
10707 10709 10717
12136 12134 12139
12133 12139 12134
12128 12142 12131
12141 12131 12142
12137 12143 12135
12129 12135 12143
12140 12138 12130
12132 12130 12138
12114 12116 12124
12122 12124 12116
12119 12113 12121
12127 12121 12113
12126 12112 12125
12115 12125 12112
12118 12120 12117
12123 12117 12120
12104 12102 12107
12101 12107 12102
12096 12110 12099
12109 12099 12110
12105 12111 12103
12097 12103 12111
12108 12106 12098
12100 12098 12106
12082 12084 12092
12090 12092 12084
12087 12081 12089
12095 12089 12081
12094 12080 12093
12083 12093 12080
12086 12088 12085
12091 12085 12088
12072 12070 12075
12069 12075 12070
12064 12078 12067
12077 12067 12078
12073 12079 12071
12065 12071 12079
12076 12074 12066
12068 12066 12074
12050 12052 12060
12058 12060 12052
12055 12049 12057
12063 12057 12049
12062 12048 12061
12051 12061 12048
12054 12056 12053
12059 12053 12056
12040 12038 12043
12037 12043 12038
12032 12046 12035
12045 12035 12046
12041 12047 12039
12033 12039 12047
12044 12042 12034
12036 12034 12042
12018 12020 12028
12026 12028 12020
12023 12017 12025
12031 12025 12017
12030 12016 12029
12019 12029 12016
12022 12024 12021
12027 12021 12024
12008 12006 12011
12005 12011 12006
12000 12014 12003
12013 12003 12014
12009 12015 12007
12001 12007 12015
12012 12010 12002
12004 12002 12010
11994 11988 11993
11991 11993 11988
11986 11996 11985
11999 11985 11996
11998 11992 11984
11990 11984 11992
11995 11997 11989
11987 11989 11997
11973 11971 11979
11981 11979 11971
11968 11974 11982
11976 11982 11974
11980 11970 11983
11969 11983 11970
11972 11978 11975
11977 11975 11978
11962 11956 11961
11959 11961 11956
11954 11964 11953
11967 11953 11964
11966 11960 11952
11958 11952 11960
11963 11965 11957
11955 11957 11965
11941 11939 11947
11949 11947 11939
11936 11942 11950
11944 11950 11942
11948 11938 11951
11937 11951 11938
11940 11946 11943
11945 11943 11946
11930 11924 11929
11927 11929 11924
11922 11932 11921
11935 11921 11932
11934 11928 11920
11926 11920 11928
11931 11933 11925
11923 11925 11933
11909 11907 11915
11917 11915 11907
11904 11910 11918
11912 11918 11910
11916 11906 11919
11905 11919 11906
11908 11914 11911
11913 11911 11914
11898 11892 11897
11895 11897 11892
11890 11900 11889
11903 11889 11900
11902 11896 11888
11894 11888 11896
11899 11901 11893
11891 11893 11901
11877 11875 11883
11885 11883 11875
11872 11878 11886
11880 11886 11878
11884 11874 11887
11873 11887 11874
11876 11882 11879
11881 11879 11882
11866 11860 11865
11863 11865 11860
11858 11868 11857
11871 11857 11868
11870 11864 11856
11862 11856 11864
11867 11869 11861
11859 11861 11869
11848 11846 11851
11845 11851 11846
11840 11854 11843
11853 11843 11854
11849 11855 11847
11841 11847 11855
11852 11850 11842
11844 11842 11850
11834 11828 11833
11831 11833 11828
11826 11836 11825
11839 11825 11836
11838 11832 11824
11830 11824 11832
11835 11837 11829
11827 11829 11837
11810 11812 11820
11818 11820 11812
11815 11809 11817
11823 11817 11809
11822 11808 11821
11811 11821 11808
11814 11816 11813
11819 11813 11816
11797 11795 11803
11805 11803 11795
11792 11798 11806
11800 11806 11798
11804 11794 11807
11793 11807 11794
11796 11802 11799
11801 11799 11802
11784 11782 11787
11781 11787 11782
11776 11790 11779
11789 11779 11790
11785 11791 11783
11777 11783 11791
11788 11786 11778
11780 11778 11786
11770 11764 11769
11767 11769 11764
11762 11772 11761
11775 11761 11772
11774 11768 11760
11766 11760 11768
11771 11773 11765
11763 11765 11773
11742 11740 11752
11756 11752 11740
11737 11745 11759
11749 11759 11745
11755 11739 11758
11736 11758 11739
11743 11753 11746
11750 11746 11753
11744 11747 11741
11738 11741 11747
11748 11751 11757
11754 11757 11751
11721 11718 11712
11715 11712 11718
11729 11726 11732
11735 11732 11726
11728 11720 11725
11723 11725 11720
11716 11730 11713
11733 11713 11730
11734 11724 11714
11722 11714 11724
11727 11731 11719
11717 11719 11731
11700 11706 11698
11708 11698 11706
11705 11703 11711
11697 11711 11703
11709 11710 11699
11696 11699 11710
11704 11707 11702
11701 11702 11707
11691 11685 11693
11683 11693 11685
11686 11688 11680
11694 11680 11688
11695 11692 11681
11682 11681 11692
11690 11689 11684
11687 11684 11689
11670 11669 11672
11675 11672 11669
11667 11664 11677
11678 11677 11664
11671 11673 11665
11679 11665 11673
11674 11668 11676
11666 11676 11668
11652 11655 11658
11657 11658 11655
11649 11650 11663
11660 11663 11650
11656 11654 11662
11648 11662 11654
11653 11659 11651
11661 11651 11659
11640 11638 11643
11637 11643 11638
11632 11646 11635
11645 11635 11646
11641 11647 11639
11633 11639 11647
11644 11642 11634
11636 11634 11642
11626 11620 11625
11623 11625 11620
11618 11628 11617
11631 11617 11628
11630 11624 11616
11622 11616 11624
11627 11629 11621
11619 11621 11629
11602 11604 11612
11610 11612 11604
11607 11601 11609
11615 11609 11601
11614 11600 11613
11603 11613 11600
11606 11608 11605
11611 11605 11608
11589 11587 11595
11597 11595 11587
11584 11590 11598
11592 11598 11590
11596 11586 11599
11585 11599 11586
11588 11594 11591
11593 11591 11594
11576 11574 11579
11573 11579 11574
11568 11582 11571
11581 11571 11582
11577 11583 11575
11569 11575 11583
11580 11578 11570
11572 11570 11578
11562 11556 11561
11559 11561 11556
11554 11564 11553
11567 11553 11564
11566 11560 11552
11558 11552 11560
11563 11565 11557
11555 11557 11565
11546 11540 11545
11543 11545 11540
11538 11548 11537
11551 11537 11548
11550 11544 11536
11542 11536 11544
11547 11549 11541
11539 11541 11549
11525 11523 11531
11533 11531 11523
11520 11526 11534
11528 11534 11526
11532 11522 11535
11521 11535 11522
11524 11530 11527
11529 11527 11530
11512 11510 11515
11509 11515 11510
11504 11518 11507
11517 11507 11518
11513 11519 11511
11505 11511 11519
11516 11514 11506
11508 11506 11514
11498 11492 11497
11495 11497 11492
11490 11500 11489
11503 11489 11500
11502 11496 11488
11494 11488 11496
11499 11501 11493
11491 11493 11501
11474 11476 11484
11482 11484 11476
11479 11473 11481
11487 11481 11473
11486 11472 11485
11475 11485 11472
11478 11480 11477
11483 11477 11480
11461 11459 11467
11469 11467 11459
11456 11462 11470
11464 11470 11462
11468 11458 11471
11457 11471 11458
11460 11466 11463
11465 11463 11466
11448 11446 11451
11445 11451 11446
11440 11454 11443
11453 11443 11454
11449 11455 11447
11441 11447 11455
11452 11450 11442
11444 11442 11450
11434 11428 11433
11431 11433 11428
11426 11436 11425
11439 11425 11436
11438 11432 11424
11430 11424 11432
11435 11437 11429
11427 11429 11437
12162 12172 12164
12170 12164 12172
12175 12161 12169
12167 12169 12161
12163 12160 12173
12174 12173 12160
12166 12165 12168
12171 12168 12165
12152 12155 12150
12149 12150 12155
12157 12158 12147
12144 12147 12158
12145 12159 12151
12153 12151 12159
12156 12146 12154
12148 12154 12146
12203 12197 12205
12195 12205 12197
12198 12200 12192
12206 12192 12200
12207 12204 12193
12194 12193 12204
12202 12201 12196
12199 12196 12201
12180 12183 12186
12185 12186 12183
12177 12178 12191
12188 12191 12178
12184 12182 12190
12176 12190 12182
12181 12187 12179
12189 12179 12187
LABEL tractors
MATERIAL 4
TEXTURE 0
GEOM 1632 1456
16.65215 1.38527 -95.35252 0 0 1
16.65215 0.231491 -100.40053 0 0 -1
16.65215 1.38527 -100.40053 0 0 -1
18.55215 1.38527 -100.40053 0 0 -1
18.55215 1.38527 -95.35252 0 0 1
18.55215 0.231491 -100.40053 0 0 -1
16.65215 0.231491 -95.35252 0 0 1
18.55215 0.231491 -95.35252 0 0 1
16.38285 0.970333 -98.98222 0 0.866024 -0.500002
16.38285 1.04 -98.72221 0 1 -3.66783e-06
16.38285 0.970333 -98.4622 0 0.866025 0.5
16.63685 0.970333 -98.4622 0 0.866025 0.5
16.63685 0.519999 -98.20222 0 -4.58439e-07 1
16.38285 0.26 -98.27187 0 -0.499981 0.866037
16.63685 0.0696664 -98.4622 0 -0.866026 0.5
16.38285 -4.32316e-07 -98.72221 0 -1 -3.49404e-06
16.63685 -4.32316e-07 -98.72221 0 -1 -3.49404e-06
16.38285 0.0696663 -98.98222 0 -0.866024 -0.500003
16.63685 0.0696663 -98.98222 0 -0.866024 -0.500003
16.38285 0.26 -99.17255 0 -0.500004 -0.866023
16.38285 0.52 -99.24222 0 0 -1
16.63685 0.52 -99.24222 0 0 -1
16.38285 0.78 -99.17255 0 0.500005 -0.866023
16.63685 0.78 -99.17255 0 0.500005 -0.866023
16.63685 0.970333 -98.98222 0 0.866024 -0.500002
16.63685 1.04 -98.72221 0 1 -3.66783e-06
16.38285 0.779999 -98.27187 0 0.49998 0.866037
16.63685 0.779999 -98.27187 0 0.49998 0.866037
16.38285 0.519999 -98.20222 0 -4.58439e-07 1
16.63685 0.26 -98.27187 0 -0.499981 0.866037
16.38285 0.0696664 -98.4622 0 -0.866026 0.5
16.63685 0.26 -99.17255 0 -0.500004 -0.866023
16.63685 0.970333 -96.77083 0 0.866002 0.500041
16.63685 0.779999 -96.58053 0 0.500016 0.866016
16.63685 0.0696664 -96.77083 0 -0.866002 0.500041
16.38285 -4.32316e-07 -97.03082 0 -1 3.84181e-06
16.63685 -4.32316e-07 -97.03082 0 -1 3.84181e-06
16.63685 0.0696663 -97.29082 0 -0.866069 -0.499925
16.38285 0.26 -97.48122 0 -0.499975 -0.86604
16.63685 0.26 -97.48122 0 -0.499975 -0.86604
16.38285 0.52 -97.55083 0 9.14597e-18 -1
16.63685 0.52 -97.55083 0 0 -1
16.38285 0.78 -97.48122 0 0.499976 -0.866039
16.63685 0.78 -97.48122 0 0.499976 -0.866039
16.38285 0.970333 -97.29082 0 0.866069 -0.499924
16.63685 0.970333 -97.29082 0 0.866069 -0.499924
16.38285 1.04 -97.03082 0 1 3.66803e-06
16.63685 1.04 -97.03082 0 1 3.66803e-06
16.38285 0.970333 -96.77083 0 0.866002 0.500041
16.38285 0.779999 -96.58053 0 0.500016 0.866016
16.38285 0.519999 -96.51083 0 -4.587e-07 1
16.63685 0.519999 -96.51083 0 -4.587e-07 1
16.38285 0.26 -96.58053 0 -0.500017 0.866016
16.63685 0.26 -96.58053 0 -0.500017 0.866016
16.38285 0.0696664 -96.77083 0 -0.866002 0.500041
16.38285 0.0696663 -97.29082 0 -0.866069 -0.499925
16.63685 0.78 -100.27171 0 0.500002 -0.866025
16.65215 1.38527 -132.1691 -1 0 0
16.38285 0.970333 -99.56136 0 0.866023 0.500003
16.63685 0.970333 -99.56136 0 0.866023 0.500003
18.55215 0.231491 -132.1691 1 0 0
18.55215 1.38527 -127.1211 1 0 0
16.65215 1.38527 -127.1211 -1 0 0
16.63685 0.519999 -99.30138 0 -4.58439e-07 1
16.38285 0.26 -99.37103 0 -0.499981 0.866037
18.55215 1.38527 -132.1691 1 0 0
16.65215 0.231491 -127.1211 -1 0 0
18.55215 0.231491 -127.1211 1 0 0
16.38285 -4.32316e-07 -99.82137 0 -1 1.73786e-07
16.65215 0.231491 -132.1691 -1 0 0
16.38285 0.0696663 -100.08137 0 -0.866029 -0.499994
16.63685 0.0696663 -100.08137 0 -0.866029 -0.499994
16.38285 0.26 -100.27171 0 -0.500001 -0.866025
16.63685 0.26 -100.27171 0 -0.500001 -0.866025
16.63685 0.970333 -130.75079 1 0 0
16.63685 0.779999 -130.0405 1 0 0
16.38285 0.78 -100.27171 0 0.500002 -0.866025
16.63685 0.26 -130.9411 1 0 0
16.38285 0.970333 -100.08137 0 0.866029 -0.499994
16.63685 0.970333 -100.08137 0 0.866029 -0.499994
16.38285 1.04 -99.82137 0 1 -9.14653e-18
16.63685 1.04 -99.82137 0 1 9.14653e-18
16.63685 0.78 -130.9411 1 0 0
16.63685 1.04 -130.4908 1 0 0
16.38285 0.779999 -99.37103 0 0.49998 0.866037
16.63685 0.779999 -99.37103 0 0.49998 0.866037
16.38285 0.519999 -99.30138 0 -4.58439e-07 1
16.63685 0.970333 -130.2308 1 0 0
16.63685 0.519999 -129.97079 1 0 0
16.63685 0.26 -99.37103 0 -0.499981 0.866037
16.38285 0.0696664 -99.56136 0 -0.866024 0.500003
16.63685 0.0696664 -99.56136 0 -0.866024 0.500003
16.63685 0.26 -130.0405 1 0 0
16.63685 -4.32316e-07 -99.82137 0 -1 1.73786e-07
16.63685 0.0696664 -130.2308 1 0 0
16.63685 -4.32316e-07 -130.4908 1 0 0
16.63685 0.0696663 -130.75079 1 0 0
16.63685 0.52 -131.0108 1 0 0
16.38285 0.52 -100.34137 0 0 -1
16.63685 0.52 -100.34137 0 0 -1
16.63685 0.970333 -128.5394 1 0 0
16.63685 0.779999 -128.34909 1 0 0
16.63685 0.519999 -128.2794 1 0 0
16.63685 0.26 -128.34909 1 0 0
16.38285 1.04 -95.93172 0 1 -9.14653e-18
16.63685 1.04 -95.93172 0 1 9.14653e-18
16.38285 0.970333 -95.67172 0 0.865998 0.500047
16.63685 0.970333 -95.67172 0 0.865998 0.500047
16.63685 0.26 -129.2498 1 0 0
16.63685 0.779999 -95.48143 0 0.500008 0.866021
16.38285 0.519999 -95.41173 0 -4.587e-07 1
16.63685 0.52 -129.3194 1 0 0
16.38285 0.26 -95.48143 0 -0.500008 0.866021
16.63685 0.26 -95.48143 0 -0.500008 0.866021
16.38285 0.0696664 -95.67172 0 -0.865999 0.500046
16.63685 0.78 -129.2498 1 0 0
16.38285 -4.32316e-07 -95.93172 0 -1 1.73786e-07
16.63685 -4.32316e-07 -95.93172 0 -1 1.73786e-07
16.38285 0.0696663 -96.19173 0 -0.866004 -0.500037
16.63685 0.970333 -129.0594 1 0 0
16.63685 1.04 -128.79941 1 0 0
16.63685 0.0696664 -128.5394 1 0 0
16.38285 0.52 -96.45173 0 -9.14685e-18 -1
16.63685 0.52 -96.45173 0 0 -1
16.38285 0.78 -96.38203 0 0.500017 -0.866015
16.63685 0.78 -96.38203 0 0.500017 -0.866015
16.38285 0.970333 -96.19173 0 0.866004 -0.500037
16.63685 0.970333 -96.19173 0 0.866004 -0.500037
16.63685 -4.32316e-07 -128.79941 1 0 0
16.63685 0.0696663 -129.0594 1 0 0
16.63685 0.970333 -131.8499 1 0 0
16.63685 0.970333 -131.3299 1 0 0
16.38285 0.779999 -95.48143 0 0.500008 0.866021
16.63685 0.519999 -131.07001 1 0 0
16.63685 0.0696664 -131.3299 1 0 0
16.63685 0.519999 -95.41173 0 -4.587e-07 1
16.63685 -4.32316e-07 -131.5899 1 0 0
16.63685 0.0696663 -131.85001 1 0 0
16.63685 0.26 -132.0403 1 0 0
16.63685 0.0696664 -95.67172 0 -0.865999 0.500046
16.63685 0.52 -132.10989 1 0 0
16.63685 0.78 -132.0403 1 0 0
16.63685 1.04 -131.5899 1 0 0
16.63685 0.0696663 -96.19173 0 -0.866004 -0.500037
16.38285 0.26 -96.38203 0 -0.500017 -0.866016
16.63685 0.26 -96.38203 0 -0.500017 -0.866016
16.63685 0.779999 -131.1396 1 0 0
16.63685 0.26 -131.1396 1 0 0
16.63685 0.78 -128.1506 1 0 0
16.63685 1.04 -127.7003 1 0 0
16.63685 0.970333 -127.4403 1 0 0
16.63685 0.779999 -127.2499 1 0 0
16.63685 0.519999 -127.1803 1 0 0
16.63685 0.0696664 -127.4403 1 0 0
16.63685 -4.32316e-07 -127.7003 1 0 0
16.63685 0.0696663 -127.9603 1 0 0
16.63685 0.26 -128.1506 1 0 0
16.63685 0.52 -128.22031 1 0 0
16.63685 0.970333 -127.9603 1 0 0
16.63685 0.26 -127.2499 1 0 0
18.56755 -4.32316e-07 -127.7003 -1 0 0
18.56755 0.0696664 -127.4403 -1 0 0
18.56755 0.26 -127.2499 -1 0 0
18.56755 0.519999 -127.1803 -1 0 0
18.56755 0.970333 -127.4403 -1 0 0
18.56755 0.970333 -127.9603 -1 0 0
18.56755 0.78 -128.1506 -1 0 0
18.56755 0.52 -128.22031 -1 0 0
18.56755 0.26 -128.1506 -1 0 0
18.56755 0.0696663 -127.9603 -1 0 0
18.56755 0.779999 -127.2499 -1 0 0
18.56755 1.04 -127.7003 -1 0 0
18.56755 0.0696663 -131.85001 -1 0 0
18.56755 0.26 -131.1396 -1 0 0
18.56755 0.779999 -131.1396 -1 0 0
18.56755 0.970333 -131.3299 -1 0 0
18.56755 1.04 -131.5899 -1 0 0
18.56755 0.970333 -131.8499 -1 0 0
18.56755 0.78 -132.0403 -1 0 0
18.56755 0.52 -132.10989 -1 0 0
-18.55215 1.38527 -127.1211 0 0 1
-18.55215 0.231491 -132.1691 0 0 -1
18.56755 0.26 -132.0403 -1 0 0
-16.65215 0.231491 -132.1691 0 0 -1
-16.65215 1.38527 -132.1691 0 0 -1
-16.65215 1.38527 -127.1211 0 0 1
18.56755 -4.32316e-07 -131.5899 -1 0 0
-16.65215 0.231491 -127.1211 0 0 1
-18.55215 0.231491 -127.1211 0 0 1
18.56755 0.0696664 -131.3299 -1 0 0
18.56755 0.519999 -131.07001 -1 0 0
18.56755 0.52 -129.3194 -1 0 0
18.56755 0.26 -129.2498 -1 0 0
18.56755 0.0696663 -129.0594 -1 0 0
18.56755 -4.32316e-07 -128.79941 -1 0 0
18.56755 0.0696664 -128.5394 -1 0 0
18.56755 0.519999 -128.2794 -1 0 0
-18.55215 1.38527 -132.1691 0 0 -1
18.56755 0.970333 -128.5394 -1 0 0
18.56755 1.04 -128.79941 -1 0 0
18.56755 0.78 -129.2498 -1 0 0
18.56755 0.26 -128.34909 -1 0 0
-18.56754 0.78 -130.9411 0 0.500026 -0.86601
18.56755 0.779999 -128.34909 -1 0 0
18.56755 0.970333 -129.0594 -1 0 0
18.56755 0.26 -130.9411 -1 0 0
-18.56754 1.04 -130.4908 0 1 2.74396e-17
-18.82154 0.970333 -130.2308 0 0.866007 0.500033
-18.56754 0.970333 -130.2308 0 0.866007 0.500033
18.56755 -4.32316e-07 -130.4908 -1 0 0
-18.56754 0.779999 -130.0405 0 0.500025 0.866011
18.56755 0.779999 -130.0405 -1 0 0
18.56755 0.970333 -130.2308 -1 0 0
18.56755 0.970333 -130.75079 -1 0 0
-18.56754 0.26 -130.0405 0 -0.500026 0.866011
-18.82154 0.0696664 -130.2308 0 -0.866007 0.500032
-18.56754 0.0696664 -130.2308 0 -0.866007 0.500032
-18.82154 -4.32316e-07 -130.4908 0 -1 1.7379e-07
18.56755 0.52 -131.0108 -1 0 0
18.56755 0.0696663 -130.75079 -1 0 0
18.56755 0.0696664 -130.2308 -1 0 0
18.56755 0.26 -130.0405 -1 0 0
-18.56754 0.26 -130.9411 0 -0.500025 -0.866011
-18.82154 0.52 -131.0108 0 -9.14685e-18 -1
18.56755 0.519999 -129.97079 -1 0 0
-18.82154 0.78 -130.9411 0 0.500026 -0.86601
18.56755 1.04 -130.4908 -1 0 0
-18.82154 0.970333 -130.75079 0 0.866007 -0.500031
-18.56754 0.970333 -130.75079 0 0.866007 -0.500031
-18.82154 1.04 -130.4908 0 1 -2.74396e-17
18.56755 0.78 -130.9411 -1 0 0
18.56755 1.04 -98.72221 -1 0 0
18.56755 0.970333 -98.4622 -1 0 0
-18.82154 0.779999 -130.0405 0 0.500025 0.866011
18.56755 0.779999 -98.27187 -1 0 0
-18.82154 0.519999 -129.97079 0 -4.587e-07 1
-18.56754 0.519999 -129.97079 0 -4.587e-07 1
-18.82154 0.26 -130.0405 0 -0.500026 0.866011
18.56755 0.519999 -98.20222 -1 0 0
18.56755 -4.32316e-07 -98.72221 -1 0 0
18.56755 0.52 -99.24222 -1 0 0
18.56755 0.78 -99.17255 -1 0 0
-18.56754 -4.32316e-07 -130.4908 0 -1 1.7379e-07
-18.82154 0.0696663 -130.75079 0 -0.866007 -0.500032
-18.56754 0.0696663 -130.75079 0 -0.866007 -0.500032
-18.82154 0.26 -130.9411 0 -0.500025 -0.866011
18.56755 0.970333 -98.98222 -1 0 0
18.56755 0.26 -98.27187 -1 0 0
-18.56754 0.52 -131.0108 0 0 -1
18.56755 0.0696664 -98.4622 -1 0 0
18.56755 0.0696663 -98.98222 -1 0 0
-18.82154 0.970333 -129.0594 0 0.866067 -0.499927
-18.56754 0.970333 -129.0594 0 0.866067 -0.499927
-18.82154 1.04 -128.79941 0 1 -7.33586e-06
-18.56754 1.04 -128.79941 0 1 -7.33586e-06
18.56755 0.26 -99.17255 -1 0 0
18.56755 0.78 -97.48122 -1 0 0
18.56755 1.04 -97.03082 -1 0 0
18.56755 0.970333 -96.77083 -1 0 0
18.56755 0.26 -96.58053 -1 0 0
18.56755 0.0696664 -96.77083 -1 0 0
18.56755 -4.32316e-07 -97.03082 -1 0 0
18.56755 0.0696663 -97.29082 -1 0 0
-18.82154 0.0696664 -128.5394 0 -0.866011 0.500026
-18.56754 0.0696664 -128.5394 0 -0.866011 0.500026
18.56755 0.970333 -97.29082 -1 0 0
-18.56754 -4.32316e-07 -128.79941 0 -1 -7.16206e-06
18.56755 0.779999 -96.58053 -1 0 0
18.56755 0.519999 -96.51083 -1 0 0
18.56755 0.26 -97.48122 -1 0 0
-18.56754 0.26 -129.2498 0 -0.499963 -0.866047
-18.82154 0.52 -129.3194 0 0 -1
18.56755 0.52 -97.55083 -1 0 0
-18.82154 0.78 -129.2498 0 0.499964 -0.866046
-18.56754 0.78 -129.2498 0 0.499964 -0.866046
18.56755 0.78 -100.27171 -1 0 0
18.56755 0.779999 -99.37103 -1 0 0
18.56755 0.0696664 -99.56136 -1 0 0
18.56755 0.0696663 -100.08137 -1 0 0
-18.82154 0.970333 -128.5394 0 0.86601 0.500026
-18.56754 0.970333 -128.5394 0 0.86601 0.500026
-18.82154 0.779999 -128.34909 0 0.500001 0.866025
-18.56754 0.779999 -128.34909 0 0.500001 0.866025
-18.82154 0.519999 -128.2794 0 -4.58613e-07 1
-18.56754 0.519999 -128.2794 0 -4.58613e-07 1
-18.82154 0.26 -128.34909 0 -0.500002 0.866024
-18.56754 0.26 -128.34909 0 -0.500002 0.866024
18.56755 0.970333 -100.08137 -1 0 0
18.56755 1.04 -99.82137 -1 0 0
-18.82154 -4.32316e-07 -128.79941 0 -1 -7.16206e-06
18.56755 0.970333 -99.56136 -1 0 0
-18.82154 0.0696663 -129.0594 0 -0.866067 -0.499928
-18.56754 0.0696663 -129.0594 0 -0.866067 -0.499928
-18.82154 0.26 -129.2498 0 -0.499963 -0.866047
18.56755 0.519999 -99.30138 -1 0 0
18.56755 0.26 -99.37103 -1 0 0
-18.56754 0.52 -129.3194 0 0 -1
-18.82154 0.78 -132.0403 0 0.499964 -0.866046
-18.56754 0.78 -132.0403 0 0.499964 -0.866046
-18.82154 0.970333 -131.8499 0 0.866067 -0.499927
18.56755 -4.32316e-07 -99.82137 -1 0 0
18.56755 0.26 -100.27171 -1 0 0
18.56755 0.52 -100.34137 -1 0 0
18.56755 1.04 -95.93172 -1 0 0
18.56755 0.779999 -95.48143 -1 0 0
-18.82154 0.779999 -131.1396 0 0.499842 0.866117
-18.56754 0.779999 -131.1396 0 0.499842 0.866117
18.56755 0.26 -95.48143 -1 0 0
18.56755 0.0696664 -95.67172 -1 0 0
-18.82154 0.26 -131.1396 0 -0.499842 0.866116
18.56755 0.0696663 -96.19173 -1 0 0
-18.82154 0.0696664 -131.3299 0 -0.866001 0.500043
-18.56754 0.0696664 -131.3299 0 -0.866001 0.500043
-18.82154 -4.32316e-07 -131.5899 0 -1 4.4172e-05
18.56755 0.26 -96.38203 -1 0 0
-18.82154 0.0696663 -131.85001 0 -0.866023 -0.500005
-18.56754 0.0696663 -131.85001 0 -0.866023 -0.500005
-18.82154 0.26 -132.0403 0 -0.499842 -0.866117
18.56755 0.78 -96.38203 -1 0 0
-18.82154 0.52 -132.10989 0 0 -1
-18.56754 0.52 -132.10989 0 0 -1
18.56755 0.970333 -96.19173 -1 0 0
18.56755 0.970333 -95.67172 -1 0 0
18.56755 0.519999 -95.41173 -1 0 0
-18.56754 0.970333 -131.8499 0 0.866067 -0.499927
-18.82154 1.04 -131.5899 0 1 -7.33586e-06
-18.56754 1.04 -131.5899 0 1 -7.33586e-06
-18.82154 0.970333 -131.3299 0 0.866 0.500044
-18.56754 0.970333 -131.3299 0 0.866 0.500044
18.56755 -4.32316e-07 -95.93172 -1 0 0
18.56755 0.52 -96.45173 -1 0 0
-18.82154 0.519999 -131.07001 0 -4.58092e-07 1
-18.56754 0.519999 -131.07001 0 -4.58092e-07 1
-16.65215 1.38527 -100.40053 1 0 0
-18.56754 0.26 -131.1396 0 -0.499842 0.866116
-18.55215 1.38527 -95.35252 -1 0 0
-18.55215 1.38527 -100.40053 -1 0 0
-16.65215 0.231491 -95.35252 1 0 0
-18.56754 -4.32316e-07 -131.5899 0 -1 4.4172e-05
-18.55215 0.231491 -95.35252 -1 0 0
-16.65215 0.231491 -100.40053 1 0 0
-18.55215 0.231491 -100.40053 -1 0 0
-18.56754 0.26 -132.0403 0 -0.499842 -0.866117
-16.65215 1.38527 -95.35252 1 0 0
-18.56754 0.970333 -98.98222 1 0 0
-18.82154 0.78 -128.1506 0 0.500017 -0.866015
-18.56754 0.78 -128.1506 0 0.500017 -0.866015
-18.82154 0.970333 -127.9603 0 0.866004 -0.500037
-18.56754 0.970333 -127.9603 0 0.866004 -0.500037
-18.82154 1.04 -127.7003 0 1 -9.14653e-18
-18.56754 0.970333 -98.4622 1 0 0
-18.82154 0.970333 -127.4403 0 0.866069 0.499925
-18.56754 0.970333 -127.4403 0 0.866069 0.499925
-18.82154 0.779999 -127.2499 0 0.499975 0.86604
-18.56754 0.779999 -98.27187 1 0 0
-18.82154 0.519999 -127.1803 0 -4.58135e-07 1
-18.56754 0.519999 -127.1803 0 -4.58135e-07 1
-18.56754 0.519999 -98.20222 1 0 0
-18.56754 0.26 -98.27187 1 0 0
-18.56754 0.0696664 -98.4622 1 0 0
-18.56754 0.0696664 -127.4403 0 -0.866069 0.499925
-18.56754 -4.32316e-07 -98.72221 1 0 0
-18.56754 0.0696663 -98.98222 1 0 0
-18.56754 0.78 -99.17255 1 0 0
-18.56754 1.04 -98.72221 1 0 0
-18.56754 0.26 -99.17255 1 0 0
-18.56754 0.52 -99.24222 1 0 0
-18.82154 0.52 -128.22031 0 -9.14685e-18 -1
-18.56754 0.78 -97.48122 1 0 0
-18.56754 1.04 -97.03082 1 0 0
-18.56754 0.970333 -96.77083 1 0 0
-18.56754 0.779999 -96.58053 1 0 0
-18.56754 0.26 -96.58053 1 0 0
-18.56754 -4.32316e-07 -97.03082 1 0 0
-18.56754 1.04 -127.7003 0 1 9.14653e-18
-18.56754 0.0696663 -97.29082 1 0 0
-18.56754 0.26 -97.48122 1 0 0
-18.56754 0.52 -97.55083 1 0 0
-18.56754 0.779999 -127.2499 0 0.499975 0.86604
-18.56754 0.970333 -97.29082 1 0 0
-18.56754 0.519999 -96.51083 1 0 0
-18.82154 0.26 -127.2499 0 -0.499976 0.866039
-18.56754 0.26 -127.2499 0 -0.499976 0.866039
-18.82154 0.0696664 -127.4403 0 -0.866069 0.499925
-18.56754 0.0696664 -96.77083 1 0 0
-18.82154 -4.32316e-07 -127.7003 0 -1 1.73786e-07
-18.56754 -4.32316e-07 -127.7003 0 -1 1.73786e-07
-18.82154 0.0696663 -127.9603 0 -0.866004 -0.500037
-18.56754 0.0696663 -127.9603 0 -0.866004 -0.500037
-18.82154 0.26 -128.1506 0 -0.500017 -0.866016
-18.56754 0.26 -128.1506 0 -0.500017 -0.866016
-18.56754 0.26 -99.37103 1 0 0
-18.56754 0.52 -128.22031 0 0 -1
-18.56754 0.0696664 -99.56136 1 0 0
-18.56754 0.0696663 -100.08137 1 0 0
-18.56754 0.78 -100.27171 1 0 0
-18.56754 0.970333 -100.08137 1 0 0
-18.56754 1.04 -99.82137 1 0 0
-18.56754 0.970333 -99.56136 1 0 0
-18.56754 0.779999 -99.37103 1 0 0
-18.56754 0.519999 -99.30138 1 0 0
-18.56754 -4.32316e-07 -99.82137 1 0 0
-18.56754 0.26 -100.27171 1 0 0
-18.56754 0.52 -100.34137 1 0 0
-18.56754 0.78 -96.38203 1 0 0
-18.56754 0.970333 -96.19173 1 0 0
-18.56754 0.519999 -95.41173 1 0 0
-18.56754 0.0696664 -95.67172 1 0 0
-18.56754 -4.32316e-07 -95.93172 1 0 0
-18.56754 0.0696663 -96.19173 1 0 0
-18.56754 1.04 -95.93172 1 0 0
-18.56754 0.970333 -95.67172 1 0 0
-18.56754 0.779999 -95.48143 1 0 0
-18.56754 0.26 -95.48143 1 0 0
-18.56754 0.26 -96.38203 1 0 0
-18.56754 0.52 -96.45173 1 0 0
-16.63684 0.52 -96.45173 -1 0 0
-16.63684 -4.32316e-07 -95.93172 -1 0 0
-16.63684 0.0696664 -95.67172 -1 0 0
-16.63684 0.26 -95.48143 -1 0 0
-16.63684 0.78 -96.38203 -1 0 0
-16.63684 0.26 -96.38203 -1 0 0
-16.38284 0.52 -128.22031 0 9.14685e-18 -1
-16.63684 0.0696663 -96.19173 -1 0 0
-16.63684 0.519999 -95.41173 -1 0 0
-16.63684 0.26 -128.1506 0 -0.500017 -0.866016
-16.63684 0.779999 -95.48143 -1 0 0
-16.63684 0.0696663 -127.9603 0 -0.866004 -0.500037
-16.38284 -4.32316e-07 -127.7003 0 -1 1.73786e-07
-16.63684 -4.32316e-07 -127.7003 0 -1 1.73786e-07
-16.38284 0.0696664 -127.4403 0 -0.866069 0.499925
-16.63684 0.970333 -95.67172 -1 0 0
-16.38284 0.26 -127.2499 0 -0.499976 0.866039
-16.63684 0.26 -127.2499 0 -0.499976 0.866039
-16.63684 1.04 -95.93172 -1 0 0
-16.63684 0.970333 -96.19173 -1 0 0
-16.63684 0.26 -100.27171 -1 0 0
-16.63684 0.0696663 -100.08137 -1 0 0
-16.63684 -4.32316e-07 -99.82137 -1 0 0
-16.63684 0.0696664 -99.56136 -1 0 0
-16.63684 0.970333 -99.56136 -1 0 0
-16.63684 0.52 -100.34137 -1 0 0
-16.63684 0.26 -99.37103 -1 0 0
-16.63684 0.519999 -99.30138 -1 0 0
-16.38284 0.78 -128.1506 0 0.500017 -0.866015
-16.63684 0.779999 -99.37103 -1 0 0
-16.63684 1.04 -99.82137 -1 0 0
-16.63684 0.52 -128.22031 0 0 -1
-16.38284 0.26 -128.1506 0 -0.500017 -0.866016
-16.63684 0.970333 -100.08137 -1 0 0
-16.38284 0.0696663 -127.9603 0 -0.866004 -0.500037
-16.63684 0.78 -100.27171 -1 0 0
-16.63684 0.52 -97.55083 -1 0 0
-16.63684 0.26 -97.48122 -1 0 0
-16.63684 -4.32316e-07 -97.03082 -1 0 0
-16.63684 0.0696664 -127.4403 0 -0.866069 0.499925
-16.63684 0.0696664 -96.77083 -1 0 0
-16.63684 0.779999 -96.58053 -1 0 0
-16.38284 0.519999 -127.1803 0 -4.58135e-07 1
-16.63684 0.519999 -127.1803 0 -4.58135e-07 1
-16.38284 0.779999 -127.2499 0 0.499975 0.86604
-16.63684 0.779999 -127.2499 0 0.499975 0.86604
-16.38284 0.970333 -127.4403 0 0.866069 0.499925
-16.63684 0.970333 -127.4403 0 0.866069 0.499925
-16.38284 1.04 -127.7003 0 1 1.82931e-17
-16.63684 1.04 -127.7003 0 1 -9.14653e-18
-16.38284 0.970333 -127.9603 0 0.866004 -0.500037
-16.63684 0.970333 -127.9603 0 0.866004 -0.500037
-16.63684 1.04 -97.03082 -1 0 0
-16.63684 0.78 -128.1506 0 0.500017 -0.866015
-16.38284 0.52 -132.10989 0 0 -1
-16.63684 0.52 -132.10989 0 0 -1
-16.63684 0.970333 -97.29082 -1 0 0
-16.63684 0.0696663 -97.29082 -1 0 0
-16.63684 0.26 -96.58053 -1 0 0
-16.63684 0.0696663 -131.85001 0 -0.866023 -0.500005
-16.63684 0.519999 -96.51083 -1 0 0
-16.63684 -4.32316e-07 -131.5899 0 -1 4.4172e-05
-16.38284 0.0696664 -131.3299 0 -0.866001 0.500043
-16.63684 0.970333 -96.77083 -1 0 0
-16.38284 0.26 -131.1396 0 -0.499842 0.866116
-16.63684 0.78 -97.48122 -1 0 0
-16.63684 0.779999 -98.27187 -1 0 0
-16.63684 0.519999 -131.07001 0 -4.58092e-07 1
-16.38284 0.779999 -131.1396 0 0.499842 0.866117
-16.63684 1.04 -98.72221 -1 0 0
-16.38284 0.970333 -131.3299 0 0.866 0.500044
-16.63684 0.970333 -131.3299 0 0.866 0.500044
-16.63684 0.78 -99.17255 -1 0 0
-16.63684 1.04 -131.5899 0 1 -7.33586e-06
-16.63684 0.52 -99.24222 -1 0 0
-16.63684 0.26 -99.17255 -1 0 0
-16.63684 0.0696663 -98.98222 -1 0 0
-16.63684 0.78 -132.0403 0 0.499964 -0.866046
-16.63684 -4.32316e-07 -98.72221 -1 0 0
-16.63684 0.0696664 -98.4622 -1 0 0
-16.38284 0.26 -132.0403 0 -0.499842 -0.866117
-16.63684 0.26 -132.0403 0 -0.499842 -0.866117
-16.38284 0.0696663 -131.85001 0 -0.866023 -0.500005
-16.63684 0.26 -98.27187 -1 0 0
-16.38284 -4.32316e-07 -131.5899 0 -1 4.4172e-05
-16.63684 0.519999 -98.20222 -1 0 0
-16.63684 0.970333 -98.4622 -1 0 0
-16.63684 0.0696664 -131.3299 0 -0.866001 0.500043
-16.63684 0.970333 -98.98222 -1 0 0
-16.63684 0.26 -131.1396 0 -0.499842 0.866116
-16.38284 0.519999 -131.07001 0 -4.58092e-07 1
-16.63684 0.970333 -130.75079 -1 0 0
-16.63684 1.04 -130.4908 -1 0 0
-16.63684 0.779999 -131.1396 0 0.499842 0.866117
-16.63684 0.970333 -130.2308 -1 0 0
-16.63684 0.26 -130.0405 -1 0 0
-16.38284 1.04 -131.5899 0 1 -7.33586e-06
-16.63684 0.0696664 -130.2308 -1 0 0
-16.38284 0.970333 -131.8499 0 0.866067 -0.499927
-16.63684 0.970333 -131.8499 0 0.866067 -0.499927
-16.38284 0.78 -132.0403 0 0.499964 -0.866046
-16.63684 0.0696663 -130.75079 -1 0 0
-16.38284 0.52 -129.3194 0 0 -1
-16.63684 0.52 -129.3194 0 0 -1
-16.63684 0.26 -130.9411 -1 0 0
-16.63684 0.26 -129.2498 0 -0.499963 -0.866047
-16.38284 0.0696663 -129.0594 0 -0.866067 -0.499928
-16.63684 0.78 -130.9411 -1 0 0
-16.38284 -4.32316e-07 -128.79941 0 -1 -7.16206e-06
-16.63684 -4.32316e-07 -128.79941 0 -1 -7.16206e-06
-16.38284 0.0696664 -128.5394 0 -0.866011 0.500026
-16.63684 0.0696664 -128.5394 0 -0.866011 0.500026
-16.63684 0.779999 -130.0405 -1 0 0
-16.63684 0.519999 -129.97079 -1 0 0
-16.63684 -4.32316e-07 -130.4908 -1 0 0
-16.63684 0.519999 -128.2794 0 -4.58613e-07 1
-16.38284 0.779999 -128.34909 0 0.500001 0.866025
-16.63684 0.52 -131.0108 -1 0 0
-16.63684 0.78 -129.2498 -1 0 0
-16.63684 0.970333 -128.5394 -1 0 0
-16.63684 0.779999 -128.34909 -1 0 0
-16.63684 1.04 -128.79941 0 1 -7.33586e-06
-16.38284 0.970333 -129.0594 0 0.866067 -0.499927
-16.63684 0.970333 -129.0594 0 0.866067 -0.499927
-16.63684 0.26 -128.34909 -1 0 0
-16.63684 0.0696663 -129.0594 -1 0 0
-16.63684 0.970333 -129.0594 -1 0 0
-16.63684 1.04 -128.79941 -1 0 0
-16.38284 0.26 -129.2498 0 -0.499963 -0.866047
-16.63684 0.519999 -128.2794 -1 0 0
-16.63684 0.0696664 -128.5394 -1 0 0
-16.63684 0.0696663 -129.0594 0 -0.866067 -0.499928
-16.63684 -4.32316e-07 -128.79941 -1 0 0
-16.63684 0.26 -129.2498 -1 0 0
-16.63684 0.52 -129.3194 -1 0 0
-16.63684 0.970333 -131.8499 -1 0 0
-16.38284 0.26 -128.34909 0 -0.500002 0.866024
-16.63684 0.26 -128.34909 0 -0.500002 0.866024
-16.38284 0.519999 -128.2794 0 -4.58613e-07 1
-16.63684 0.779999 -131.1396 -1 0 0
-16.63684 0.26 -131.1396 -1 0 0
-16.63684 0.779999 -128.34909 0 0.500001 0.866025
-16.38284 0.970333 -128.5394 0 0.86601 0.500026
-16.63684 0.970333 -128.5394 0 0.86601 0.500026
-16.38284 1.04 -128.79941 0 1 -7.33586e-06
-16.63684 0.0696664 -131.3299 -1 0 0
-16.63684 0.26 -132.0403 -1 0 0
-16.63684 0.78 -132.0403 -1 0 0
-16.38284 0.78 -129.2498 0 0.499964 -0.866046
-16.63684 0.78 -129.2498 0 0.499964 -0.866046
-16.38284 0.52 -131.0108 0 9.14685e-18 -1
-16.63684 0.52 -131.0108 0 0 -1
-16.38284 0.26 -130.9411 0 -0.500025 -0.866011
-16.63684 1.04 -131.5899 -1 0 0
-16.38284 0.0696663 -130.75079 0 -0.866007 -0.500032
-16.63684 0.970333 -131.3299 -1 0 0
-16.63684 0.519999 -131.07001 -1 0 0
-16.63684 -4.32316e-07 -130.4908 0 -1 1.7379e-07
-16.63684 -4.32316e-07 -131.5899 -1 0 0
-16.63684 0.0696663 -131.85001 -1 0 0
-16.38284 0.26 -130.0405 0 -0.500026 0.866011
-16.63684 0.52 -132.10989 -1 0 0
-16.38284 0.519999 -129.97079 0 -4.587e-07 1
-16.63684 0.519999 -129.97079 0 -4.587e-07 1
-16.63684 0.78 -128.1506 -1 0 0
-16.63684 0.779999 -130.0405 0 0.500025 0.866011
-16.63684 0.970333 -127.9603 -1 0 0
-16.63684 1.04 -127.7003 -1 0 0
-16.38284 1.04 -130.4908 0 1 1.82931e-17
-16.63684 0.970333 -127.4403 -1 0 0
-16.63684 0.779999 -127.2499 -1 0 0
-16.63684 0.519999 -127.1803 -1 0 0
-16.63684 0.0696664 -127.4403 -1 0 0
-16.63684 0.78 -130.9411 0 0.500026 -0.86601
-16.63684 0.52 -128.22031 -1 0 0
-16.63684 0.26 -127.2499 -1 0 0
-16.63684 -4.32316e-07 -127.7003 -1 0 0
-16.63684 0.26 -130.9411 0 -0.500025 -0.866011
-16.63684 0.0696663 -127.9603 -1 0 0
-16.63684 0.0696663 -130.75079 0 -0.866007 -0.500032
-16.38284 -4.32316e-07 -130.4908 0 -1 1.7379e-07
-16.63684 0.26 -128.1506 -1 0 0
-16.38284 0.0696664 -130.2308 0 -0.866007 0.500032
-16.63684 0.0696664 -130.2308 0 -0.866007 0.500032
-18.56754 0.52 -128.22031 1 0 0
-16.63684 0.26 -130.0405 0 -0.500026 0.866011
-18.56754 0.26 -128.1506 1 0 0
-18.56754 0.0696663 -127.9603 1 0 0
-16.38284 0.779999 -130.0405 0 0.500025 0.866011
-18.56754 -4.32316e-07 -127.7003 1 0 0
-16.38284 0.970333 -130.2308 0 0.866007 0.500033
-16.63684 0.970333 -130.2308 0 0.866007 0.500033
-18.56754 0.26 -127.2499 1 0 0
-16.63684 1.04 -130.4908 0 1 -2.74396e-17
-16.38284 0.970333 -130.75079 0 0.866007 -0.500031
-16.63684 0.970333 -130.75079 0 0.866007 -0.500031
-16.38284 0.78 -130.9411 0 0.500026 -0.86601
-18.56754 0.779999 -127.2499 1 0 0
-18.56754 1.04 -127.7003 1 0 0
-16.38284 0.78 -99.17255 0 0.500005 -0.866023
-16.63684 0.970333 -98.98222 0 0.866024 -0.500002
-16.38284 0.970333 -98.98222 0 0.866024 -0.500002
-18.56754 0.0696664 -127.4403 1 0 0
-18.56754 0.519999 -127.1803 1 0 0
-16.63684 0.970333 -98.4622 0 0.866025 0.5
-18.56754 0.970333 -127.4403 1 0 0
-18.56754 0.970333 -127.9603 1 0 0
-18.56754 0.78 -128.1506 1 0 0
-16.63684 0.519999 -98.20222 0 -4.58439e-07 1
-16.38284 0.519999 -98.20222 0 -4.58439e-07 1
-16.63684 0.26 -98.27187 0 -0.499981 0.866037
-16.38284 0.26 -98.27187 0 -0.499981 0.866037
-16.63684 0.0696664 -98.4622 0 -0.866026 0.5
-18.56754 0.26 -132.0403 1 0 0
-16.63684 -4.32316e-07 -98.72221 0 -1 -3.49404e-06
-16.38284 -4.32316e-07 -98.72221 0 -1 -3.49404e-06
-16.63684 0.0696663 -98.98222 0 -0.866024 -0.500003
-16.38284 0.0696663 -98.98222 0 -0.866024 -0.500003
-16.63684 0.26 -99.17255 0 -0.500004 -0.866023
-16.38284 0.26 -99.17255 0 -0.500004 -0.866023
-16.63684 0.52 -99.24222 0 0 -1
-16.38284 0.52 -99.24222 0 0 -1
-16.63684 0.78 -99.17255 0 0.500005 -0.866023
-18.56754 -4.32316e-07 -131.5899 1 0 0
-18.56754 0.26 -131.1396 1 0 0
-18.56754 0.519999 -131.07001 1 0 0
-16.63684 1.04 -98.72221 0 1 -3.66783e-06
-16.38284 1.04 -98.72221 0 1 -3.66783e-06
-18.56754 0.970333 -131.3299 1 0 0
-16.38284 0.970333 -98.4622 0 0.866025 0.5
-16.63684 0.779999 -98.27187 0 0.49998 0.866037
-16.38284 0.779999 -98.27187 0 0.49998 0.866037
-18.56754 1.04 -131.5899 1 0 0
-18.56754 0.970333 -131.8499 1 0 0
-18.56754 0.52 -132.10989 1 0 0
-18.56754 0.0696663 -131.85001 1 0 0
-18.56754 0.0696664 -131.3299 1 0 0
-16.38284 0.0696664 -98.4622 0 -0.866026 0.5
-18.56754 0.779999 -131.1396 1 0 0
-18.56754 0.78 -132.0403 1 0 0
-18.56754 0.52 -129.3194 1 0 0
-18.56754 0.0696663 -129.0594 1 0 0
-18.56754 0.26 -128.34909 1 0 0
-18.56754 0.519999 -128.2794 1 0 0
-18.56754 0.779999 -128.34909 1 0 0
-18.56754 0.970333 -128.5394 1 0 0
-16.63684 0.78 -97.48122 0 0.499976 -0.866039
-16.38284 0.78 -97.48122 0 0.499976 -0.866039
-18.56754 0.78 -129.2498 1 0 0
-18.56754 0.26 -129.2498 1 0 0
-18.56754 -4.32316e-07 -128.79941 1 0 0
-16.38284 1.04 -97.03082 0 1 3.66803e-06
-16.63684 0.970333 -96.77083 0 0.866002 0.500041
-18.56754 0.0696664 -128.5394 1 0 0
-18.56754 1.04 -128.79941 1 0 0
-18.56754 0.970333 -129.0594 1 0 0
-16.63684 0.519999 -96.51083 0 -4.587e-07 1
-18.56754 0.52 -131.0108 1 0 0
-16.63684 0.26 -96.58053 0 -0.500017 0.866016
-18.56754 0.0696663 -130.75079 1 0 0
-18.56754 -4.32316e-07 -130.4908 1 0 0
-18.56754 0.519999 -129.97079 1 0 0
-18.56754 0.970333 -130.75079 1 0 0
-18.56754 0.26 -130.9411 1 0 0
-16.63684 0.0696663 -97.29082 0 -0.866069 -0.499925
-16.38284 0.0696663 -97.29082 0 -0.866069 -0.499925
-18.56754 0.0696664 -130.2308 1 0 0
-16.38284 0.26 -97.48122 0 -0.499975 -0.86604
-18.56754 0.26 -130.0405 1 0 0
-16.38284 0.52 -97.55083 0 0 -1
-18.56754 0.779999 -130.0405 1 0 0
-18.56754 0.970333 -130.2308 1 0 0
-16.63684 0.970333 -97.29082 0 0.866069 -0.499924
-16.38284 0.970333 -97.29082 0 0.866069 -0.499924
-16.63684 1.04 -97.03082 0 1 3.66803e-06
-18.56754 1.04 -130.4908 1 0 0
-18.56754 0.78 -130.9411 1 0 0
-16.38284 0.970333 -96.77083 0 0.866002 0.500041
-16.63684 0.779999 -96.58053 0 0.500016 0.866016
-16.38284 0.779999 -96.58053 0 0.500016 0.866016
-18.55215 1.38527 -132.1691 -1 0 0
-16.38284 0.519999 -96.51083 0 -4.587e-07 1
-18.55215 0.231491 -127.1211 -1 0 0
-16.38284 0.26 -96.58053 0 -0.500017 0.866016
-16.63684 0.0696664 -96.77083 0 -0.866002 0.500041
-16.38284 0.0696664 -96.77083 0 -0.866002 0.500041
-16.63684 -4.32316e-07 -97.03082 0 -1 3.84181e-06
-16.38284 -4.32316e-07 -97.03082 0 -1 3.84181e-06
-16.65215 0.231491 -127.1211 1 0 0
-16.65215 1.38527 -127.1211 1 0 0
-16.63684 0.26 -97.48122 0 -0.499975 -0.86604
-16.65215 1.38527 -132.1691 1 0 0
-16.63684 0.52 -97.55083 0 9.14597e-18 -1
-16.65215 0.231491 -132.1691 1 0 0
-16.63684 0.78 -100.27171 0 0.500002 -0.866025
-16.38284 0.78 -100.27171 0 0.500002 -0.866025
-16.63684 0.970333 -100.08137 0 0.866029 -0.499994
-18.55215 0.231491 -132.1691 -1 0 0
-16.63684 1.04 -99.82137 0 1 -9.14653e-18
-18.55215 1.38527 -127.1211 -1 0 0
16.63685 0.26 -96.38203 1 0 0
-16.38284 0.970333 -99.56136 0 0.866023 0.500003
-16.63684 0.779999 -99.37103 0 0.49998 0.866037
-16.38284 0.779999 -99.37103 0 0.49998 0.866037
-16.63684 0.519999 -99.30138 0 -4.58439e-07 1
-16.38284 0.519999 -99.30138 0 -4.58439e-07 1
-16.63684 0.26 -99.37103 0 -0.499981 0.866037
-16.38284 0.26 -99.37103 0 -0.499981 0.866037
16.63685 0.0696663 -96.19173 1 0 0
-16.38284 0.0696664 -99.56136 0 -0.866024 0.500003
16.63685 0.0696664 -95.67172 1 0 0
16.63685 0.519999 -95.41173 1 0 0
16.63685 0.970333 -96.19173 1 0 0
16.63685 0.78 -96.38203 1 0 0
16.63685 0.52 -96.45173 1 0 0
16.63685 -4.32316e-07 -95.93172 1 0 0
-16.63684 0.52 -100.34137 0 0 -1
-16.38284 0.52 -100.34137 0 0 -1
16.63685 0.26 -95.48143 1 0 0
16.63685 0.779999 -95.48143 1 0 0
16.63685 0.970333 -95.67172 1 0 0
-16.38284 0.970333 -100.08137 0 0.866029 -0.499994
16.63685 1.04 -95.93172 1 0 0
-16.38284 1.04 -99.82137 0 1 9.14653e-18
-16.63684 0.970333 -99.56136 0 0.866023 0.500003
16.63685 0.52 -100.34137 1 0 0
16.63685 -4.32316e-07 -99.82137 1 0 0
16.63685 0.0696664 -99.56136 1 0 0
16.63685 0.26 -99.37103 1 0 0
16.63685 0.779999 -99.37103 1 0 0
16.63685 1.04 -99.82137 1 0 0
16.63685 0.970333 -100.08137 1 0 0
-16.63684 0.0696664 -99.56136 0 -0.866024 0.500003
16.63685 0.26 -100.27171 1 0 0
-16.63684 -4.32316e-07 -99.82137 0 -1 1.73786e-07
-16.38284 -4.32316e-07 -99.82137 0 -1 1.73786e-07
-16.63684 0.0696663 -100.08137 0 -0.866029 -0.499994
-16.38284 0.0696663 -100.08137 0 -0.866029 -0.499994
-16.63684 0.26 -100.27171 0 -0.500001 -0.866025
-16.38284 0.26 -100.27171 0 -0.500001 -0.866025
16.63685 0.0696663 -100.08137 1 0 0
16.63685 0.519999 -99.30138 1 0 0
16.63685 0.970333 -99.56136 1 0 0
-16.38284 0.78 -96.38203 0 0.500017 -0.866015
-16.63684 0.970333 -96.19173 0 0.866004 -0.500037
16.63685 0.78 -100.27171 1 0 0
-16.63684 1.04 -95.93172 0 1 -9.14653e-18
-16.38284 1.04 -95.93172 0 1 9.14653e-18
-16.63684 0.970333 -95.67172 0 0.865998 0.500047
-16.38284 0.970333 -95.67172 0 0.865998 0.500047
-16.63684 0.779999 -95.48143 0 0.500008 0.866021
16.63685 0.26 -96.58053 1 0 0
-16.63684 0.519999 -95.41173 0 -4.587e-07 1
-16.38284 0.519999 -95.41173 0 -4.587e-07 1
16.63685 0.519999 -96.51083 1 0 0
16.63685 1.04 -97.03082 1 0 0
16.63685 0.970333 -97.29082 1 0 0
16.63685 0.78 -97.48122 1 0 0
16.63685 0.52 -97.55083 1 0 0
16.63685 0.26 -97.48122 1 0 0
-16.63684 0.0696663 -96.19173 0 -0.866004 -0.500037
-16.38284 0.0696663 -96.19173 0 -0.866004 -0.500037
-16.63684 0.26 -96.38203 0 -0.500017 -0.866016
-16.38284 0.26 -96.38203 0 -0.500017 -0.866016
16.63685 0.0696663 -97.29082 1 0 0
-16.38284 0.52 -96.45173 0 0 -1
-16.63684 0.78 -96.38203 0 0.500017 -0.866015
16.63685 -4.32316e-07 -97.03082 1 0 0
16.63685 0.0696664 -96.77083 1 0 0
-16.38284 0.970333 -96.19173 0 0.866004 -0.500037
16.63685 0.779999 -96.58053 1 0 0
16.63685 0.970333 -96.77083 1 0 0
16.63685 0.26 -99.17255 1 0 0
16.63685 0.26 -98.27187 1 0 0
16.63685 0.779999 -98.27187 1 0 0
-16.38284 0.779999 -95.48143 0 0.500008 0.866021
16.63685 1.04 -98.72221 1 0 0
16.63685 0.970333 -98.98222 1 0 0
-16.63684 0.26 -95.48143 0 -0.500008 0.866021
-16.38284 0.26 -95.48143 0 -0.500008 0.866021
-16.63684 0.0696664 -95.67172 0 -0.865999 0.500046
-16.38284 0.0696664 -95.67172 0 -0.865999 0.500046
-16.63684 -4.32316e-07 -95.93172 0 -1 1.73786e-07
-16.38284 -4.32316e-07 -95.93172 0 -1 1.73786e-07
16.63685 0.78 -99.17255 1 0 0
16.63685 0.52 -99.24222 1 0 0
16.63685 0.0696663 -98.98222 1 0 0
16.63685 -4.32316e-07 -98.72221 1 0 0
-16.63684 0.52 -96.45173 0 -9.14685e-18 -1
16.63685 0.0696664 -98.4622 1 0 0
16.63685 0.519999 -98.20222 1 0 0
16.63685 0.970333 -98.4622 1 0 0
18.55215 0.231491 -95.35252 1 0 0
16.65215 0.231491 -95.35252 -1 0 0
18.55215 0.231491 -100.40053 1 0 0
18.55215 1.38527 -95.35252 1 0 0
18.55215 1.38527 -100.40053 1 0 0
16.65215 1.38527 -100.40053 -1 0 0
16.65215 0.231491 -100.40053 -1 0 0
16.65215 1.38527 -95.35252 -1 0 0
16.65215 1.38527 -132.1691 0 1 0
18.55215 0.231491 -132.1691 0 -1 0
18.55215 1.38527 -127.1211 0 1 0
16.65215 1.38527 -127.1211 0 1 0
18.55215 1.38527 -132.1691 0 1 0
16.65215 0.231491 -127.1211 0 -1 0
18.55215 0.231491 -127.1211 0 -1 0
16.65215 0.231491 -132.1691 0 -1 0
16.38285 0.970333 -130.75079 -1 0 0
16.38285 1.04 -130.4908 -1 0 0
16.38285 0.0696664 -130.2308 -1 0 0
16.38285 -4.32316e-07 -130.4908 -1 0 0
16.38285 0.52 -131.0108 -1 0 0
16.38285 0.78 -130.9411 -1 0 0
16.38285 0.970333 -130.2308 -1 0 0
16.38285 0.779999 -130.0405 -1 0 0
16.38285 0.519999 -129.97079 -1 0 0
16.38285 0.26 -130.0405 -1 0 0
16.38285 0.0696663 -130.75079 -1 0 0
-18.56754 0.52 -96.45173 0 9.14685e-18 -1
16.38285 0.26 -130.9411 -1 0 0
-18.56754 0.26 -96.38203 0 -0.500017 -0.866016
16.38285 0.78 -129.2498 -1 0 0
16.38285 0.970333 -129.0594 -1 0 0
16.38285 0.519999 -128.2794 -1 0 0
16.38285 0.26 -128.34909 -1 0 0
16.38285 0.0696663 -129.0594 -1 0 0
16.38285 0.26 -129.2498 -1 0 0
16.38285 1.04 -128.79941 -1 0 0
-18.56754 0.26 -95.48143 0 -0.500008 0.866021
16.38285 0.970333 -128.5394 -1 0 0
16.38285 0.779999 -128.34909 -1 0 0
16.38285 0.0696664 -128.5394 -1 0 0
-18.56754 0.779999 -95.48143 0 0.500008 0.866021
-18.82154 0.779999 -95.48143 0 0.500008 0.866021
-18.56754 0.970333 -95.67172 0 0.865998 0.500047
16.38285 -4.32316e-07 -128.79941 -1 0 0
-18.56754 1.04 -95.93172 0 1 1.82931e-17
-18.82154 1.04 -95.93172 0 1 -9.14653e-18
16.38285 0.52 -129.3194 -1 0 0
-18.82154 0.970333 -96.19173 0 0.866004 -0.500037
16.38285 0.78 -132.0403 -1 0 0
-18.82154 0.78 -96.38203 0 0.500017 -0.866015
16.38285 0.970333 -131.8499 -1 0 0
-18.82154 0.52 -96.45173 0 0 -1
16.38285 0.519999 -131.07001 -1 0 0
-18.82154 0.26 -96.38203 0 -0.500017 -0.866016
-18.56754 0.0696663 -96.19173 0 -0.866004 -0.500037
-18.82154 0.0696663 -96.19173 0 -0.866004 -0.500037
-18.56754 -4.32316e-07 -95.93172 0 -1 1.73786e-07
-18.82154 -4.32316e-07 -95.93172 0 -1 1.73786e-07
-18.56754 0.0696664 -95.67172 0 -0.865999 0.500046
-18.82154 0.0696664 -95.67172 0 -0.865999 0.500046
16.38285 0.0696664 -131.3299 -1 0 0
-18.82154 0.26 -95.48143 0 -0.500008 0.866021
-18.56754 0.519999 -95.41173 0 -4.587e-07 1
-18.82154 0.519999 -95.41173 0 -4.587e-07 1
16.38285 0.0696663 -131.85001 -1 0 0
16.38285 0.52 -132.10989 -1 0 0
16.38285 1.04 -131.5899 -1 0 0
-18.82154 0.970333 -95.67172 0 0.865998 0.500047
16.38285 0.970333 -131.3299 -1 0 0
16.38285 0.779999 -131.1396 -1 0 0
-18.56754 0.970333 -96.19173 0 0.866004 -0.500037
16.38285 0.26 -131.1396 -1 0 0
-18.56754 0.78 -96.38203 0 0.500017 -0.866015
16.38285 -4.32316e-07 -131.5899 -1 0 0
-18.56754 0.52 -100.34137 0 0 -1
-18.82154 0.52 -100.34137 0 0 -1
-18.56754 0.26 -100.27171 0 -0.500001 -0.866025
16.38285 0.26 -132.0403 -1 0 0
16.38285 0.78 -128.1506 -1 0 0
16.38285 1.04 -127.7003 -1 0 0
-18.56754 -4.32316e-07 -99.82137 0 -1 1.73786e-07
16.38285 0.970333 -127.4403 -1 0 0
16.38285 0.519999 -127.1803 -1 0 0
-18.82154 0.0696664 -99.56136 0 -0.866024 0.500003
16.38285 0.0696664 -127.4403 -1 0 0
-18.82154 0.26 -99.37103 0 -0.499981 0.866037
-18.56754 0.519999 -99.30138 0 -4.58439e-07 1
16.38285 0.26 -128.1506 -1 0 0
-18.56754 0.779999 -99.37103 0 0.49998 0.866037
16.38285 0.970333 -127.9603 -1 0 0
-18.56754 0.970333 -99.56136 0 0.866023 0.500003
-18.82154 0.970333 -99.56136 0 0.866023 0.500003
-18.56754 1.04 -99.82137 0 1 1.82931e-17
16.38285 0.779999 -127.2499 -1 0 0
-18.56754 0.970333 -100.08137 0 0.866029 -0.499994
16.38285 0.26 -127.2499 -1 0 0
-18.56754 0.78 -100.27171 0 0.500002 -0.866025
16.38285 -4.32316e-07 -127.7003 -1 0 0
16.38285 0.0696663 -127.9603 -1 0 0
16.38285 0.52 -128.22031 -1 0 0
-18.82154 0.26 -100.27171 0 -0.500001 -0.866025
-18.56754 0.0696663 -100.08137 0 -0.866029 -0.499994
-18.82154 0.0696663 -100.08137 0 -0.866029 -0.499994
-18.82154 -4.32316e-07 -99.82137 0 -1 1.73786e-07
-18.56754 0.0696664 -99.56136 0 -0.866024 0.500003
-18.56754 0.26 -99.37103 0 -0.499981 0.866037
-18.82154 0.519999 -99.30138 0 -4.58439e-07 1
-18.82154 0.779999 -99.37103 0 0.49998 0.866037
-18.82154 1.04 -99.82137 0 1 -9.14653e-18
-18.82154 0.970333 -100.08137 0 0.866029 -0.499994
-18.82154 0.78 -100.27171 0 0.500002 -0.866025
18.82155 0.26 -128.1506 1 0 0
18.82155 -4.32316e-07 -127.7003 1 0 0
18.82155 0.26 -127.2499 1 0 0
18.82155 0.519999 -127.1803 1 0 0
18.82155 1.04 -127.7003 1 0 0
18.82155 0.52 -128.22031 1 0 0
18.82155 0.0696663 -127.9603 1 0 0
-18.56754 0.0696664 -96.77083 0 -0.866002 0.500041
18.82155 0.0696664 -127.4403 1 0 0
18.82155 0.779999 -127.2499 1 0 0
18.82155 0.970333 -127.4403 1 0 0
-18.56754 0.519999 -96.51083 0 -4.587e-07 1
-18.82154 0.519999 -96.51083 0 -4.587e-07 1
18.82155 0.970333 -127.9603 1 0 0
-18.82154 0.779999 -96.58053 0 0.500016 0.866016
18.82155 0.78 -128.1506 1 0 0
18.82155 0.52 -132.10989 1 0 0
18.82155 0.26 -132.0403 1 0 0
18.82155 -4.32316e-07 -131.5899 1 0 0
-18.56754 0.970333 -97.29082 0 0.866069 -0.499924
-18.82154 0.970333 -97.29082 0 0.866069 -0.499924
18.82155 0.0696664 -131.3299 1 0 0
18.82155 0.26 -131.1396 1 0 0
-18.56754 0.52 -97.55083 0 -9.14597e-18 -1
-18.82154 0.52 -97.55083 0 0 -1
-18.56754 0.26 -97.48122 0 -0.499975 -0.86604
-18.82154 0.26 -97.48122 0 -0.499975 -0.86604
-18.56754 0.0696663 -97.29082 0 -0.866069 -0.499925
-18.82154 0.0696663 -97.29082 0 -0.866069 -0.499925
-18.56754 -4.32316e-07 -97.03082 0 -1 3.84181e-06
-18.82154 -4.32316e-07 -97.03082 0 -1 3.84181e-06
18.82155 0.519999 -131.07001 1 0 0
-18.82154 0.0696664 -96.77083 0 -0.866002 0.500041
-18.56754 0.26 -96.58053 0 -0.500017 0.866016
-18.82154 0.26 -96.58053 0 -0.500017 0.866016
18.82155 0.970333 -131.3299 1 0 0
18.82155 0.970333 -131.8499 1 0 0
-18.56754 0.779999 -96.58053 0 0.500016 0.866016
18.82155 0.78 -132.0403 1 0 0
-18.56754 0.970333 -96.77083 0 0.866002 0.500041
-18.82154 0.970333 -96.77083 0 0.866002 0.500041
-18.56754 1.04 -97.03082 0 1 3.66803e-06
-18.82154 1.04 -97.03082 0 1 3.66803e-06
18.82155 0.0696663 -131.85001 1 0 0
18.82155 0.779999 -131.1396 1 0 0
-18.56754 0.78 -97.48122 0 0.499976 -0.866039
-18.82154 0.78 -97.48122 0 0.499976 -0.866039
-18.56754 0.52 -99.24222 0 0 -1
18.82155 1.04 -131.5899 1 0 0
-18.56754 0.26 -99.17255 0 -0.500004 -0.866023
-18.82154 0.26 -99.17255 0 -0.500004 -0.866023
18.82155 0.52 -129.3194 1 0 0
-18.82154 0.0696663 -98.98222 0 -0.866024 -0.500003
18.82155 0.26 -129.2498 1 0 0
-18.82154 -4.32316e-07 -98.72221 0 -1 -3.49404e-06
18.82155 0.0696663 -129.0594 1 0 0
18.82155 -4.32316e-07 -128.79941 1 0 0
18.82155 0.0696664 -128.5394 1 0 0
18.82155 0.26 -128.34909 1 0 0
18.82155 0.779999 -128.34909 1 0 0
-18.82154 0.519999 -98.20222 0 -4.58439e-07 1
18.82155 0.970333 -129.0594 1 0 0
-18.82154 0.779999 -98.27187 0 0.49998 0.866037
18.82155 0.519999 -128.2794 1 0 0
-18.82154 0.970333 -98.4622 0 0.866025 0.5
-18.56754 1.04 -98.72221 0 1 -3.66783e-06
18.82155 0.970333 -128.5394 1 0 0
18.82155 1.04 -128.79941 1 0 0
18.82155 0.78 -129.2498 1 0 0
-18.56754 0.78 -99.17255 0 0.500005 -0.866023
18.82155 0.52 -131.0108 1 0 0
18.82155 0.26 -130.9411 1 0 0
-18.82154 0.52 -99.24222 0 0 -1
18.82155 0.519999 -129.97079 1 0 0
18.82155 0.779999 -130.0405 1 0 0
-18.56754 0.0696663 -98.98222 0 -0.866024 -0.500003
18.82155 0.78 -130.9411 1 0 0
-18.56754 -4.32316e-07 -98.72221 0 -1 -3.49404e-06
18.82155 0.0696663 -130.75079 1 0 0
-18.56754 0.0696664 -98.4622 0 -0.866026 0.5
-18.82154 0.0696664 -98.4622 0 -0.866026 0.5
-18.56754 0.26 -98.27187 0 -0.499981 0.866037
-18.82154 0.26 -98.27187 0 -0.499981 0.866037
-18.56754 0.519999 -98.20222 0 -4.58439e-07 1
18.82155 -4.32316e-07 -130.4908 1 0 0
-18.56754 0.779999 -98.27187 0 0.49998 0.866037
18.82155 0.0696664 -130.2308 1 0 0
-18.56754 0.970333 -98.4622 0 0.866025 0.5
18.82155 0.26 -130.0405 1 0 0
18.82155 0.970333 -130.2308 1 0 0
-18.82154 1.04 -98.72221 0 1 -3.66783e-06
-18.56754 0.970333 -98.98222 0 0.866024 -0.500002
-18.82154 0.970333 -98.98222 0 0.866024 -0.500002
18.82155 1.04 -130.4908 1 0 0
-18.82154 0.78 -99.17255 0 0.500005 -0.866023
18.82155 0.970333 -130.75079 1 0 0
18.82155 0.78 -99.17255 1 0 0
-16.65215 1.38527 -95.35252 0 0 1
18.82155 0.0696664 -98.4622 1 0 0
18.82155 -4.32316e-07 -98.72221 1 0 0
-18.55215 0.231491 -100.40053 0 0 -1
18.82155 0.52 -99.24222 1 0 0
18.82155 0.970333 -98.98222 1 0 0
18.82155 1.04 -98.72221 1 0 0
-16.65215 0.231491 -100.40053 0 0 -1
18.82155 0.970333 -98.4622 1 0 0
18.82155 0.779999 -98.27187 1 0 0
-18.55215 0.231491 -95.35252 0 0 1
-16.65215 0.231491 -95.35252 0 0 1
18.82155 0.519999 -98.20222 1 0 0
18.82155 0.26 -98.27187 1 0 0
18.82155 0.0696663 -98.98222 1 0 0
18.82155 0.26 -99.17255 1 0 0
-18.55215 1.38527 -100.40053 0 0 -1
18.82155 1.04 -97.03082 1 0 0
-18.55215 1.38527 -95.35252 0 0 1
18.82155 0.970333 -96.77083 1 0 0
-16.65215 1.38527 -100.40053 0 0 -1
18.82155 0.779999 -96.58053 1 0 0
18.82155 0.52 -96.45173 0 9.14685e-18 -1
18.56755 0.52 -96.45173 0 0 -1
18.82155 0.26 -96.38203 0 -0.500017 -0.866016
18.82155 0.519999 -96.51083 1 0 0
18.82155 0.0696663 -96.19173 0 -0.866004 -0.500037
18.82155 0.26 -96.58053 1 0 0
18.82155 -4.32316e-07 -95.93172 0 -1 1.73786e-07
18.56755 -4.32316e-07 -95.93172 0 -1 1.73786e-07
18.82155 0.0696664 -96.77083 1 0 0
18.82155 0.0696663 -97.29082 1 0 0
18.82155 0.26 -97.48122 1 0 0
18.82155 0.52 -97.55083 1 0 0
18.82155 0.519999 -95.41173 0 -4.587e-07 1
18.56755 0.519999 -95.41173 0 -4.587e-07 1
18.82155 0.78 -97.48122 1 0 0
18.82155 0.970333 -97.29082 1 0 0
18.82155 0.970333 -95.67172 0 0.865998 0.500047
18.56755 0.970333 -95.67172 0 0.865998 0.500047
18.82155 1.04 -95.93172 0 1 1.82931e-17
18.82155 -4.32316e-07 -97.03082 1 0 0
18.82155 0.970333 -96.19173 0 0.866004 -0.500037
18.56755 0.970333 -96.19173 0 0.866004 -0.500037
18.82155 1.04 -99.82137 1 0 0
18.56755 0.78 -96.38203 0 0.500017 -0.866015
18.82155 0.779999 -99.37103 1 0 0
18.82155 0.519999 -99.30138 1 0 0
18.82155 0.26 -100.27171 1 0 0
18.56755 0.26 -96.38203 0 -0.500017 -0.866016
18.82155 0.78 -100.27171 1 0 0
18.56755 0.0696663 -96.19173 0 -0.866004 -0.500037
18.82155 0.970333 -100.08137 1 0 0
18.82155 0.970333 -99.56136 1 0 0
18.82155 0.0696664 -95.67172 0 -0.865999 0.500046
18.56755 0.0696664 -95.67172 0 -0.865999 0.500046
18.82155 0.26 -95.48143 0 -0.500008 0.866021
18.56755 0.26 -95.48143 0 -0.500008 0.866021
18.82155 0.26 -99.37103 1 0 0
18.82155 0.0696664 -99.56136 1 0 0
18.82155 0.779999 -95.48143 0 0.500008 0.866021
18.56755 0.779999 -95.48143 0 0.500008 0.866021
18.82155 -4.32316e-07 -99.82137 1 0 0
18.82155 0.0696663 -100.08137 1 0 0
18.82155 0.52 -100.34137 1 0 0
18.56755 1.04 -95.93172 0 1 -9.14653e-18
18.82155 0.78 -96.38203 1 0 0
18.82155 0.779999 -95.48143 1 0 0
18.82155 0.78 -96.38203 0 0.500017 -0.866015
18.82155 0.26 -95.48143 1 0 0
18.82155 0.52 -100.34137 0 0 -1
18.56755 0.52 -100.34137 0 0 -1
18.82155 0.0696664 -95.67172 1 0 0
18.56755 0.26 -100.27171 0 -0.500001 -0.866025
18.82155 0.0696663 -100.08137 0 -0.866029 -0.499994
18.82155 0.970333 -96.19173 1 0 0
18.82155 -4.32316e-07 -99.82137 0 -1 1.73786e-07
18.56755 -4.32316e-07 -99.82137 0 -1 1.73786e-07
18.82155 0.0696664 -99.56136 0 -0.866024 0.500003
18.82155 1.04 -95.93172 1 0 0
18.82155 0.26 -99.37103 0 -0.499981 0.866037
18.56755 0.26 -99.37103 0 -0.499981 0.866037
18.82155 0.970333 -95.67172 1 0 0
18.56755 0.519999 -99.30138 0 -4.58439e-07 1
18.82155 0.519999 -95.41173 1 0 0
18.82155 -4.32316e-07 -95.93172 1 0 0
18.82155 0.970333 -99.56136 0 0.866023 0.500003
18.56755 0.970333 -99.56136 0 0.866023 0.500003
18.82155 0.0696663 -96.19173 1 0 0
18.56755 1.04 -99.82137 0 1 -9.14653e-18
18.82155 0.970333 -100.08137 0 0.866029 -0.499994
18.56755 0.970333 -100.08137 0 0.866029 -0.499994
18.82155 0.78 -100.27171 0 0.500002 -0.866025
18.82155 0.26 -96.38203 1 0 0
18.82155 0.52 -96.45173 1 0 0
-16.65215 1.38527 -100.40053 0 1 0
18.82155 0.26 -100.27171 0 -0.500001 -0.866025
-18.55215 1.38527 -95.35252 0 1 0
-18.55215 1.38527 -100.40053 0 1 0
18.56755 0.0696663 -100.08137 0 -0.866029 -0.499994
-16.65215 0.231491 -95.35252 0 -1 0
-18.55215 0.231491 -95.35252 0 -1 0
-16.65215 0.231491 -100.40053 0 -1 0
18.56755 0.0696664 -99.56136 0 -0.866024 0.500003
-18.55215 0.231491 -100.40053 0 -1 0
-16.65215 1.38527 -95.35252 0 1 0
18.82155 0.519999 -99.30138 0 -4.58439e-07 1
-18.82154 0.78 -99.17255 -1 0 0
18.82155 0.779999 -99.37103 0 0.49998 0.866037
18.56755 0.779999 -99.37103 0 0.49998 0.866037
-18.82154 0.970333 -98.98222 -1 0 0
-18.82154 1.04 -98.72221 -1 0 0
18.82155 1.04 -99.82137 0 1 1.82931e-17
-18.82154 0.26 -98.27187 -1 0 0
-18.82154 0.0696664 -98.4622 -1 0 0
-18.82154 0.52 -99.24222 -1 0 0
-18.82154 0.970333 -98.4622 -1 0 0
18.56755 0.78 -100.27171 0 0.500002 -0.866025
-18.82154 0.779999 -98.27187 -1 0 0
18.56755 0.52 -97.55083 0 0 -1
-18.82154 0.519999 -98.20222 -1 0 0
18.56755 0.26 -97.48122 0 -0.499975 -0.86604
-18.82154 -4.32316e-07 -98.72221 -1 0 0
-18.82154 0.0696663 -98.98222 -1 0 0
18.82155 -4.32316e-07 -97.03082 0 -1 3.84181e-06
-18.82154 0.26 -99.17255 -1 0 0
-18.82154 0.78 -97.48122 -1 0 0
-18.82154 1.04 -97.03082 -1 0 0
-18.82154 0.970333 -96.77083 -1 0 0
-18.82154 0.26 -96.58053 -1 0 0
-18.82154 0.0696664 -96.77083 -1 0 0
18.56755 0.519999 -96.51083 0 -4.587e-07 1
-18.82154 -4.32316e-07 -97.03082 -1 0 0
18.56755 0.779999 -96.58053 0 0.500016 0.866016
-18.82154 0.0696663 -97.29082 -1 0 0
-18.82154 0.26 -97.48122 -1 0 0
-18.82154 0.52 -97.55083 -1 0 0
-18.82154 0.970333 -97.29082 -1 0 0
18.82155 0.970333 -97.29082 0 0.866069 -0.499924
18.56755 0.970333 -97.29082 0 0.866069 -0.499924
18.82155 0.78 -97.48122 0 0.499976 -0.866039
-18.82154 0.779999 -96.58053 -1 0 0
18.82155 0.52 -97.55083 0 -9.14597e-18 -1
-18.82154 0.519999 -96.51083 -1 0 0
18.82155 0.26 -97.48122 0 -0.499975 -0.86604
-18.82154 0.78 -100.27171 -1 0 0
18.82155 0.0696663 -97.29082 0 -0.866069 -0.499925
18.56755 0.0696663 -97.29082 0 -0.866069 -0.499925
-18.82154 0.970333 -100.08137 -1 0 0
18.56755 -4.32316e-07 -97.03082 0 -1 3.84181e-06
18.82155 0.0696664 -96.77083 0 -0.866002 0.500041
18.56755 0.0696664 -96.77083 0 -0.866002 0.500041
18.82155 0.26 -96.58053 0 -0.500017 0.866016
18.56755 0.26 -96.58053 0 -0.500017 0.866016
18.82155 0.519999 -96.51083 0 -4.587e-07 1
-18.82154 1.04 -99.82137 -1 0 0
18.82155 0.779999 -96.58053 0 0.500016 0.866016
-18.82154 0.779999 -99.37103 -1 0 0
18.82155 0.970333 -96.77083 0 0.866002 0.500041
18.56755 0.970333 -96.77083 0 0.866002 0.500041
18.82155 1.04 -97.03082 0 1 3.66803e-06
18.56755 1.04 -97.03082 0 1 3.66803e-06
-18.82154 0.519999 -99.30138 -1 0 0
-18.82154 -4.32316e-07 -99.82137 -1 0 0
-18.82154 0.0696663 -100.08137 -1 0 0
18.56755 0.78 -97.48122 0 0.499976 -0.866039
-18.82154 0.26 -100.27171 -1 0 0
-18.82154 0.970333 -99.56136 -1 0 0
18.82155 0.26 -99.17255 0 -0.500004 -0.866023
18.56755 0.26 -99.17255 0 -0.500004 -0.866023
18.82155 0.0696663 -98.98222 0 -0.866024 -0.500003
18.56755 0.0696663 -98.98222 0 -0.866024 -0.500003
-18.82154 0.26 -99.37103 -1 0 0
-18.82154 0.0696664 -99.56136 -1 0 0
-18.82154 0.52 -100.34137 -1 0 0
18.56755 0.0696664 -98.4622 0 -0.866026 0.5
18.82155 0.26 -98.27187 0 -0.499981 0.866037
18.56755 0.26 -98.27187 0 -0.499981 0.866037
18.82155 0.519999 -98.20222 0 -4.58439e-07 1
-18.82154 0.970333 -95.67172 -1 0 0
18.82155 0.779999 -98.27187 0 0.49998 0.866037
-18.82154 0.519999 -95.41173 -1 0 0
18.82155 0.970333 -98.4622 0 0.866025 0.5
-18.82154 0.26 -95.48143 -1 0 0
18.82155 1.04 -98.72221 0 1 -3.66783e-06
-18.82154 0.0696664 -95.67172 -1 0 0
18.82155 0.970333 -98.98222 0 0.866024 -0.500002
18.56755 0.970333 -98.98222 0 0.866024 -0.500002
-18.82154 -4.32316e-07 -95.93172 -1 0 0
18.56755 0.78 -99.17255 0 0.500005 -0.866023
18.82155 0.52 -99.24222 0 0 -1
18.56755 0.52 -99.24222 0 0 -1
-18.82154 0.0696663 -96.19173 -1 0 0
-18.82154 0.26 -96.38203 -1 0 0
-18.82154 0.52 -96.45173 -1 0 0
-18.82154 0.78 -96.38203 -1 0 0
18.82155 -4.32316e-07 -98.72221 0 -1 -3.49404e-06
18.56755 -4.32316e-07 -98.72221 0 -1 -3.49404e-06
18.82155 0.0696664 -98.4622 0 -0.866026 0.5
-18.82154 0.970333 -96.19173 -1 0 0
-18.82154 1.04 -95.93172 -1 0 0
-18.82154 0.779999 -95.48143 -1 0 0
18.56755 0.519999 -98.20222 0 -4.58439e-07 1
18.56755 0.779999 -98.27187 0 0.49998 0.866037
18.56755 0.970333 -98.4622 0 0.866025 0.5
18.56755 1.04 -98.72221 0 1 -3.66783e-06
18.82155 0.78 -99.17255 0 0.500005 -0.866023
18.56755 0.78 -130.9411 0 0.500026 -0.86601
18.82155 0.970333 -130.75079 0 0.866007 -0.500031
18.56755 1.04 -130.4908 0 1 -2.74396e-17
18.82155 1.04 -130.4908 0 1 2.74396e-17
18.82155 0.970333 -130.2308 0 0.866007 0.500033
18.56755 0.519999 -129.97079 0 -4.587e-07 1
-16.38284 -4.32316e-07 -95.93172 1 0 0
18.56755 0.26 -130.0405 0 -0.500026 0.866011
18.82155 0.26 -130.0405 0 -0.500026 0.866011
18.56755 0.0696664 -130.2308 0 -0.866007 0.500032
18.82155 0.0696664 -130.2308 0 -0.866007 0.500032
-16.38284 0.0696664 -95.67172 1 0 0
18.82155 -4.32316e-07 -130.4908 0 -1 1.7379e-07
18.56755 0.0696663 -130.75079 0 -0.866007 -0.500032
18.82155 0.0696663 -130.75079 0 -0.866007 -0.500032
-16.38284 0.26 -95.48143 1 0 0
-16.38284 0.779999 -95.48143 1 0 0
18.56755 0.52 -131.0108 0 -9.14685e-18 -1
-16.38284 0.970333 -96.19173 1 0 0
-16.38284 0.52 -96.45173 1 0 0
18.82155 0.78 -130.9411 0 0.500026 -0.86601
18.56755 0.970333 -130.75079 0 0.866007 -0.500031
-16.38284 0.26 -96.38203 1 0 0
-16.38284 0.0696663 -96.19173 1 0 0
-16.38284 0.519999 -95.41173 1 0 0
18.56755 0.970333 -130.2308 0 0.866007 0.500033
-16.38284 0.970333 -95.67172 1 0 0
18.56755 0.779999 -130.0405 0 0.500025 0.866011
18.82155 0.779999 -130.0405 0 0.500025 0.866011
-16.38284 1.04 -95.93172 1 0 0
18.82155 0.519999 -129.97079 0 -4.587e-07 1
-16.38284 0.78 -96.38203 1 0 0
-16.38284 0.26 -100.27171 1 0 0
-16.38284 0.0696663 -100.08137 1 0 0
-16.38284 -4.32316e-07 -99.82137 1 0 0
18.56755 -4.32316e-07 -130.4908 0 -1 1.7379e-07
-16.38284 1.04 -99.82137 1 0 0
-16.38284 0.970333 -100.08137 1 0 0
-16.38284 0.52 -100.34137 1 0 0
18.56755 0.26 -130.9411 0 -0.500025 -0.866011
18.82155 0.26 -130.9411 0 -0.500025 -0.866011
-16.38284 0.0696664 -99.56136 1 0 0
18.82155 0.52 -131.0108 0 0 -1
-16.38284 0.26 -99.37103 1 0 0
18.82155 0.78 -129.2498 0 0.499964 -0.866046
18.56755 0.970333 -129.0594 0 0.866067 -0.499927
-16.38284 0.519999 -99.30138 1 0 0
-16.38284 0.779999 -99.37103 1 0 0
18.82155 1.04 -128.79941 0 1 -7.33586e-06
-16.38284 0.970333 -99.56136 1 0 0
18.82155 0.970333 -128.5394 0 0.86601 0.500026
18.56755 0.779999 -128.34909 0 0.500001 0.866025
-16.38284 0.78 -100.27171 1 0 0
-16.38284 -4.32316e-07 -97.03082 1 0 0
18.82155 0.519999 -128.2794 0 -4.58613e-07 1
18.56755 0.26 -128.34909 0 -0.500002 0.866024
-16.38284 0.0696664 -96.77083 1 0 0
-16.38284 0.26 -96.58053 1 0 0
-16.38284 0.519999 -96.51083 1 0 0
-16.38284 0.779999 -96.58053 1 0 0
-16.38284 0.970333 -96.77083 1 0 0
-16.38284 0.970333 -97.29082 1 0 0
-16.38284 0.52 -97.55083 1 0 0
-16.38284 0.26 -97.48122 1 0 0
-16.38284 0.0696663 -97.29082 1 0 0
-16.38284 1.04 -97.03082 1 0 0
-16.38284 0.78 -97.48122 1 0 0
18.56755 0.78 -129.2498 0 0.499964 -0.866046
-16.38284 0.0696664 -98.4622 1 0 0
-16.38284 0.779999 -98.27187 1 0 0
18.82155 0.970333 -129.0594 0 0.866067 -0.499927
18.56755 1.04 -128.79941 0 1 -7.33586e-06
-16.38284 0.970333 -98.4622 1 0 0
18.56755 0.970333 -128.5394 0 0.86601 0.500026
-16.38284 1.04 -98.72221 1 0 0
-16.38284 0.52 -99.24222 1 0 0
18.82155 0.779999 -128.34909 0 0.500001 0.866025
18.56755 0.519999 -128.2794 0 -4.58613e-07 1
-16.38284 0.26 -99.17255 1 0 0
-16.38284 0.0696663 -98.98222 1 0 0
18.82155 0.26 -128.34909 0 -0.500002 0.866024
18.56755 0.0696664 -128.5394 0 -0.866011 0.500026
18.82155 0.0696664 -128.5394 0 -0.866011 0.500026
18.56755 -4.32316e-07 -128.79941 0 -1 -7.16206e-06
18.82155 -4.32316e-07 -128.79941 0 -1 -7.16206e-06
18.56755 0.0696663 -129.0594 0 -0.866067 -0.499928
18.82155 0.0696663 -129.0594 0 -0.866067 -0.499928
18.56755 0.26 -129.2498 0 -0.499963 -0.866047
18.82155 0.26 -129.2498 0 -0.499963 -0.866047
18.56755 0.52 -129.3194 0 0 -1
18.82155 0.52 -129.3194 0 0 -1
-16.38284 -4.32316e-07 -98.72221 1 0 0
-16.38284 0.26 -98.27187 1 0 0
-16.38284 0.519999 -98.20222 1 0 0
-16.38284 0.970333 -98.98222 1 0 0
-16.38284 0.78 -99.17255 1 0 0
18.82155 1.04 -131.5899 0 1 -7.33586e-06
-16.38284 0.78 -130.9411 1 0 0
-16.38284 0.970333 -130.75079 1 0 0
-16.38284 0.970333 -130.2308 1 0 0
18.82155 0.779999 -131.1396 0 0.499842 0.866117
18.56755 0.519999 -131.07001 0 -4.58092e-07 1
-16.38284 0.779999 -130.0405 1 0 0
-16.38284 0.0696664 -130.2308 1 0 0
-16.38284 -4.32316e-07 -130.4908 1 0 0
18.56755 0.0696664 -131.3299 0 -0.866001 0.500043
-16.38284 1.04 -130.4908 1 0 0
18.56755 -4.32316e-07 -131.5899 0 -1 4.4172e-05
-16.38284 0.519999 -129.97079 1 0 0
-16.38284 0.26 -130.0405 1 0 0
18.82155 0.0696663 -131.85001 0 -0.866023 -0.500005
18.56755 0.26 -132.0403 0 -0.499842 -0.866117
-16.38284 0.0696663 -130.75079 1 0 0
18.56755 0.52 -132.10989 0 0 -1
-16.38284 0.26 -130.9411 1 0 0
18.56755 0.78 -132.0403 0 0.499964 -0.866046
18.82155 0.78 -132.0403 0 0.499964 -0.866046
18.56755 0.970333 -131.8499 0 0.866067 -0.499927
18.82155 0.970333 -131.8499 0 0.866067 -0.499927
18.56755 1.04 -131.5899 0 1 -7.33586e-06
-16.38284 0.52 -131.0108 1 0 0
18.56755 0.970333 -131.3299 0 0.866 0.500044
18.82155 0.970333 -131.3299 0 0.866 0.500044
18.56755 0.779999 -131.1396 0 0.499842 0.866117
-16.38284 0.78 -129.2498 1 0 0
-16.38284 1.04 -128.79941 1 0 0
18.82155 0.519999 -131.07001 0 -4.58092e-07 1
18.56755 0.26 -131.1396 0 -0.499842 0.866116
18.82155 0.26 -131.1396 0 -0.499842 0.866116
-16.38284 0.970333 -128.5394 1 0 0
18.82155 0.0696664 -131.3299 0 -0.866001 0.500043
-16.38284 0.519999 -128.2794 1 0 0
18.82155 -4.32316e-07 -131.5899 0 -1 4.4172e-05
18.56755 0.0696663 -131.85001 0 -0.866023 -0.500005
-16.38284 0.26 -128.34909 1 0 0
-16.38284 0.26 -129.2498 1 0 0
18.82155 0.26 -132.0403 0 -0.499842 -0.866117
-16.38284 0.970333 -129.0594 1 0 0
18.82155 0.52 -132.10989 0 0 -1
-16.38284 0.779999 -128.34909 1 0 0
18.82155 0.78 -128.1506 0 0.500017 -0.866015
-16.38284 0.0696664 -128.5394 1 0 0
18.82155 0.970333 -127.9603 0 0.866004 -0.500037
18.56755 1.04 -127.7003 0 1 -9.14653e-18
-16.38284 -4.32316e-07 -128.79941 1 0 0
-16.38284 0.0696663 -129.0594 1 0 0
18.82155 0.970333 -127.4403 0 0.866069 0.499925
18.56755 0.779999 -127.2499 0 0.499975 0.86604
18.82155 0.779999 -127.2499 0 0.499975 0.86604
-16.38284 0.52 -129.3194 1 0 0
-16.38284 0.78 -132.0403 1 0 0
-16.38284 0.970333 -131.8499 1 0 0
-16.38284 1.04 -131.5899 1 0 0
-16.38284 0.519999 -131.07001 1 0 0
18.82155 0.0696664 -127.4403 0 -0.866069 0.499925
-16.38284 -4.32316e-07 -131.5899 1 0 0
-16.38284 0.0696663 -131.85001 1 0 0
18.56755 0.0696663 -127.9603 0 -0.866004 -0.500037
18.82155 0.0696663 -127.9603 0 -0.866004 -0.500037
18.56755 0.26 -128.1506 0 -0.500017 -0.866016
-16.38284 0.26 -132.0403 1 0 0
18.56755 0.52 -128.22031 0 -9.14685e-18 -1
18.82155 0.52 -128.22031 0 0 -1
18.56755 0.78 -128.1506 0 0.500017 -0.866015
-16.38284 0.970333 -131.3299 1 0 0
18.56755 0.970333 -127.9603 0 0.866004 -0.500037
-16.38284 0.779999 -131.1396 1 0 0
-16.38284 0.26 -131.1396 1 0 0
18.82155 1.04 -127.7003 0 1 9.14653e-18
18.56755 0.970333 -127.4403 0 0.866069 0.499925
-16.38284 0.0696664 -131.3299 1 0 0
-16.38284 0.52 -132.10989 1 0 0
-16.38284 0.970333 -127.9603 1 0 0
18.56755 0.519999 -127.1803 0 -4.58135e-07 1
18.82155 0.519999 -127.1803 0 -4.58135e-07 1
18.56755 0.26 -127.2499 0 -0.499976 0.866039
18.82155 0.26 -127.2499 0 -0.499976 0.866039
18.56755 0.0696664 -127.4403 0 -0.866069 0.499925
-16.38284 1.04 -127.7003 1 0 0
18.56755 -4.32316e-07 -127.7003 0 -1 1.73786e-07
18.82155 -4.32316e-07 -127.7003 0 -1 1.73786e-07
-16.38284 0.970333 -127.4403 1 0 0
-16.38284 0.779999 -127.2499 1 0 0
-16.38284 0.519999 -127.1803 1 0 0
18.82155 0.26 -128.1506 0 -0.500017 -0.866016
-16.38284 0.0696663 -127.9603 1 0 0
-16.38284 0.26 -128.1506 1 0 0
-16.38284 0.78 -128.1506 1 0 0
-16.38284 0.26 -127.2499 1 0 0
-16.38284 0.0696664 -127.4403 1 0 0
-16.38284 -4.32316e-07 -127.7003 1 0 0
-16.38284 0.52 -128.22031 1 0 0
-18.82154 0.26 -128.1506 -1 0 0
-18.82154 0.0696663 -127.9603 -1 0 0
-18.82154 -4.32316e-07 -127.7003 -1 0 0
-18.82154 0.0696664 -127.4403 -1 0 0
-18.82154 0.26 -127.2499 -1 0 0
-18.82154 0.52 -128.22031 -1 0 0
-18.82154 0.519999 -127.1803 -1 0 0
-18.82154 0.779999 -127.2499 -1 0 0
-18.82154 0.970333 -127.4403 -1 0 0
-18.82154 1.04 -127.7003 -1 0 0
-18.82154 0.970333 -127.9603 -1 0 0
-18.82154 0.78 -128.1506 -1 0 0
-18.82154 0.519999 -131.07001 -1 0 0
16.38285 0.52 -128.22031 0 0 -1
-18.82154 0.970333 -131.3299 -1 0 0
-18.82154 1.04 -131.5899 -1 0 0
-18.82154 0.52 -132.10989 -1 0 0
16.38285 0.0696663 -127.9603 0 -0.866004 -0.500037
-18.82154 0.26 -132.0403 -1 0 0
16.38285 -4.32316e-07 -127.7003 0 -1 1.73786e-07
-18.82154 0.0696663 -131.85001 -1 0 0
-18.82154 -4.32316e-07 -131.5899 -1 0 0
16.63685 0.26 -127.2499 0 -0.499976 0.866039
16.38285 0.26 -127.2499 0 -0.499976 0.866039
-18.82154 0.0696664 -131.3299 -1 0 0
-18.82154 0.26 -131.1396 -1 0 0
-18.82154 0.779999 -131.1396 -1 0 0
16.38285 0.779999 -127.2499 0 0.499975 0.86604
-18.82154 0.970333 -131.8499 -1 0 0
-18.82154 0.78 -132.0403 -1 0 0
-18.82154 0.26 -129.2498 -1 0 0
-18.82154 0.0696663 -129.0594 -1 0 0
16.63685 0.970333 -127.9603 0 0.866004 -0.500037
16.38285 0.970333 -127.9603 0 0.866004 -0.500037
-18.82154 -4.32316e-07 -128.79941 -1 0 0
-18.82154 0.26 -128.34909 -1 0 0
16.63685 0.52 -128.22031 0 9.14685e-18 -1
-18.82154 0.519999 -128.2794 -1 0 0
16.63685 0.26 -128.1506 0 -0.500017 -0.866016
16.38285 0.26 -128.1506 0 -0.500017 -0.866016
16.63685 0.0696663 -127.9603 0 -0.866004 -0.500037
-18.82154 0.779999 -128.34909 -1 0 0
16.63685 -4.32316e-07 -127.7003 0 -1 1.73786e-07
-18.82154 0.970333 -128.5394 -1 0 0
16.63685 0.0696664 -127.4403 0 -0.866069 0.499925
16.38285 0.0696664 -127.4403 0 -0.866069 0.499925
-18.82154 0.78 -129.2498 -1 0 0
-18.82154 0.52 -129.3194 -1 0 0
16.63685 0.519999 -127.1803 0 -4.58135e-07 1
16.38285 0.519999 -127.1803 0 -4.58135e-07 1
16.63685 0.779999 -127.2499 0 0.499975 0.86604
-18.82154 0.0696664 -128.5394 -1 0 0
16.63685 0.970333 -127.4403 0 0.866069 0.499925
16.38285 0.970333 -127.4403 0 0.866069 0.499925
16.63685 1.04 -127.7003 0 1 1.82931e-17
16.38285 1.04 -127.7003 0 1 -9.14653e-18
-18.82154 1.04 -128.79941 -1 0 0
-18.82154 0.970333 -129.0594 -1 0 0
16.63685 0.78 -128.1506 0 0.500017 -0.866015
16.38285 0.78 -128.1506 0 0.500017 -0.866015
-18.82154 0.26 -130.9411 -1 0 0
-18.82154 0.0696663 -130.75079 -1 0 0
-18.82154 0.26 -130.0405 -1 0 0
16.38285 0.26 -132.0403 0 -0.499842 -0.866117
-18.82154 0.519999 -129.97079 -1 0 0
-18.82154 0.779999 -130.0405 -1 0 0
-18.82154 1.04 -130.4908 -1 0 0
16.38285 -4.32316e-07 -131.5899 0 -1 4.4172e-05
-18.82154 0.970333 -130.75079 -1 0 0
-18.82154 0.78 -130.9411 -1 0 0
16.63685 0.26 -131.1396 0 -0.499842 0.866116
16.38285 0.26 -131.1396 0 -0.499842 0.866116
-18.82154 0.52 -131.0108 -1 0 0
-18.82154 -4.32316e-07 -130.4908 -1 0 0
16.63685 0.779999 -131.1396 0 0.499842 0.866117
16.38285 0.779999 -131.1396 0 0.499842 0.866117
-18.82154 0.0696664 -130.2308 -1 0 0
16.38285 0.970333 -131.3299 0 0.866 0.500044
16.63685 1.04 -131.5899 0 1 -7.33586e-06
16.38285 1.04 -131.5899 0 1 -7.33586e-06
-18.82154 0.970333 -130.2308 -1 0 0
-18.55215 1.38527 -132.1691 0 1 0
16.63685 0.78 -132.0403 0 0.499964 -0.866046
-18.55215 0.231491 -127.1211 0 -1 0
16.63685 0.52 -132.10989 0 0 -1
16.38285 0.52 -132.10989 0 0 -1
16.63685 0.26 -132.0403 0 -0.499842 -0.866117
-16.65215 0.231491 -127.1211 0 -1 0
16.63685 0.0696663 -131.85001 0 -0.866023 -0.500005
16.38285 0.0696663 -131.85001 0 -0.866023 -0.500005
16.63685 -4.32316e-07 -131.5899 0 -1 4.4172e-05
-16.65215 1.38527 -127.1211 0 1 0
16.63685 0.0696664 -131.3299 0 -0.866001 0.500043
16.38285 0.0696664 -131.3299 0 -0.866001 0.500043
-16.65215 1.38527 -132.1691 0 1 0
-16.65215 0.231491 -132.1691 0 -1 0
16.63685 0.519999 -131.07001 0 -4.58092e-07 1
16.38285 0.519999 -131.07001 0 -4.58092e-07 1
-18.55215 0.231491 -132.1691 0 -1 0
-18.55215 1.38527 -127.1211 0 1 0
16.63685 0.970333 -131.3299 0 0.866 0.500044
16.63685 0.970333 -131.8499 0 0.866067 -0.499927
16.38285 0.970333 -131.8499 0 0.866067 -0.499927
16.38285 0.78 -132.0403 0 0.499964 -0.866046
16.38285 0.52 -129.3194 0 0 -1
16.63685 0.0696663 -129.0594 0 -0.866067 -0.499928
16.63685 -4.32316e-07 -128.79941 0 -1 -7.16206e-06
16.38285 -4.32316e-07 -128.79941 0 -1 -7.16206e-06
16.63685 0.0696664 -128.5394 0 -0.866011 0.500026
16.38285 0.0696664 -128.5394 0 -0.866011 0.500026
16.38285 0.26 -96.38203 -1 0 0
16.38285 0.779999 -128.34909 0 0.500001 0.866025
16.38285 0.779999 -95.48143 -1 0 0
16.38285 0.970333 -128.5394 0 0.86601 0.500026
16.63685 1.04 -128.79941 0 1 -7.33586e-06
16.38285 1.04 -128.79941 0 1 -7.33586e-06
16.63685 0.970333 -129.0594 0 0.866067 -0.499927
16.38285 0.970333 -96.19173 -1 0 0
16.63685 0.78 -129.2498 0 0.499964 -0.866046
16.38285 0.78 -96.38203 -1 0 0
16.63685 0.52 -129.3194 0 0 -1
16.38285 0.52 -96.45173 -1 0 0
16.63685 0.26 -129.2498 0 -0.499963 -0.866047
16.38285 0.26 -129.2498 0 -0.499963 -0.866047
16.38285 0.0696663 -96.19173 -1 0 0
16.38285 0.0696663 -129.0594 0 -0.866067 -0.499928
16.38285 -4.32316e-07 -95.93172 -1 0 0
16.38285 0.0696664 -95.67172 -1 0 0
16.38285 0.26 -95.48143 -1 0 0
16.38285 0.519999 -95.41173 -1 0 0
16.63685 0.26 -128.34909 0 -0.500002 0.866024
16.38285 0.26 -128.34909 0 -0.500002 0.866024
16.63685 0.519999 -128.2794 0 -4.58613e-07 1
16.38285 0.519999 -128.2794 0 -4.58613e-07 1
16.63685 0.779999 -128.34909 0 0.500001 0.866025
16.38285 0.970333 -95.67172 -1 0 0
16.63685 0.970333 -128.5394 0 0.86601 0.500026
16.38285 1.04 -95.93172 -1 0 0
16.38285 0.52 -100.34137 -1 0 0
16.38285 0.0696664 -99.56136 -1 0 0
16.38285 0.519999 -99.30138 -1 0 0
16.38285 0.970333 -129.0594 0 0.866067 -0.499927
16.38285 0.779999 -99.37103 -1 0 0
16.38285 0.78 -129.2498 0 0.499964 -0.866046
16.63685 0.52 -131.0108 0 9.14685e-18 -1
16.38285 1.04 -99.82137 -1 0 0
16.38285 0.970333 -100.08137 -1 0 0
16.38285 0.26 -130.9411 0 -0.500025 -0.866011
16.63685 0.0696663 -130.75079 0 -0.866007 -0.500032
16.38285 0.0696663 -130.75079 0 -0.866007 -0.500032
16.63685 -4.32316e-07 -130.4908 0 -1 1.7379e-07
16.38285 0.78 -100.27171 -1 0 0
16.63685 0.0696664 -130.2308 0 -0.866007 0.500032
16.38285 0.26 -100.27171 -1 0 0
16.63685 0.26 -130.0405 0 -0.500026 0.866011
16.38285 0.26 -130.0405 0 -0.500026 0.866011
16.63685 0.519999 -129.97079 0 -4.587e-07 1
16.38285 0.519999 -129.97079 0 -4.587e-07 1
16.38285 0.0696663 -100.08137 -1 0 0
16.38285 0.779999 -130.0405 0 0.500025 0.866011
16.63685 0.970333 -130.2308 0 0.866007 0.500033
16.38285 0.970333 -130.2308 0 0.866007 0.500033
16.63685 1.04 -130.4908 0 1 1.82931e-17
16.38285 -4.32316e-07 -99.82137 -1 0 0
16.38285 0.26 -99.37103 -1 0 0
16.38285 0.970333 -99.56136 -1 0 0
16.63685 0.78 -130.9411 0 0.500026 -0.86601
16.38285 0.78 -130.9411 0 0.500026 -0.86601
16.38285 0.0696663 -97.29082 -1 0 0
16.38285 0.52 -131.0108 0 0 -1
16.63685 0.26 -130.9411 0 -0.500025 -0.866011
16.38285 0.0696664 -96.77083 -1 0 0
16.38285 0.26 -96.58053 -1 0 0
16.38285 0.519999 -96.51083 -1 0 0
16.38285 0.779999 -96.58053 -1 0 0
16.38285 -4.32316e-07 -130.4908 0 -1 1.7379e-07
16.38285 0.970333 -96.77083 -1 0 0
16.38285 0.0696664 -130.2308 0 -0.866007 0.500032
16.38285 1.04 -97.03082 -1 0 0
16.38285 0.970333 -97.29082 -1 0 0
16.38285 0.78 -97.48122 -1 0 0
16.38285 0.52 -97.55083 -1 0 0
16.63685 0.779999 -130.0405 0 0.500025 0.866011
16.38285 0.26 -97.48122 -1 0 0
16.38285 -4.32316e-07 -97.03082 -1 0 0
16.38285 0.0696664 -98.4622 -1 0 0
16.38285 0.519999 -98.20222 -1 0 0
16.38285 1.04 -130.4908 0 1 -2.74396e-17
16.63685 0.970333 -130.75079 0 0.866007 -0.500031
16.38285 0.970333 -130.75079 0 0.866007 -0.500031
16.38285 0.779999 -98.27187 -1 0 0
16.38285 0.78 -99.17255 -1 0 0
16.65215 0.231491 -132.1691 0 0 -1
18.55215 0.231491 -127.1211 0 0 1
16.38285 0.52 -99.24222 -1 0 0
16.38285 0.26 -99.17255 -1 0 0
16.38285 0.0696663 -98.98222 -1 0 0
16.38285 -4.32316e-07 -98.72221 -1 0 0
16.38285 0.26 -98.27187 -1 0 0
16.65215 0.231491 -127.1211 0 0 1
16.38285 0.970333 -98.4622 -1 0 0
16.38285 1.04 -98.72221 -1 0 0
16.38285 0.970333 -98.98222 -1 0 0
18.55215 1.38527 -132.1691 0 0 -1
18.55215 0.231491 -95.35252 0 -1 0
16.65215 0.231491 -95.35252 0 -1 0
16.65215 1.38527 -127.1211 0 0 1
18.55215 1.38527 -127.1211 0 0 1
18.55215 0.231491 -100.40053 0 -1 0
18.55215 0.231491 -132.1691 0 0 -1
16.65215 1.38527 -132.1691 0 0 -1
18.55215 1.38527 -95.35252 0 1 0
18.55215 1.38527 -100.40053 0 1 0
16.65215 1.38527 -100.40053 0 1 0
16.65215 0.231491 -100.40053 0 -1 0
16.65215 1.38527 -95.35252 0 1 0
225 202 248
225 248 223
227 228 202
223 222 245
229 206 228
245 244 243
207 208 206
243 242 217
233 210 208
217 216 215
235 236 210
215 214 237
22 23 21
22 21 20
8 24 23
20 31 19
9 25 24
19 18 17
10 11 25
17 16 15
26 27 11
15 14 30
28 12 27
30 29 13
13 29 12
13 12 28
30 14 29
28 27 26
15 16 14
26 11 10
17 18 16
10 25 9
8 23 22
19 31 18
9 24 8
20 21 31
1 2 5
2 3 5
4 0 7
0 6 7
42 43 41
42 41 40
44 45 43
40 39 38
46 47 45
38 37 55
48 32 47
55 36 35
49 33 32
35 34 54
50 51 33
54 53 52
52 53 51
52 51 50
54 34 53
50 33 49
35 36 34
49 32 48
55 37 36
48 47 46
44 43 42
38 39 37
46 45 44
40 41 39
76 56 99
76 99 98
78 79 56
98 73 72
80 81 79
72 71 70
58 59 81
70 93 68
84 85 59
68 91 90
86 63 85
90 89 64
64 89 63
64 63 86
90 91 89
86 85 84
68 93 91
84 59 58
70 71 93
58 81 80
78 56 76
72 73 71
80 79 78
98 99 73
124 125 123
124 123 122
126 127 125
122 145 144
104 105 127
144 143 118
106 107 105
118 117 116
132 109 107
116 139 114
110 135 109
114 113 112
112 113 135
112 135 110
114 139 113
110 109 132
116 117 139
132 107 106
118 143 117
106 105 104
126 125 124
144 145 143
104 127 126
122 123 145
83 82 74
87 82 83
75 82 87
88 95 75
92 95 88
95 92 94
77 95 96
95 82 75
97 95 77
82 95 97
65 61 60
61 67 60
66 62 69
62 57 69
237 214 236
237 236 235
215 216 214
235 210 233
217 242 216
233 208 207
243 244 242
207 206 229
227 202 225
245 222 244
229 228 227
223 248 222
120 115 119
100 115 120
101 115 100
102 128 101
103 128 102
128 103 121
108 128 129
128 115 101
111 128 108
115 128 111
181 197 183
197 184 183
185 180 187
180 188 187
142 141 130
131 141 142
146 141 131
133 136 146
273 274 296
273 296 271
251 252 274
271 270 293
253 254 252
293 292 291
279 280 254
291 266 289
281 282 280
289 264 263
283 284 282
263 286 285
285 286 284
285 284 283
263 264 286
283 282 281
289 266 264
281 280 279
291 292 266
279 254 253
251 274 273
293 270 292
253 252 251
271 296 270
147 136 133
136 147 134
138 136 137
136 141 146
140 136 138
141 136 140
149 148 158
150 148 149
151 148 150
152 154 151
297 298 320
297 320 319
299 324 298
319 342 317
325 326 324
317 316 315
327 328 326
315 338 313
305 306 328
313 312 311
331 332 306
311 334 309
309 334 332
309 332 331
311 312 334
331 306 305
313 338 312
305 328 327
315 316 338
327 326 325
299 298 297
317 342 316
325 324 299
319 320 342
159 154 152
154 159 153
156 154 155
154 148 151
157 154 156
148 154 157
169 167 168
167 163 165
169 163 167
160 163 169
345 346 392
345 392 367
347 348 346
367 390 389
349 374 348
389 388 387
351 352 374
387 386 385
353 378 352
385 360 383
355 356 378
383 382 381
381 382 356
381 356 355
383 360 382
355 378 353
385 386 360
353 352 351
387 388 386
351 374 349
347 346 345
389 390 388
349 348 347
367 392 390
161 163 160
163 161 162
164 163 170
165 164 171
165 163 164
167 165 166
172 179 182
179 190 177
172 190 179
186 190 172
189 190 186
190 189 173
175 190 174
177 175 176
177 190 175
179 177 178
193 191 192
191 196 204
193 196 191
194 196 193
195 196 194
196 195 201
198 196 203
204 198 199
204 196 198
191 204 200
219 218 205
218 224 213
219 224 218
209 224 219
447 422 448
465 466 467
425 448 450
467 444 469
463 464 465
427 450 428
461 462 463
429 428 430
459 460 461
455 430 432
433 458 459
433 432 458
455 432 433
459 458 460
429 430 455
461 460 462
427 428 429
463 462 464
425 450 427
465 464 466
447 448 425
467 466 444
469 422 447
469 444 422
220 224 209
224 220 221
212 224 211
213 212 226
213 224 212
218 213 230
240 246 241
246 238 232
246 232 231
232 238 234
471 470 496
489 514 515
497 496 498
515 516 493
487 512 489
475 498 500
509 486 487
477 500 478
483 484 509
503 478 480
505 506 483
505 480 506
503 480 505
483 506 484
477 478 503
509 484 486
475 500 477
487 486 512
497 498 475
489 512 514
471 496 497
515 514 516
493 470 471
493 516 470
238 249 247
249 238 239
239 238 250
250 238 240
240 238 246
250 240 255
272 265 256
265 268 258
265 258 257
258 268 267
519 518 544
537 538 539
521 544 522
539 564 565
559 560 537
547 522 524
557 558 559
525 524 526
531 532 557
527 526 552
553 554 531
553 552 554
527 552 553
531 554 532
525 526 527
557 532 558
547 524 525
559 558 560
521 522 547
537 560 538
519 544 521
539 538 564
565 518 519
565 564 518
268 260 259
260 268 261
261 268 262
262 268 272
272 268 265
262 272 269
302 287 275
287 294 290
287 290 288
290 294 276
567 566 568
609 610 611
593 568 570
611 612 589
607 584 609
595 570 596
581 606 607
573 596 598
579 604 581
599 598 576
601 578 579
601 576 578
599 576 601
579 578 604
573 598 599
581 604 606
595 596 573
607 606 584
593 570 595
609 584 610
567 568 593
611 610 612
589 566 567
589 612 566
638 615 637
638 637 636
616 617 615
636 635 634
642 643 617
634 633 632
620 645 643
632 631 630
646 647 645
630 653 628
624 625 647
628 627 626
626 627 625
626 625 624
628 653 627
624 647 646
630 631 653
646 645 620
632 633 631
620 643 642
616 615 638
634 635 633
642 617 616
636 637 635
294 277 295
277 294 300
300 294 278
278 294 302
302 294 287
278 302 301
330 321 318
321 323 322
321 322 303
322 323 304
662 663 685
662 685 708
688 689 663
708 683 706
690 667 689
706 681 680
668 693 667
680 703 702
694 695 693
702 701 700
672 697 695
700 699 674
674 699 697
674 697 672
700 701 699
672 695 694
702 703 701
694 693 668
680 681 703
668 667 690
688 663 662
706 683 681
690 689 688
708 685 683
323 308 307
308 323 329
329 323 310
310 323 330
330 323 321
310 330 314
364 363 344
350 363 364
354 363 350
357 361 354
710 711 733
710 733 732
712 737 711
732 755 754
714 739 737
754 753 752
740 717 739
752 751 750
718 719 717
750 725 748
720 721 719
748 723 722
722 723 721
722 721 720
748 725 723
720 719 718
750 751 725
718 717 740
752 753 751
740 739 714
712 711 710
754 755 753
714 737 712
732 733 755
358 361 357
361 358 359
365 361 362
361 363 354
366 361 365
363 361 366
333 343 340
343 337 340
339 335 341
335 336 341
782 759 781
782 781 804
760 785 759
804 779 778
762 763 785
778 777 776
764 765 763
776 799 798
766 791 765
798 797 796
768 769 791
796 795 794
794 795 769
794 769 768
796 797 795
768 791 766
798 799 797
766 765 764
776 777 799
764 763 762
760 759 782
778 779 777
762 785 760
804 781 779
369 368 379
370 368 369
371 368 370
380 373 371
372 373 380
373 372 384
376 373 375
373 368 371
377 373 376
368 373 377
397 395 396
398 395 397
399 395 398
400 401 399
391 401 400
401 391 393
402 401 394
401 395 399
403 401 402
395 401 403
410 404 405
411 404 410
412 404 411
406 408 412
413 408 406
408 413 407
414 408 409
408 404 412
415 408 414
404 408 415
860 835 837
854 879 856
862 837 863
856 881 858
876 853 854
864 863 865
850 851 876
866 865 867
872 849 850
868 867 845
870 871 872
870 845 871
868 845 870
872 871 849
866 867 868
850 849 851
864 865 866
876 851 853
862 863 864
854 853 879
860 837 862
856 879 881
858 835 860
858 881 835
423 416 421
416 424 435
423 424 416
417 424 423
418 424 417
424 418 419
431 424 426
435 431 434
435 424 431
416 435 420
884 883 885
917 903 918
909 885 910
918 905 919
900 901 917
911 910 889
916 899 900
912 889 913
915 897 916
892 913 914
894 895 915
894 914 895
892 914 894
915 895 897
912 913 892
916 897 899
911 889 912
900 899 901
909 910 911
917 901 903
884 885 909
918 903 905
919 883 884
919 905 883
437 441 436
441 443 449
437 443 441
438 443 437
439 443 438
443 439 442
440 443 445
449 440 446
449 443 440
441 449 451
944 943 945
962 939 940
946 945 947
940 965 966
960 961 962
948 947 949
934 959 960
950 949 927
932 957 934
952 927 953
954 931 932
954 953 931
952 953 954
932 931 957
950 927 952
934 957 959
948 949 950
960 959 961
946 947 948
962 961 939
944 945 946
940 939 965
966 943 944
966 965 943
473 452 453
452 476 472
473 476 452
454 476 473
1035 1027 1028
1017 1035 1028
1033 1037 1024
1020 1033 1024
456 476 454
476 456 474
479 476 457
472 479 468
472 476 479
452 472 481
492 490 491
490 501 504
492 501 490
494 501 492
992 967 969
1010 1011 1012
970 969 995
1012 989 1014
984 985 1010
972 995 997
982 1007 984
974 997 999
980 1005 982
1000 999 1001
1002 1003 980
1002 1001 1003
1000 1001 1002
980 1003 1005
974 999 1000
982 1005 1007
972 997 974
984 1007 985
970 995 972
1010 985 1011
992 969 970
1012 1011 989
1014 967 992
1014 989 967
495 501 494
501 495 499
502 501 482
504 502 485
504 501 502
490 504 488
533 507 523
507 529 510
507 510 508
510 529 528
1040 1039 1041
1082 1059 1060
1066 1041 1043
1060 1085 1062
1056 1057 1082
1068 1043 1045
1078 1055 1056
1046 1045 1071
1052 1077 1078
1072 1071 1073
1074 1051 1052
1074 1073 1051
1072 1073 1074
1052 1051 1077
1046 1071 1072
1078 1077 1055
1068 1045 1046
1056 1055 1057
1066 1043 1068
1082 1057 1059
1040 1041 1066
1060 1059 1085
1062 1039 1040
1062 1085 1039
529 513 511
513 529 530
530 529 517
517 529 533
533 529 507
517 533 520
550 542 534
542 545 535
542 535 543
535 545 536
1088 1087 1113
1106 1107 1108
1090 1113 1091
1108 1109 1134
1104 1129 1106
1116 1091 1093
1126 1103 1104
1094 1093 1095
1100 1125 1126
1120 1095 1097
1098 1123 1100
1098 1097 1123
1120 1097 1098
1100 1123 1125
1094 1095 1120
1126 1125 1103
1116 1093 1094
1104 1103 1129
1090 1091 1116
1106 1129 1107
1088 1113 1090
1108 1107 1109
1134 1087 1088
1134 1109 1087
545 546 540
546 545 548
548 545 541
541 545 550
550 545 542
541 550 549
577 551 563
551 572 571
551 571 569
571 572 555
1136 1159 1161
1178 1155 1156
1138 1161 1163
1156 1157 1182
1176 1177 1178
1164 1163 1141
1150 1175 1176
1166 1141 1167
1148 1173 1150
1168 1167 1169
1170 1171 1148
1170 1169 1171
1168 1169 1170
1148 1171 1173
1166 1167 1168
1150 1173 1175
1164 1141 1166
1176 1175 1177
1138 1163 1164
1178 1177 1155
1136 1161 1138
1156 1155 1157
1182 1159 1136
1182 1157 1159
572 561 556
561 572 574
574 572 575
575 572 577
577 572 551
575 577 562
590 582 580
582 587 585
582 585 583
585 587 586
1208 1207 1185
1222 1203 1204
1186 1185 1187
1204 1223 1206
1221 1201 1222
1188 1187 1213
1220 1199 1221
1214 1213 1215
1219 1197 1220
1192 1215 1193
1194 1195 1219
1194 1193 1195
1192 1193 1194
1219 1195 1197
1214 1215 1192
1220 1197 1199
1188 1213 1214
1221 1199 1201
1186 1187 1188
1222 1201 1203
1208 1185 1186
1204 1203 1223
1206 1207 1208
1206 1223 1207
1224 1244 1266
1224 1266 1241
1245 1225 1244
1241 1264 1263
1226 1227 1225
1263 1238 1237
1249 1228 1227
1237 1236 1259
1251 1252 1228
1259 1234 1233
1229 1254 1252
1233 1232 1231
1231 1232 1254
1231 1254 1229
1233 1234 1232
1229 1252 1251
1259 1236 1234
1251 1228 1249
1237 1238 1236
1249 1227 1226
1245 1244 1224
1263 1264 1238
1226 1225 1245
1241 1266 1264
587 588 591
588 587 592
592 587 594
594 587 590
590 587 582
594 590 597
623 605 600
600 605 602
605 623 613
602 605 603
1291 1268 1314
1291 1314 1313
1269 1294 1268
1313 1312 1311
1295 1272 1294
1311 1310 1309
1297 1274 1272
1309 1308 1307
1275 1300 1274
1307 1306 1305
1301 1278 1300
1305 1304 1279
1279 1304 1278
1279 1278 1301
1305 1306 1304
1301 1300 1275
1307 1308 1306
1275 1274 1297
1309 1310 1308
1297 1272 1295
1269 1268 1291
1311 1312 1310
1295 1294 1269
1313 1314 1312
605 608 618
608 605 619
619 605 613
613 623 621
621 623 614
614 623 622
655 639 650
650 639 629
639 655 654
629 639 651
1339 1340 1362
1339 1362 1337
1341 1342 1340
1337 1360 1335
1343 1320 1342
1335 1334 1357
1345 1346 1320
1357 1356 1331
1347 1324 1346
1331 1354 1329
1325 1350 1324
1329 1352 1351
1351 1352 1350
1351 1350 1325
1329 1354 1352
1325 1324 1347
1331 1356 1354
1347 1346 1345
1357 1334 1356
1345 1320 1343
1341 1340 1339
1335 1360 1334
1343 1342 1341
1337 1362 1360
639 640 652
640 639 641
641 639 654
654 655 644
644 655 648
648 655 649
664 666 656
656 666 665
666 664 660
665 666 657
1387 1364 1386
1387 1386 1385
1389 1366 1364
1385 1408 1383
1367 1392 1366
1383 1382 1381
1393 1370 1392
1381 1404 1403
1371 1372 1370
1403 1378 1401
1397 1398 1372
1401 1400 1399
1399 1400 1398
1399 1398 1397
1401 1378 1400
1397 1372 1371
1403 1404 1378
1371 1370 1393
1381 1382 1404
1393 1392 1367
1389 1364 1387
1383 1408 1382
1367 1366 1389
1385 1386 1408
666 658 669
658 666 659
659 666 660
660 664 661
661 664 670
670 664 671
715 696 713
698 715 713
705 704 709
707 705 709
692 676 673
673 676 679
676 692 686
679 676 675
676 684 682
684 676 677
677 676 686
686 692 687
687 692 691
691 692 678
729 731 730
730 731 716
731 729 735
716 731 724
731 734 726
734 731 727
727 731 735
735 729 736
736 729 738
738 729 728
1429 1452 1454
1471 1448 1449
1455 1454 1456
1449 1474 1475
1469 1470 1471
1433 1456 1458
1443 1468 1469
1435 1458 1460
1465 1466 1443
1461 1460 1438
1439 1464 1465
1439 1438 1464
1461 1438 1439
1465 1464 1466
1435 1460 1461
1443 1466 1468
1433 1458 1435
1469 1468 1470
1455 1456 1433
1471 1470 1448
1429 1454 1455
1449 1448 1474
1475 1452 1429
1475 1474 1452
761 742 741
741 742 749
742 761 745
749 742 756
742 744 743
744 742 757
757 742 745
745 761 758
758 761 746
746 761 747
1501 1500 1502
1495 1517 1518
1479 1502 1504
1518 1498 1519
1493 1494 1495
1505 1504 1506
1491 1516 1493
1483 1506 1508
1513 1490 1491
1509 1508 1486
1487 1512 1513
1487 1486 1512
1509 1486 1487
1513 1512 1490
1483 1508 1509
1491 1490 1516
1505 1506 1483
1493 1516 1494
1479 1504 1505
1495 1494 1517
1501 1502 1479
1518 1517 1498
1519 1500 1501
1519 1498 1500
773 783 774
774 783 775
783 773 786
775 783 780
783 767 784
767 783 770
770 783 786
786 773 787
787 773 771
771 773 772
1520 1536 1538
1531 1532 1557
1539 1538 1521
1557 1534 1559
1529 1530 1531
1541 1521 1522
1527 1552 1529
1523 1522 1524
1549 1550 1527
1525 1524 1546
1547 1548 1549
1547 1546 1548
1525 1546 1547
1549 1548 1550
1523 1524 1525
1527 1550 1552
1541 1522 1523
1529 1552 1530
1539 1521 1541
1531 1530 1532
1520 1538 1539
1557 1532 1534
1559 1536 1520
1559 1534 1536
815 813 814
809 815 814
811 808 810
812 811 810
1622 1615 1609
1623 1622 1609
1626 1619 1625
1608 1626 1625
800 803 801
801 803 788
803 800 790
788 803 802
803 789 805
789 803 806
806 803 790
790 800 807
807 800 792
792 800 793
1585 1560 1586
1603 1604 1605
1563 1586 1564
1605 1582 1583
1577 1578 1603
1565 1564 1566
1575 1576 1577
1591 1566 1568
1573 1598 1575
1593 1568 1570
1571 1572 1573
1571 1570 1572
1593 1570 1571
1573 1572 1598
1591 1568 1593
1575 1598 1576
1565 1566 1591
1577 1576 1578
1563 1564 1565
1603 1578 1604
1585 1586 1563
1605 1604 1582
1583 1560 1585
1583 1582 1560
1610 1618 1607
1618 1602 1616
1618 1616 1617
1616 1602 1606
1602 1601 1614
1601 1602 1613
1613 1602 1612
1612 1602 1610
1610 1602 1618
1612 1610 1611
1629 1631 1628
1631 1627 1628
1620 1621 1624
1621 1630 1624
1597 1595 1596
1595 1589 1592
1595 1592 1594
1592 1589 1590
1589 1587 1588
1587 1589 1600
1600 1589 1584
1584 1589 1597
1597 1589 1595
1584 1597 1599
1554 1562 1567
1562 1556 1581
1562 1581 1561
1581 1556 1558
1556 1555 1580
1555 1556 1579
1579 1556 1574
1574 1556 1554
1554 1556 1562
1574 1554 1569
1537 1533 1535
1533 1545 1551
1533 1551 1553
1551 1545 1528
1545 1543 1544
1543 1545 1542
1542 1545 1540
1540 1545 1537
1537 1545 1533
1540 1537 1526
1488 1484 1485
1484 1480 1496
1484 1496 1482
1496 1480 1481
1480 1492 1478
1492 1480 1489
1489 1480 1477
1477 1480 1488
1488 1480 1484
1477 1488 1476
1497 1515 1510
1515 1507 1510
1503 1499 1511
1499 1514 1511
1463 1473 1462
1473 1453 1459
1473 1459 1472
1459 1453 1457
1453 1467 1451
1467 1453 1450
1450 1453 1447
1447 1453 1463
1463 1453 1473
1447 1463 1446
1432 1444 1445
1444 1428 1430
1444 1430 1431
1430 1428 1442
1428 1440 1441
1440 1428 1437
1437 1428 1436
1436 1428 1432
1432 1428 1444
1436 1432 1434
1421 1426 1427
1426 1422 1424
1426 1424 1425
1424 1422 1423
1422 1419 1420
1419 1422 1418
1418 1422 1417
1417 1422 1421
1421 1422 1426
1417 1421 1416
1411 1414 1415
1415 1414 1410
1414 1411 1406
1410 1414 1409
1414 1412 1413
1412 1414 1407
1407 1414 1406
1406 1411 1405
1405 1411 1402
1402 1411 1396
1374 1379 1395
1395 1379 1384
1379 1374 1390
1384 1379 1380
1379 1391 1394
1391 1379 1377
1377 1379 1390
1390 1374 1388
1388 1374 1376
1376 1374 1375
1348 1368 1373
1373 1368 1359
1368 1348 1363
1359 1368 1369
1368 1358 1365
1358 1368 1355
1355 1368 1363
1363 1348 1353
1353 1348 1349
1349 1348 1361
1321 1328 1344
1344 1328 1338
1328 1321 1326
1338 1328 1336
1328 1333 1327
1333 1328 1332
1332 1328 1326
1326 1321 1323
1323 1321 1330
1330 1321 1322
1298 1319 1318
1296 1319 1298
1293 1319 1296
1317 1315 1293
1316 1315 1317
1315 1316 1292
1302 1315 1303
1315 1319 1293
1299 1315 1302
1319 1315 1299
1289 1290 1285
1284 1290 1289
1283 1290 1284
1282 1277 1283
1281 1277 1282
1277 1281 1280
1287 1277 1288
1277 1290 1283
1286 1277 1287
1290 1277 1286
1260 1276 1261
1273 1276 1260
1271 1276 1273
1270 1258 1271
1267 1258 1270
1258 1267 1265
1256 1258 1257
1258 1276 1271
1262 1258 1256
1276 1258 1262
1253 1255 1242
1250 1255 1253
1240 1255 1250
1248 1230 1240
1239 1230 1248
1230 1239 1235
1246 1230 1247
1230 1255 1240
1243 1230 1246
1255 1230 1243
1209 1211 1210
1211 1198 1216
1209 1198 1211
1205 1198 1209
1202 1198 1205
1198 1202 1200
1196 1198 1218
1216 1196 1217
1216 1198 1196
1211 1216 1212
1181 1191 1183
1191 1179 1165
1181 1179 1191
1180 1179 1181
1190 1179 1180
1179 1190 1189
1184 1179 1174
1165 1184 1172
1165 1179 1184
1191 1165 1162
1151 1153 1152
1153 1160 1154
1151 1160 1153
1149 1160 1151
1147 1160 1149
1160 1147 1146
1145 1160 1158
1154 1145 1144
1154 1160 1145
1153 1154 1143
1118 1121 1119
1117 1118 1119
1114 1122 1112
1115 1114 1112
1140 1132 1142
1132 1137 1127
1140 1137 1132
1139 1137 1140
1131 1137 1139
1137 1131 1130
1133 1137 1135
1127 1133 1128
1127 1137 1133
1132 1127 1124
1083 1102 1111
1111 1102 1110
1102 1083 1084
1110 1102 1105
1102 1086 1089
1086 1102 1101
1101 1102 1084
1084 1083 1099
1099 1083 1096
1096 1083 1092
1067 1079 1081
1081 1079 1065
1079 1067 1063
1065 1079 1080
1079 1075 1076
1075 1079 1064
1064 1079 1063
1063 1067 1070
1070 1067 1061
1061 1067 1069
1053 1058 1050
1050 1058 1049
1058 1053 1038
1049 1058 1048
1058 1044 1047
1044 1058 1042
1042 1058 1038
1038 1053 1036
1036 1053 1034
1034 1053 1054
1016 1019 1021
1021 1019 1032
1019 1016 1026
1032 1019 1031
1019 1030 1018
1030 1019 1029
1029 1019 1026
1026 1016 1025
1025 1016 1023
1023 1016 1022
1013 996 1015
1009 996 1013
994 996 1009
993 1004 994
1008 1004 993
1004 1008 1006
991 1004 998
1004 996 994
990 1004 991
996 1004 990
987 988 981
986 988 987
979 988 986
983 976 979
978 976 983
976 978 977
973 976 975
976 988 979
971 976 973
988 976 971
968 958 956
955 958 968
964 958 955
951 938 964
942 938 951
938 942 941
937 938 963
938 958 964
936 938 937
958 938 936
924 935 933
930 935 924
929 935 930
923 921 929
922 921 923
921 922 928
920 921 926
921 935 929
925 921 920
935 921 925
907 908 896
908 891 898
907 891 908
906 891 907
893 891 906
891 893 904
890 891 902
898 890 888
898 891 890
908 898 887
873 874 886
874 861 859
873 861 874
882 861 873
869 861 882
861 869 880
877 861 878
859 877 875
859 861 877
874 859 857
842 855 843
855 840 839
842 840 855
852 840 842
848 840 852
840 848 841
846 840 847
839 846 844
839 840 846
855 839 838
821 823 817
822 821 817
819 818 820
816 819 820
834 828 836
828 832 824
834 832 828
827 832 834
826 832 827
832 826 833
830 832 831
824 830 825
824 832 830
828 824 829
MATERIALS 4
white
Steel
red
gray
MATERIAL white
1 1 1 1
1 1 1 1
1 1 1 1 0
0 0 0 1
MATERIAL Steel
0.8 0.8 0.8 1
0.8 0.8 0.8 1
0 0 0 1 1
0 0 0 1
MATERIAL red
0.65098 0 0 1
0.65098 0 0 1
0 0 0 1 1
0 0 0 1
MATERIAL gray
0.651 0.651 0.651 1
0.651 0.651 0.651 1
1 1 1 1 1
0 0 0 1
TEXTURES 1
SSV\SLC6\MST.dds
