MSHX1
GROUPS 13
LABEL Box01
MATERIAL 1
TEXTURE 1
GEOM 349 164
10.1394 50.47277 257.7236 0 1 0 0.330774 0.934927
-10.1394 50.47277 257.72369 0 1 0 0.509806 0.934927
10.1394 50.47277 251.85088 0 1 0 0.330774 0.755894
-10.1394 50.47277 251.85088 0 1 0 0.509806 0.755895
-6.32227 46.8581 247.23973 0 1 0 0.51252 0.950101
-7.39523 46.8581 247.23973 0 1 0 0.528181 0.950101
-6.32227 46.8581 239.30988 0 1 0 0.51252 0.734319
-7.39523 46.8581 239.30988 0 1 0 0.528181 0.734319
7.39522 46.8581 247.23973 0 1 0 0.312397 0.950101
6.32227 46.8581 247.23973 0 1 0 0.328052 0.950103
7.39522 46.8581 239.30988 0 1 0 0.312397 0.734319
6.32227 46.8581 239.30988 0 1 0 0.328052 0.734321
-5.43101 11.39896 247.23975 0 -1 0 0.343709 0.950101
-6.32227 11.39896 247.23973 0 -1 0 0.328048 0.950101
-5.43101 11.39896 240.49109 0 -1 0 0.343708 0.763879
-6.32227 11.39896 240.49109 0 -1 0 0.328048 0.763879
-5.43101 46.8581 247.23975 0 1 0 0.49687 0.950101
-6.32227 46.8581 247.23973 0 1 0 0.512531 0.950101
-5.43101 46.8581 240.49109 0 1 0 0.49687 0.763879
-6.32227 46.8581 240.49109 0 1 0 0.512531 0.763879
6.32227 11.39896 247.23973 0 -1 0 0.512534 0.950101
5.43101 11.39896 247.23975 0 -1 0 0.49688 0.950103
6.32227 11.39896 240.49109 0 -1 0 0.512534 0.763879
5.43101 11.39896 240.49118 0 -1 0 0.49688 0.763881
6.32227 46.8581 247.23973 0 1 0 0.328044 0.950101
5.43101 46.8581 247.23975 0 1 0 0.343699 0.950103
6.32227 46.8581 240.49109 0 1 0 0.328044 0.763879
5.43101 46.8581 240.49118 0 1 0 0.343699 0.763881
5.43085 47.6895 251.85088 0 -1 0 0.467274 0.93191
-5.43101 47.6895 251.85088 0 -1 0 0.333921 0.93191
5.43085 47.6895 235.89879 0 -1 0 0.467274 0.798883
-5.43101 47.6895 235.89879 0 -1 0 0.333921 0.798883
5.43085 47.8803 251.85088 0 1 0 0.333923 0.93191
-5.43101 47.8803 251.85088 0 1 0 0.467276 0.93191
5.43085 47.8803 235.89879 0 1 0 0.333923 0.798883
-5.43101 47.8803 235.89879 0 1 0 0.467276 0.798883
-5.1311 42.0503 239.51801 0 -1 0 0.33768 0.83158
-5.1311 42.0503 237.1469 0 -1 0 0.33768 0.812291
-5.1311 42.0503 236.3199 0 -1 0 0.33768 0.802309
-5.43101 42.0503 239.51801 0 -1 0 0.333921 0.83158
-5.43101 42.0503 237.1469 0 -1 0 0.333921 0.812291
-5.43101 42.0503 236.3199 0 -1 0 0.333921 0.802309
5.43125 42.0503 239.51801 0 -1 0 0.467279 0.83158
5.43125 42.0503 237.1469 0 -1 0 0.467279 0.812291
5.43125 42.0503 236.3199 0 -1 0 0.467279 0.802309
5.1312 42.0503 239.51801 0 -1 0 0.463519 0.83158
5.1312 42.0503 237.1469 0 -1 0 0.463519 0.812291
5.1312 42.0503 236.3199 0 -1 0 0.463519 0.802309
10.1394 35.5501 257.72369 2.69134e-06 3.65733e-06 1 0.334346 0.938604
10.1394 35.5501 257.72369 1 0 0 0.460186 0.885306
-10.1394 35.5501 257.72369 0 0 1 0.501403 0.938604
-10.1394 35.5501 257.72369 -1 0 0 0.385225 0.885306
10.1394 35.5501 251.85088 0 0 -1 0.334346 0.938604
10.1394 35.5501 251.85088 1 0 0 0.385225 0.885306
-10.1394 35.5501 251.85088 -1 0 0 0.460186 0.885306
-10.1394 35.5501 251.85088 0 0 -1 0.501403 0.938604
10.1394 50.47277 257.7236 4.5147e-06 6.13514e-06 1 0.334346 0.771541
10.1394 50.47277 257.7236 1 0 0 0.460186 0.810346
-10.1394 50.47277 257.72369 1.82336e-06 2.47781e-06 1 0.501403 0.771541
-10.1394 50.47277 257.72369 -1 0 0 0.385225 0.810346
10.1394 50.47277 251.85088 0 0 -1 0.334346 0.771541
10.1394 50.47277 251.85088 1 0 0 0.385225 0.810346
-10.1394 50.47277 251.85088 -1 0 0 0.460186 0.810346
-10.1394 50.47277 251.85088 0 0 -1 0.501403 0.771541
-6.32227 11.39896 247.23973 0 0 1 0.51252 0.914064
-6.32227 11.39896 247.23973 1 0 0 0.528179 0.914064
-7.39523 11.39896 247.23973 0 0 1 0.528181 0.914064
-7.39523 11.39896 247.23973 -1 -2.44727e-07 -1.03419e-06 0.312399 0.914064
-6.32227 11.39896 239.30988 0 0 -1 0.328058 0.914064
-6.32227 11.39896 239.30988 1 0 0 0.312397 0.914064
-7.39522 11.39896 239.30988 -1 -2.82398e-07 -1.20264e-06 0.528181 0.914064
-7.39522 11.39896 239.30988 0 0 -1 0.312397 0.914064
-6.32227 46.8581 247.23973 0 0 1 0.51252 0.734319
-6.32227 46.8581 247.23973 1 0 0 0.528179 0.734319
-7.39523 46.8581 247.23973 0 0 1 0.528181 0.734319
-7.39523 46.8581 247.23973 -1 -1.34475e-08 0 0.312399 0.734319
-6.32227 46.8581 239.30988 0 0 -1 0.328058 0.734319
-6.32227 46.8581 239.30988 1 0 0 0.312397 0.734319
-7.39523 46.8581 239.30988 -1 -5.1118e-08 -1.68447e-07 0.528181 0.734319
-7.39523 46.8581 239.30988 0 0 -1 0.312397 0.734319
7.39522 11.39896 247.23973 0 0 1 0.312397 0.914064
7.39522 11.39896 247.23973 1 1.34475e-08 0 0.528179 0.914064
6.32227 11.39896 247.23973 0 0 1 0.328052 0.914064
6.32227 11.39896 247.23973 -1 0 0 0.312397 0.914064
7.39522 11.39896 239.30988 0 0 -1 0.528181 0.914064
7.39522 11.39896 239.30988 1 1.34475e-08 0 0.312397 0.914064
6.32227 11.39896 239.30988 -1 0 0 0.528179 0.914064
6.32227 11.39896 239.30988 0 0 -1 0.512527 0.914064
7.39522 46.8581 247.23973 0 0 1 0.312397 0.734319
7.39522 46.8581 247.23973 1 1.34475e-08 0 0.528179 0.734319
6.32227 46.8581 247.23973 0 0 1 0.328052 0.734319
6.32227 46.8581 247.23973 -1 0 0 0.312397 0.734319
7.39522 46.8581 239.30988 0 0 -1 0.528181 0.734319
7.39522 46.8581 239.30988 1 1.34475e-08 0 0.312397 0.734319
6.32227 46.8581 239.30988 -1 0 0 0.528179 0.734319
6.32227 46.8581 239.30988 0 0 -1 0.512527 0.734319
-5.43101 11.39896 247.23975 -1.71205e-05 0 1 0.49687 0.950103
-6.32227 11.39896 247.23973 -1.71205e-05 0 1 0.512531 0.950103
-5.43101 11.39896 240.49109 0 0 -1 0.343708 0.950103
-6.32227 11.39896 240.49109 0 0 -1 0.328048 0.950103
-5.43101 46.8581 247.23975 -1.71205e-05 0 1 0.49687 0.734319
-6.32227 46.8581 247.23973 -1.71205e-05 0 1 0.512531 0.734319
-5.43101 46.8581 240.49109 0 0 -1 0.343708 0.734319
-6.32227 46.8581 240.49109 0 0 -1 0.328048 0.734319
6.32227 11.39896 247.23973 1.71204e-05 0 1 0.328044 0.950103
5.43101 11.39896 247.23975 1.71204e-05 0 1 0.343699 0.950103
6.32227 11.39896 240.49109 -0.000102723 0 -1 0.512534 0.950103
5.43101 11.39896 240.49118 -0.000102723 0 -1 0.49688 0.950103
6.32227 46.8581 247.23973 1.71204e-05 0 1 0.328044 0.734319
5.43101 46.8581 247.23975 1.71204e-05 0 1 0.343699 0.734319
6.32227 46.8581 240.49109 -0.000102723 0 -1 0.512534 0.734319
5.43101 46.8581 240.49118 -0.000102723 0 -1 0.49688 0.734319
5.43085 47.6895 251.85088 0 -1 0 0.467274 0.93191
5.43085 47.6895 251.85088 1 0 0 0.466945 0.799772
-5.43101 47.6895 251.85088 -1 0 0 0.334252 0.799772
-5.43101 47.6895 251.85088 -1 0 0 0.334252 0.799772
5.43085 47.6895 235.89879 0 0 -1 0.467274 0.799772
5.43085 47.6895 235.89879 1 0 0 0.333918 0.799772
5.43085 47.6895 235.89879 1 0 0 0.333918 0.799772
-5.43101 47.6895 235.89879 0 -1 0 0.333921 0.798883
-5.43101 47.6895 235.89879 -1 0 0 0.467279 0.799772
-5.43101 47.6895 235.89879 0 0 -1 0.333921 0.799772
-5.43101 47.6895 235.89879 0 0 -1 0.333921 0.799772
5.43085 47.8803 251.85088 0 1 0 0.333923 0.93191
5.43085 47.8803 251.85088 1 0 0 0.466945 0.798883
5.43085 47.8803 251.85088 1 0 0 0.466945 0.798883
-5.43101 47.8803 251.85088 -1 0 0 0.334252 0.798883
5.43085 47.8803 235.89879 0 0 -1 0.467274 0.798883
5.43085 47.8803 235.89879 0 0 -1 0.467274 0.798883
5.43085 47.8803 235.89879 1 0 0 0.333918 0.798883
-5.43101 47.8803 235.89879 0 1 0 0.467276 0.798883
-5.43101 47.8803 235.89879 -1 0 0 0.467279 0.798883
-5.43101 47.8803 235.89879 -1 0 0 0.467279 0.798883
-5.43101 47.8803 235.89879 0 0 -1 0.333921 0.798883
-5.1311 47.6895 236.3199 0 0 -1 0.33768 0.798883
-5.1311 47.6895 236.3199 1 0 0 0.337344 0.798883
-5.1311 47.6895 236.3199 1 0 0 0.337344 0.798883
-5.1311 47.6895 251.85088 1 0 0 0.466945 0.798883
-5.1311 47.6895 251.85088 1 0 0 0.466945 0.798883
-5.1311 42.0503 251.85088 0 -1 0 0.33768 0.93191
-5.1311 42.0503 251.85088 0 -1 0 0.33768 0.93191
-5.1311 42.0503 251.85088 1 0 0 0.466945 0.826045
-5.1311 42.0503 239.51799 0 -1 0 0.33768 0.83158
-5.1311 42.0503 239.51799 0 -1 0 0.33768 0.83158
-5.1311 42.0503 237.1469 0 -1 0 0.33768 0.812291
-5.1311 42.0503 237.1469 0 -1 0 0.33768 0.812291
-5.1311 42.0503 237.1469 1 0 0 0.347326 0.826045
-5.1311 42.0503 237.1469 1 0 0 0.347326 0.826045
-5.1311 42.0503 237.1469 1 0 0 0.347326 0.826045
-5.1311 42.0503 236.3199 0 0 -1 0.33768 0.826045
-5.1311 42.0503 236.3199 0 0 -1 0.33768 0.826045
-5.1311 42.0503 236.3199 1 0 0 0.337344 0.826045
-5.43101 47.6895 236.3199 0 0 -1 0.333921 0.798883
-5.43101 47.6895 236.3199 0 0 -1 0.333921 0.798883
-5.43101 47.6895 236.3199 -1 0 0 0.463853 0.798883
-5.43101 47.6895 236.3199 -1 -1.98112e-06 -1.3509e-05 0.463853 0.798883
-5.43122 47.6895 251.85088 -1 -1.98112e-06 -1.3509e-05 0.334252 0.798883
-5.43122 47.6895 251.85088 -1 0 -1.42688e-05 0.334252 0.798883
-5.43122 42.0503 251.85088 0 -1 0 0.333918 0.93191
-5.43122 42.0503 251.85088 -1 0 -1.42688e-05 0.334252 0.826045
-5.43101 42.0503 239.51801 0 -1 0 0.333921 0.83158
-5.43101 42.0503 239.51799 0 -1 0 0.333921 0.83158
-5.43101 42.0503 237.1469 0 -1 0 0.333921 0.812291
-5.43101 42.0503 237.1469 0 -1 0 0.333921 0.812291
-5.43101 42.0503 237.1469 -1 0 0 0.453871 0.826045
-5.43101 42.0503 237.1469 -1 -1.98112e-06 -1.3509e-05 0.453871 0.826045
-5.43101 42.0503 237.1469 -1 0 -1.42688e-05 0.453871 0.826045
-5.43101 42.0503 236.3199 0 -1 0 0.333921 0.802309
-5.43101 42.0503 236.3199 0 0 -1 0.333921 0.826045
-5.43101 42.0503 236.3199 -1 0 0 0.463853 0.826045
5.43125 47.6895 236.3199 0 0 -1 0.467279 0.798883
5.43125 47.6895 236.3199 1 0 0 0.337344 0.798883
5.43125 47.6895 236.3199 1 0 0 0.337344 0.798883
5.43125 47.6895 251.85088 1 0 0 0.466945 0.798883
5.43125 47.6895 251.85088 1 0 0 0.466945 0.798883
5.43125 42.0503 251.85088 0 -1 0 0.467279 0.93191
5.43125 42.0503 251.85088 0 -1 0 0.467279 0.93191
5.43125 42.0503 251.85088 1 0 0 0.466945 0.826045
5.43125 42.0503 239.51801 0 -1 0 0.467279 0.83158
5.43125 42.0503 239.51801 0 -1 0 0.467279 0.83158
5.43125 42.0503 237.1469 0 -1 0 0.467279 0.812291
5.43125 42.0503 237.1469 0 -1 0 0.467279 0.812291
5.43125 42.0503 237.1469 1 0 0 0.347326 0.826045
5.43125 42.0503 237.1469 1 0 0 0.347326 0.826045
5.43125 42.0503 237.1469 1 0 0 0.347326 0.826045
5.43125 42.0503 236.3199 0 0 -1 0.467279 0.826045
5.43125 42.0503 236.3199 0 0 -1 0.467279 0.826045
5.43125 42.0503 236.3199 1 0 0 0.337344 0.826045
5.1312 47.6895 236.3199 0 0 -1 0.463519 0.798883
5.1312 47.6895 236.3199 0 0 -1 0.463519 0.798883
5.1312 47.6895 236.3199 -1 0 0 0.463853 0.798883
5.1312 47.6895 236.3199 -1 0 0 0.463853 0.798883
5.1312 47.6895 251.85088 -1 0 0 0.334252 0.798883
5.1312 47.6895 251.85088 -1 0 0 0.334252 0.798883
5.1312 42.0503 251.85088 0 -1 0 0.463519 0.93191
5.1312 42.0503 251.85088 -1 0 0 0.334252 0.826045
5.1312 42.0503 239.51801 0 -1 0 0.463519 0.83158
5.1312 42.0503 239.51801 0 -1 0 0.463519 0.83158
5.1312 42.0503 237.1469 0 -1 0 0.463519 0.812291
5.1312 42.0503 237.1469 0 -1 0 0.463519 0.812291
5.1312 42.0503 237.1469 -1 0 0 0.453871 0.826045
5.1312 42.0503 237.1469 -1 0 0 0.453871 0.826045
5.1312 42.0503 237.1469 -1 0 0 0.453871 0.826045
5.1312 42.0503 236.3199 0 -1 0 0.463519 0.802309
5.1312 42.0503 236.3199 0 0 -1 0.463519 0.826045
5.1312 42.0503 236.3199 -1 0 0 0.463853 0.826045
-5.1311 19.738 239.67688 0 0 -1 0.33768 0.932244
-5.43105 19.738 239.67688 0 0 -1 0.333921 0.932244
-5.1311 42.079 239.67688 0 0 -1 0.33768 0.825911
-5.43105 42.079 239.67688 0 0 -1 0.333921 0.825911
5.43085 19.738 239.67688 0 0 -1 0.467274 0.932244
5.1308 19.738 239.67688 0 0 -1 0.463514 0.932244
5.43085 42.079 239.67688 0 0 -1 0.467274 0.825911
5.1308 42.079 239.67688 0 0 -1 0.463514 0.825911
7.39522 11.39896 247.23973 0 -1 0 0 1
7.39522 11.39896 239.30988 0 -1 0 0 1
6.32227 11.39896 239.30988 0 -1 0 0 1
6.32227 11.39896 247.23973 0 -1 0 0 1
-6.32227 11.39896 247.23973 0 -1 0 0 1
-7.39523 11.39896 247.23973 0 -1 0 0 1
-6.32227 11.39896 239.30988 0 -1 0 0 1
-7.39522 11.39896 239.30988 0 -1 0 0 1
5.43126 11.39896 251.89191 0 -1 0 0.467274 0.932244
5.43126 11.39896 239.67688 0 -1 0 0.467274 0.832873
5.02098 11.39896 239.67688 0 -1 0 0.463514 0.832873
-5.02102 11.39896 251.89191 0 -1 0 0.33768 0.932244
-5.43122 11.39896 251.89191 0 -1 0 0.333921 0.932244
-5.02102 11.39896 239.67688 0 -0.707107 -0.707107 0.33768 0.832873
-5.43122 11.39896 239.67688 0 -1 0 0.333921 0.832873
-5.02102 42.079 251.89191 1 1.55423e-08 0 0.467279 0.825911
-5.43122 42.079 251.89191 -1 -1.55423e-08 0 0.333918 0.825911
-5.02102 42.079 239.67688 0.707107 1.099e-08 -0.707107 0.367908 0.825911
-5.43122 42.079 239.67688 -0.707107 -1.099e-08 -0.707107 0.433289 0.825911
5.02098 11.39896 251.89191 0 -1 0 0.463514 0.932244
5.43126 42.079 251.89191 1 0 0 0.467279 0.825911
5.02098 42.079 251.89191 -1 0 0 0.333918 0.825911
5.43126 42.079 239.67688 0.707107 0 -0.707107 0.367908 0.825911
5.02098 42.079 239.67688 -0.707107 0 -0.707107 0.433289 0.825911
-7.07675 19.738 257.71811 0 0 1 0.454752 0.758091
-7.07675 2.14422 257.71811 0 0 1 0.454752 0.943713
-7.07675 2.14422 251.79858 0 -1 0 0.391423 0.796665
-7.07675 5.70027 251.79858 0 0 -1 0.454752 0.911315
-7.07675 5.70027 247.99886 0 -1 0 0.454752 0.911315
-7.07675 9.29826 247.99886 0 0 -1 0.454752 0.878535
-7.07675 9.29826 239.30988 0 -1 0 0.454752 0.878535
-7.07675 19.738 239.30988 0 0 -1 0.454752 0.758091
-13.1521 19.738 257.71811 0 0 1 0.508156 0.758091
-13.1521 2.14422 257.71811 0 0 1 0.508156 0.943713
-13.1521 2.14422 251.79858 0 -1 0 0.391423 0.746705
-13.1521 5.70027 251.79858 0 0 -1 0.508156 0.911315
-13.1521 5.70027 247.99886 0 -1 0 0.508156 0.911315
-13.1521 9.29827 247.99886 0 0 -1 0.508156 0.878535
-13.1521 9.29826 239.30988 -6.70759e-07 -1 4.68996e-07 0.508156 0.878535
-13.1521 19.738 239.30988 0 0 -1 0.508156 0.758091
13.1521 22.87619 257.71811 0 0 1 0.298612 0.734174
13.1521 2.14422 257.71811 0 0 1 0.298612 0.943713
13.1521 2.14422 251.79858 0 -1 0 0.391423 0.942735
13.1521 5.70027 251.79858 0 0 -1 0.298612 0.911315
13.1521 5.70027 247.99886 0 -1 0 0.298612 0.911315
13.1521 9.29827 247.99886 0 0 -1 0.298612 0.878535
13.1521 9.29827 239.30988 0 -1 0 0.298612 0.878535
13.1521 22.87619 239.30988 0 0 -1 0.298612 0.734174
7.07675 22.87619 257.71811 0 0 1 0.352018 0.734174
7.07675 2.14422 257.71811 0 0 1 0.352018 0.943713
7.07675 2.14422 251.79858 0 -1 0 0.391423 0.892773
7.07675 5.70027 251.79858 0 0 -1 0.352018 0.911315
7.07675 5.70027 247.99886 0 -1 0 0.352018 0.911315
7.07675 9.29827 247.99886 0 0 -1 0.352018 0.878535
7.07675 9.29827 239.30988 0 -1 0 0.352018 0.878535
7.07675 22.87619 239.30988 0 0 -1 0.352018 0.734174
-7.07675 19.738 257.71811 0 1 0 0.524416 0.796665
-7.07675 19.738 257.71811 1 0 0 0.524416 0.76908
-7.07675 2.14422 257.71811 0 -1 0 0.328386 0.796665
-7.07675 2.14422 257.71811 1 0 0 0.524416 0.942735
-7.07675 2.14422 251.79858 0 0 -1 0.454752 0.943713
-7.07675 2.14422 251.79858 1 0 0 0.461379 0.942735
-7.07675 5.70027 251.79858 0 -1 0 0.454752 0.911315
-7.07675 5.70027 251.79858 1 0 0 0.461379 0.912426
-7.07675 5.70027 247.99886 0 0 -1 0.454752 0.911315
-7.07675 5.70027 247.99886 1 0 0 0.414392 0.912426
-7.07675 9.29826 247.99886 -1.05596e-06 -1 7.38328e-07 0.454752 0.878535
-7.07675 9.29826 247.99886 1 0 0 0.414392 0.881759
-7.07675 9.29826 239.30988 0 0 -1 0.454752 0.878535
-7.07675 9.29826 239.30988 1 0 0 0.328387 0.881759
-7.07675 19.738 239.30988 0 1 0 0.328386 0.796665
-7.07675 19.738 239.30988 1 0 0 0.328386 0.76908
-13.1521 19.738 257.71811 0 1 0 0.524416 0.746705
-13.1521 19.738 257.71811 -1 0 0 0.328387 0.76908
-13.1521 2.14422 257.71811 0 -1 0 0.328386 0.746705
-13.1521 2.14422 257.71811 -1 0 0 0.328386 0.942735
-13.1521 2.14422 251.79858 0 0 -1 0.508156 0.943713
-13.1521 2.14422 251.79858 -1 0 0 0.391423 0.942735
-13.1521 5.70027 251.79858 0 -1 0 0.508156 0.911315
-13.1521 5.70027 251.79858 -1 0 0 0.391423 0.912426
-13.1521 5.70027 247.99886 0 0 -1 0.508156 0.911315
-13.1521 5.70027 247.99886 -1 0 0 0.438411 0.912426
-13.1521 9.29827 247.99886 -1.72672e-06 -1 1.20732e-06 0.508156 0.878535
-13.1521 9.29827 247.99886 -1 0 0 0.438411 0.881759
-13.1521 9.29826 239.30988 0 0 -1 0.508156 0.878535
-13.1521 9.29826 239.30988 -1 0 0 0.524416 0.881759
-13.1521 19.738 239.30988 0 1 0 0.328386 0.746705
-13.1521 19.738 239.30988 -1 0 0 0.524416 0.76908
13.1521 22.87619 257.71811 0 1 0 0.524416 0.942735
13.1521 22.87619 257.71811 1 0 0 0.524416 0.746705
13.1521 2.14422 257.71811 0 -1 0 0.328386 0.942735
13.1521 2.14422 257.71811 1 0 0 0.524416 0.942735
13.1521 2.14422 251.79858 0 0 -1 0.298612 0.943713
13.1521 2.14422 251.79858 1 0 0 0.461379 0.942735
13.1521 5.70027 251.79858 0 -1 0 0.298612 0.911315
13.1521 5.70027 251.79858 1 0 0 0.461379 0.912426
13.1521 5.70027 247.99886 0 0 -1 0.298612 0.911315
13.1521 5.70027 247.99886 1 0 0 0.414392 0.912426
13.1521 9.29827 247.99886 0 -1 0 0.298612 0.878535
13.1521 9.29827 247.99886 1 0 0 0.414392 0.881759
13.1521 9.29827 239.30988 0 0 -1 0.298612 0.878535
13.1521 9.29827 239.30988 1 0 0 0.328387 0.881759
13.1521 22.87619 239.30988 0 1 0 0.328386 0.942735
13.1521 22.87619 239.30988 1 0 0 0.328386 0.746705
7.07675 22.87619 257.71811 0 1 0 0.524416 0.892773
7.07675 22.87619 257.71811 -1 0 0 0.328387 0.746705
7.07675 2.14422 257.71811 0 -1 0 0.328386 0.892773
7.07675 2.14422 257.71811 -1 0 0 0.328386 0.942735
7.07675 2.14422 251.79858 0 0 -1 0.352018 0.943713
7.07675 2.14422 251.79858 -1 0 0 0.391423 0.942735
7.07675 5.70027 251.79858 0 -1 0 0.352018 0.911315
7.07675 5.70027 251.79858 -1 0 0 0.391423 0.912426
7.07675 5.70027 247.99886 0 0 -1 0.352018 0.911315
7.07675 5.70027 247.99886 -1 0 0 0.438411 0.912426
7.07675 9.29827 247.99886 0 -1 0 0.352018 0.878535
7.07675 9.29827 247.99886 -1 0 0 0.438411 0.881759
7.07675 9.29827 239.30988 0 0 -1 0.352018 0.878535
7.07675 9.29827 239.30988 -1 0 0 0.524416 0.881759
7.07675 22.87619 239.30988 0 1 0 0.328386 0.892773
7.07675 22.87619 239.30988 -1 0 0 0.524416 0.746705
-5.43122 11.39896 251.89191 -1 -1.55423e-08 0 0.333918 0.932244
-5.43122 11.39896 239.67688 -1 -1.55423e-08 0 0.433289 0.932244
-5.43122 11.39896 251.89191 -1 -1.55423e-08 0 0.333918 0.932244
-5.02102 11.39896 239.67688 1 1.55423e-08 0 0.367908 0.932244
-5.02102 11.39896 251.89191 1 1.55423e-08 0 0.467279 0.932244
-5.02102 11.39896 239.67688 1 1.55423e-08 0 0.367908 0.932244
5.02098 11.39896 251.89191 -1 0 0 0.333918 0.932244
5.02098 11.39896 239.67688 -1 0 0 0.433289 0.932244
5.02098 11.39896 251.89191 -1 0 0 0.333918 0.932244
5.43126 11.39896 239.67688 1 0 0 0.367908 0.932244
5.43126 11.39896 251.89191 1 0 0 0.467279 0.932244
5.43126 11.39896 239.67688 1 0 0 0.367908 0.932244
-5.43122 11.39896 239.67688 0 0 -1 0.433289 0.932244
5.43126 11.39896 239.67688 0 0 -1 0.367908 0.932244
5.02098 11.39896 239.67688 0 0 -1 0.433289 0.932244
0 3 1
3 0 2
48 58 50
58 48 56
51 62 54
62 51 59
55 60 52
60 55 63
53 57 49
57 53 61
4 7 5
7 4 6
64 74 66
74 64 72
67 78 70
78 67 75
71 76 68
76 71 79
69 73 65
73 69 77
8 11 9
11 8 10
80 90 82
90 80 88
83 94 86
94 83 91
87 92 84
92 87 95
85 89 81
89 85 93
12 15 14
15 12 13
16 19 17
19 16 18
96 101 97
101 96 100
99 102 98
102 99 103
20 23 22
23 20 21
24 27 25
27 24 26
104 109 105
109 104 108
107 110 106
110 107 111
28 31 30
119 112 29
32 35 33
130 123 34
114 131 120
132 115 126
121 127 116
128 122 133
117 124 113
125 118 129
139 39 36
140 158 160
142 40 37
143 161 162
144 41 38
145 163 167
149 152 134
150 168 153
146 151 135
147 136 137
148 138 141
164 154 169
165 156 155
166 159 157
175 45 42
176 194 196
178 46 43
179 197 198
180 47 44
181 199 203
185 188 170
186 204 189
182 187 171
183 172 173
184 174 177
200 190 205
201 192 191
202 195 193
207 208 206
208 207 209
211 212 210
212 211 213
214 216 215
216 214 217
218 221 220
221 218 219
225 228 227
228 225 226
334 232 335
232 336 230
337 229 338
229 339 231
222 224 223
224 222 233
340 237 341
237 342 235
343 234 344
234 345 236
231 346 232
346 231 227
347 237 236
237 347 348
238 247 239
238 246 247
272 248 240
272 288 248
274 249 241
274 290 249
276 250 242
276 292 250
278 251 243
278 294 251
280 252 244
280 296 252
282 253 245
282 298 253
284 286 270
284 300 286
281 283 285
281 285 271
281 271 273
277 279 281
277 281 273
277 273 275
297 301 299
297 287 301
297 289 287
293 297 295
293 289 297
293 291 289
254 263 255
254 262 263
304 264 256
304 320 264
306 265 257
306 322 265
308 266 258
308 324 266
310 267 259
310 326 267
312 268 260
312 328 268
314 269 261
314 330 269
316 318 302
316 332 318
313 315 317
313 317 303
313 303 305
309 311 313
309 313 305
309 305 307
329 333 331
329 319 333
329 321 319
325 329 327
325 321 329
325 323 321
LABEL Box04
MATERIAL 1
TEXTURE 0
GEOM 80 40
5.5815 50.64173 257.72559 0 -1 0
-5.5815 50.64173 257.72559 0 -1 0
5.5815 50.64173 256.7247 0 -1 0
-5.5815 50.64173 256.7247 0 -1 0
5.5815 51.59813 257.72559 0 1 0
-5.5815 51.59813 257.72559 0 1 0
5.5815 51.59813 256.7247 0 1 0
-5.5815 51.59813 256.7247 0 1 0
5.5815 30.0241 258.3223 0 -1 0
-5.5815 30.0241 258.3223 0 -1 0
5.5815 30.0241 257.72229 0 -1 0
-5.5815 30.0241 257.72229 0 -1 0
5.5815 51.59743 258.3223 0 1 0
-5.5815 51.59743 258.3223 0 1 0
5.5815 51.59743 257.72229 0 1 0
-5.5815 51.59743 257.72229 0 1 0
10.1394 5.70026 257.72189 0 -1 0
-10.1394 5.70026 257.72189 0 -1 0
10.1394 5.70026 251.84943 0 -1 0
-10.1394 5.70026 251.84943 0 -1 0
4.42016 8.67786 258.3223 0 -1 0
-4.42016 8.67786 258.3223 0 -1 0
4.42016 8.67786 257.72229 0 -1 0
-4.42016 8.67786 257.72229 0 -1 0
5.5815 50.64173 257.72559 1 0 0
-5.5815 50.64173 257.72559 -1 0 0
5.5815 50.64173 256.7247 0 0 -1
5.5815 50.64173 256.7247 1 0 0
-5.5815 50.64173 256.7247 -1 0 0
-5.5815 50.64173 256.7247 0 0 -1
5.5815 51.59813 257.72559 1 0 0
-5.5815 51.59813 257.72559 -1 0 0
5.5815 51.59813 256.7247 0 0 -1
5.5815 51.59813 256.7247 1 0 0
-5.5815 51.59813 256.7247 -1 0 0
-5.5815 51.59813 256.7247 0 0 -1
5.5815 30.0241 258.3223 0 0 1
5.5815 30.0241 258.3223 1 0 0
-5.5815 30.0241 258.3223 0 0 1
-5.5815 30.0241 258.3223 -1 0 0
5.5815 30.0241 257.72229 0 0 -1
5.5815 30.0241 257.72229 1 0 0
-5.5815 30.0241 257.72229 -1 0 0
-5.5815 30.0241 257.72229 0 0 -1
5.5815 51.59743 258.3223 0 0 1
5.5815 51.59743 258.3223 1 0 0
-5.5815 51.59743 258.3223 0 0 1
-5.5815 51.59743 258.3223 -1 0 0
5.5815 51.59743 257.72229 0 0 -1
5.5815 51.59743 257.72229 1 0 0
-5.5815 51.59743 257.72229 -1 0 0
-5.5815 51.59743 257.72229 0 0 -1
10.1394 5.70026 257.72189 0 0 1
10.1394 5.70026 257.72189 1 0 0
-10.1394 5.70026 257.72189 0 0 1
-10.1394 5.70026 257.72189 -1 0 0
10.1394 5.70026 251.84943 0 0 -1
10.1394 5.70026 251.84943 1 0 0
-10.1394 5.70026 251.84943 -1 0 0
-10.1394 5.70026 251.84943 0 0 -1
10.1394 35.5471 257.72189 0 0 1
10.1394 35.5471 257.72189 1 0 0
-10.1394 35.5471 257.72189 0 0 1
-10.1394 35.5471 257.72189 -1 0 0
10.1394 35.5471 251.84943 0 0 -1
10.1394 35.5471 251.84943 1 0 0
-10.1394 35.5471 251.84943 -1 0 0
-10.1394 35.5471 251.84943 0 0 -1
4.42016 8.67786 258.3223 0 0 1
4.42016 8.67786 258.3223 1 0 0
-4.42016 8.67786 258.3223 0 0 1
-4.42016 8.67786 258.3223 -1 0 0
4.42016 8.67786 257.72229 1 0 0
-4.42016 8.67786 257.72229 -1 0 0
4.42016 30.0229 258.3223 0 0 1
4.42016 30.0229 258.3223 1 0 0
-4.42016 30.0229 258.3223 0 0 1
-4.42016 30.0229 258.3223 -1 0 0
4.42016 30.0229 257.72229 1 0 0
-4.42016 30.0229 257.72229 -1 0 0
0 3 2
3 0 1
4 7 5
7 4 6
25 34 28
34 25 31
29 32 26
32 29 35
27 30 24
30 27 33
8 11 10
11 8 9
12 15 13
15 12 14
36 46 38
46 36 44
39 50 42
50 39 47
43 48 40
48 43 51
41 45 37
45 41 49
16 19 18
19 16 17
52 62 54
62 52 60
55 66 58
66 55 63
59 64 56
64 59 67
57 61 53
61 57 65
20 23 22
23 20 21
68 76 70
76 68 74
71 79 73
79 71 77
72 75 69
75 72 78
LABEL PCR_side_seal
MATERIAL 1
TEXTURE 0
GEOM 128 116
2.83647 19.63005 237.15889 0.000497184 0 -1
2.81201 19.63005 237.13063 -0.0252351 0 -0.999682
2.86925 19.63005 237.12109 -0.755455 0 -0.6552
2.78893 19.63005 237.16019 0.0399416 0 -0.999202
2.76856 19.63005 237.1293 0.0845274 0 -0.996421
2.73904 19.63005 237.16084 0.139453 0 -0.990229
2.7221 19.63005 237.1277 0.587315 0 -0.809358
2.68879 19.63005 237.12242 -0.649406 0 -0.760442
2.83647 19.63005 237.26991 0.000563469 0 1
2.81201 19.63005 237.29816 -0.0253687 0 0.999678
2.86925 19.63005 237.30768 -0.755193 0 0.655502
2.78893 19.63005 237.2686 0.040055 0 0.999197
2.76856 19.63005 237.2995 0.0846405 0 0.996412
2.73904 19.63005 237.26796 0.139361 0 0.990242
2.7221 19.63005 237.30109 0.58724 0 0.809413
2.68879 19.63005 237.30637 -0.649406 0 0.760442
2.83647 38.80071 237.15889 0.000497184 0 -1
2.81201 38.80071 237.13063 -0.0252351 0 -0.999682
2.86925 38.80071 237.12109 -0.755455 0 -0.6552
2.78893 38.80071 237.16019 0.0399416 0 -0.999202
2.76856 38.80071 237.1293 0.0845274 0 -0.996421
2.73904 38.80071 237.16084 0.139453 0 -0.990229
2.7221 38.80071 237.1277 0.587315 0 -0.809358
2.68879 38.80071 237.12242 -0.649406 0 -0.760442
2.83647 38.80071 237.26991 0.000563469 0 1
2.81201 38.80071 237.29816 -0.0253687 0 0.999678
2.86925 38.80071 237.30768 -0.755193 0 0.655502
2.78893 38.80071 237.2686 0.040055 0 0.999197
2.76856 38.80071 237.2995 0.0846405 0 0.996412
2.73904 38.80071 237.26796 0.139361 0 0.990242
2.7221 38.80071 237.30109 0.58724 0 0.809413
2.68879 38.80071 237.30637 -0.649406 0 0.760442
2.83647 19.63005 237.15889 0 -1 0
2.81201 19.63005 237.13063 0 -1 0
2.86925 19.63005 237.12109 0 -1 0
2.78893 19.63005 237.16019 0 -1 0
2.76856 19.63005 237.1293 0 -1 0
2.73904 19.63005 237.16084 0 -1 0
2.7221 19.63005 237.1277 0 -1 0
2.68879 19.63005 237.12242 0 -1 0
2.83647 19.63005 237.26991 0 -1 0
2.81201 19.63005 237.29816 0 -1 0
2.86925 19.63005 237.30768 0 -1 0
2.78893 19.63005 237.2686 0 -1 0
2.76856 19.63005 237.2995 0 -1 0
2.73904 19.63005 237.26796 0 -1 0
2.7221 19.63005 237.30109 0 -1 0
2.68879 19.63005 237.30637 0 -1 0
2.83647 38.80071 237.15889 0 1 0
2.81201 38.80071 237.13063 0 1 0
2.86925 38.80071 237.12109 0 1 0
2.78893 38.80071 237.16019 0 1 0
2.76856 38.80071 237.1293 0 1 0
2.73904 38.80071 237.16084 0 1 0
2.7221 38.80071 237.1277 0 1 0
2.68879 38.80071 237.12242 0 1 0
2.83647 38.80071 237.26991 0 1 0
2.81201 38.80071 237.29816 0 1 0
2.86925 38.80071 237.30768 0 1 0
2.78893 38.80071 237.2686 0 1 0
2.76856 38.80071 237.2995 0 1 0
2.73904 38.80071 237.26796 0 1 0
2.7221 38.80071 237.30109 0 1 0
2.68879 38.80071 237.30637 0 1 0
-2.83647 19.63005 237.15887 -0.000497184 0 -1
-2.81201 19.63005 237.13062 0.0252351 0 -0.999682
-2.86925 19.63005 237.12108 0.755455 0 -0.6552
-2.78893 19.63005 237.16017 -0.0399416 0 -0.999202
-2.76856 19.63005 237.12929 -0.0845274 0 -0.996421
-2.73904 19.63005 237.16083 -0.139453 0 -0.990229
-2.7221 19.63005 237.12769 -0.587315 0 -0.809358
-2.68879 19.63005 237.12241 0.649406 0 -0.760442
-2.83647 19.63005 237.2699 -0.000463486 0 1
-2.81201 19.63005 237.29814 0.0253687 0 0.999678
-2.86925 19.63005 237.30768 0.755324 0 0.655351
-2.78893 19.63005 237.26859 -0.040055 0 0.999197
-2.76856 19.63005 237.29948 -0.0846405 0 0.996412
-2.73904 19.63005 237.26794 -0.139361 0 0.990242
-2.7221 19.63005 237.30107 -0.58724 0 0.809413
-2.68879 19.63005 237.30635 0.649406 0 0.760442
-2.83647 38.80071 237.15887 -0.000497184 0 -1
-2.81201 38.80071 237.13062 0.0252351 0 -0.999682
-2.86925 38.80071 237.12108 0.755455 0 -0.6552
-2.78893 38.80071 237.16017 -0.0399416 0 -0.999202
-2.76856 38.80071 237.12929 -0.0845274 0 -0.996421
-2.73904 38.80071 237.16083 -0.139453 0 -0.990229
-2.7221 38.80071 237.12769 -0.587315 0 -0.809358
-2.68879 38.80071 237.12241 0.649406 0 -0.760442
-2.83647 38.80071 237.2699 -0.000463486 0 1
-2.81201 38.80071 237.29814 0.0253687 0 0.999678
-2.86925 38.80071 237.30768 0.755324 0 0.655351
-2.78893 38.80071 237.26859 -0.040055 0 0.999197
-2.76856 38.80071 237.29948 -0.0846405 0 0.996412
-2.73904 38.80071 237.26794 -0.139361 0 0.990242
-2.7221 38.80071 237.30107 -0.58724 0 0.809413
-2.68879 38.80071 237.30635 0.649406 0 0.760442
-2.83647 19.63005 237.15887 0 -1 0
-2.81201 19.63005 237.13062 0 -1 0
-2.86925 19.63005 237.12108 0 -1 0
-2.78893 19.63005 237.16017 0 -1 0
-2.76856 19.63005 237.12929 0 -1 0
-2.73904 19.63005 237.16083 0 -1 0
-2.7221 19.63005 237.12769 0 -1 0
-2.68879 19.63005 237.12241 0 -1 0
-2.83647 19.63005 237.2699 0 -1 0
-2.81201 19.63005 237.29814 0 -1 0
-2.86925 19.63005 237.30768 0 -1 0
-2.78893 19.63005 237.26859 0 -1 0
-2.76856 19.63005 237.29948 0 -1 0
-2.73904 19.63005 237.26794 0 -1 0
-2.7221 19.63005 237.30107 0 -1 0
-2.68879 19.63005 237.30635 0 -1 0
-2.83647 38.80071 237.15887 0 1 0
-2.81201 38.80071 237.13062 0 1 0
-2.86925 38.80071 237.12108 0 1 0
-2.78893 38.80071 237.16017 0 1 0
-2.76856 38.80071 237.12929 0 1 0
-2.73904 38.80071 237.16083 0 1 0
-2.7221 38.80071 237.12769 0 1 0
-2.68879 38.80071 237.12241 0 1 0
-2.83647 38.80071 237.2699 0 1 0
-2.81201 38.80071 237.29814 0 1 0
-2.86925 38.80071 237.30768 0 1 0
-2.78893 38.80071 237.26859 0 1 0
-2.76856 38.80071 237.29948 0 1 0
-2.73904 38.80071 237.26794 0 1 0
-2.7221 38.80071 237.30107 0 1 0
-2.68879 38.80071 237.30635 0 1 0
6 23 22
23 6 7
7 31 23
31 7 15
10 24 8
24 10 26
16 2 0
2 16 18
8 25 9
25 8 24
0 17 16
17 0 1
11 28 12
28 11 27
3 20 19
20 3 4
9 27 11
27 9 25
1 19 17
19 1 3
12 29 13
29 12 28
4 21 20
21 4 5
13 30 14
30 13 29
5 22 21
22 5 6
14 31 15
31 14 30
32 35 33
35 37 36
37 39 38
39 46 47
45 43 44
39 45 46
37 45 39
43 40 41
37 43 45
35 43 37
40 34 42
35 40 43
40 32 34
32 40 35
48 58 50
56 59 57
48 56 58
51 48 49
53 51 52
55 53 54
62 55 63
59 61 60
61 55 62
61 53 55
48 59 56
59 53 61
51 59 48
59 51 53
70 87 71
87 70 86
71 95 79
95 71 87
74 88 90
88 74 72
66 80 64
80 66 82
72 89 88
89 72 73
64 81 65
81 64 80
75 92 91
92 75 76
67 84 68
84 67 83
73 91 89
91 73 75
65 83 67
83 65 81
76 93 92
93 76 77
68 85 69
85 68 84
77 94 93
94 77 78
69 86 70
86 69 85
78 95 94
95 78 79
96 106 98
104 107 105
96 104 106
99 96 97
101 99 100
103 101 102
110 103 111
107 109 108
109 103 110
109 101 103
96 107 104
107 101 109
99 107 96
107 99 101
112 115 113
115 117 116
117 119 118
119 126 127
125 123 124
119 125 126
117 125 119
123 120 121
117 123 125
115 123 117
120 114 122
115 120 123
120 112 114
112 120 115
LABEL Box05
MATERIAL 2
TEXTURE 0
GEOM 64 36
-5.12996 19.3062 237.58299 1 0 0
-5.31996 19.3062 239.67688 -1 1.32965e-09 4.20714e-06
-2.86656 19.3062 237.30823 1 -1.223e-08 0
-3.40932 38.80071 237.37411 1 -1.46593e-07 0
-3.40932 38.80071 237.18086 1 -1.46593e-07 0
-2.86656 38.80071 237.1178 0 1 0
-2.86656 38.80071 237.30823 0 1 0
-5.12996 19.3062 239.67688 1 0 0
-5.31997 19.3062 237.40289 -1 0 4.19384e-06
-5.12996 42.0535 237.58299 1 0 0
-5.12996 42.0535 239.67688 1 0 0
-5.31997 42.0535 237.40289 -1 1.96327e-08 4.39023e-06
-5.31996 42.0535 239.67688 -1 2.09624e-08 4.40353e-06
-2.86656 19.3062 237.1178 1 -1.223e-08 0
-2.86656 38.80071 237.30823 1 -1.223e-08 0
-2.86656 38.80071 237.1178 1 -1.223e-08 0
-3.40932 42.0535 237.37411 1 -1.46593e-07 0
-3.40932 42.0535 237.18086 1 -1.46593e-07 0
-3.40932 38.80071 237.18086 0 1 0
-3.40932 38.80071 237.37411 0 1 0
-3.40932 42.0535 237.18086 -0.11543 1.69213e-08 -0.993316
-3.40932 42.0535 237.37411 0.120511 -1.7666e-08 0.992712
-2.86656 38.80071 237.1178 -0.115416 1.41154e-09 -0.993317
-2.86656 38.80071 237.30823 0.120508 -1.47382e-09 0.992712
-2.86656 19.3062 237.1178 -0.115427 -3.097e-07 -0.993316
-5.31997 42.0535 237.40289 -0.11543 1.11685e-08 -0.993316
-5.12996 42.0535 237.58299 0.120511 3.06885e-09 0.992712
-5.31997 19.3062 237.40289 -0.115427 -2.95606e-07 -0.993316
-3.40932 38.80071 237.18086 -0.115425 -6.07707e-09 -0.993316
-3.40932 38.80071 237.37411 0.12051 3.25936e-08 0.992712
-2.86656 19.3062 237.30823 0.12051 2.78193e-09 0.992712
-5.12996 19.3062 237.58299 0.12051 0 0.992712
5.12996 19.3062 237.58299 -1 0 0
5.31996 19.3062 239.67688 1 0 4.40353e-06
2.86656 19.3062 237.30823 -1 0 0
3.40932 38.80071 237.37411 -1 0 0
3.40932 38.80071 237.18086 -1 0 0
2.86656 38.80071 237.1178 0 1 0
2.86656 38.80071 237.30823 0 1 0
5.12996 19.3062 239.67688 -1 0 0
5.31997 19.3062 237.40289 1 0 4.40353e-06
5.12996 42.0535 237.58299 -1 0 0
5.12996 42.0535 239.67688 -1 0 0
5.31997 42.0535 237.40289 1 0 4.40353e-06
5.31996 42.0535 239.67688 1 0 4.40353e-06
2.86656 19.3062 237.1178 -1 0 0
2.86656 38.80071 237.30823 -1 0 0
2.86656 38.80071 237.1178 -1 0 0
3.40932 42.0535 237.37411 -1 0 0
3.40932 42.0535 237.18086 -1 0 0
3.40932 38.80071 237.18086 0 1 0
3.40932 38.80071 237.37411 0 1 0
3.40932 42.0535 237.18086 0.11543 0 -0.993316
3.40932 42.0535 237.37411 -0.120511 0 0.992712
2.86656 38.80071 237.1178 0.115416 0 -0.993317
2.86656 38.80071 237.30823 -0.120509 0 0.992712
2.86656 19.3062 237.1178 0.115427 -3.08338e-07 -0.993316
5.31997 42.0535 237.40289 0.11543 0 -0.993316
5.12996 42.0535 237.58299 -0.120511 1.4721e-08 0.992712
5.31997 19.3062 237.40289 0.115427 -2.94282e-07 -0.993316
3.40932 38.80071 237.18086 0.115425 -8.41892e-09 -0.993316
3.40932 38.80071 237.37411 -0.12051 3.37476e-08 0.992712
2.86656 19.3062 237.30823 -0.12051 2.71462e-09 0.992712
5.12996 19.3062 237.58299 -0.12051 0 0.992712
0 10 7
10 0 9
1 11 8
11 1 12
18 6 5
6 18 19
13 14 2
14 13 15
4 16 3
16 4 17
29 26 30
25 20 28
26 29 21
29 30 23
22 24 28
27 28 24
25 28 27
30 26 31
32 39 42
42 41 32
33 40 43
43 44 33
50 37 38
38 51 50
45 34 46
46 47 45
36 35 48
48 49 36
61 62 58
57 60 52
58 53 61
61 55 62
54 60 56
59 56 60
57 59 60
62 63 58
LABEL access_platforms
MATERIAL 2
TEXTURE 0
GEOM 244 148
-5.01741 16.25214 239.67552 0 0 -1
-4.08012 16.25214 239.67552 0 0 -1
-2.41066 16.25214 240.71794 0.529636 0 -0.848225
-1.45423 16.25214 240.71794 0 0 -1
-1.45423 16.25214 251.97095 1 0 0
-5.01741 16.5122 239.67552 0 0 -1
-4.08012 16.5122 239.67552 0 0 -1
-2.41066 16.5122 240.71794 0.529636 0 -0.848225
-1.45423 16.5122 240.71794 0 0 -1
-1.45423 16.5122 251.97095 1 0 0
5.01742 16.25214 239.67552 0 0 -1
4.08012 16.25214 239.67552 0 0 -1
4.08012 16.5122 239.67552 0 0 -1
5.01742 16.5122 239.67552 0 0 -1
2.72268 16.25214 240.71794 -0.609063 0 -0.793122
2.72268 16.5122 240.71794 -0.609063 0 -0.793122
1.45423 16.25214 240.71794 0 0 -1
1.45423 16.5122 240.71794 0 0 -1
1.45423 16.25214 251.97095 -1 0 0
1.45423 16.5122 251.97095 -1 0 0
-5.01741 16.25214 239.67552 0 -1 0
-4.08012 16.25214 239.67552 0.529636 0 -0.848225
-4.08012 16.25214 239.67552 0 -1 0
-2.41066 16.25214 240.71794 0 0 -1
-2.41066 16.25214 240.71794 0 -1 0
-1.45423 16.25214 240.71794 1 0 0
-1.45423 16.25214 240.71794 0 -1 0
-1.45423 16.25214 251.97095 0 -1 0
-5.01741 16.25214 251.97095 0 -1 0
-5.01741 16.5122 239.67552 0 1 0
-4.08012 16.5122 239.67552 0.529636 0 -0.848225
-4.08012 16.5122 239.67552 0 1 0
-2.41066 16.5122 240.71794 0 0 -1
-2.41066 16.5122 240.71794 0 1 0
-1.45423 16.5122 240.71794 1 0 0
-1.45423 16.5122 240.71794 0 1 0
-1.45423 16.5122 251.97095 0 1 0
-5.01741 16.5122 251.97095 0 1 0
5.01742 16.25214 239.67552 0 -1 0
4.08012 16.25214 239.67552 -0.609063 0 -0.793122
4.08012 16.25214 239.67552 0 -1 0
4.08012 16.5122 239.67552 -0.609063 0 -0.793122
4.08012 16.5122 239.67552 0 1 0
5.01742 16.5122 239.67552 0 1 0
2.72268 16.25214 240.71794 0 0 -1
2.72268 16.25214 240.71794 0 -1 0
2.72268 16.5122 240.71794 0 0 -1
2.72268 16.5122 240.71794 0 1 0
1.45423 16.25214 240.71794 -1 0 0
1.45423 16.25214 240.71794 0 -1 0
1.45423 16.5122 240.71794 -1 0 0
1.45423 16.5122 240.71794 0 1 0
1.45423 16.25214 251.97095 0 -1 0
1.45423 16.5122 251.97095 0 1 0
5.01742 16.25214 251.97095 0 -1 0
5.01742 16.5122 251.97095 0 1 0
-5.02098 12.2782 239.67688 0 0 -1
-2.8629 12.2782 239.67688 0 0 -1
-1.45423 12.2782 240.71794 0.594343 0 -0.804212
-1.45423 12.2782 251.97095 1 0 0
-5.02098 12.5498 239.67688 0 0 -1
-2.8629 12.5498 239.67688 0 0 -1
-1.45423 12.5498 240.71794 0.594343 0 -0.804212
-1.45423 12.5498 251.97095 1 0 0
5.02098 12.2782 239.67688 0 0 -1
2.8629 12.2782 239.67688 0 0 -1
2.8629 12.5498 239.67688 0 0 -1
5.02098 12.5498 239.67688 0 0 -1
1.45423 12.2782 240.71794 -0.594343 0 -0.804211
1.45423 12.5498 240.71794 -0.594343 0 -0.804211
1.45423 12.2782 251.97095 -1 0 0
1.45423 12.5498 251.97095 -1 0 0
-5.02098 12.2782 239.67688 0 -1 0
-2.8629 12.2782 239.67688 0.594343 0 -0.804212
-2.8629 12.2782 239.67688 0 -1 0
-1.45423 12.2782 240.71794 1 0 0
-1.45423 12.2782 240.71794 0 -1 0
-1.45423 12.2782 251.97095 0 -1 0
-5.02098 12.2782 251.97095 0 -1 0
-5.02098 12.5498 239.67688 0 1 0
-2.8629 12.5498 239.67688 0.594343 0 -0.804212
-2.8629 12.5498 239.67688 0 1 0
-1.45423 12.5498 240.71794 1 0 0
-1.45423 12.5498 240.71794 0 1 0
-1.45423 12.5498 251.97095 0 1 0
-5.02098 12.5498 251.97095 0 1 0
5.02098 12.2782 239.67688 0 -1 0
2.8629 12.2782 239.67688 -0.594343 0 -0.804211
2.8629 12.2782 239.67688 0 -1 0
2.8629 12.5498 239.67688 -0.594343 0 -0.804211
2.8629 12.5498 239.67688 0 1 0
5.02098 12.5498 239.67688 0 1 0
1.45423 12.2782 240.71794 -1 0 0
1.45423 12.2782 240.71794 0 -1 0
1.45423 12.5498 240.71794 -1 0 0
1.45423 12.5498 240.71794 0 1 0
1.45423 12.2782 251.97095 0 -1 0
1.45423 12.5498 251.97095 0 1 0
5.02098 12.2782 251.97095 0 -1 0
5.02098 12.5498 251.97095 0 1 0
3.3665 42.3758 236.31868 1 0 0
3.3665 42.0486 235.30324 1 0 0
2.36982 42.3758 237.20096 -0.724524 0 -0.689249
-3.36649 42.3758 236.31868 -1 0 0
3.87525 44.9772 236.31868 1 0 0
-3.87524 44.9772 236.31868 -1 0 0
1.04767 42.0486 238.59077 -0.724524 0 -0.689249
2.36982 42.0486 237.20096 -0.724524 0 -0.689249
-3.36649 42.0486 235.30324 -1 0 0
-3.36649 42.3758 235.30324 -1 0 0
3.3665 42.0486 236.31868 0 0 -1
3.3665 42.0486 236.31868 1 0 0
1.04767 42.0486 238.59077 0 0 -1
-2.36982 42.0486 235.30324 1 0 0
1.04767 42.3758 238.59077 0 0 -1
-1.04767 42.0486 238.59077 0 0 -1
-1.04767 42.3758 238.59077 0 0 -1
-3.36649 42.0486 236.31868 -1 0 0
-2.36982 42.3758 235.30324 1 0 0
3.87525 44.65 236.31868 1 0 0
1.82453 44.65 236.31868 -1 0 0
0.885431 44.65 237.45143 0 0 -1
1.82453 44.9772 236.31868 -1 0 0
0.885431 44.9772 237.45143 0 0 -1
-0.885431 44.65 237.45143 0 0 -1
-0.885431 44.9772 237.45143 0 0 -1
-3.87524 44.65 236.31868 -1 0 0
-1.82452 44.65 236.31868 1 0 -6.44454e-06
-1.82452 44.9772 236.31868 1 0 -6.44454e-06
-2.36982 42.0486 237.20096 1 0 0
-2.36982 42.3758 237.20096 1 0 0
2.36982 42.3758 235.30324 -1 0 0
2.36982 42.0486 235.30324 -1 0 0
2.36982 42.0486 237.20096 -1 0 0
2.36982 42.3758 237.20096 -1 0 0
-5.13135 42.3758 236.31868 0 0 -1
-3.36649 42.3758 235.30324 0 0 -1
-5.13135 42.0486 236.31868 0 0 -1
-3.36649 42.0486 235.30324 0 0 -1
2.36982 42.0486 235.30324 0 0 -1
5.13135 42.3758 236.31868 0 0 -1
5.13135 42.0486 236.31868 0 0 -1
-2.36982 42.0486 235.30324 0 0 -1
-2.36982 42.3758 235.30324 0 0 -1
-3.36649 42.3758 236.31868 0 0 -1
3.3665 42.3758 235.30324 1 0 0
2.36982 42.3758 235.30324 0 0 -1
3.3665 42.0486 235.30324 0 0 -1
3.3665 42.3758 236.31868 0 1 0
3.3665 42.0486 235.30324 0 -1 0
-5.13135 42.0486 236.31868 0 -1 0
-3.36649 42.3758 236.31868 0 1 0
-5.13135 42.0486 251.87852 0 -1 0
5.13135 42.0486 236.31868 0 -1 0
-3.36649 42.0486 235.30324 0 -1 0
3.3665 42.3758 236.31868 0 0 -1
-3.36649 42.3758 235.30324 0 1 0
5.13135 42.0486 251.87852 0 -1 0
3.3665 42.0486 236.31868 0 -1 0
-2.36982 42.0486 235.30324 0 -1 0
-3.36649 42.0486 236.31868 0 -1 0
-2.36982 42.3758 235.30324 0 1 0
2.36982 42.3758 235.30324 0 1 0
2.36982 42.0486 235.30324 0 -1 0
1.04767 42.3758 238.59077 0 1 0
-1.04767 42.0486 238.59077 0 -1 0
5.13135 42.3758 251.87852 0 1 0
5.13135 42.3758 236.31868 0 1 0
-5.13135 42.3758 251.87852 0 1 0
-5.13135 42.3758 236.31868 0 1 0
1.04767 42.0486 238.59077 0 -1 0
-1.04767 42.3758 238.59077 0 1 0
-2.36982 42.3758 237.20096 0 1 0
2.36982 42.3758 237.20096 0 1 0
3.3665 42.3758 235.30324 0 1 0
-2.36982 42.0486 237.20096 0 -1 0
2.36982 42.0486 237.20096 0 -1 0
1.04767 42.3758 238.59077 -0.724524 0 -0.689249
-1.04767 42.0486 238.59077 0.724524 0 -0.689249
-1.04767 42.3758 238.59077 0.724524 0 -0.689249
-3.36649 42.0486 236.31868 0 0 -1
-2.36982 42.0486 237.20096 0.724524 0 -0.689249
-2.36982 42.3758 237.20096 0.724524 0 -0.689249
3.3665 42.3758 235.30324 0 0 -1
3.87525 44.9772 235.13483 1 0 0
-3.87524 44.9772 235.13483 -1 0 0
3.87525 44.65 235.13483 1 0 0
-3.87524 44.65 235.13483 -1 0 0
1.82453 44.9772 235.13483 -1 0 0
-1.82453 44.9772 235.13483 1 0 -6.44454e-06
1.82453 44.65 235.13483 -1 0 0
-1.82453 44.65 235.13483 1 0 -6.44454e-06
0.885431 44.65 237.45143 0 -1 0
3.87525 44.9772 236.31868 0 1 0
0.885431 44.9772 237.45143 0 1 0
-3.87524 44.9772 236.31868 0 1 0
5.0214 44.65 251.87852 0 -1 0
5.13135 44.65 236.31868 0 -1 0
5.0214 44.9772 251.87852 0 1 0
5.13135 44.9772 236.31868 0 1 0
-5.13135 44.65 251.87852 0 -1 0
-5.13135 44.65 236.31868 0 -1 0
-5.13135 44.9772 251.87852 0 1 0
-5.13135 44.9772 236.31868 0 1 0
3.87525 44.65 236.31868 0 -1 0
1.82453 44.65 236.31868 0 -1 0
1.82453 44.9772 236.31868 0 1 0
-0.885431 44.65 237.45143 0 -1 0
-0.885431 44.9772 237.45143 0 1 0
-3.87524 44.65 236.31868 0 -1 0
-1.82452 44.65 236.31868 0 -1 0
-1.82452 44.9772 236.31868 0 1 0
3.87525 44.9772 235.13483 0 1 0
-3.87524 44.9772 235.13483 0 1 0
3.87525 44.65 235.13483 0 -1 0
-3.87524 44.65 235.13483 0 -1 0
1.82453 44.9772 235.13483 0 1 0
-1.82453 44.9772 235.13483 0 1 0
1.82453 44.65 235.13483 0 -1 0
-1.82453 44.65 235.13483 0 -1 0
3.87525 44.9772 236.31868 0 0 -1
-3.87524 44.9772 236.31868 0 0 -1
5.13135 44.65 236.31868 0 0 -1
5.13135 44.9772 236.31868 0 0 -1
-5.13135 44.65 236.31868 0 0 -1
-5.13135 44.9772 236.31868 0 0 -1
3.87525 44.65 236.31868 0 0 -1
1.82453 44.65 236.31868 -0.769843 0 -0.638234
0.885431 44.65 237.45143 -0.769843 0 -0.638234
1.82453 44.9772 236.31868 -0.769843 0 -0.638234
0.885431 44.9772 237.45143 -0.769843 0 -0.638234
-0.885431 44.65 237.45143 0.769846 0 -0.63823
-0.885431 44.9772 237.45143 0.769846 0 -0.63823
-3.87524 44.65 236.31868 0 0 -1
-1.82452 44.65 236.31868 0.769846 0 -0.63823
-1.82452 44.9772 236.31868 0.769846 0 -0.63823
3.87525 44.9772 235.13483 0 0 -1
-3.87524 44.9772 235.13483 0 0 -1
3.87525 44.65 235.13483 0 0 -1
-3.87524 44.65 235.13483 0 0 -1
1.82453 44.9772 235.13483 0 0 -1
-1.82453 44.9772 235.13483 0 0 -1
1.82453 44.65 235.13483 0 0 -1
-1.82453 44.65 235.13483 0 0 -1
0 6 1
0 5 6
21 7 2
21 30 7
23 8 3
23 32 8
25 9 4
25 34 9
27 28 20
27 20 22
27 22 24
26 27 24
36 29 37
36 31 29
36 33 31
35 33 36
11 12 10
12 13 10
14 15 39
15 41 39
16 17 44
17 46 44
18 19 48
19 50 48
38 54 52
40 38 52
45 40 52
45 52 49
55 43 53
43 42 53
42 47 53
53 47 51
56 61 57
56 60 61
73 62 58
73 80 62
75 63 59
75 82 63
77 78 72
76 77 72
76 72 74
84 79 85
83 79 84
83 81 79
65 66 64
66 67 64
68 69 87
69 89 87
70 71 92
71 94 92
86 98 96
86 96 93
88 86 93
99 91 97
97 91 95
91 90 95
129 118 130
118 129 113
131 133 134
133 131 132
112 116 114
116 112 115
127 189 128
189 127 191
188 120 122
120 188 190
121 125 123
125 121 124
111 145 100
145 111 101
103 108 117
108 103 109
147 146 183
146 147 139
179 181 182
181 179 178
177 107 106
107 177 102
136 142 138
142 136 143
135 180 137
180 135 144
140 110 155
110 140 141
175 165 150
170 152 165
165 152 150
152 170 157
176 153 170
157 170 153
168 171 169
166 164 168
167 164 166
168 164 171
172 169 171
173 164 167
174 162 148
162 173 148
167 148 173
151 161 156
151 172 161
169 172 151
160 175 150
159 175 160
154 159 160
153 176 158
158 176 163
158 163 149
105 187 126
187 105 185
119 184 104
184 119 186
211 217 195
196 192 197
195 217 213
200 207 196
208 211 195
201 207 200
196 207 192
202 208 203
198 194 202
199 194 198
202 194 208
195 203 208
212 216 193
216 206 193
194 193 206
194 199 193
215 219 209
219 210 209
210 207 209
209 207 201
214 204 218
218 204 205
205 204 192
204 197 192
226 223 222
223 226 220
233 225 221
225 233 224
227 230 229
230 227 228
234 232 231
232 234 235
237 243 239
243 237 241
238 240 236
240 238 242
LABEL top_structure
MATERIAL 2
TEXTURE 0
GEOM 3116 1558
9.87444 31.57166 235.3723 0 0 -1
10.0744 31.57166 235.3723 0 0 -1
9.87444 31.37166 235.3723 0 0 -1
10.0744 31.37166 235.3723 0 0 -1
9.87444 35.3677 239.85835 0 -0.876401 -0.481582
10.0744 35.3677 239.85835 0 -0.876401 -0.481582
9.87444 35.2714 240.0336 0 -0.876401 -0.481582
10.0744 35.2714 240.0336 0 -0.876401 -0.481582
12.6875 31.57166 242.56787 1 0 0
12.6875 31.57166 242.36787 1 0 0
12.6875 31.37166 242.56787 1 0 0
12.6875 31.37166 242.36787 1 0 0
0.100001 50.46336 256.72391 0 1 0
0.100001 50.46336 256.72391 1 0 0
-0.099998 50.46336 256.72391 0 1 0
-0.099998 50.46336 256.72391 -1 0 0
0.100001 50.26336 256.72391 0 -1 0
0.100001 50.26336 256.72391 1 0 0
-0.099998 50.26336 256.72391 -1 0 0
-0.099998 50.26336 256.72391 0 -1 0
0.100001 50.46336 236.34378 0 1 0
0.100001 50.46336 236.34378 1 0 0
-0.099998 50.46336 236.34378 0 1 0
-0.099998 50.46336 236.34378 -1 0 0
0.100001 50.26336 236.34378 0 -1 0
0.100001 50.26336 236.34378 1 0 0
-0.099998 50.26336 236.34378 -1 0 0
-0.099998 50.26336 236.34378 0 -1 0
4.93287 50.46355 242.40187 0 1 0
4.93287 50.46355 242.40187 -0.752191 -3.76612e-05 -0.658945
5.08313 50.46355 242.53387 0 1 0
5.08313 50.46355 242.53387 0.752191 0 0.658945
4.93288 50.26356 242.40187 0 -1 0
4.93288 50.26356 242.40187 -0.752191 -3.73421e-05 -0.658945
5.08313 50.26356 242.53387 0.752191 0 0.658945
5.08313 50.26356 242.53387 0 -1 0
-4.96715 50.46355 253.70284 0 1 0
-4.96715 50.46355 253.70284 -0.752191 -3.19143e-07 -0.658945
-4.81689 50.46355 253.83484 0 1 0
-4.81689 50.46355 253.83484 0.752191 0 0.658945
-4.96715 50.26356 253.70284 0 -1 0
-4.96715 50.26356 253.70284 -0.752191 0 -0.658945
-4.81689 50.26356 253.83484 0.752191 0 0.658945
-4.81689 50.26356 253.83484 0 -1 0
5.108 50.46336 256.72391 0 1 0
5.108 50.46336 256.72391 1 0 0
4.908 50.46336 256.72391 0 1 0
4.908 50.46336 256.72391 -1 0 0
5.108 50.26336 256.72391 0 -1 0
5.108 50.26336 256.72391 1 0 0
4.908 50.26336 256.72391 -1 0 0
4.908 50.26336 256.72391 0 -1 0
5.108 50.46336 236.34378 0 1 0
5.108 50.46336 236.34378 1 0 0
4.908 50.46336 236.34378 0 1 0
4.908 50.46336 236.34378 -1 0 0
5.108 50.26336 236.34378 0 -1 0
5.108 50.26336 236.34378 1 0 0
4.908 50.26336 236.34378 -1 0 0
4.908 50.26336 236.34378 0 -1 0
-4.908 50.46336 256.72391 0 1 0
-4.908 50.46336 256.72391 1 0 0
-5.108 50.46336 256.72391 0 1 0
-5.108 50.46336 256.72391 -1 0 0
-4.908 50.26336 256.72391 0 -1 0
-4.908 50.26336 256.72391 1 0 0
-5.108 50.26336 256.72391 -1 0 0
-5.108 50.26336 256.72391 0 -1 0
-4.908 50.46336 236.34378 0 1 0
-4.908 50.46336 236.34378 1 0 0
-5.108 50.46336 236.34378 0 1 0
-5.108 50.46336 236.34378 -1 0 0
-4.908 50.26336 236.34378 0 -1 0
-4.908 50.26336 236.34378 1 0 0
-5.108 50.26336 236.34378 -1 0 0
-5.108 50.26336 236.34378 0 -1 0
-5.08312 50.46355 242.53387 4.35715e-06 1 4.95942e-06
-5.08312 50.46355 242.53387 -0.752191 0 0.658945
-4.93287 50.46355 242.40187 4.35715e-06 1 4.95942e-06
-4.93287 50.46355 242.40187 0.752191 0 -0.658945
-5.08312 50.26356 242.53387 0 -1 0
-5.08312 50.26356 242.53387 -0.752191 0 0.658945
-4.93287 50.26356 242.40187 0.752191 0 -0.658945
-4.93287 50.26356 242.40187 0 -1 0
4.8169 50.46346 253.83484 4.35715e-06 1 4.95943e-06
4.8169 50.46346 253.83484 -0.752191 0 0.658945
4.96715 50.46346 253.70284 4.35715e-06 1 4.95943e-06
4.96715 50.46346 253.70284 0.752191 0 -0.658945
4.8169 50.26356 253.83484 0 -1 0
4.8169 50.26356 253.83484 -0.752191 0 0.658945
4.96715 50.26356 253.70284 0.752191 0 -0.658945
4.96715 50.26356 253.70284 0 -1 0
-9.87469 50.46336 248.35893 0 1 0
-9.87469 50.46336 248.35893 1 0 0
-10.0747 50.46336 248.35893 0 1 0
-10.0747 50.46336 248.35893 -1 0 0
-9.87469 50.26336 248.35893 0 -1 0
-9.87469 50.26336 248.35893 1 0 0
-10.0747 50.26336 248.35893 -1 0 0
-10.0747 50.26336 248.35893 0 -1 0
-9.87469 50.46336 242.37193 0 1 0
-9.87469 50.46336 242.37193 1 0 0
-10.0747 50.46336 242.37193 0 1 0
-10.0747 50.46336 242.37193 -1 0 0
-9.87469 50.26336 242.37193 0 -1 0
-9.87469 50.26336 242.37193 1 0 0
-10.0747 50.26336 242.37193 -1 0 0
-10.0747 50.26336 242.37193 0 -1 0
-10.0705 50.46426 248.35988 0 1 0
-10.0705 50.46426 248.35988 0 0 1
-10.0705 50.46426 248.15988 0 1 0
-10.0705 50.46426 248.15988 0 0 -1
-10.0705 50.26426 248.35988 0 -1 0
-10.0705 50.26426 248.35988 0 0 1
-10.0705 50.26426 248.15988 0 0 -1
-10.0705 50.26426 248.15988 0 -1 0
9.87949 50.46426 248.35988 0 1 0
9.87949 50.46426 248.35988 0 0 1
9.87949 50.46426 248.15988 0 1 0
9.87949 50.46426 248.15988 0 0 -1
9.87949 50.26426 248.35988 0 -1 0
9.87949 50.26426 248.35988 0 0 1
9.87949 50.26426 248.15988 0 0 -1
9.87949 50.26426 248.15988 0 -1 0
-4.908 47.8775 248.35988 0 0 1
-4.908 47.8775 248.35988 1 0 0
-5.108 47.8775 248.35988 0 0 1
-5.108 47.8775 248.35988 -1 0 0
-4.908 47.8775 248.15988 0 0 -1
-4.908 47.8775 248.15988 1 0 0
-5.108 47.8775 248.15988 -1 0 0
-5.108 47.8775 248.15988 0 0 -1
-4.908 50.46516 248.35988 0 0 1
-4.908 50.46516 248.35988 1 0 0
-5.108 50.46516 248.35988 0 0 1
-5.108 50.46516 248.35988 -1 0 0
-4.908 50.46516 248.15988 0 0 -1
-4.908 50.46516 248.15988 1 0 0
-5.108 50.46516 248.15988 -1 0 0
-5.108 50.46516 248.15988 0 0 -1
9.87444 22.7855 248.35988 0 0 1
9.87444 22.7855 248.35988 -1 3.44535e-08 0
10.0744 22.7855 248.35988 0 0 1
10.0744 22.7855 248.35988 1 0 0
9.87444 22.7855 248.15987 0 5.51256e-07 -1
9.87444 22.7855 248.15987 -1 3.44535e-08 0
10.0744 22.7855 248.15987 1 0 0
10.0744 22.7855 248.15987 0 5.51256e-07 -1
9.87444 50.46556 248.35988 0 0 1
9.87444 50.46556 248.35988 -1 3.44535e-08 0
10.0744 50.46556 248.35988 0 0 1
10.0744 50.46556 248.35988 1 0 0
9.87444 50.46556 248.15988 0 5.51256e-07 -1
9.87444 50.46556 248.15988 -1 3.44535e-08 0
10.0744 50.46556 248.15988 1 0 0
10.0744 50.46556 248.15988 0 5.51256e-07 -1
9.87444 50.46336 248.35893 0 1 0
9.87444 50.46336 248.35893 -1 0 0
10.0744 50.46336 248.35893 0 1 0
10.0744 50.46336 248.35893 1 0 0
9.87444 50.26336 248.35893 0 -1 0
9.87444 50.26336 248.35893 -1 0 0
10.0744 50.26336 248.35893 1 0 0
10.0744 50.26336 248.35893 0 -1 0
9.87444 50.46336 242.37193 0 1 0
9.87444 50.46336 242.37193 -1 0 0
10.0744 50.46336 242.37193 0 1 0
10.0744 50.46336 242.37193 1 0 0
9.87444 50.26336 242.37193 0 -1 0
9.87444 50.26336 242.37193 -1 0 0
10.0744 50.26336 242.37193 1 0 0
10.0744 50.26336 242.37193 0 -1 0
-9.87469 19.61336 248.35988 0 0 1
-9.87469 19.61336 248.35988 1 0 0
-10.0747 19.61336 248.35988 0 0 1
-10.0747 19.61336 248.35988 -1 0 0
-9.87469 19.61336 248.15988 0 0 -1
-9.87469 19.61336 248.15988 1 0 0
-10.0747 19.61336 248.15988 -1 0 0
-10.0747 19.61336 248.15988 0 0 -1
-9.87469 50.46556 248.35988 0 0 1
-9.87469 50.46556 248.35988 1 0 0
-10.0747 50.46556 248.35988 0 0 1
-10.0747 50.46556 248.35988 -1 0 0
-9.87469 50.46556 248.15988 0 0 -1
-9.87469 50.46556 248.15988 1 0 0
-10.0747 50.46556 248.15988 -1 0 0
-10.0747 50.46556 248.15988 0 0 -1
5.108 47.8775 248.35988 0 0 1
5.108 47.8775 248.35988 1 0 0
4.908 47.8775 248.35988 0 0 1
4.908 47.8775 248.35988 -1 0 0
5.108 47.8775 248.15988 0 0 -1
5.108 47.8775 248.15988 1 0 0
4.908 47.8775 248.15988 -1 0 0
4.908 47.8775 248.15988 0 0 -1
5.108 50.46516 248.35988 0 0 1
5.108 50.46516 248.35988 1 0 0
4.908 50.46516 248.35988 0 0 1
4.908 50.46516 248.35988 -1 0 0
5.108 50.46516 248.15988 0 0 -1
5.108 50.46516 248.15988 1 0 0
4.908 50.46516 248.15988 -1 0 0
4.908 50.46516 248.15988 0 0 -1
0.100002 47.8775 248.35988 0 0 1
0.100002 47.8775 248.35988 1 0 0
-0.099998 47.8775 248.35988 0 0 1
-0.099998 47.8775 248.35988 -1 0 0
0.100002 47.8775 248.15988 0 0 -1
0.100002 47.8775 248.15988 1 0 0
-0.099998 47.8775 248.15988 -1 0 0
-0.099998 47.8775 248.15988 0 0 -1
0.100002 50.46516 248.35988 0 0 1
0.100002 50.46516 248.35988 1 0 0
-0.099998 50.46516 248.35988 0 0 1
-0.099998 50.46516 248.35988 -1 0 0
0.100002 50.46516 248.15988 0 0 -1
0.100002 50.46516 248.15988 1 0 0
-0.099998 50.46516 248.15988 -1 0 0
-0.099998 50.46516 248.15988 0 0 -1
9.87444 47.6665 248.35893 0 1 0
9.87444 47.6665 248.35893 -1 0 0
10.0744 47.6665 248.35893 0 1 0
10.0744 47.6665 248.35893 1 0 0
9.87444 47.4665 248.35893 0 -1 0
9.87444 47.4665 248.35893 -1 0 0
10.0744 47.4665 248.35893 1 0 0
10.0744 47.4665 248.35893 0 -1 0
9.87444 47.6665 242.37193 0 1 0
9.87444 47.6665 242.37193 -1 0 0
10.0744 47.6665 242.37193 0 1 0
10.0744 47.6665 242.37193 1 0 0
9.87444 47.4665 242.37193 0 -1 0
9.87444 47.4665 242.37193 -1 0 0
10.0744 47.4665 242.37193 1 0 0
10.0744 47.4665 242.37193 0 -1 0
-9.87469 47.6665 248.35893 0 1 0
-9.87469 47.6665 248.35893 1 0 0
-10.0747 47.6665 248.35893 0 1 0
-10.0747 47.6665 248.35893 -1 0 0
-9.87469 47.4665 248.35893 0 -1 0
-9.87469 47.4665 248.35893 1 0 0
-10.0747 47.4665 248.35893 -1 0 0
-10.0747 47.4665 248.35893 0 -1 0
-9.87469 47.6665 242.37193 0 1 0
-9.87469 47.6665 242.37193 1 0 0
-10.0747 47.6665 242.37193 0 1 0
-10.0747 47.6665 242.37193 -1 0 0
-9.87469 47.4665 242.37193 0 -1 0
-9.87469 47.4665 242.37193 1 0 0
-10.0747 47.4665 242.37193 -1 0 0
-10.0747 47.4665 242.37193 0 -1 0
9.87444 44.7758 248.20045 0 0.892142 0.451755
9.87444 44.7758 248.20045 -1 0 0
10.0744 44.7758 248.20045 0 0.892142 0.451755
10.0744 44.7758 248.20045 1 0 0
9.87444 44.5978 248.10934 0 -0.892142 -0.451754
9.87444 44.5978 248.10934 -1 0 0
10.0744 44.5978 248.10934 1 0 0
10.0744 44.5978 248.10934 0 -0.892142 -0.451754
9.87444 47.6337 242.55656 0 0.892142 0.451755
9.87444 47.6337 242.55656 -1 0 0
10.0744 47.6337 242.55656 0 0.892142 0.451755
10.0744 47.6337 242.55656 1 0 0
9.87444 47.4557 242.46545 0 -0.892142 -0.451754
9.87444 47.4557 242.46545 -1 0 0
10.0744 47.4557 242.46545 1 0 0
10.0744 47.4557 242.46545 0 -0.892142 -0.451754
-9.87469 44.7758 248.20045 0 0.892142 0.451755
-9.87469 44.7758 248.20045 1 0 0
-10.0747 44.7758 248.20045 0 0.892142 0.451755
-10.0747 44.7758 248.20045 -1 0 0
-9.87469 44.5978 248.10934 0 -0.892142 -0.451754
-9.87469 44.5978 248.10934 1 0 0
-10.0747 44.5978 248.10934 -1 0 0
-10.0747 44.5978 248.10934 0 -0.892142 -0.451754
-9.87469 47.6337 242.55656 0 0.892142 0.451755
-9.87469 47.6337 242.55656 1 0 0
-10.0747 47.6337 242.55656 0 0.892142 0.451755
-10.0747 47.6337 242.55656 -1 0 0
-9.87469 47.4557 242.46545 0 -0.892142 -0.451754
-9.87469 47.4557 242.46545 1 0 0
-10.0747 47.4557 242.46545 -1 0 0
-10.0747 47.4557 242.46545 0 -0.892142 -0.451754
-4.908 47.8775 240.35559 0 0 1
-4.908 47.8775 240.35559 1 0 0
-5.108 47.8775 240.35559 0 0 1
-5.108 47.8775 240.35559 -1 0 0
-4.908 47.8775 240.15559 0 0 -1
-4.908 47.8775 240.15559 1 0 0
-5.108 47.8775 240.15559 -1 0 0
-5.108 47.8775 240.15559 0 0 -1
-4.908 50.46516 240.35559 0 0 1
-4.908 50.46516 240.35559 1 0 0
-5.108 50.46516 240.35559 0 0 1
-5.108 50.46516 240.35559 -1 0 0
-4.908 50.46516 240.15559 0 0 -1
-4.908 50.46516 240.15559 1 0 0
-5.108 50.46516 240.15559 -1 0 0
-5.108 50.46516 240.15559 0 0 -1
5.108 47.8775 240.35559 0 0 1
5.108 47.8775 240.35559 1 0 0
4.908 47.8775 240.35559 0 0 1
4.908 47.8775 240.35559 -1 0 0
5.108 47.8775 240.15559 0 0 -1
5.108 47.8775 240.15559 1 0 0
4.908 47.8775 240.15559 -1 0 0
4.908 47.8775 240.15559 0 0 -1
5.108 50.46516 240.35559 0 0 1
5.108 50.46516 240.35559 1 0 0
4.908 50.46516 240.35559 0 0 1
4.908 50.46516 240.35559 -1 0 0
5.108 50.46516 240.15559 0 0 -1
5.108 50.46516 240.15559 1 0 0
4.908 50.46516 240.15559 -1 0 0
4.908 50.46516 240.15559 0 0 -1
0.100002 47.8775 240.35559 0 0 1
0.100002 47.8775 240.35559 1 0 0
-0.099998 47.8775 240.35559 0 0 1
-0.099998 47.8775 240.35559 -1 0 0
0.100002 47.8775 240.15559 0 0 -1
0.100002 47.8775 240.15559 1 0 0
-0.099998 47.8775 240.15559 -1 0 0
-0.099998 47.8775 240.15559 0 0 -1
0.100002 50.46516 240.35559 0 0 1
0.100002 50.46516 240.35559 1 0 0
-0.099998 50.46516 240.35559 0 0 1
-0.099998 50.46516 240.35559 -1 0 0
0.100002 50.46516 240.15559 0 0 -1
0.100002 50.46516 240.15559 1 0 0
-0.099998 50.46516 240.15559 -1 0 0
-0.099998 50.46516 240.15559 0 0 -1
-4.908 47.8775 238.50301 0 0 1
-4.908 47.8775 238.50301 1 0 0
-5.108 47.8775 238.50301 0 0 1
-5.108 47.8775 238.50301 -1 0 0
-4.908 47.8775 238.30299 0 0 -1
-4.908 47.8775 238.30299 1 0 0
-5.108 47.8775 238.30299 -1 0 0
-5.108 47.8775 238.30299 0 0 -1
-4.908 50.46516 238.50301 0 0 1
-4.908 50.46516 238.50301 1 0 0
-5.108 50.46516 238.50301 0 0 1
-5.108 50.46516 238.50301 -1 0 0
-4.908 50.46516 238.30299 0 0 -1
-4.908 50.46516 238.30299 1 0 0
-5.108 50.46516 238.30299 -1 0 0
-5.108 50.46516 238.30299 0 0 -1
5.108 47.8775 238.50301 0 0 1
5.108 47.8775 238.50301 1 0 0
4.908 47.8775 238.50301 0 0 1
4.908 47.8775 238.50301 -1 0 0
5.108 47.8775 238.30299 0 0 -1
5.108 47.8775 238.30299 1 0 0
4.908 47.8775 238.30299 -1 0 0
4.908 47.8775 238.30299 0 0 -1
5.108 50.46516 238.50301 0 0 1
5.108 50.46516 238.50301 1 0 0
4.908 50.46516 238.50301 0 0 1
4.908 50.46516 238.50301 -1 0 0
5.108 50.46516 238.30299 0 0 -1
5.108 50.46516 238.30299 1 0 0
4.908 50.46516 238.30299 -1 0 0
4.908 50.46516 238.30299 0 0 -1
0.100002 47.8775 238.50301 0 0 1
0.100002 47.8775 238.50301 1 0 0
-0.099998 47.8775 238.50301 0 0 1
-0.099998 47.8775 238.50301 -1 0 0
0.100002 47.8775 238.30299 0 0 -1
0.100002 47.8775 238.30299 1 0 0
-0.099998 47.8775 238.30299 -1 0 0
-0.099998 47.8775 238.30299 0 0 -1
0.100002 50.46516 238.50301 0 0 1
0.100002 50.46516 238.50301 1 0 0
-0.099998 50.46516 238.50301 0 0 1
-0.099998 50.46516 238.50301 -1 0 0
0.100002 50.46516 238.30299 0 0 -1
0.100002 50.46516 238.30299 1 0 0
-0.099998 50.46516 238.30299 -1 0 0
-0.099998 50.46516 238.30299 0 0 -1
2.604 44.9772 236.54399 0 0 1
2.604 44.9772 236.54399 1 0 0
2.404 44.9772 236.54399 0 0 1
2.404 44.9772 236.54399 -1 0 0
2.604 44.9772 236.34399 0 0 -1
2.604 44.9772 236.34399 1 0 0
2.404 44.9772 236.34399 -1 0 0
2.404 44.9772 236.34399 0 0 -1
2.604 50.46516 236.54399 0 0 1
2.604 50.46516 236.54399 1 0 0
2.404 50.46516 236.54399 0 0 1
2.404 50.46516 236.54399 -1 0 0
2.604 50.46516 236.34399 0 0 -1
2.604 50.46516 236.34399 1 0 0
2.404 50.46516 236.34399 -1 0 0
2.404 50.46516 236.34399 0 0 -1
-2.404 44.9772 236.54399 0 0 1
-2.404 44.9772 236.54399 1 -4.3444e-08 0
-2.604 44.9772 236.54399 0 0 1
-2.604 44.9772 236.54399 -1 0 0
-2.404 44.9772 236.34399 0 0 -1
-2.404 44.9772 236.34399 1 -4.3444e-08 0
-2.604 44.9772 236.34399 -1 0 0
-2.604 44.9772 236.34399 0 0 -1
-2.404 50.46516 236.54399 0 0 1
-2.404 50.46516 236.54399 1 -4.3444e-08 0
-2.604 50.46516 236.54399 0 0 1
-2.604 50.46516 236.54399 -1 0 0
-2.404 50.46516 236.34399 0 0 -1
-2.404 50.46516 236.34399 1 -4.3444e-08 0
-2.604 50.46516 236.34399 -1 0 0
-2.604 50.46516 236.34399 0 0 -1
-4.908 42.3758 236.54399 0 0 1
-4.908 42.3758 236.54399 1 0 0
-5.108 42.3758 236.54399 0 0 1
-5.108 42.3758 236.54399 -1 0 0
-4.908 42.3758 236.34399 0 0 -1
-4.908 42.3758 236.34399 1 0 0
-5.108 42.3758 236.34399 -1 0 0
-5.108 42.3758 236.34399 0 0 -1
-4.908 50.46516 236.54399 0 0 1
-4.908 50.46516 236.54399 1 0 0
-5.108 50.46516 236.54399 0 0 1
-5.108 50.46516 236.54399 -1 0 0
-4.908 50.46516 236.34399 0 0 -1
-4.908 50.46516 236.34399 1 0 0
-5.108 50.46516 236.34399 -1 0 0
-5.108 50.46516 236.34399 0 0 -1
5.108 42.3758 236.54399 0 0 1
5.108 42.3758 236.54399 1 0 0
4.908 42.3758 236.54399 0 0 1
4.908 42.3758 236.54399 -1 0 0
5.108 42.3758 236.34399 0 0 -1
5.108 42.3758 236.34399 1 0 0
4.908 42.3758 236.34399 -1 0 0
4.908 42.3758 236.34399 0 0 -1
5.108 50.46516 236.54399 0 0 1
5.108 50.46516 236.54399 1 0 0
4.908 50.46516 236.54399 0 0 1
4.908 50.46516 236.54399 -1 0 0
5.108 50.46516 236.34399 0 0 -1
5.108 50.46516 236.34399 1 0 0
4.908 50.46516 236.34399 -1 0 0
4.908 50.46516 236.34399 0 0 -1
0.100002 47.8775 236.54399 0 0 1
0.100002 47.8775 236.54399 1 0 0
-0.099998 47.8775 236.54399 0 0 1
-0.099998 47.8775 236.54399 -1 0 0
0.100002 47.8775 236.34399 0 0 -1
0.100002 47.8775 236.34399 1 0 0
-0.099998 47.8775 236.34399 -1 0 0
-0.099998 47.8775 236.34399 0 0 -1
0.100002 50.46516 236.54399 0 0 1
0.100002 50.46516 236.54399 1 0 0
-0.099998 50.46516 236.54399 0 0 1
-0.099998 50.46516 236.54399 -1 0 0
0.100002 50.46516 236.34399 0 0 -1
0.100002 50.46516 236.34399 1 0 0
-0.099998 50.46516 236.34399 -1 0 0
-0.099998 50.46516 236.34399 0 0 -1
9.87444 22.7855 242.56787 0 0 1
9.87444 22.7855 242.56787 -1 3.44535e-08 0
10.0744 22.7855 242.56787 0 0 1
10.0744 22.7855 242.56787 1 0 0
9.87444 22.7855 242.36787 0 0 -1
9.87444 22.7855 242.36787 -1 3.44535e-08 0
10.0744 22.7855 242.36787 1 0 0
10.0744 22.7855 242.36787 0 0 -1
9.87444 50.46556 242.56787 0 0 1
9.87444 50.46556 242.56787 -1 3.44535e-08 0
10.0744 50.46556 242.56787 0 0 1
10.0744 50.46556 242.56787 1 0 0
9.87444 50.46556 242.36787 0 0 -1
9.87444 50.46556 242.36787 -1 3.44535e-08 0
10.0744 50.46556 242.36787 1 0 0
10.0744 50.46556 242.36787 0 0 -1
-9.87469 19.61336 242.56787 0 0 1
-9.87469 19.61336 242.56787 1 0 0
-10.0747 19.61336 242.56787 0 0 1
-10.0747 19.61336 242.56787 -1 0 0
-9.87469 19.61336 242.36787 0 0 -1
-9.87469 19.61336 242.36787 1 0 0
-10.0747 19.61336 242.36787 -1 0 0
-10.0747 19.61336 242.36787 0 0 -1
-9.87469 50.46556 242.56787 0 0 1
-9.87469 50.46556 242.56787 1 0 0
-10.0747 50.46556 242.56787 0 0 1
-10.0747 50.46556 242.56787 -1 0 0
-9.87469 50.46556 242.36787 0 0 -1
-9.87469 50.46556 242.36787 1 0 0
-10.0747 50.46556 242.36787 -1 0 0
-10.0747 50.46556 242.36787 0 0 -1
-10.0705 47.6707 248.35988 0 1 0
-10.0705 47.6707 248.35988 0 0 1
-10.0705 47.6707 248.15988 0 1 0
-10.0705 47.6707 248.15988 0 0 -1
-10.0705 47.4707 248.35988 0 -1 0
-10.0705 47.4707 248.35988 0 0 1
-10.0705 47.4707 248.15988 0 0 -1
-10.0705 47.4707 248.15988 0 -1 0
9.87949 47.6707 248.35988 0 1 0
9.87949 47.6707 248.35988 0 0 1
9.87949 47.6707 248.15988 0 1 0
9.87949 47.6707 248.15988 0 0 -1
9.87949 47.4707 248.35988 0 -1 0
9.87949 47.4707 248.35988 0 0 1
9.87949 47.4707 248.15988 0 0 -1
9.87949 47.4707 248.15988 0 -1 0
9.87444 44.7868 251.85287 0 1 0
9.87444 44.7868 251.85287 -1 0 0
10.0744 44.7868 251.85287 0 1 0
10.0744 44.7868 251.85287 1 0 0
9.87444 44.5868 251.85287 0 -1 0
9.87444 44.5868 251.85287 -1 0 0
10.0744 44.5868 251.85287 1 0 0
10.0744 44.5868 251.85287 0 -1 0
9.87444 44.7868 242.39536 0 1 0
9.87444 44.7868 242.39536 -1 0 0
10.0744 44.7868 242.39536 0 1 0
10.0744 44.7868 242.39536 1 0 0
9.87444 44.5868 242.39536 0 -1 0
9.87444 44.5868 242.39536 -1 0 0
10.0744 44.5868 242.39536 1 0 0
10.0744 44.5868 242.39536 0 -1 0
-9.87469 44.7868 251.85287 0 1 0
-9.87469 44.7868 251.85287 1 0 0
-10.0747 44.7868 251.85287 0 1 0
-10.0747 44.7868 251.85287 -1 0 0
-9.87469 44.5868 251.85287 0 -1 0
-9.87469 44.5868 251.85287 1 0 0
-10.0747 44.5868 251.85287 -1 0 0
-10.0747 44.5868 251.85287 0 -1 0
-9.87469 44.7868 242.39536 0 1 0
-9.87469 44.7868 242.39536 1 0 0
-10.0747 44.7868 242.39536 0 1 0
-10.0747 44.7868 242.39536 -1 0 0
-9.87469 44.5868 242.39536 0 -1 0
-9.87469 44.5868 242.39536 1 0 0
-10.0747 44.5868 242.39536 -1 0 0
-10.0747 44.5868 242.39536 0 -1 0
-9.87469 19.61336 240.01768 0 0 1
-9.87469 19.61336 240.01768 1 0 0
-10.0747 19.61336 240.01768 0 0 1
-10.0747 19.61336 240.01768 -1 0 0
-9.87469 19.61336 239.81769 0 0 -1
-9.87469 19.61336 239.81769 1 0 0
-10.0747 19.61336 239.81769 -1 0 0
-10.0747 19.61336 239.81769 0 0 -1
-9.87469 40.2417 240.01768 0 0 1
-9.87469 40.2417 240.01768 1 0 0
-10.0747 40.2417 240.01768 0 0 1
-10.0747 40.2417 240.01768 -1 0 0
-9.87469 40.2417 239.81769 0 0 -1
-9.87469 40.2417 239.81769 1 0 0
-10.0747 40.2417 239.81769 -1 0 0
-10.0747 40.2417 239.81769 0 0 -1
-9.87469 22.9855 251.8533 0 1 0
-9.87469 22.9855 251.8533 1 0 0
-10.0747 22.9855 251.8533 0 1 0
-10.0747 22.9855 251.8533 -1 0 0
-9.87469 22.7855 251.8533 0 -1 0
-9.87469 22.7855 251.8533 1 0 0
-10.0747 22.7855 251.8533 -1 0 0
-10.0747 22.7855 251.8533 0 -1 0
-9.87469 22.9855 239.8233 0 1 0
-9.87469 22.9855 239.8233 1 0 0
-10.0747 22.9855 239.8233 0 1 0
-10.0747 22.9855 239.8233 -1 0 0
-9.87469 22.7855 239.8233 0 -1 0
-9.87469 22.7855 239.8233 1 0 0
-10.0747 22.7855 239.8233 -1 0 0
-10.0747 22.7855 239.8233 0 -1 0
-9.87469 25.48862 251.8533 0 1 0
-9.87469 25.48862 251.8533 1 0 0
-10.0747 25.48862 251.8533 0 1 0
-10.0747 25.48862 251.8533 -1 0 0
-9.87469 25.28862 251.8533 0 -1 0
-9.87469 25.28862 251.8533 1 0 0
-10.0747 25.28862 251.8533 -1 0 0
-10.0747 25.28862 251.8533 0 -1 0
-9.87469 25.48862 239.8233 0 1 0
-9.87469 25.48862 239.8233 1 0 0
-10.0747 25.48862 239.8233 0 1 0
-10.0747 25.48862 239.8233 -1 0 0
-9.87469 25.28862 239.8233 0 -1 0
-9.87469 25.28862 239.8233 1 0 0
-10.0747 25.28862 239.8233 -1 0 0
-10.0747 25.28862 239.8233 0 -1 0
-9.87469 31.57166 251.8533 0 1 0
-9.87469 31.57166 251.8533 1 0 0
-10.0747 31.57166 251.8533 0 1 0
-10.0747 31.57166 251.8533 -1 0 0
-9.87469 31.37166 251.8533 0 -1 0
-9.87469 31.37166 251.8533 1 0 0
-10.0747 31.37166 251.8533 -1 0 0
-10.0747 31.37166 251.8533 0 -1 0
-9.87469 31.57166 239.8233 0 1 0
-9.87469 31.57166 239.8233 1 0 0
-10.0747 31.57166 239.8233 0 1 0
-10.0747 31.57166 239.8233 -1 0 0
-9.87469 31.37166 239.8233 0 -1 0
-9.87469 31.37166 239.8233 1 0 0
-10.0747 31.37166 239.8233 -1 0 0
-10.0747 31.37166 239.8233 0 -1 0
-9.87469 35.4677 251.8533 0 1 0
-9.87469 35.4677 251.8533 1 0 0
-10.0747 35.4677 251.8533 0 1 0
-10.0747 35.4677 251.8533 -1 0 0
-9.87469 35.2677 251.8533 0 -1 0
-9.87469 35.2677 251.8533 1 0 0
-10.0747 35.2677 251.8533 -1 0 0
-10.0747 35.2677 251.8533 0 -1 0
-9.87469 35.4677 239.8233 0 1 0
-9.87469 35.4677 239.8233 1 0 0
-10.0747 35.4677 239.8233 0 1 0
-10.0747 35.4677 239.8233 -1 0 0
-9.87469 35.2677 239.8233 0 -1 0
-9.87469 35.2677 239.8233 1 0 0
-10.0747 35.2677 239.8233 -1 0 0
-10.0747 35.2677 239.8233 0 -1 0
-9.87469 40.2393 251.85287 0 1 0
-9.87469 40.2393 251.85287 1 0 0
-10.0747 40.2393 251.85287 0 1 0
-10.0747 40.2393 251.85287 -1 0 0
-9.87469 40.0393 251.85287 0 -1 0
-9.87469 40.0393 251.85287 1 0 0
-10.0747 40.0393 251.85287 -1 0 0
-10.0747 40.0393 251.85287 0 -1 0
-9.87469 40.2393 239.82288 0 1 0
-9.87469 40.2393 239.82288 1 0 0
-10.0747 40.2393 239.82288 0 1 0
-10.0747 40.2393 239.82288 -1 0 0
-9.87469 40.0393 239.82288 0 -1 0
-9.87469 40.0393 239.82288 1 0 0
-10.0747 40.0393 239.82288 -1 0 0
-10.0747 40.0393 239.82288 0 -1 0
-9.87469 40.2173 248.21767 0 0.778163 0.628062
-9.87469 40.2173 248.21767 1 0 0
-10.0747 40.2173 248.21767 0 0.778163 0.628062
-10.0747 40.2173 248.21767 -1 0 0
-9.87469 40.0623 248.09126 0 -0.778163 -0.628062
-9.87469 40.0623 248.09126 1 0 0
-10.0747 40.0623 248.09126 -1 0 0
-10.0747 40.0623 248.09126 0 -0.778163 -0.628062
-9.87469 44.8372 242.49365 0 0.778163 0.628062
-9.87469 44.8372 242.49365 1 0 0
-10.0747 44.8372 242.49365 0 0.778163 0.628062
-10.0747 44.8372 242.49365 -1 0 0
-9.87469 44.6822 242.36725 0 -0.778163 -0.628062
-9.87469 44.6822 242.36725 1 0 0
-10.0747 44.6822 242.36725 -1 0 0
-10.0747 44.6822 242.36725 0 -0.778163 -0.628062
-9.87469 40.2187 248.09303 0 0.765976 -0.642869
-9.87469 40.2187 248.09303 1 0 0
-10.0747 40.2187 248.09303 0 0.765976 -0.642869
-10.0747 40.2187 248.09303 -1 0 0
-9.87469 40.0608 248.2159 0 -0.765983 0.642861
-9.87469 40.0608 248.2159 1 0 0
-10.0747 40.0608 248.2159 -1 0 0
-10.0747 40.0608 248.2159 0 -0.765983 0.642861
-9.87469 35.4284 242.38541 0 0.765976 -0.642869
-9.87469 35.4284 242.38541 1 0 0
-10.0747 35.4284 242.38541 0 0.765976 -0.642869
-10.0747 35.4284 242.38541 -1 0 0
-9.87469 35.2706 242.50827 0 -0.765983 0.642861
-9.87469 35.2706 242.50827 1 0 0
-10.0747 35.2706 242.50827 -1 0 0
-10.0747 35.2706 242.50827 0 -0.765983 0.642861
-9.87469 31.55826 248.10448 0 0.86566 -0.500632
-9.87469 31.55826 248.10448 1 0 0
-10.0747 31.55826 248.10448 0 0.86566 -0.500632
-10.0747 31.55826 248.10448 -1 0 0
-9.87469 31.38556 248.20538 0 -0.86566 0.500632
-9.87469 31.38556 248.20538 1 0 0
-10.0747 31.38556 248.20538 -1 0 0
-10.0747 31.38556 248.20538 0 -0.86566 0.500632
-9.87469 28.24546 242.37621 0 0.86566 -0.500632
-9.87469 28.24546 242.37621 1 0 0
-10.0747 28.24546 242.37621 0 0.86566 -0.500632
-10.0747 28.24546 242.37621 -1 0 0
-9.87469 28.07276 242.47711 0 -0.86566 0.500632
-9.87469 28.07276 242.47711 1 0 0
-10.0747 28.07276 242.47711 -1 0 0
-10.0747 28.07276 242.47711 0 -0.86566 0.500632
-9.87469 25.47872 248.11157 0 0.915803 -0.401627
-9.87469 25.47872 248.11157 1 0 0
-10.0747 25.47872 248.11157 0 0.915803 -0.401627
-10.0747 25.47872 248.11157 -1 0 0
-9.87469 25.29912 248.19955 0 -0.915803 0.401628
-9.87469 25.29912 248.19955 1 0 0
-10.0747 25.29912 248.19955 -1 0 0
-10.0747 25.29912 248.19955 0 -0.915803 0.401628
-9.87469 22.9776 242.40843 0 0.915803 -0.401627
-9.87469 22.9776 242.40843 1 0 0
-10.0747 22.9776 242.40843 0 0.915803 -0.401627
-10.0747 22.9776 242.40843 -1 0 0
-9.87469 22.798 242.49643 0 -0.915803 0.401628
-9.87469 22.798 242.49643 1 0 0
-10.0747 22.798 242.49643 -1 0 0
-10.0747 22.798 242.49643 0 -0.915803 0.401628
-9.87469 35.4311 251.93079 0 0.596325 0.802743
-9.87469 35.4311 251.93079 1 0 0
-10.0747 35.4311 251.93079 0 0.596325 0.802743
-10.0747 35.4311 251.93079 -1 0 0
-9.87469 35.3047 251.7758 0 -0.596327 -0.802742
-9.87469 35.3047 251.7758 1 0 0
-10.0747 35.3047 251.7758 -1 0 0
-10.0747 35.3047 251.7758 0 -0.596327 -0.802742
-9.87469 40.2053 248.38423 0 0.596325 0.802743
-9.87469 40.2053 248.38423 1 0 0
-10.0747 40.2053 248.38423 0 0.596325 0.802743
-10.0747 40.2053 248.38423 -1 0 0
-9.87469 40.0789 248.22923 0 -0.596327 -0.802742
-9.87469 40.0789 248.22923 1 0 0
-10.0747 40.0789 248.22923 -1 0 0
-10.0747 40.0789 248.22923 0 -0.596327 -0.802742
-9.87469 40.2023 251.93091 0 0.622441 0.782667
-9.87469 40.2023 251.93091 1 0 0
-10.0747 40.2023 251.93091 0 0.622441 0.782667
-10.0747 40.2023 251.93091 -1 0 0
-9.87469 40.0772 251.77484 0 -0.622443 -0.782666
-9.87469 40.0772 251.77484 1 0 0
-10.0747 40.0772 251.77484 -1 0 0
-10.0747 40.0772 251.77484 0 -0.622443 -0.782666
-9.87469 44.8027 248.27229 0 0.622441 0.782667
-9.87469 44.8027 248.27229 1 0 0
-10.0747 44.8027 248.27229 0 0.622441 0.782667
-10.0747 44.8027 248.27229 -1 0 0
-9.87469 44.6776 248.11621 0 -0.622443 -0.782666
-9.87469 44.6776 248.11621 1 0 0
-10.0747 44.6776 248.11621 -1 0 0
-10.0747 44.6776 248.11621 0 -0.622443 -0.782666
-12.8373 22.9855 240.01791 0 1 0
-12.8373 22.9855 240.01791 0 0 1
-12.8373 22.9855 239.8179 0 1 0
-12.8373 22.9855 239.8179 0 0 -1
-12.8373 22.7855 240.01791 0 -1 0
-12.8373 22.7855 240.01791 0 0 1
-12.8373 22.7855 239.8179 0 0 -1
-12.8373 22.7855 239.8179 0 -1 0
-7.30329 22.9855 240.01791 0 1 0
-7.30329 22.9855 240.01791 0 0 1
-7.30329 22.9855 239.8179 0 1 0
-7.30329 22.9855 239.8179 0 0 -1
-7.30329 22.7855 240.01791 0 -1 0
-7.30329 22.7855 240.01791 0 0 1
-7.30329 22.7855 239.8179 0 0 -1
-7.30329 22.7855 239.8179 0 -1 0
-9.87469 31.54386 251.92276 0 0.671225 0.741253
-9.87469 31.54386 251.92276 1 0 0
-10.0747 31.54386 251.92276 0 0.671225 0.741253
-10.0747 31.54386 251.92276 -1 0 0
-9.87469 31.39996 251.78383 0 -0.671227 -0.741252
-9.87469 31.39996 251.78383 1 0 0
-10.0747 31.39996 251.78383 -1 0 0
-10.0747 31.39996 251.78383 0 -0.671227 -0.741252
-9.87469 35.4322 248.40176 0 0.671225 0.741253
-9.87469 35.4322 248.40176 1 0 0
-10.0747 35.4322 248.40176 0 0.671225 0.741253
-10.0747 35.4322 248.40176 -1 0 0
-9.87469 35.2883 248.26282 0 -0.671227 -0.741252
-9.87469 35.2883 248.26282 1 0 0
-10.0747 35.2883 248.26282 -1 0 0
-10.0747 35.2883 248.26282 0 -0.671227 -0.741252
-9.87469 28.22956 251.92097 0 0.733632 0.679547
-9.87469 28.22956 251.92097 1 0 0
-10.0747 28.22956 251.92097 0 0.733632 0.679547
-10.0747 28.22956 251.92097 -1 0 0
-9.87469 28.08236 251.7856 0 -0.733632 -0.679547
-9.87469 28.08236 251.7856 1 0 0
-10.0747 28.08236 251.7856 -1 0 0
-10.0747 28.08236 251.7856 0 -0.733632 -0.679547
-9.87469 31.64956 248.22878 0 0.733632 0.679547
-9.87469 31.64956 248.22878 1 0 0
-10.0747 31.64956 248.22878 0 0.733632 0.679547
-10.0747 31.64956 248.22878 -1 0 0
-9.87469 31.50236 248.0934 0 -0.733632 -0.679547
-9.87469 31.50236 248.0934 1 0 0
-10.0747 31.50236 248.0934 -1 0 0
-10.0747 31.50236 248.0934 0 -0.733632 -0.679547
-9.87469 22.9651 251.91388 0 0.820723 0.571326
-9.87469 22.9651 251.91388 1 0 0
-10.0747 22.9651 251.91388 0 0.820723 0.571326
-10.0747 22.9651 251.91388 -1 0 0
-9.87469 22.806 251.79269 0 -0.820724 -0.571325
-9.87469 22.806 251.79269 1 0 0
-10.0747 22.806 251.79269 -1 0 0
-10.0747 22.806 251.79269 0 -0.820724 -0.571325
-9.87469 25.54432 248.20877 0 0.820723 0.571326
-9.87469 25.54432 248.20877 1 0 0
-10.0747 25.54432 248.20877 0 0.820723 0.571326
-10.0747 25.54432 248.20877 -1 0 0
-9.87469 25.38522 248.08757 0 -0.820724 -0.571325
-9.87469 25.38522 248.08757 1 0 0
-10.0747 25.38522 248.08757 -1 0 0
-10.0747 25.38522 248.08757 0 -0.820724 -0.571325
-9.87469 40.1879 242.26045 0 0.446025 -0.895021
-9.87469 40.1879 242.26045 1 0 0
-10.0747 40.1879 242.26045 0 0.446025 -0.895021
-10.0747 40.1879 242.26045 -1 0 0
-9.87469 40.0916 242.43571 0 -0.446027 0.895019
-9.87469 40.0916 242.43571 1 0 0
-10.0747 40.0916 242.43571 -1 0 0
-10.0747 40.0916 242.43571 0 -0.446027 0.895019
-9.87469 35.3677 239.85835 0 0.446025 -0.895021
-9.87469 35.3677 239.85835 1 0 0
-10.0747 35.3677 239.85835 0 0.446025 -0.895021
-10.0747 35.3677 239.85835 -1 0 0
-9.87469 35.2714 240.0336 0 -0.446027 0.895019
-9.87469 35.2714 240.0336 1 0 0
-10.0747 35.2714 240.0336 -1 0 0
-10.0747 35.2714 240.0336 0 -0.446027 0.895019
-9.87469 31.61126 242.26688 0 0.578476 -0.815699
-9.87469 31.61126 242.26688 1 0 0
-10.0747 31.61126 242.26688 0 0.578476 -0.815699
-10.0747 31.61126 242.26688 -1 0 0
-9.87469 31.49446 242.42929 0 -0.578474 0.815701
-9.87469 31.49446 242.42929 1 0 0
-10.0747 31.49446 242.42929 -1 0 0
-10.0747 31.49446 242.42929 0 -0.578474 0.815701
-9.87469 28.20566 239.8517 0 0.578476 -0.815699
-9.87469 28.20566 239.8517 1 0 0
-10.0747 28.20566 239.8517 0 0.578476 -0.815699
-10.0747 28.20566 239.8517 -1 0 0
-9.87469 28.08886 240.01413 0 -0.578474 0.815701
-9.87469 28.08886 240.01413 1 0 0
-10.0747 28.08886 240.01413 -1 0 0
-10.0747 28.08886 240.01413 0 -0.578474 0.815701
-9.87469 25.55862 242.27148 0 0.673877 -0.738844
-9.87469 25.55862 242.27148 1 0 0
-10.0747 25.55862 242.27148 0 0.673877 -0.738844
-10.0747 25.55862 242.27148 -1 0 0
-9.87469 25.43002 242.4247 0 -0.673893 0.738829
-9.87469 25.43002 242.4247 1 0 0
-10.0747 25.43002 242.4247 -1 0 0
-10.0747 25.43002 242.4247 0 -0.673893 0.738829
-9.87469 22.9633 239.90437 0 0.673877 -0.738844
-9.87469 22.9633 239.90437 1 0 0
-10.0747 22.9633 239.90437 0 0.673877 -0.738844
-10.0747 22.9633 239.90437 -1 0 0
-9.87469 22.8348 240.05757 0 -0.673893 0.738829
-9.87469 22.8348 240.05757 1 0 0
-10.0747 22.8348 240.05757 -1 0 0
-10.0747 22.8348 240.05757 0 -0.673893 0.738829
-9.87469 22.9367 248.1181 0 0.883825 -0.467819
-9.87469 22.9367 248.1181 1 0 0
-10.0747 22.9367 248.1181 0 0.883825 -0.467819
-10.0747 22.9367 248.1181 -1 0 0
-9.87469 22.7513 248.19302 0 -0.883825 0.467819
-9.87469 22.7513 248.19302 1 0 0
-10.0747 22.7513 248.19302 -1 0 0
-10.0747 22.7513 248.19302 0 -0.883825 0.467819
-9.87469 19.88266 242.34827 0 0.883825 -0.467819
-9.87469 19.88266 242.34827 1 0 0
-10.0747 19.88266 242.34827 0 0.883825 -0.467819
-10.0747 19.88266 242.34827 -1 0 0
-9.87469 19.69726 242.42319 0 -0.883825 0.467819
-9.87469 19.69726 242.42319 1 0 0
-10.0747 19.69726 242.42319 -1 0 0
-10.0747 19.69726 242.42319 0 -0.883825 0.467819
-9.87469 22.8915 242.27925 0 0.621185 -0.783664
-9.87469 22.8915 242.27925 1 0 0
-10.0747 22.8915 242.27925 0 0.621185 -0.783664
-10.0747 22.8915 242.27925 -1 0 0
-9.87469 22.7464 242.41693 0 -0.621188 0.783662
-9.87469 22.7464 242.41693 1 0 0
-10.0747 22.7464 242.41693 -1 0 0
-10.0747 22.7464 242.41693 0 -0.621188 0.783662
-9.87469 19.75546 239.79341 0 0.621185 -0.783664
-9.87469 19.75546 239.79341 1 0 0
-10.0747 19.75546 239.79341 0 0.621185 -0.783664
-10.0747 19.75546 239.79341 -1 0 0
-9.87469 19.61036 239.93108 0 -0.621188 0.783662
-9.87469 19.61036 239.93108 1 0 0
-10.0747 19.61036 239.93108 -1 0 0
-10.0747 19.61036 239.93108 0 -0.621188 0.783662
-10.0705 25.48862 240.01791 0 1 0
-10.0705 25.48862 240.01791 0 0 1
-10.0705 25.48862 239.8179 0 1 0
-10.0705 25.48862 239.8179 0 0 -1
-10.0705 25.28862 240.01791 0 -1 0
-10.0705 25.28862 240.01791 0 0 1
-10.0705 25.28862 239.8179 0 0 -1
-10.0705 25.28862 239.8179 0 -1 0
-7.30361 25.48862 240.01791 0 1 0
-7.30361 25.48862 240.01791 0 0 1
-7.30361 25.48862 239.8179 0 1 0
-7.30361 25.48862 239.8179 0 0 -1
-7.30361 25.28862 240.01791 0 -1 0
-7.30361 25.28862 240.01791 0 0 1
-7.30361 25.28862 239.8179 0 0 -1
-7.30361 25.28862 239.8179 0 -1 0
-10.0705 31.57166 240.01791 0 1 0
-10.0705 31.57166 240.01791 0 0 1
-10.0705 31.57166 239.8179 0 1 0
-10.0705 31.57166 239.8179 0 0 -1
-10.0705 31.37166 240.01791 0 -1 0
-10.0705 31.37166 240.01791 0 0 1
-10.0705 31.37166 239.8179 0 0 -1
-10.0705 31.37166 239.8179 0 -1 0
-7.30361 31.57166 240.01791 0 1 0
-7.30361 31.57166 240.01791 0 0 1
-7.30361 31.57166 239.8179 0 1 0
-7.30361 31.57166 239.8179 0 0 -1
-7.30361 31.37166 240.01791 0 -1 0
-7.30361 31.37166 240.01791 0 0 1
-7.30361 31.37166 239.8179 0 0 -1
-7.30361 31.37166 239.8179 0 -1 0
-10.0705 35.4677 240.01791 0 1 0
-10.0705 35.4677 240.01791 0 0 1
-10.0705 35.4677 239.8179 0 1 0
-10.0705 35.4677 239.8179 0 0 -1
-10.0705 35.2677 240.01791 0 -1 0
-10.0705 35.2677 240.01791 0 0 1
-10.0705 35.2677 239.8179 0 0 -1
-10.0705 35.2677 239.8179 0 -1 0
-7.30361 35.4677 240.01791 0 1 0
-7.30361 35.4677 240.01791 0 0 1
-7.30361 35.4677 239.8179 0 1 0
-7.30361 35.4677 239.8179 0 0 -1
-7.30361 35.2677 240.01791 0 -1 0
-7.30361 35.2677 240.01791 0 0 1
-7.30361 35.2677 239.8179 0 0 -1
-7.30361 35.2677 239.8179 0 -1 0
-10.0705 40.2393 240.01791 0 1 0
-10.0705 40.2393 240.01791 0 0 1
-10.0705 40.2393 239.8179 0 1 0
-10.0705 40.2393 239.8179 0 0 -1
-10.0705 40.0393 240.01791 0 -1 0
-10.0705 40.0393 240.01791 0 0 1
-10.0705 40.0393 239.8179 0 0 -1
-10.0705 40.0393 239.8179 0 -1 0
-7.30361 40.2393 240.01791 0 1 0
-7.30361 40.2393 240.01791 0 0 1
-7.30361 40.2393 239.8179 0 1 0
-7.30361 40.2393 239.8179 0 0 -1
-7.30361 40.0393 240.01791 0 -1 0
-7.30361 40.0393 240.01791 0 0 1
-7.30361 40.0393 239.8179 0 0 -1
-7.30361 40.0393 239.8179 0 -1 0
-10.0705 40.2393 242.56787 0 1 0
-10.0705 40.2393 242.56787 0 0 1
-10.0705 40.2393 242.36787 0 1 0
-10.0705 40.2393 242.36787 0 0 -1
-10.0705 40.0393 242.56787 0 -1 0
-10.0705 40.0393 242.56787 0 0 1
-10.0705 40.0393 242.36787 0 0 -1
-10.0705 40.0393 242.36787 0 -1 0
-7.30361 40.2393 242.56787 0 1 0
-7.30361 40.2393 242.56787 0 0 1
-7.30361 40.2393 242.36787 0 1 0
-7.30361 40.2393 242.36787 0 0 -1
-7.30361 40.0393 242.56787 0 -1 0
-7.30361 40.0393 242.56787 0 0 1
-7.30361 40.0393 242.36787 0 0 -1
-7.30361 40.0393 242.36787 0 -1 0
-12.8373 22.9855 242.56787 0 1 0
-12.8373 22.9855 242.56787 0 0 1
-12.8373 22.9855 242.36787 0 1 0
-12.8373 22.9855 242.36787 0 0 -1
-12.8373 22.7855 242.56787 0 -1 0
-12.8373 22.7855 242.56787 0 0 1
-12.8373 22.7855 242.36787 0 0 -1
-12.8373 22.7855 242.36787 0 -1 0
-7.30349 22.9855 242.56787 0 1 0
-7.30349 22.9855 242.56787 0 0 1
-7.30349 22.9855 242.36787 0 1 0
-7.30349 22.9855 242.36787 0 0 -1
-7.30349 22.7855 242.56787 0 -1 0
-7.30349 22.7855 242.56787 0 0 1
-7.30349 22.7855 242.36787 0 0 -1
-7.30349 22.7855 242.36787 0 -1 0
-12.6466 19.61336 242.56787 0 0 1
-12.6466 19.61336 242.56787 1 0 0
-12.8466 19.61336 242.56787 0 0 1
-12.8466 19.61336 242.56787 -1 0 0
-12.6466 19.61336 242.36787 0 0 -1
-12.6466 19.61336 242.36787 1 0 0
-12.8466 19.61336 242.36787 -1 0 0
-12.8466 19.61336 242.36787 0 0 -1
-12.6466 22.9901 242.56787 0 0 1
-12.6466 22.9901 242.56787 1 0 0
-12.8466 22.9901 242.56787 0 0 1
-12.8466 22.9901 242.56787 -1 0 0
-12.6466 22.9901 242.36787 0 0 -1
-12.6466 22.9901 242.36787 1 0 0
-12.8466 22.9901 242.36787 -1 0 0
-12.8466 22.9901 242.36787 0 0 -1
-12.647 22.9855 242.46788 0 1 0
-12.647 22.9855 242.46788 1 0 0
-12.847 22.9855 242.46788 0 1 0
-12.847 22.9855 242.46788 -1 0 0
-12.647 22.7855 242.46788 0 -1 0
-12.647 22.7855 242.46788 1 0 0
-12.847 22.7855 242.46788 -1 0 0
-12.847 22.7855 242.46788 0 -1 0
-12.647 22.9855 239.79312 0 1 0
-12.647 22.9855 239.79312 1 0 0
-12.847 22.9855 239.79312 0 1 0
-12.847 22.9855 239.79312 -1 0 0
-12.647 22.7855 239.79312 0 -1 0
-12.647 22.7855 239.79312 1 0 0
-12.847 22.7855 239.79312 -1 0 0
-12.847 22.7855 239.79312 0 -1 0
9.87444 25.48866 251.8533 0 1 0
9.87444 25.48866 251.8533 -1 0 0
10.0744 25.48866 251.8533 0 1 0
10.0744 25.48866 251.8533 1 0 0
9.87444 25.28866 251.8533 0 -1 0
9.87444 25.28866 251.8533 -1 0 0
10.0744 25.28866 251.8533 1 0 0
10.0744 25.28866 251.8533 0 -1 0
9.87444 25.48866 239.8233 0 1 0
9.87444 25.48866 239.8233 -1 0 0
10.0744 25.48866 239.8233 0 1 0
10.0744 25.48866 239.8233 1 0 0
9.87444 25.28866 239.8233 0 -1 0
9.87444 25.28866 239.8233 -1 0 0
10.0744 25.28866 239.8233 1 0 0
10.0744 25.28866 239.8233 0 -1 0
13.8225 31.57166 235.58519 0 1 0
13.8225 31.57166 235.58519 0 0 1
13.8225 31.57166 235.38519 0 1 0
13.8225 31.57166 235.38519 0 0 -1
13.8225 31.37166 235.58519 0 -1 0
13.8225 31.37166 235.58519 0 0 1
13.8225 31.37166 235.38519 0 0 -1
13.8225 31.37166 235.38519 0 -1 0
7.2775 31.57166 235.58519 0 1 0
7.2775 31.57166 235.58519 0 0 1
7.2775 31.57166 235.38519 0 1 0
7.2775 31.57166 235.38519 0 0 -1
7.2775 31.37166 235.58519 0 -1 0
7.2775 31.37166 235.58519 0 0 1
7.2775 31.37166 235.38519 0 0 -1
7.2775 31.37166 235.38519 0 -1 0
12.4891 40.2347 248.31201 0 1 0
12.4891 40.2347 248.31201 -1 0 0
12.6891 40.2347 248.31201 0 1 0
12.6891 40.2347 248.31201 1 0 0
12.4891 40.0347 248.31201 0 -1 0
12.4891 40.0347 248.31201 -1 0 0
12.6891 40.0347 248.31201 1 0 0
12.6891 40.0347 248.31201 0 -1 0
12.4891 40.2347 239.98401 0 1 0
12.4891 40.2347 239.98401 -1 0 0
12.6891 40.2347 239.98401 0 1 0
12.6891 40.2347 239.98401 1 0 0
12.4891 40.0347 239.98401 0 -1 0
12.4891 40.0347 239.98401 -1 0 0
12.6891 40.0347 239.98401 1 0 0
12.6891 40.0347 239.98401 0 -1 0
-10.0705 44.7926 248.35988 0 1 0
-10.0705 44.7926 248.35988 0 0 1
-10.0705 44.7926 248.15988 0 1 0
-10.0705 44.7926 248.15988 0 0 -1
-10.0705 44.5926 248.35988 0 -1 0
-10.0705 44.5926 248.35988 0 0 1
-10.0705 44.5926 248.15988 0 0 -1
-10.0705 44.5926 248.15988 0 -1 0
-5.36651 44.7926 248.35988 0 1 0
-5.36651 44.7926 248.35988 0 0 1
-5.36651 44.7926 248.15988 0 1 0
-5.36651 44.7926 248.15988 0 0 -1
-5.36651 44.5926 248.35988 0 -1 0
-5.36651 44.5926 248.35988 0 0 1
-5.36651 44.5926 248.15988 0 0 -1
-5.36651 44.5926 248.15988 0 -1 0
-10.0705 50.46355 242.56787 0 1 0
-10.0705 50.46355 242.56787 0 0 1
-10.0705 50.46355 242.36787 0 1 0
-10.0705 50.46355 242.36787 0 0 -1
-10.0705 50.26356 242.56787 0 -1 0
-10.0705 50.26356 242.56787 0 0 1
-10.0705 50.26356 242.36787 0 0 -1
-10.0705 50.26356 242.36787 0 -1 0
9.87949 50.46355 242.56787 0 1 0
9.87949 50.46355 242.56787 0 0 1
9.87949 50.46355 242.36787 0 1 0
9.87949 50.46355 242.36787 0 0 -1
9.87949 50.26356 242.56787 0 -1 0
9.87949 50.26356 242.56787 0 0 1
9.87949 50.26356 242.36787 0 0 -1
9.87949 50.26356 242.36787 0 -1 0
-5.008 50.46355 240.35559 0 1 0
-5.008 50.46355 240.35559 0 0 1
-5.008 50.46355 240.15559 0 1 0
-5.008 50.46355 240.15559 0 0 -1
-5.008 50.26356 240.35559 0 -1 0
-5.008 50.26356 240.35559 0 0 1
-5.008 50.26356 240.15559 0 0 -1
-5.008 50.26356 240.15559 0 -1 0
5.008 50.46355 240.35559 0 1 0
5.008 50.46355 240.35559 0 0 1
5.008 50.46355 240.15559 0 1 0
5.008 50.46355 240.15559 0 0 -1
5.008 50.26356 240.35559 0 -1 0
5.008 50.26356 240.35559 0 0 1
5.008 50.26356 240.15559 0 0 -1
5.008 50.26356 240.15559 0 -1 0
-5.008 50.46355 236.54399 0 1 0
-5.008 50.46355 236.54399 0 0 1
-5.008 50.46355 236.34399 0 1 0
-5.008 50.46355 236.34399 0 0 -1
-5.008 50.26356 236.54399 0 -1 0
-5.008 50.26356 236.54399 0 0 1
-5.008 50.26356 236.34399 0 0 -1
-5.008 50.26356 236.34399 0 -1 0
5.008 50.46355 236.54399 0 1 0
5.008 50.46355 236.54399 0 0 1
5.008 50.46355 236.34399 0 1 0
5.008 50.46355 236.34399 0 0 -1
5.008 50.26356 236.54399 0 -1 0
5.008 50.26356 236.54399 0 0 1
5.008 50.26356 236.34399 0 0 -1
5.008 50.26356 236.34399 0 -1 0
-5.008 50.46355 238.50301 0 1 0
-5.008 50.46355 238.50301 0 0 1
-5.008 50.46355 238.30299 0 1 0
-5.008 50.46355 238.30299 0 0 -1
-5.008 50.26356 238.50301 0 -1 0
-5.008 50.26356 238.50301 0 0 1
-5.008 50.26356 238.30299 0 0 -1
-5.008 50.26356 238.30299 0 -1 0
5.008 50.46355 238.50301 0 1 0
5.008 50.46355 238.50301 0 0 1
5.008 50.46355 238.30299 0 1 0
5.008 50.46355 238.30299 0 0 -1
5.008 50.26356 238.50301 0 -1 0
5.008 50.26356 238.50301 0 0 1
5.008 50.26356 238.30299 0 0 -1
5.008 50.26356 238.30299 0 -1 0
-4.908 47.8775 242.56787 0 0 1
-4.908 47.8775 242.56787 1 0 0
-5.108 47.8775 242.56787 0 0 1
-5.108 47.8775 242.56787 -1 0 0
-4.908 47.8775 242.36787 0 0 -1
-4.908 47.8775 242.36787 1 0 0
-5.108 47.8775 242.36787 -1 0 0
-5.108 47.8775 242.36787 0 0 -1
-4.908 50.46516 242.56787 0 0 1
-4.908 50.46516 242.56787 1 0 0
-5.108 50.46516 242.56787 0 0 1
-5.108 50.46516 242.56787 -1 0 0
-4.908 50.46516 242.36787 0 0 -1
-4.908 50.46516 242.36787 1 0 0
-5.108 50.46516 242.36787 -1 0 0
-5.108 50.46516 242.36787 0 0 -1
-10.0705 35.4677 242.56787 0 1 0
-10.0705 35.4677 242.56787 0 0 1
-10.0705 35.4677 242.36787 0 1 0
-10.0705 35.4677 242.36787 0 0 -1
-10.0705 35.2677 242.56787 0 -1 0
-10.0705 35.2677 242.56787 0 0 1
-10.0705 35.2677 242.36787 0 0 -1
-10.0705 35.2677 242.36787 0 -1 0
-7.30361 35.4677 242.56787 0 1 0
-7.30361 35.4677 242.56787 0 0 1
-7.30361 35.4677 242.36787 0 1 0
-7.30361 35.4677 242.36787 0 0 -1
-7.30361 35.2677 242.56787 0 -1 0
-7.30361 35.2677 242.56787 0 0 1
-7.30361 35.2677 242.36787 0 0 -1
-7.30361 35.2677 242.36787 0 -1 0
-10.0705 31.57166 242.56787 0 1 0
-10.0705 31.57166 242.56787 0 0 1
-10.0705 31.57166 242.36787 0 1 0
-10.0705 31.57166 242.36787 0 0 -1
-10.0705 31.37166 242.56787 0 -1 0
-10.0705 31.37166 242.56787 0 0 1
-10.0705 31.37166 242.36787 0 0 -1
-10.0705 31.37166 242.36787 0 -1 0
-7.30361 31.57166 242.56787 0 1 0
-7.30361 31.57166 242.56787 0 0 1
-7.30361 31.57166 242.36787 0 1 0
-7.30361 31.57166 242.36787 0 0 -1
-7.30361 31.37166 242.56787 0 -1 0
-7.30361 31.37166 242.56787 0 0 1
-7.30361 31.37166 242.36787 0 0 -1
-7.30361 31.37166 242.36787 0 -1 0
-10.0705 25.48862 242.56787 0 1 0
-10.0705 25.48862 242.56787 0 0 1
-10.0705 25.48862 242.36787 0 1 0
-10.0705 25.48862 242.36787 0 0 -1
-10.0705 25.28862 242.56787 0 -1 0
-10.0705 25.28862 242.56787 0 0 1
-10.0705 25.28862 242.36787 0 0 -1
-10.0705 25.28862 242.36787 0 -1 0
-7.30361 25.48862 242.56787 0 1 0
-7.30361 25.48862 242.56787 0 0 1
-7.30361 25.48862 242.36787 0 1 0
-7.30361 25.48862 242.36787 0 0 -1
-7.30361 25.28862 242.56787 0 -1 0
-7.30361 25.28862 242.56787 0 0 1
-7.30361 25.28862 242.36787 0 0 -1
-7.30361 25.28862 242.36787 0 -1 0
-10.0705 40.2393 248.35988 0 1 0
-10.0705 40.2393 248.35988 0 0 1
-10.0705 40.2393 248.15988 0 1 0
-10.0705 40.2393 248.15988 0 0 -1
-10.0705 40.0393 248.35988 0 -1 0
-10.0705 40.0393 248.35988 0 0 1
-10.0705 40.0393 248.15988 0 0 -1
-10.0705 40.0393 248.15988 0 -1 0
-5.36651 40.2393 248.35988 0 1 0
-5.36651 40.2393 248.35988 0 0 1
-5.36651 40.2393 248.15988 0 1 0
-5.36651 40.2393 248.15988 0 0 -1
-5.36651 40.0393 248.35988 0 -1 0
-5.36651 40.0393 248.35988 0 0 1
-5.36651 40.0393 248.15988 0 0 -1
-5.36651 40.0393 248.15988 0 -1 0
-10.0705 35.4677 248.35988 0 1 0
-10.0705 35.4677 248.35988 0 0 1
-10.0705 35.4677 248.15988 0 1 0
-10.0705 35.4677 248.15988 0 0 -1
-10.0705 35.2677 248.35988 0 -1 0
-10.0705 35.2677 248.35988 0 0 1
-10.0705 35.2677 248.15988 0 0 -1
-10.0705 35.2677 248.15988 0 -1 0
-5.36651 35.4677 248.35988 0 1 0
-5.36651 35.4677 248.35988 0 0 1
-5.36651 35.4677 248.15988 0 1 0
-5.36651 35.4677 248.15988 0 0 -1
-5.36651 35.2677 248.35988 0 -1 0
-5.36651 35.2677 248.35988 0 0 1
-5.36651 35.2677 248.15988 0 0 -1
-5.36651 35.2677 248.15988 0 -1 0
-10.0705 31.57166 248.35988 0 1 0
-10.0705 31.57166 248.35988 0 0 1
-10.0705 31.57166 248.15988 0 1 0
-10.0705 31.57166 248.15988 0 0 -1
-10.0705 31.37166 248.35988 0 -1 0
-10.0705 31.37166 248.35988 0 0 1
-10.0705 31.37166 248.15988 0 0 -1
-10.0705 31.37166 248.15988 0 -1 0
-5.36651 31.57166 248.35988 0 1 0
-5.36651 31.57166 248.35988 0 0 1
-5.36651 31.57166 248.15988 0 1 0
-5.36651 31.57166 248.15988 0 0 -1
-5.36651 31.37166 248.35988 0 -1 0
-5.36651 31.37166 248.35988 0 0 1
-5.36651 31.37166 248.15988 0 0 -1
-5.36651 31.37166 248.15988 0 -1 0
-10.0705 25.48862 248.35988 0 1 0
-10.0705 25.48862 248.35988 0 0 1
-10.0705 25.48862 248.15988 0 1 0
-10.0705 25.48862 248.15988 0 0 -1
-10.0705 25.28862 248.35988 0 -1 0
-10.0705 25.28862 248.35988 0 0 1
-10.0705 25.28862 248.15988 0 0 -1
-10.0705 25.28862 248.15988 0 -1 0
-5.36651 25.48862 248.35988 0 1 0
-5.36651 25.48862 248.35988 0 0 1
-5.36651 25.48862 248.15988 0 1 0
-5.36651 25.48862 248.15988 0 0 -1
-5.36651 25.28862 248.35988 0 -1 0
-5.36651 25.28862 248.35988 0 0 1
-5.36651 25.28862 248.15988 0 0 -1
-5.36651 25.28862 248.15988 0 -1 0
-12.647 19.61336 240.01768 0 0 1
-12.647 19.61336 240.01768 1 0 0
-12.847 19.61336 240.01768 0 0 1
-12.847 19.61336 240.01768 -1 0 0
-12.647 19.61336 239.81769 0 0 -1
-12.647 19.61336 239.81769 1 0 0
-12.847 19.61336 239.81769 -1 0 0
-12.847 19.61336 239.81769 0 0 -1
-12.647 22.9901 240.01768 0 0 1
-12.647 22.9901 240.01768 1 0 0
-12.847 22.9901 240.01768 0 0 1
-12.847 22.9901 240.01768 -1 0 0
-12.647 22.9901 239.81769 0 0 -1
-12.647 22.9901 239.81769 1 0 0
-12.847 22.9901 239.81769 -1 0 0
-12.847 22.9901 239.81769 0 0 -1
9.87444 28.25566 251.8533 0 1 0
9.87444 28.25566 251.8533 -1 0 0
10.0744 28.25566 251.8533 0 1 0
10.0744 28.25566 251.8533 1 0 0
9.87444 28.05566 251.8533 0 -1 0
9.87444 28.05566 251.8533 -1 0 0
10.0744 28.05566 251.8533 1 0 0
10.0744 28.05566 251.8533 0 -1 0
9.87444 28.25566 235.3723 0 1 0
9.87444 28.25566 235.3723 -1 0 0
10.0744 28.25566 235.3723 0 1 0
10.0744 28.25566 235.3723 1 0 0
9.87444 28.05566 235.3723 0 -1 0
9.87444 28.05566 235.3723 -1 0 0
10.0744 28.05566 235.3723 1 0 0
10.0744 28.05566 235.3723 0 -1 0
9.87444 31.57166 251.8533 0 1 0
9.87444 31.57166 251.8533 -1 0 0
10.0744 31.57166 251.8533 0 1 0
10.0744 31.57166 251.8533 1 0 0
9.87444 31.37166 251.8533 0 -1 0
9.87444 31.37166 251.8533 -1 0 0
10.0744 31.37166 251.8533 1 0 0
10.0744 31.37166 251.8533 0 -1 0
9.87444 31.57166 235.3723 0 1 0
9.87444 31.57166 235.3723 -1 0 0
10.0744 31.57166 235.3723 0 1 0
10.0744 31.57166 235.3723 1 0 0
9.87444 31.37166 235.3723 0 -1 0
9.87444 31.37166 235.3723 -1 0 0
10.0744 31.37166 235.3723 1 0 0
10.0744 31.37166 235.3723 0 -1 0
9.87489 35.4677 251.8533 0 1 0
9.87489 35.4677 251.8533 -1 0 0
10.0749 35.4677 251.8533 0 1 0
10.0749 35.4677 251.8533 1 0 0
9.87489 35.2677 251.8533 0 -1 0
9.87489 35.2677 251.8533 -1 0 0
10.0749 35.2677 251.8533 1 0 0
10.0749 35.2677 251.8533 0 -1 0
9.87489 35.4677 235.3723 0 1 0
9.87489 35.4677 235.3723 -1 0 0
10.0749 35.4677 235.3723 0 1 0
10.0749 35.4677 235.3723 1 0 0
9.87489 35.2677 235.3723 0 -1 0
9.87489 35.2677 235.3723 -1 0 0
10.0749 35.2677 235.3723 1 0 0
10.0749 35.2677 235.3723 0 -1 0
9.87444 38.516 251.85287 0 1 0
9.87444 38.516 251.85287 -1 0 0
10.0744 38.516 251.85287 0 1 0
10.0744 38.516 251.85287 1 0 0
9.87444 38.316 251.85287 0 -1 0
9.87444 38.316 251.85287 -1 0 0
10.0744 38.316 251.85287 1 0 0
10.0744 38.316 251.85287 0 -1 0
9.87444 38.516 248.25406 0 1 0
9.87444 38.516 248.25406 -1 0 0
10.0744 38.516 248.25406 0 1 0
10.0744 38.516 248.25406 1 0 0
9.87444 38.316 248.25406 0 -1 0
9.87444 38.316 248.25406 -1 0 0
10.0744 38.316 248.25406 1 0 0
10.0744 38.316 248.25406 0 -1 0
9.87444 40.2173 248.21767 0 0.778163 0.628062
9.87444 40.2173 248.21767 -1 0 0
10.0744 40.2173 248.21767 0 0.778163 0.628062
10.0744 40.2173 248.21767 1 0 0
9.87444 40.0623 248.09126 0 -0.778163 -0.628062
9.87444 40.0623 248.09126 -1 0 0
10.0744 40.0623 248.09126 1 0 0
10.0744 40.0623 248.09126 0 -0.778163 -0.628062
9.87444 44.8372 242.49365 0 0.778163 0.628062
9.87444 44.8372 242.49365 -1 0 0
10.0744 44.8372 242.49365 0 0.778163 0.628062
10.0744 44.8372 242.49365 1 0 0
9.87444 44.6822 242.36725 0 -0.778163 -0.628062
9.87444 44.6822 242.36725 -1 0 0
10.0744 44.6822 242.36725 1 0 0
10.0744 44.6822 242.36725 0 -0.778163 -0.628062
9.87444 40.2187 248.09303 0 0.765976 -0.642869
9.87444 40.2187 248.09303 -1 0 0
10.0744 40.2187 248.09303 0 0.765976 -0.642869
10.0744 40.2187 248.09303 1 0 0
9.87444 40.0608 248.2159 0 -0.765983 0.642861
9.87444 40.0608 248.2159 -1 0 0
10.0744 40.0608 248.2159 1 0 0
10.0744 40.0608 248.2159 0 -0.765983 0.642861
9.87444 35.4284 242.38541 0 0.765976 -0.642869
9.87444 35.4284 242.38541 -1 0 0
10.0744 35.4284 242.38541 0 0.765976 -0.642869
10.0744 35.4284 242.38541 1 0 0
9.87444 35.2706 242.50827 0 -0.765983 0.642861
9.87444 35.2706 242.50827 -1 0 0
10.0744 35.2706 242.50827 1 0 0
10.0744 35.2706 242.50827 0 -0.765983 0.642861
9.87444 31.55826 248.10448 0 0.86566 -0.500632
9.87444 31.55826 248.10448 -1 0 0
10.0744 31.55826 248.10448 0 0.86566 -0.500632
10.0744 31.55826 248.10448 1 0 0
9.87444 31.38556 248.20538 0 -0.86566 0.500632
9.87444 31.38556 248.20538 -1 0 0
10.0744 31.38556 248.20538 1 0 0
10.0744 31.38556 248.20538 0 -0.86566 0.500632
9.87444 28.24546 242.37621 0 0.86566 -0.500632
9.87444 28.24546 242.37621 -1 0 0
10.0744 28.24546 242.37621 0 0.86566 -0.500632
10.0744 28.24546 242.37621 1 0 0
9.87444 28.07276 242.47711 0 -0.86566 0.500632
9.87444 28.07276 242.47711 -1 0 0
10.0744 28.07276 242.47711 1 0 0
10.0744 28.07276 242.47711 0 -0.86566 0.500632
9.87444 28.24576 248.11157 0 0.899824 -0.436253
9.87444 28.24576 248.11157 -1 0 0
10.0744 28.24576 248.11157 0 0.899824 -0.436253
10.0744 28.24576 248.11157 1 0 0
9.87444 28.06616 248.19955 0 -0.899824 0.436253
9.87444 28.06616 248.19955 -1 0 0
10.0744 28.06616 248.19955 1 0 0
10.0744 28.06616 248.19955 0 -0.899824 0.436253
9.87444 25.48076 242.40843 0 0.899824 -0.436253
9.87444 25.48076 242.40843 -1 0 0
10.0744 25.48076 242.40843 0 0.899824 -0.436253
10.0744 25.48076 242.40843 1 0 0
9.87444 25.30116 242.49641 0 -0.899824 0.436253
9.87444 25.30116 242.49641 -1 0 0
10.0744 25.30116 242.49641 1 0 0
10.0744 25.30116 242.49641 0 -0.899824 0.436253
9.87444 35.4311 251.93079 0 0.596325 0.802743
9.87444 35.4311 251.93079 -1 0 0
10.0744 35.4311 251.93079 0 0.596325 0.802743
10.0744 35.4311 251.93079 1 0 0
9.87444 35.3047 251.7758 0 -0.596327 -0.802742
9.87444 35.3047 251.7758 -1 0 0
10.0744 35.3047 251.7758 1 0 0
10.0744 35.3047 251.7758 0 -0.596327 -0.802742
9.87444 40.2053 248.38423 0 0.596325 0.802743
9.87444 40.2053 248.38423 -1 0 0
10.0744 40.2053 248.38423 0 0.596325 0.802743
10.0744 40.2053 248.38423 1 0 0
9.87444 40.0789 248.22923 0 -0.596327 -0.802742
9.87444 40.0789 248.22923 -1 0 0
10.0744 40.0789 248.22923 1 0 0
10.0744 40.0789 248.22923 0 -0.596327 -0.802742
9.87444 40.2023 251.93091 0 0.622441 0.782667
9.87444 40.2023 251.93091 -1 0 0
10.0744 40.2023 251.93091 0 0.622441 0.782667
10.0744 40.2023 251.93091 1 0 0
9.87444 40.0772 251.77484 0 -0.622443 -0.782666
9.87444 40.0772 251.77484 -1 0 0
10.0744 40.0772 251.77484 1 0 0
10.0744 40.0772 251.77484 0 -0.622443 -0.782666
9.87444 44.8027 248.27229 0 0.622441 0.782667
9.87444 44.8027 248.27229 -1 0 0
10.0744 44.8027 248.27229 0 0.622441 0.782667
10.0744 44.8027 248.27229 1 0 0
9.87444 44.6776 248.11621 0 -0.622443 -0.782666
9.87444 44.6776 248.11621 -1 0 0
10.0744 44.6776 248.11621 1 0 0
10.0744 44.6776 248.11621 0 -0.622443 -0.782666
9.87444 31.54386 251.92276 0 0.671225 0.741253
9.87444 31.54386 251.92276 -1 0 0
10.0744 31.54386 251.92276 0 0.671225 0.741253
10.0744 31.54386 251.92276 1 0 0
9.87444 31.39996 251.78383 0 -0.671227 -0.741252
9.87444 31.39996 251.78383 -1 0 0
10.0744 31.39996 251.78383 1 0 0
10.0744 31.39996 251.78383 0 -0.671227 -0.741252
9.87444 35.4322 248.40176 0 0.671225 0.741253
9.87444 35.4322 248.40176 -1 0 0
10.0744 35.4322 248.40176 0 0.671225 0.741253
10.0744 35.4322 248.40176 1 0 0
9.87444 35.2883 248.26282 0 -0.671227 -0.741252
9.87444 35.2883 248.26282 -1 0 0
10.0744 35.2883 248.26282 1 0 0
10.0744 35.2883 248.26282 0 -0.671227 -0.741252
9.87444 28.22956 251.92097 0 0.733632 0.679547
9.87444 28.22956 251.92097 -1 0 0
10.0744 28.22956 251.92097 0 0.733632 0.679547
10.0744 28.22956 251.92097 1 0 0
9.87444 28.08236 251.7856 0 -0.733632 -0.679547
9.87444 28.08236 251.7856 -1 0 0
10.0744 28.08236 251.7856 1 0 0
10.0744 28.08236 251.7856 0 -0.733632 -0.679547
9.87444 31.64956 248.22878 0 0.733632 0.679547
9.87444 31.64956 248.22878 -1 0 0
10.0744 31.64956 248.22878 0 0.733632 0.679547
10.0744 31.64956 248.22878 1 0 0
9.87444 31.50236 248.0934 0 -0.733632 -0.679547
9.87444 31.50236 248.0934 -1 0 0
10.0744 31.50236 248.0934 1 0 0
10.0744 31.50236 248.0934 0 -0.733632 -0.679547
9.87444 25.46826 251.91388 0 0.793346 0.608771
9.87444 25.46826 251.91388 -1 0 0
10.0744 25.46826 251.91388 0 0.793346 0.608771
10.0744 25.46826 251.91388 1 0 0
9.87444 25.30916 251.79269 0 -0.793347 -0.60877
9.87444 25.30916 251.79269 -1 0 0
10.0744 25.30916 251.79269 1 0 0
10.0744 25.30916 251.79269 0 -0.793347 -0.60877
9.87444 28.31136 248.20877 0 0.793346 0.608771
9.87444 28.31136 248.20877 -1 0 0
10.0744 28.31136 248.20877 0 0.793346 0.608771
10.0744 28.31136 248.20877 1 0 0
9.87444 28.15226 248.08757 0 -0.793347 -0.60877
9.87444 28.15226 248.08757 -1 0 0
10.0744 28.15226 248.08757 1 0 0
10.0744 28.15226 248.08757 0 -0.793347 -0.60877
9.87444 40.1879 242.26045 0 0.446025 -0.895021
9.87444 40.1879 242.26045 -1 0 0
10.0744 40.1879 242.26045 0 0.446025 -0.895021
10.0744 40.1879 242.26045 1 0 0
9.87444 40.0916 242.43571 0 -0.446027 0.895019
9.87444 40.0916 242.43571 -1 0 0
10.0744 40.0916 242.43571 1 0 0
10.0744 40.0916 242.43571 0 -0.446027 0.895019
9.87444 35.3677 239.85835 0 0.446025 -0.895021
9.87444 35.3677 239.85835 -1 0 0
10.0744 35.3677 239.85835 0 0.446025 -0.895021
10.0744 35.3677 239.85835 1 0 0
9.87444 35.2714 240.0336 0 -0.446027 0.895019
9.87444 35.2714 240.0336 -1 0 0
10.0744 35.2714 240.0336 1 0 0
10.0744 35.2714 240.0336 0 -0.446027 0.895019
9.87444 31.61126 242.26688 0 0.578476 -0.815699
9.87444 31.61126 242.26688 -1 0 0
10.0744 31.61126 242.26688 0 0.578476 -0.815699
10.0744 31.61126 242.26688 1 0 0
9.87444 31.49446 242.42929 0 -0.578474 0.815701
9.87444 31.49446 242.42929 -1 0 0
10.0744 31.49446 242.42929 1 0 0
10.0744 31.49446 242.42929 0 -0.578474 0.815701
9.87444 28.20566 239.8517 0 0.578476 -0.815699
9.87444 28.20566 239.8517 -1 0 0
10.0744 28.20566 239.8517 0 0.578476 -0.815699
10.0744 28.20566 239.8517 1 0 0
9.87444 28.08886 240.01413 0 -0.578474 0.815701
9.87444 28.08886 240.01413 -1 0 0
10.0744 28.08886 240.01413 1 0 0
10.0744 28.08886 240.01413 0 -0.578474 0.815701
9.87444 28.32566 242.27148 0 0.637708 -0.770278
9.87444 28.32566 242.27148 -1 0 0
10.0744 28.32566 242.27148 0 0.637708 -0.770278
10.0744 28.32566 242.27148 1 0 0
9.87444 28.19706 242.42468 0 -0.637721 0.770267
9.87444 28.19706 242.42468 -1 0 0
10.0744 28.19706 242.42468 1 0 0
10.0744 28.19706 242.42468 0 -0.637721 0.770267
9.87444 25.46646 239.90437 0 0.637708 -0.770278
9.87444 25.46646 239.90437 -1 0 0
10.0744 25.46646 239.90437 0 0.637708 -0.770278
10.0744 25.46646 239.90437 1 0 0
9.87444 25.33796 240.05757 0 -0.637721 0.770267
9.87444 25.33796 240.05757 -1 0 0
10.0744 25.33796 240.05757 1 0 0
10.0744 25.33796 240.05757 0 -0.637721 0.770267
13.8225 35.4677 235.58519 0 1 0
13.8225 35.4677 235.58519 0 0 1
13.8225 35.4677 235.38519 0 1 0
13.8225 35.4677 235.38519 0 0 -1
13.8225 35.2677 235.58519 0 -1 0
13.8225 35.2677 235.58519 0 0 1
13.8225 35.2677 235.38519 0 0 -1
13.8225 35.2677 235.38519 0 -1 0
7.2775 35.4677 235.58519 0 1 0
7.2775 35.4677 235.58519 0 0 1
7.2775 35.4677 235.38519 0 1 0
7.2775 35.4677 235.38519 0 0 -1
7.2775 35.2677 235.58519 0 -1 0
7.2775 35.2677 235.58519 0 0 1
7.2775 35.2677 235.38519 0 0 -1
7.2775 35.2677 235.38519 0 -1 0
9.87489 28.15566 235.5779 0 0 1
9.87489 28.15566 235.5779 -1 0 0
10.0749 28.15566 235.5779 0 0 1
10.0749 28.15566 235.5779 1 0 0
9.87489 28.15566 235.3779 0 0 -1
9.87489 28.15566 235.3779 -1 0 0
10.0749 28.15566 235.3779 1 0 0
10.0749 28.15566 235.3779 0 0 -1
9.87489 38.4757 235.5779 0 0 1
9.87489 38.4757 235.5779 -1 0 0
10.0749 38.4757 235.5779 0 0 1
10.0749 38.4757 235.5779 1 0 0
9.87489 38.4757 235.3779 0 0 -1
9.87489 38.4757 235.3779 -1 0 0
10.0749 38.4757 235.3779 1 0 0
10.0749 38.4757 235.3779 0 0 -1
14.0217 31.57166 240.01791 0 1 0
14.0217 31.57166 240.01791 0 0 1
14.0217 31.57166 239.8179 0 1 0
14.0217 31.57166 239.8179 0 0 -1
14.0217 31.37166 240.01791 0 -1 0
14.0217 31.37166 240.01791 0 0 1
14.0217 31.37166 239.8179 0 0 -1
14.0217 31.37166 239.8179 0 -1 0
7.27866 31.57166 240.01791 0 1 0
7.27866 31.57166 240.01791 0 0 1
7.27866 31.57166 239.8179 0 1 0
7.27866 31.57166 239.8179 0 0 -1
7.27866 31.37166 240.01791 0 -1 0
7.27866 31.37166 240.01791 0 0 1
7.27866 31.37166 239.8179 0 0 -1
7.27866 31.37166 239.8179 0 -1 0
13.8225 28.25566 235.5849 0 1 0
13.8225 28.25566 235.5849 0 0 1
13.8225 28.25566 235.3849 0 1 0
13.8225 28.25566 235.3849 0 0 -1
13.8225 28.05566 235.5849 0 -1 0
13.8225 28.05566 235.5849 0 0 1
13.8225 28.05566 235.3849 0 0 -1
13.8225 28.05566 235.3849 0 -1 0
7.27754 28.25566 235.5849 0 1 0
7.27754 28.25566 235.5849 0 0 1
7.27754 28.25566 235.3849 0 1 0
7.27754 28.25566 235.3849 0 0 -1
7.27754 28.05566 235.5849 0 -1 0
7.27754 28.05566 235.5849 0 0 1
7.27754 28.05566 235.3849 0 0 -1
7.27754 28.05566 235.3849 0 -1 0
14.0217 28.25566 240.01791 0 1 0
14.0217 28.25566 240.01791 0 0 1
14.0217 28.25566 239.8179 0 1 0
14.0217 28.25566 239.8179 0 0 -1
14.0217 28.05566 240.01791 0 -1 0
14.0217 28.05566 240.01791 0 0 1
14.0217 28.05566 239.8179 0 0 -1
14.0217 28.05566 239.8179 0 -1 0
7.27866 28.25566 240.01791 0 1 0
7.27866 28.25566 240.01791 0 0 1
7.27866 28.25566 239.8179 0 1 0
7.27866 28.25566 239.8179 0 0 -1
7.27866 28.05566 240.01791 0 -1 0
7.27866 28.05566 240.01791 0 0 1
7.27866 28.05566 239.8179 0 0 -1
7.27866 28.05566 239.8179 0 -1 0
7.237 38.5123 235.58519 0 1 0
7.237 38.5123 235.58519 0 0 1
7.237 38.5123 235.38519 0 1 0
7.237 38.5123 235.38519 0 0 -1
7.237 38.3123 235.58519 0 -1 0
7.237 38.3123 235.58519 0 0 1
7.237 38.3123 235.38519 0 0 -1
7.237 38.3123 235.38519 0 -1 0
10.035 38.5123 235.58519 0 1 0
10.035 38.5123 235.58519 0 0 1
10.035 38.5123 235.38519 0 1 0
10.035 38.5123 235.38519 0 0 -1
10.035 38.3123 235.58519 0 -1 0
10.035 38.3123 235.58519 0 0 1
10.035 38.3123 235.38519 0 0 -1
10.035 38.3123 235.38519 0 -1 0
14.0217 35.4677 240.01788 0 1 0
14.0217 35.4677 240.01788 0 0 1
14.0217 35.4677 239.81787 0 1 0
14.0217 35.4677 239.81787 0 0 -1
14.0217 35.2677 240.01788 0 -1 0
14.0217 35.2677 240.01788 0 0 1
14.0217 35.2677 239.81787 0 0 -1
14.0217 35.2677 239.81787 0 -1 0
7.27866 35.4677 240.01788 0 1 0
7.27866 35.4677 240.01788 0 0 1
7.27866 35.4677 239.81787 0 1 0
7.27866 35.4677 239.81787 0 0 -1
7.27866 35.2677 240.01788 0 -1 0
7.27866 35.2677 240.01788 0 0 1
7.27866 35.2677 239.81787 0 0 -1
7.27866 35.2677 239.81787 0 -1 0
12.6926 40.2393 240.01791 0 1 0
12.6926 40.2393 240.01791 0 0 1
12.6926 40.2393 239.8179 0 1 0
12.6926 40.2393 239.8179 0 0 -1
12.6926 40.0393 240.01791 0 -1 0
12.6926 40.0393 240.01791 0 0 1
12.6926 40.0393 239.8179 0 0 -1
12.6926 40.0393 239.8179 0 -1 0
7.18262 40.2393 240.01791 0 1 0
7.18262 40.2393 240.01791 0 0 1
7.18262 40.2393 239.8179 0 1 0
7.18262 40.2393 239.8179 0 0 -1
7.18262 40.0393 240.01791 0 -1 0
7.18262 40.0393 240.01791 0 0 1
7.18262 40.0393 239.8179 0 0 -1
7.18262 40.0393 239.8179 0 -1 0
12.6926 40.2393 242.56787 0 1 0
12.6926 40.2393 242.56787 0 0 1
12.6926 40.2393 242.36787 0 1 0
12.6926 40.2393 242.36787 0 0 -1
12.6926 40.0393 242.56787 0 -1 0
12.6926 40.0393 242.56787 0 0 1
12.6926 40.0393 242.36787 0 0 -1
12.6926 40.0393 242.36787 0 -1 0
7.15862 40.2393 242.56787 0 1 0
7.15862 40.2393 242.56787 0 0 1
7.15862 40.2393 242.36787 0 1 0
7.15862 40.2393 242.36787 0 0 -1
7.15862 40.0393 242.56787 0 -1 0
7.15862 40.0393 242.56787 0 0 1
7.15862 40.0393 242.36787 0 0 -1
7.15862 40.0393 242.36787 0 -1 0
12.6875 35.4677 242.56787 0 1 0
12.6875 35.4677 242.56787 0 0 1
12.6875 35.4677 242.36787 0 1 0
12.6875 35.4677 242.36787 0 0 -1
12.6875 35.2677 242.56787 0 -1 0
12.6875 35.2677 242.56787 0 0 1
12.6875 35.2677 242.36787 0 0 -1
12.6875 35.2677 242.36787 0 -1 0
7.31953 35.4677 242.56787 0 1 0
7.31953 35.4677 242.56787 0 0 1
7.31953 35.4677 242.36787 0 1 0
7.31953 35.4677 242.36787 0 0 -1
7.31953 35.2677 242.56787 0 -1 0
7.31953 35.2677 242.56787 0 0 1
7.31953 35.2677 242.36787 0 0 -1
7.31953 35.2677 242.36787 0 -1 0
12.6875 31.57166 242.56787 0 1 0
12.6875 31.57166 242.56787 0 0 1
12.6875 31.57166 242.36787 0 1 0
12.6875 31.57166 242.36787 0 0 -1
12.6875 31.37166 242.56787 0 -1 0
12.6875 31.37166 242.56787 0 0 1
12.6875 31.37166 242.36787 0 0 -1
12.6875 31.37166 242.36787 0 -1 0
7.15351 31.57166 242.56787 0 1 0
7.15351 31.57166 242.56787 0 0 1
7.15351 31.57166 242.36787 0 1 0
7.15351 31.57166 242.36787 0 0 -1
7.15351 31.37166 242.56787 0 -1 0
7.15351 31.37166 242.56787 0 0 1
7.15351 31.37166 242.36787 0 0 -1
7.15351 31.37166 242.36787 0 -1 0
12.6875 28.25566 242.56787 0 1 0
12.6875 28.25566 242.56787 0 0 1
12.6875 28.25566 242.36787 0 1 0
12.6875 28.25566 242.36787 0 0 -1
12.6875 28.05566 242.56787 0 -1 0
12.6875 28.05566 242.56787 0 0 1
12.6875 28.05566 242.36787 0 0 -1
12.6875 28.05566 242.36787 0 -1 0
7.15351 28.25566 242.56787 0 1 0
7.15351 28.25566 242.56787 0 0 1
7.15351 28.25566 242.36787 0 1 0
7.15351 28.25566 242.36787 0 0 -1
7.15351 28.05566 242.56787 0 -1 0
7.15351 28.05566 242.56787 0 0 1
7.15351 28.05566 242.36787 0 0 -1
7.15351 28.05566 242.36787 0 -1 0
12.6926 40.2393 248.35988 0 1 0
12.6926 40.2393 248.35988 0 0 1
12.6926 40.2393 248.15988 0 1 0
12.6926 40.2393 248.15988 0 0 -1
12.6926 40.0393 248.35988 0 -1 0
12.6926 40.0393 248.35988 0 0 1
12.6926 40.0393 248.15988 0 0 -1
12.6926 40.0393 248.15988 0 -1 0
5.33262 40.2393 248.35988 0 1 0
5.33262 40.2393 248.35988 0 0 1
5.33262 40.2393 248.15988 0 1 0
5.33262 40.2393 248.15988 0 0 -1
5.33262 40.0393 248.35988 0 -1 0
5.33262 40.0393 248.35988 0 0 1
5.33262 40.0393 248.15988 0 0 -1
5.33262 40.0393 248.15988 0 -1 0
12.6875 35.4677 248.35988 0 1 0
12.6875 35.4677 248.35988 0 0 1
12.6875 35.4677 248.15988 0 1 0
12.6875 35.4677 248.15988 0 0 -1
12.6875 35.2677 248.35988 0 -1 0
12.6875 35.2677 248.35988 0 0 1
12.6875 35.2677 248.15988 0 0 -1
12.6875 35.2677 248.15988 0 -1 0
5.32751 35.4677 248.35988 0 1 0
5.32751 35.4677 248.35988 0 0 1
5.32751 35.4677 248.15988 0 1 0
5.32751 35.4677 248.15988 0 0 -1
5.32751 35.2677 248.35988 0 -1 0
5.32751 35.2677 248.35988 0 0 1
5.32751 35.2677 248.15988 0 0 -1
5.32751 35.2677 248.15988 0 -1 0
12.6875 31.57166 248.35988 0 1 0
12.6875 31.57166 248.35988 0 0 1
12.6875 31.57166 248.15988 0 1 0
12.6875 31.57166 248.15988 0 0 -1
12.6875 31.37166 248.35988 0 -1 0
12.6875 31.37166 248.35988 0 0 1
12.6875 31.37166 248.15988 0 0 -1
12.6875 31.37166 248.15988 0 -1 0
5.32751 31.57166 248.35988 0 1 0
5.32751 31.57166 248.35988 0 0 1
5.32751 31.57166 248.15988 0 1 0
5.32751 31.57166 248.15988 0 0 -1
5.32751 31.37166 248.35988 0 -1 0
5.32751 31.37166 248.35988 0 0 1
5.32751 31.37166 248.15988 0 0 -1
5.32751 31.37166 248.15988 0 -1 0
12.6875 28.25566 248.35988 0 1 0
12.6875 28.25566 248.35988 0 0 1
12.6875 28.25566 248.15988 0 1 0
12.6875 28.25566 248.15988 0 0 -1
12.6875 28.05566 248.35988 0 -1 0
12.6875 28.05566 248.35988 0 0 1
12.6875 28.05566 248.15988 0 0 -1
12.6875 28.05566 248.15988 0 -1 0
5.32751 28.25566 248.35988 0 1 0
5.32751 28.25566 248.35988 0 0 1
5.32751 28.25566 248.15988 0 1 0
5.32751 28.25566 248.15988 0 0 -1
5.32751 28.05566 248.35988 0 -1 0
5.32751 28.05566 248.35988 0 0 1
5.32751 28.05566 248.15988 0 0 -1
5.32751 28.05566 248.15988 0 -1 0
7.18289 28.07406 235.5779 0 0 1
7.18289 28.07406 235.5779 -1 0 0
7.38289 28.07406 235.5779 0 0 1
7.38289 28.07406 235.5779 1 0 0
7.18289 28.07406 235.3779 0 0 -1
7.18289 28.07406 235.3779 -1 0 0
7.38289 28.07406 235.3779 1 0 0
7.38289 28.07406 235.3779 0 0 -1
7.18289 38.4897 235.5779 0 0 1
7.18289 38.4897 235.5779 -1 0 0
7.38289 38.4897 235.5779 0 0 1
7.38289 38.4897 235.5779 1 0 0
7.18289 38.4897 235.3779 0 0 -1
7.18289 38.4897 235.3779 -1 0 0
7.38289 38.4897 235.3779 1 0 0
7.38289 38.4897 235.3779 0 0 -1
12.4891 22.7855 242.56787 0 0 1
12.4891 22.7855 242.56787 -1 -5.50099e-08 0
12.6891 22.7855 242.56787 0 0 1
12.6891 22.7855 242.56787 1 0 0
12.4891 22.7855 242.36787 0 0 -1
12.4891 22.7855 242.36787 -1 -5.50099e-08 0
12.6891 22.7855 242.36787 1 0 0
12.6891 22.7855 242.36787 0 0 -1
12.4891 40.1219 242.56787 0 0 1
12.4891 40.1219 242.56787 -1 -5.50099e-08 0
12.6891 40.1219 242.56787 0 0 1
12.6891 40.1219 242.56787 1 0 0
12.4891 40.1219 242.36787 0 0 -1
12.4891 40.1219 242.36787 -1 -5.50099e-08 0
12.6891 40.1219 242.36787 1 0 0
12.6891 40.1219 242.36787 0 0 -1
12.4891 22.7855 248.35988 0 0 1
12.4891 22.7855 248.35988 -1 -5.50099e-08 0
12.6891 22.7855 248.35988 0 0 1
12.6891 22.7855 248.35988 1 0 0
12.4891 22.7855 248.15987 0 8.80159e-07 -1
12.4891 22.7855 248.15987 -1 -5.50099e-08 0
12.6891 22.7855 248.15987 1 0 0
12.6891 22.7855 248.15987 0 8.80159e-07 -1
12.4891 40.1219 248.35988 0 0 1
12.4891 40.1219 248.35988 -1 -5.50099e-08 0
12.6891 40.1219 248.35988 0 0 1
12.6891 40.1219 248.35988 1 0 0
12.4891 40.1219 248.15988 0 8.80159e-07 -1
12.4891 40.1219 248.15988 -1 -5.50099e-08 0
12.6891 40.1219 248.15988 1 0 0
12.6891 40.1219 248.15988 0 8.80159e-07 -1
7.18398 35.4677 251.8533 0 1 0
7.18398 35.4677 251.8533 -1 0 0
7.38398 35.4677 251.8533 0 1 0
7.38398 35.4677 251.8533 1 0 0
7.18398 35.2677 251.8533 0 -1 0
7.18398 35.2677 251.8533 -1 0 0
7.38398 35.2677 251.8533 1 0 0
7.38398 35.2677 251.8533 0 -1 0
7.18398 35.4677 235.3723 0 1 0
7.18398 35.4677 235.3723 -1 0 0
7.38398 35.4677 235.3723 0 1 0
7.38398 35.4677 235.3723 1 0 0
7.18398 35.2677 235.3723 0 -1 0
7.18398 35.2677 235.3723 -1 0 0
7.38398 35.2677 235.3723 1 0 0
7.38398 35.2677 235.3723 0 -1 0
12.4889 35.4677 248.31201 0 1 0
12.4889 35.4677 248.31201 -1 0 0
12.6889 35.4677 248.31201 0 1 0
12.6889 35.4677 248.31201 1 0 0
12.4889 35.2677 248.31201 0 -1 0
12.4889 35.2677 248.31201 -1 0 0
12.6889 35.2677 248.31201 1 0 0
12.6889 35.2677 248.31201 0 -1 0
12.4889 35.4677 235.38499 0 1 0
12.4889 35.4677 235.38499 -1 0 0
12.6889 35.4677 235.38499 0 1 0
12.6889 35.4677 235.38499 1 0 0
12.4889 35.2677 235.38499 0 -1 0
12.4889 35.2677 235.38499 -1 0 0
12.6889 35.2677 235.38499 1 0 0
12.6889 35.2677 235.38499 0 -1 0
12.4891 31.57166 248.31201 0 1 0
12.4891 31.57166 248.31201 -1 0 0
12.6891 31.57166 248.31201 0 1 0
12.6891 31.57166 248.31201 1 0 0
12.4891 31.37166 248.31201 0 -1 0
12.4891 31.37166 248.31201 -1 0 0
12.6891 31.37166 248.31201 1 0 0
12.6891 31.37166 248.31201 0 -1 0
12.4891 31.57166 235.38499 0 1 0
12.4891 31.57166 235.38499 -1 0 0
12.6891 31.57166 235.38499 0 1 0
12.6891 31.57166 235.38499 1 0 0
12.4891 31.37166 235.38499 0 -1 0
12.4891 31.37166 235.38499 -1 0 0
12.6891 31.37166 235.38499 1 0 0
12.6891 31.37166 235.38499 0 -1 0
12.4891 28.25566 248.31201 0 1 0
12.4891 28.25566 248.31201 -1 0 0
12.6891 28.25566 248.31201 0 1 0
12.6891 28.25566 248.31201 1 0 0
12.4891 28.05566 248.31201 0 -1 0
12.4891 28.05566 248.31201 -1 0 0
12.6891 28.05566 248.31201 1 0 0
12.6891 28.05566 248.31201 0 -1 0
12.4891 28.25566 235.38499 0 1 0
12.4891 28.25566 235.38499 -1 0 0
12.6891 28.25566 235.38499 0 1 0
12.6891 28.25566 235.38499 1 0 0
12.4891 28.05566 235.38499 0 -1 0
12.4891 28.05566 235.38499 -1 0 0
12.6891 28.05566 235.38499 1 0 0
12.6891 28.05566 235.38499 0 -1 0
9.87489 28.07406 237.62587 0 0 1
9.87489 28.07406 237.62587 -1 0 0
10.0749 28.07406 237.62587 0 0 1
10.0749 28.07406 237.62587 1 0 0
9.87489 28.07406 237.4259 0 0 -1
9.87489 28.07406 237.4259 -1 0 0
10.0749 28.07406 237.4259 1 0 0
10.0749 28.07406 237.4259 0 0 -1
9.87489 35.3441 237.62587 0 0 1
9.87489 35.3441 237.62587 -1 0 0
10.0749 35.3441 237.62587 0 0 1
10.0749 35.3441 237.62587 1 0 0
9.87489 35.3441 237.4259 0 0 -1
9.87489 35.3441 237.4259 -1 0 0
10.0749 35.3441 237.4259 1 0 0
10.0749 35.3441 237.4259 0 0 -1
-10.0705 44.7926 242.56787 0 1 0
-10.0705 44.7926 242.56787 0 0 1
-10.0705 44.7926 242.36787 0 1 0
-10.0705 44.7926 242.36787 0 0 -1
-10.0705 44.5926 242.56787 0 -1 0
-10.0705 44.5926 242.56787 0 0 1
-10.0705 44.5926 242.36787 0 0 -1
-10.0705 44.5926 242.36787 0 -1 0
-7.30361 44.7926 242.56787 0 1 0
-7.30361 44.7926 242.56787 0 0 1
-7.30361 44.7926 242.36787 0 1 0
-7.30361 44.7926 242.36787 0 0 -1
-7.30361 44.5926 242.56787 0 -1 0
-7.30361 44.5926 242.56787 0 0 1
-7.30361 44.5926 242.36787 0 0 -1
-7.30361 44.5926 242.36787 0 -1 0
7.18398 28.25566 251.8533 0 1 0
7.18398 28.25566 251.8533 -1 0 0
7.38398 28.25566 251.8533 0 1 0
7.38398 28.25566 251.8533 1 0 0
7.18398 28.05566 251.8533 0 -1 0
7.18398 28.05566 251.8533 -1 0 0
7.38398 28.05566 251.8533 1 0 0
7.38398 28.05566 251.8533 0 -1 0
7.18398 28.25566 235.3723 0 1 0
7.18398 28.25566 235.3723 -1 0 0
7.38398 28.25566 235.3723 0 1 0
7.38398 28.25566 235.3723 1 0 0
7.18398 28.05566 235.3723 0 -1 0
7.18398 28.05566 235.3723 -1 0 0
7.38398 28.05566 235.3723 1 0 0
7.38398 28.05566 235.3723 0 -1 0
-10.0705 47.6707 242.56787 0 1 0
-10.0705 47.6707 242.56787 0 0 1
-10.0705 47.6707 242.36787 0 1 0
-10.0705 47.6707 242.36787 0 0 -1
-10.0705 47.4707 242.56787 0 -1 0
-10.0705 47.4707 242.56787 0 0 1
-10.0705 47.4707 242.36787 0 0 -1
-10.0705 47.4707 242.36787 0 -1 0
9.87949 47.6707 242.56787 0 1 0
9.87949 47.6707 242.56787 0 0 1
9.87949 47.6707 242.36787 0 1 0
9.87949 47.6707 242.36787 0 0 -1
9.87949 47.4707 242.56787 0 -1 0
9.87949 47.4707 242.56787 0 0 1
9.87949 47.4707 242.36787 0 0 -1
9.87949 47.4707 242.36787 0 -1 0
13.8195 28.05346 235.5849 0 0 1
13.8195 28.05346 235.5849 -1 0 0
14.0195 28.05346 235.5849 0 0 1
14.0195 28.05346 235.5849 1 0 0
13.8195 28.05346 235.3849 0 0 -1
13.8195 28.05346 235.3849 -1 0 0
14.0195 28.05346 235.3849 1 0 0
14.0195 28.05346 235.3849 0 0 -1
13.8195 35.4705 235.5849 0 0 1
13.8195 35.4705 235.5849 -1 0 0
14.0195 35.4705 235.5849 0 0 1
14.0195 35.4705 235.5849 1 0 0
13.8195 35.4705 235.3849 0 0 -1
13.8195 35.4705 235.3849 -1 0 0
14.0195 35.4705 235.3849 1 0 0
14.0195 35.4705 235.3849 0 0 -1
7.237 38.5123 237.62587 0 1 0
7.237 38.5123 237.62587 0 0 1
7.237 38.5123 237.4259 0 1 0
7.237 38.5123 237.4259 0 0 -1
7.237 38.3123 237.62587 0 -1 0
7.237 38.3123 237.62587 0 0 1
7.237 38.3123 237.4259 0 0 -1
7.237 38.3123 237.4259 0 -1 0
13.952 38.5123 237.62587 0 1 0
13.952 38.5123 237.62587 0 0 1
13.952 38.5123 237.4259 0 1 0
13.952 38.5123 237.4259 0 0 -1
13.952 38.3123 237.62587 0 -1 0
13.952 38.3123 237.62587 0 0 1
13.952 38.3123 237.4259 0 0 -1
13.952 38.3123 237.4259 0 -1 0
9.87489 28.15566 237.62587 0 0 1
9.87489 28.15566 237.62587 -1 0 0
10.0749 28.15566 237.62587 0 0 1
10.0749 28.15566 237.62587 1 0 0
9.87489 28.15566 237.4259 0 0 -1
9.87489 28.15566 237.4259 -1 0 0
10.0749 28.15566 237.4259 1 0 0
10.0749 28.15566 237.4259 0 0 -1
9.87489 38.4757 237.62587 0 0 1
9.87489 38.4757 237.62587 -1 0 0
10.0749 38.4757 237.62587 0 0 1
10.0749 38.4757 237.62587 1 0 0
9.87489 38.4757 237.4259 0 0 -1
9.87489 38.4757 237.4259 -1 0 0
10.0749 38.4757 237.4259 1 0 0
10.0749 38.4757 237.4259 0 0 -1
9.87489 38.5123 240.11295 0 1 0
9.87489 38.5123 240.11295 -1 0 0
10.0749 38.5123 240.11295 0 1 0
10.0749 38.5123 240.11295 1 0 0
9.87489 38.3123 240.11295 0 -1 0
9.87489 38.3123 240.11295 -1 0 0
10.0749 38.3123 240.11295 1 0 0
10.0749 38.3123 240.11295 0 -1 0
9.87489 38.5123 235.48509 0 1 0
9.87489 38.5123 235.48509 -1 0 0
10.0749 38.5123 235.48509 0 1 0
10.0749 38.5123 235.48509 1 0 0
9.87489 38.3123 235.48509 0 -1 0
9.87489 38.3123 235.48509 -1 0 0
10.0749 38.3123 235.48509 1 0 0
10.0749 38.3123 235.48509 0 -1 0
0.100002 47.8775 242.56787 0 0 1
0.100002 47.8775 242.56787 1 0 0
-0.099998 47.8775 242.56787 0 0 1
-0.099998 47.8775 242.56787 -1 0 0
0.100002 47.8775 242.36787 0 0 -1
0.100002 47.8775 242.36787 1 0 0
-0.099998 47.8775 242.36787 -1 0 0
-0.099998 47.8775 242.36787 0 0 -1
0.100002 50.46516 242.56787 0 0 1
0.100002 50.46516 242.56787 1 0 0
-0.099998 50.46516 242.56787 0 0 1
-0.099998 50.46516 242.56787 -1 0 0
0.100002 50.46516 242.36787 0 0 -1
0.100002 50.46516 242.36787 1 0 0
-0.099998 50.46516 242.36787 -1 0 0
-0.099998 50.46516 242.36787 0 0 -1
5.108 47.8775 242.56787 0 0 1
5.108 47.8775 242.56787 1 0 0
4.908 47.8775 242.56787 0 0 1
4.908 47.8775 242.56787 -1 0 0
5.108 47.8775 242.36787 0 0 -1
5.108 47.8775 242.36787 1 0 0
4.908 47.8775 242.36787 -1 0 0
4.908 47.8775 242.36787 0 0 -1
5.108 50.46516 242.56787 0 0 1
5.108 50.46516 242.56787 1 0 0
4.908 50.46516 242.56787 0 0 1
4.908 50.46516 242.56787 -1 0 0
5.108 50.46516 242.36787 0 0 -1
5.108 50.46516 242.36787 1 0 0
4.908 50.46516 242.36787 -1 0 0
4.908 50.46516 242.36787 0 0 -1
13.8199 35.4677 239.91788 0 1 0
13.8199 35.4677 239.91788 -1 0 0
14.0199 35.4677 239.91788 0 1 0
14.0199 35.4677 239.91788 1 0 0
13.8199 35.2677 239.91788 0 -1 0
13.8199 35.2677 239.91788 -1 0 0
14.0199 35.2677 239.91788 1 0 0
14.0199 35.2677 239.91788 0 -1 0
13.8199 35.4677 235.468 0 1 0
13.8199 35.4677 235.468 -1 0 0
14.0199 35.4677 235.468 0 1 0
14.0199 35.4677 235.468 1 0 0
13.8199 35.2677 235.468 0 -1 0
13.8199 35.2677 235.468 -1 0 0
14.0199 35.2677 235.468 1 0 0
14.0199 35.2677 235.468 0 -1 0
13.8199 31.57166 239.91788 0 1 0
13.8199 31.57166 239.91788 -1 0 0
14.0199 31.57166 239.91788 0 1 0
14.0199 31.57166 239.91788 1 0 0
13.8199 31.37166 239.91788 0 -1 0
13.8199 31.37166 239.91788 -1 0 0
14.0199 31.37166 239.91788 1 0 0
14.0199 31.37166 239.91788 0 -1 0
13.8199 31.57166 235.468 0 1 0
13.8199 31.57166 235.468 -1 0 0
14.0199 31.57166 235.468 0 1 0
14.0199 31.57166 235.468 1 0 0
13.8199 31.37166 235.468 0 -1 0
13.8199 31.37166 235.468 -1 0 0
14.0199 31.37166 235.468 1 0 0
14.0199 31.37166 235.468 0 -1 0
13.8199 28.25566 239.91788 0 1 0
13.8199 28.25566 239.91788 -1 0 0
14.0199 28.25566 239.91788 0 1 0
14.0199 28.25566 239.91788 1 0 0
13.8199 28.05566 239.91788 0 -1 0
13.8199 28.05566 239.91788 -1 0 0
14.0199 28.05566 239.91788 1 0 0
14.0199 28.05566 239.91788 0 -1 0
13.8199 28.25566 235.468 0 1 0
13.8199 28.25566 235.468 -1 0 0
14.0199 28.25566 235.468 0 1 0
14.0199 28.25566 235.468 1 0 0
13.8199 28.05566 235.468 0 -1 0
13.8199 28.05566 235.468 -1 0 0
14.0199 28.05566 235.468 1 0 0
14.0199 28.05566 235.468 0 -1 0
13.8195 28.05346 237.62587 0 0 1
13.8195 28.05346 237.62587 -1 0 0
14.0195 28.05346 237.62587 0 0 1
14.0195 28.05346 237.62587 1 0 0
13.8195 28.05346 237.4259 0 0 -1
13.8195 28.05346 237.4259 -1 0 0
14.0195 28.05346 237.4259 1 0 0
14.0195 28.05346 237.4259 0 0 -1
13.8195 38.4361 237.62587 0 0 1
13.8195 38.4361 237.62587 -1 0 0
14.0195 38.4361 237.62587 0 0 1
14.0195 38.4361 237.62587 1 0 0
13.8195 38.4361 237.4259 0 0 -1
13.8195 38.4361 237.4259 -1 0 0
14.0195 38.4361 237.4259 1 0 0
14.0195 38.4361 237.4259 0 0 -1
13.8199 28.05346 240.01788 0 0 1
13.8199 28.05346 240.01788 -1 0 0
14.0199 28.05346 240.01788 0 0 1
14.0199 28.05346 240.01788 1 0 0
13.8199 28.05346 239.81787 0 0 -1
13.8199 28.05346 239.81787 -1 0 0
14.0199 28.05346 239.81787 1 0 0
14.0199 28.05346 239.81787 0 0 -1
13.8199 38.4361 240.01788 0 0 1
13.8199 38.4361 240.01788 -1 0 0
14.0199 38.4361 240.01788 0 0 1
14.0199 38.4361 240.01788 1 0 0
13.8199 38.4361 239.81787 0 0 -1
13.8199 38.4361 239.81787 -1 0 0
14.0199 38.4361 239.81787 1 0 0
14.0199 38.4361 239.81787 0 0 -1
7.18398 31.57166 251.8533 0 1 0
7.18398 31.57166 251.8533 -1 0 0
7.38398 31.57166 251.8533 0 1 0
7.38398 31.57166 251.8533 1 0 0
7.18398 31.37166 251.8533 0 -1 0
7.18398 31.37166 251.8533 -1 0 0
7.38398 31.37166 251.8533 1 0 0
7.38398 31.37166 251.8533 0 -1 0
7.18398 31.57166 235.3723 0 1 0
7.18398 31.57166 235.3723 -1 0 0
7.38398 31.57166 235.3723 0 1 0
7.38398 31.57166 235.3723 1 0 0
7.18398 31.37166 235.3723 0 -1 0
7.18398 31.37166 235.3723 -1 0 0
7.38398 31.37166 235.3723 1 0 0
7.38398 31.37166 235.3723 0 -1 0
9.87489 22.7855 240.01788 0 0 1
9.87489 22.7855 240.01788 -1 0 0
10.0749 22.7855 240.01788 0 0 1
10.0749 22.7855 240.01788 1 0 0
9.87489 22.7855 239.81787 0 0 -1
9.87489 22.7855 239.81787 -1 0 0
10.0749 22.7855 239.81787 1 0 0
10.0749 22.7855 239.81787 0 0 -1
9.87489 40.1512 240.01788 0 0 1
9.87489 40.1512 240.01788 -1 0 0
10.0749 40.1512 240.01788 0 0 1
10.0749 40.1512 240.01788 1 0 0
9.87489 40.1512 239.81787 0 0 -1
9.87489 40.1512 239.81787 -1 0 0
10.0749 40.1512 239.81787 1 0 0
10.0749 40.1512 239.81787 0 0 -1
7.18289 28.05346 240.01788 0 0 1
7.18289 28.05346 240.01788 -1 0 0
7.38289 28.05346 240.01788 0 0 1
7.38289 28.05346 240.01788 1 0 0
7.18289 28.05346 239.81787 0 0 -1
7.18289 28.05346 239.81787 -1 0 0
7.38289 28.05346 239.81787 1 0 0
7.38289 28.05346 239.81787 0 0 -1
7.18289 35.4705 240.01788 0 0 1
7.18289 35.4705 240.01788 -1 0 0
7.38289 35.4705 240.01788 0 0 1
7.38289 35.4705 240.01788 1 0 0
7.18289 35.4705 239.81787 0 0 -1
7.18289 35.4705 239.81787 -1 0 0
7.38289 35.4705 239.81787 1 0 0
7.38289 35.4705 239.81787 0 0 -1
7.237 38.5123 240.01788 0 1 0
7.237 38.5123 240.01788 0 0 1
7.237 38.5123 239.81787 0 1 0
7.237 38.5123 239.81787 0 0 -1
7.237 38.3123 240.01788 0 -1 0
7.237 38.3123 240.01788 0 0 1
7.237 38.3123 239.81787 0 0 -1
7.237 38.3123 239.81787 0 -1 0
13.952 38.5123 240.01788 0 1 0
13.952 38.5123 240.01788 0 0 1
13.952 38.5123 239.81787 0 1 0
13.952 38.5123 239.81787 0 0 -1
13.952 38.3123 240.01788 0 -1 0
13.952 38.3123 240.01788 0 0 1
13.952 38.3123 239.81787 0 0 -1
13.952 38.3123 239.81787 0 -1 0
13.8199 38.5123 240.11295 0 1 0
13.8199 38.5123 240.11295 -1 0 0
14.0199 38.5123 240.11295 0 1 0
14.0199 38.5123 240.11295 1 0 0
13.8199 38.3123 240.11295 0 -1 0
13.8199 38.3123 240.11295 -1 0 0
14.0199 38.3123 240.11295 1 0 0
14.0199 38.3123 240.11295 0 -1 0
13.8199 38.5123 237.38249 0 1 0
13.8199 38.5123 237.38249 -1 0 0
14.0199 38.5123 237.38249 0 1 0
14.0199 38.5123 237.38249 1 0 0
13.8199 38.3123 237.38249 0 -1 0
13.8199 38.3123 237.38249 -1 0 0
14.0199 38.3123 237.38249 1 0 0
14.0199 38.3123 237.38249 0 -1 0
7.18285 28.07406 237.62587 0 0 1
7.18285 28.07406 237.62587 -1 0 0
7.38285 28.07406 237.62587 0 0 1
7.38285 28.07406 237.62587 1 0 0
7.18285 28.07406 237.4259 0 0 -1
7.18285 28.07406 237.4259 -1 0 0
7.38285 28.07406 237.4259 1 0 0
7.38285 28.07406 237.4259 0 0 -1
7.18285 38.4897 237.62587 0 0 1
7.18285 38.4897 237.62587 -1 0 0
7.38285 38.4897 237.62587 0 0 1
7.38285 38.4897 237.62587 1 0 0
7.18285 38.4897 237.4259 0 0 -1
7.18285 38.4897 237.4259 -1 0 0
7.38285 38.4897 237.4259 1 0 0
7.38285 38.4897 237.4259 0 0 -1
7.18398 38.5123 251.8533 0 1 0
7.18398 38.5123 251.8533 -1 0 0
7.38398 38.5123 251.8533 0 1 0
7.38398 38.5123 251.8533 1 0 0
7.18398 38.3123 251.8533 0 -1 0
7.18398 38.3123 251.8533 -1 0 0
7.38398 38.3123 251.8533 1 0 0
7.38398 38.3123 251.8533 0 -1 0
7.18398 38.5123 235.3723 0 1 0
7.18398 38.5123 235.3723 -1 0 0
7.38398 38.5123 235.3723 0 1 0
7.38398 38.5123 235.3723 1 0 0
7.18398 38.3123 235.3723 0 -1 0
7.18398 38.3123 235.3723 -1 0 0
7.38398 38.3123 235.3723 1 0 0
7.38398 38.3123 235.3723 0 -1 0
-9.87469 28.25562 251.8533 0 1 0
-9.87469 28.25562 251.8533 1 0 0
-10.0747 28.25562 251.8533 0 1 0
-10.0747 28.25562 251.8533 -1 0 0
-9.87469 28.05562 251.8533 0 -1 0
-9.87469 28.05562 251.8533 1 0 0
-10.0747 28.05562 251.8533 -1 0 0
-10.0747 28.05562 251.8533 0 -1 0
-9.87469 28.25562 239.8233 0 1 0
-9.87469 28.25562 239.8233 1 0 0
-10.0747 28.25562 239.8233 0 1 0
-10.0747 28.25562 239.8233 -1 0 0
-9.87469 28.05562 239.8233 0 -1 0
-9.87469 28.05562 239.8233 1 0 0
-10.0747 28.05562 239.8233 -1 0 0
-10.0747 28.05562 239.8233 0 -1 0
-9.87469 28.24572 248.11157 0 0.899824 -0.436253
-9.87469 28.24572 248.11157 1 0 0
-10.0747 28.24572 248.11157 0 0.899824 -0.436253
-10.0747 28.24572 248.11157 -1 0 0
-9.87469 28.06612 248.19955 0 -0.899824 0.436254
-9.87469 28.06612 248.19955 1 0 0
-10.0747 28.06612 248.19955 -1 0 0
-10.0747 28.06612 248.19955 0 -0.899824 0.436254
-9.87469 25.48072 242.40843 0 0.899824 -0.436253
-9.87469 25.48072 242.40843 1 0 0
-10.0747 25.48072 242.40843 0 0.899824 -0.436253
-10.0747 25.48072 242.40843 -1 0 0
-9.87469 25.30112 242.49643 0 -0.899824 0.436254
-9.87469 25.30112 242.49643 1 0 0
-10.0747 25.30112 242.49643 -1 0 0
-10.0747 25.30112 242.49643 0 -0.899824 0.436254
-9.87469 25.46822 251.91388 0 0.793346 0.608771
-9.87469 25.46822 251.91388 1 0 0
-10.0747 25.46822 251.91388 0 0.793346 0.608771
-10.0747 25.46822 251.91388 -1 0 0
-9.87469 25.30912 251.79269 0 -0.793347 -0.60877
-9.87469 25.30912 251.79269 1 0 0
-10.0747 25.30912 251.79269 -1 0 0
-10.0747 25.30912 251.79269 0 -0.793347 -0.60877
-9.87469 28.31132 248.20877 0 0.793346 0.608771
-9.87469 28.31132 248.20877 1 0 0
-10.0747 28.31132 248.20877 0 0.793346 0.608771
-10.0747 28.31132 248.20877 -1 0 0
-9.87469 28.15222 248.08757 0 -0.793347 -0.60877
-9.87469 28.15222 248.08757 1 0 0
-10.0747 28.15222 248.08757 -1 0 0
-10.0747 28.15222 248.08757 0 -0.793347 -0.60877
-9.87469 28.32562 242.27148 0 0.637708 -0.770278
-9.87469 28.32562 242.27148 1 0 0
-10.0747 28.32562 242.27148 0 0.637708 -0.770278
-10.0747 28.32562 242.27148 -1 0 0
-9.87469 28.19702 242.4247 0 -0.637724 0.770265
-9.87469 28.19702 242.4247 1 0 0
-10.0747 28.19702 242.4247 -1 0 0
-10.0747 28.19702 242.4247 0 -0.637724 0.770265
-9.87469 25.46642 239.90437 0 0.637708 -0.770278
-9.87469 25.46642 239.90437 1 0 0
-10.0747 25.46642 239.90437 0 0.637708 -0.770278
-10.0747 25.46642 239.90437 -1 0 0
-9.87469 25.33792 240.05757 0 -0.637724 0.770265
-9.87469 25.33792 240.05757 1 0 0
-10.0747 25.33792 240.05757 -1 0 0
-10.0747 25.33792 240.05757 0 -0.637724 0.770265
-10.0705 28.25562 240.01791 0 1 0
-10.0705 28.25562 240.01791 0 0 1
-10.0705 28.25562 239.8179 0 1 0
-10.0705 28.25562 239.8179 0 0 -1
-10.0705 28.05562 240.01791 0 -1 0
-10.0705 28.05562 240.01791 0 0 1
-10.0705 28.05562 239.8179 0 0 -1
-10.0705 28.05562 239.8179 0 -1 0
-7.30361 28.25562 240.01791 0 1 0
-7.30361 28.25562 240.01791 0 0 1
-7.30361 28.25562 239.8179 0 1 0
-7.30361 28.25562 239.8179 0 0 -1
-7.30361 28.05562 240.01791 0 -1 0
-7.30361 28.05562 240.01791 0 0 1
-7.30361 28.05562 239.8179 0 0 -1
-7.30361 28.05562 239.8179 0 -1 0
-10.0705 28.25562 242.56787 0 1 0
-10.0705 28.25562 242.56787 0 0 1
-10.0705 28.25562 242.36787 0 1 0
-10.0705 28.25562 242.36787 0 0 -1
-10.0705 28.05562 242.56787 0 -1 0
-10.0705 28.05562 242.56787 0 0 1
-10.0705 28.05562 242.36787 0 0 -1
-10.0705 28.05562 242.36787 0 -1 0
-7.30361 28.25562 242.56787 0 1 0
-7.30361 28.25562 242.56787 0 0 1
-7.30361 28.25562 242.36787 0 1 0
-7.30361 28.25562 242.36787 0 0 -1
-7.30361 28.05562 242.56787 0 -1 0
-7.30361 28.05562 242.56787 0 0 1
-7.30361 28.05562 242.36787 0 0 -1
-7.30361 28.05562 242.36787 0 -1 0
-10.0705 28.25562 248.35988 0 1 0
-10.0705 28.25562 248.35988 0 0 1
-10.0705 28.25562 248.15988 0 1 0
-10.0705 28.25562 248.15988 0 0 -1
-10.0705 28.05562 248.35988 0 -1 0
-10.0705 28.05562 248.35988 0 0 1
-10.0705 28.05562 248.15988 0 0 -1
-10.0705 28.05562 248.15988 0 -1 0
-5.36651 28.25562 248.35988 0 1 0
-5.36651 28.25562 248.35988 0 0 1
-5.36651 28.25562 248.15988 0 1 0
-5.36651 28.25562 248.15988 0 0 -1
-5.36651 28.05562 248.35988 0 -1 0
-5.36651 28.05562 248.35988 0 0 1
-5.36651 28.05562 248.15988 0 0 -1
-5.36651 28.05562 248.15988 0 -1 0
-0.0708307 50.43415 236.54399 0 0 1
-0.0708307 50.43415 236.54399 -0.717419 0.696642 0
0.0708234 50.29296 236.54399 0 0 1
0.0708234 50.29296 236.54399 0.717421 -0.696639 0
-0.0708307 50.43415 236.34399 0 0 -1
-0.0708307 50.43415 236.34399 -0.717419 0.696642 0
0.0708234 50.29296 236.34399 0.717421 -0.696639 0
0.0708234 50.29296 236.34399 0 0 -1
-2.5757 47.85458 236.54399 0 0 1
-2.5757 47.85458 236.54399 -0.717419 0.696642 0
-2.43231 47.71516 236.54399 0 0 1
-2.43231 47.71516 236.54399 0.717421 -0.696639 0
-2.5757 47.85458 236.34399 0 0 -1
-2.5757 47.85458 236.34399 -0.717419 0.696642 0
-2.43231 47.71516 236.34399 0.717421 -0.696639 0
-2.43231 47.71516 236.34399 0 0 -1
-5.07806 50.29224 236.54399 0 0 1
-5.07806 50.29224 236.54399 -0.71743 -0.696631 0
-4.93794 50.43496 236.54399 0 0 1
-4.93794 50.43496 236.54399 0.717423 0.696638 0
-5.07806 50.29224 236.34399 0 0 -1
-5.07806 50.29224 236.34399 -0.71743 -0.696631 0
-4.93794 50.43496 236.34399 0.717423 0.696638 0
-4.93794 50.43496 236.34399 0 0 -1
-2.57482 47.71426 236.54399 0 0 1
-2.57482 47.71426 236.54399 -0.71743 -0.696631 0
-2.43319 47.85547 236.54399 0 0 1
-2.43319 47.85547 236.54399 0.717423 0.696638 0
-2.57482 47.71426 236.34399 0 0 -1
-2.57482 47.71426 236.34399 -0.71743 -0.696631 0
-2.43319 47.85547 236.34399 0.717423 0.696638 0
-2.43319 47.85547 236.34399 0 0 -1
-4.93176 44.74888 236.54399 0 0 1
-4.93176 44.74888 236.54399 0.764677 -0.644414 0
-5.08424 44.87829 236.54399 0 0 1
-5.08424 44.87829 236.54399 -0.764674 0.644417 0
-4.93176 44.74888 236.34399 0 0 -1
-4.93176 44.74888 236.34399 0.764677 -0.644414 0
-5.08424 44.87829 236.34399 -0.764674 0.644417 0
-5.08424 44.87829 236.34399 0 0 -1
-2.4284 47.71943 236.54399 0 0 1
-2.4284 47.71943 236.54399 0.764677 -0.644414 0
-2.57961 47.85032 236.54399 0 0 1
-2.57961 47.85032 236.54399 -0.764674 0.644417 0
-2.4284 47.71943 236.34399 0 0 -1
-2.4284 47.71943 236.34399 0.764677 -0.644414 0
-2.57961 47.85032 236.34399 -0.764674 0.644417 0
-2.57961 47.85032 236.34399 0 0 -1
0.0708307 50.43415 236.54399 0 0 1
0.0708307 50.43415 236.54399 0.717419 0.696642 0
-0.0708234 50.29296 236.54399 0 0 1
-0.0708234 50.29296 236.54399 -0.717421 -0.696639 0
0.0708307 50.43415 236.34399 0 0 -1
0.0708307 50.43415 236.34399 0.717419 0.696642 0
-0.0708234 50.29296 236.34399 -0.717421 -0.696639 0
-0.0708234 50.29296 236.34399 0 0 -1
2.5757 47.85458 236.54399 0 0 1
2.5757 47.85458 236.54399 0.717419 0.696642 0
2.43231 47.71516 236.54399 0 0 1
2.43231 47.71516 236.54399 -0.717421 -0.696639 0
2.5757 47.85458 236.34399 0 0 -1
2.5757 47.85458 236.34399 0.717419 0.696642 0
2.43231 47.71516 236.34399 -0.717421 -0.696639 0
2.43231 47.71516 236.34399 0 0 -1
5.07806 50.29224 236.54399 0 0 1
5.07806 50.29224 236.54399 0.71743 -0.696631 0
4.93794 50.43496 236.54399 0 0 1
4.93794 50.43496 236.54399 -0.717423 0.696638 0
5.07806 50.29224 236.34399 0 0 -1
5.07806 50.29224 236.34399 0.71743 -0.696631 0
4.93794 50.43496 236.34399 -0.717423 0.696638 0
4.93794 50.43496 236.34399 0 0 -1
2.57482 47.71426 236.54399 0 0 1
2.57482 47.71426 236.54399 0.71743 -0.696631 0
2.43319 47.85547 236.54399 0 0 1
2.43319 47.85547 236.54399 -0.717423 0.696638 0
2.57482 47.71426 236.34399 0 0 -1
2.57482 47.71426 236.34399 0.71743 -0.696631 0
2.43319 47.85547 236.34399 -0.717423 0.696638 0
2.43319 47.85547 236.34399 0 0 -1
4.93176 44.74888 236.54399 0 0 1
4.93176 44.74888 236.54399 -0.764677 -0.644414 0
5.08424 44.87829 236.54399 0 0 1
5.08424 44.87829 236.54399 0.764674 0.644417 0
4.93176 44.74888 236.34399 0 0 -1
4.93176 44.74888 236.34399 -0.764677 -0.644414 0
5.08424 44.87829 236.34399 0.764674 0.644417 0
5.08424 44.87829 236.34399 0 0 -1
2.4284 47.71943 236.54399 0 0 1
2.4284 47.71943 236.54399 -0.764677 -0.644414 0
2.57961 47.85032 236.54399 0 0 1
2.57961 47.85032 236.54399 0.764674 0.644417 0
2.4284 47.71943 236.34399 0 0 -1
2.4284 47.71943 236.34399 -0.764677 -0.644414 0
2.57961 47.85032 236.34399 0.764674 0.644417 0
2.57961 47.85032 236.34399 0 0 -1
10.0705 44.7926 248.35988 0 1 0
10.0705 44.7926 248.35988 0 0 1
10.0705 44.7926 248.15988 0 1 0
10.0705 44.7926 248.15988 0 0 -1
10.0705 44.5926 248.35988 0 -1 0
10.0705 44.5926 248.35988 0 0 1
10.0705 44.5926 248.15988 0 0 -1
10.0705 44.5926 248.15988 0 -1 0
5.36651 44.7926 248.35988 0 1 0
5.36651 44.7926 248.35988 0 0 1
5.36651 44.7926 248.15988 0 1 0
5.36651 44.7926 248.15988 0 0 -1
5.36651 44.5926 248.35988 0 -1 0
5.36651 44.5926 248.35988 0 0 1
5.36651 44.5926 248.15988 0 0 -1
5.36651 44.5926 248.15988 0 -1 0
10.0705 44.7926 242.56787 0 1 0
10.0705 44.7926 242.56787 0 0 1
10.0705 44.7926 242.36787 0 1 0
10.0705 44.7926 242.36787 0 0 -1
10.0705 44.5926 242.56787 0 -1 0
10.0705 44.5926 242.56787 0 0 1
10.0705 44.5926 242.36787 0 0 -1
10.0705 44.5926 242.36787 0 -1 0
7.30361 44.7926 242.56787 0 1 0
7.30361 44.7926 242.56787 0 0 1
7.30361 44.7926 242.36787 0 1 0
7.30361 44.7926 242.36787 0 0 -1
7.30361 44.5926 242.56787 0 -1 0
7.30361 44.5926 242.56787 0 0 1
7.30361 44.5926 242.36787 0 0 -1
7.30361 44.5926 242.36787 0 -1 0
7.36046 50.29913 242.56801 0 0 1
7.36046 50.29913 242.56801 0.775656 -0.631155 0
7.2075 50.42798 242.56801 0 0 1
7.2075 50.42798 242.56801 -0.775655 0.631157 0
7.36046 50.29913 242.36801 0 0 -1
7.36046 50.29913 242.36801 0.775656 -0.631155 0
7.2075 50.42798 242.36801 -0.775655 0.631157 0
7.2075 50.42798 242.36801 0 0 -1
5.08469 47.50233 242.56801 0 0 1
5.08469 47.50233 242.56801 0.775656 -0.631155 0
4.93131 47.63068 242.56801 0 0 1
4.93131 47.63068 242.56801 -0.775655 0.631157 0
5.08469 47.50233 242.36801 0 0 -1
5.08469 47.50233 242.36801 0.775656 -0.631155 0
4.93131 47.63068 242.36801 -0.775655 0.631157 0
4.93131 47.63068 242.36801 0 0 -1
7.35481 50.43415 242.56805 0 0 1
7.35481 50.43415 242.56805 0.720707 0.69324 0
7.21315 50.29296 242.56805 0 0 1
7.21315 50.29296 242.56805 -0.720711 -0.693236 0
7.35481 50.43415 242.36806 0 0 -1
7.35481 50.43415 242.36806 0.720707 0.69324 0
7.21315 50.29296 242.36806 -0.720711 -0.693236 0
7.21315 50.29296 242.36806 0 0 -1
10.04611 47.63621 242.56805 0 0 1
10.04611 47.63621 242.56805 0.720707 0.69324 0
9.90273 47.49679 242.56805 0 0 1
9.90273 47.49679 242.56805 -0.720711 -0.693236 0
10.04611 47.63621 242.36806 0 0 -1
10.04611 47.63621 242.36806 0.720707 0.69324 0
9.90273 47.49679 242.36806 -0.720711 -0.693236 0
9.90273 47.49679 242.36806 0 0 -1
9.89817 44.74888 242.56805 0 0 1
9.89817 44.74888 242.56805 -0.715165 -0.698956 0
10.05066 44.87829 242.56805 0 0 1
10.05066 44.87829 242.56805 0.715188 0.698932 0
9.89817 44.74888 242.36806 0 0 -1
9.89817 44.74888 242.36806 -0.715165 -0.698956 0
10.05066 44.87829 242.36806 0.715188 0.698932 0
10.05066 44.87829 242.36806 0 0 -1
7.20837 47.50106 242.56805 0 0 1
7.20837 47.50106 242.56805 -0.715165 -0.698956 0
7.35959 47.63195 242.56805 0 0 1
7.35959 47.63195 242.56805 0.715188 0.698932 0
7.20837 47.50106 242.36806 0 0 -1
7.20837 47.50106 242.36806 -0.715165 -0.698956 0
7.35959 47.63195 242.36806 0.715188 0.698932 0
7.35959 47.63195 242.36806 0 0 -1
-7.36046 50.29913 242.56801 0 0 1
-7.36046 50.29913 242.56801 -0.775656 -0.631155 0
-7.2075 50.42798 242.56801 0 0 1
-7.2075 50.42798 242.56801 0.775655 0.631157 0
-7.36046 50.29913 242.36801 0 0 -1
-7.36046 50.29913 242.36801 -0.775656 -0.631155 0
-7.2075 50.42798 242.36801 0.775655 0.631157 0
-7.2075 50.42798 242.36801 0 0 -1
-5.08469 47.50233 242.56801 0 0 1
-5.08469 47.50233 242.56801 -0.775656 -0.631155 0
-4.93131 47.63068 242.56801 0 0 1
-4.93131 47.63068 242.56801 0.775655 0.631157 0
-5.08469 47.50233 242.36801 0 0 -1
-5.08469 47.50233 242.36801 -0.775656 -0.631155 0
-4.93131 47.63068 242.36801 0.775655 0.631157 0
-4.93131 47.63068 242.36801 0 0 -1
-7.35481 50.43415 242.56805 0 0 1
-7.35481 50.43415 242.56805 -0.720707 0.69324 0
-7.21315 50.29296 242.56805 0 0 1
-7.21315 50.29296 242.56805 0.720711 -0.693236 0
-7.35481 50.43415 242.36806 0 0 -1
-7.35481 50.43415 242.36806 -0.720707 0.69324 0
-7.21315 50.29296 242.36806 0.720711 -0.693236 0
-7.21315 50.29296 242.36806 0 0 -1
-10.04611 47.63621 242.56805 0 0 1
-10.04611 47.63621 242.56805 -0.720707 0.69324 0
-9.90273 47.49679 242.56805 0 0 1
-9.90273 47.49679 242.56805 0.720711 -0.693236 0
-10.04611 47.63621 242.36806 0 0 -1
-10.04611 47.63621 242.36806 -0.720707 0.69324 0
-9.90273 47.49679 242.36806 0.720711 -0.693236 0
-9.90273 47.49679 242.36806 0 0 -1
-9.89817 44.74888 242.56805 0 0 1
-9.89817 44.74888 242.56805 0.715165 -0.698956 0
-10.05066 44.87829 242.56805 0 0 1
-10.05066 44.87829 242.56805 -0.715188 0.698932 0
-9.89817 44.74888 242.36806 0 0 -1
-9.89817 44.74888 242.36806 0.715165 -0.698956 0
-10.05066 44.87829 242.36806 -0.715188 0.698932 0
-10.05066 44.87829 242.36806 0 0 -1
-7.20837 47.50106 242.56805 0 0 1
-7.20837 47.50106 242.56805 0.715165 -0.698956 0
-7.35959 47.63195 242.56805 0 0 1
-7.35959 47.63195 242.56805 -0.715188 0.698932 0
-7.20837 47.50106 242.36806 0 0 -1
-7.20837 47.50106 242.36806 0.715165 -0.698956 0
-7.35959 47.63195 242.36806 -0.715188 0.698932 0
-7.35959 47.63195 242.36806 0 0 -1
-4.90801 50.30036 238.48047 1 0 0
-4.90801 50.30036 238.48047 4.92157e-05 -0.604906 0.796297
-4.90801 50.42684 238.32555 1 0 0
-4.90801 50.42684 238.32555 -4.72825e-05 0.604939 -0.796272
-5.10801 50.30036 238.48048 -1 0 0
-5.10801 50.30036 238.48048 4.72815e-05 -0.604906 0.796297
-5.10801 50.42684 238.32556 -4.92132e-05 0.604939 -0.796272
-5.10801 50.42684 238.32556 -1 0 0
-4.90801 47.7238 236.52319 1 0 0
-4.90801 47.7238 236.52319 1.93415e-06 -0.604908 0.796295
-4.90801 47.84593 236.36481 1 0 0
-4.90801 47.84593 236.36481 0 0.604937 -0.796274
-5.10801 47.7238 236.52319 -1 0 0
-5.10801 47.7238 236.52319 0 -0.604908 0.796295
-5.10801 47.84593 236.36481 -1.93074e-06 0.604937 -0.796273
-5.10801 47.84593 236.36481 -1 0 0
-4.90801 50.30508 240.33708 1 -2.43537e-07 -1.76003e-07
-4.90801 50.30508 240.33708 5.08279e-05 -0.583539 0.812085
-4.90801 50.42213 240.1749 1 -2.43667e-07 -1.75844e-07
-4.90801 50.42213 240.1749 -5.94763e-05 0.583531 -0.812091
-5.10801 50.30509 240.3371 -1 2.43406e-07 1.7565e-07
-5.10801 50.30509 240.3371 4.87936e-05 -0.583539 0.812085
-5.10801 50.42213 240.17491 -6.19585e-05 0.583531 -0.812091
-5.10801 50.42213 240.17491 -1 2.43297e-07 1.75825e-07
-4.90801 47.72497 238.48309 1 -2.40408e-07 -1.79825e-07
-4.90801 47.72497 238.48309 2.0342e-06 -0.583541 0.812084
-4.90801 47.84476 238.32294 1 -2.40537e-07 -1.79667e-07
-4.90801 47.84476 238.32294 0 0.583528 -0.812093
-5.10801 47.72497 238.48309 -1 2.40778e-07 1.79841e-07
-5.10801 47.72497 238.48309 0 -0.583541 0.812084
-5.10801 47.84476 238.32294 -2.48234e-06 0.583528 -0.812093
-5.10801 47.84476 238.32294 -1 2.40667e-07 1.80018e-07
-4.90801 50.29705 242.54265 1 -2.09561e-07 -1.86617e-07
-4.90801 50.29705 242.54265 5.79093e-05 -0.651071 0.759017
-4.90801 50.43016 242.39337 1 -2.09429e-07 -1.86753e-07
-4.90801 50.43016 242.39337 -5.57422e-05 0.65108 -0.759009
-5.10801 50.29705 242.54266 -1 2.09653e-07 1.86953e-07
-5.10801 50.29705 242.54266 5.57404e-05 -0.651071 0.759017
-5.10801 50.43016 242.39339 -5.79087e-05 0.65108 -0.759009
-5.10801 50.43016 242.39339 -1 2.09771e-07 1.86799e-07
-4.90801 47.71968 240.33183 1 -2.12984e-07 -1.83072e-07
-4.90801 47.71968 240.33183 2.16883e-06 -0.651073 0.759015
-4.90801 47.85005 240.18016 1 -2.12851e-07 -1.83209e-07
-4.90801 47.85005 240.18016 0 0.651078 -0.759011
-5.10801 47.71968 240.33183 -1 2.12639e-07 1.83028e-07
-5.10801 47.71968 240.33183 0 -0.651073 0.759015
-5.10801 47.85005 240.18016 -2.16649e-06 0.651078 -0.759011
-5.10801 47.85005 240.18016 -1 2.12755e-07 1.82875e-07
4.90801 50.30036 238.48047 -1 0 0
4.90801 50.30036 238.48047 -4.92157e-05 -0.604906 0.796297
4.90801 50.42684 238.32555 -1 0 0
4.90801 50.42684 238.32555 4.72825e-05 0.604939 -0.796272
5.10801 50.30036 238.48048 1 0 0
5.10801 50.30036 238.48048 -4.72815e-05 -0.604906 0.796297
5.10801 50.42684 238.32556 4.92132e-05 0.604939 -0.796272
5.10801 50.42684 238.32556 1 0 0
4.90801 47.7238 236.52319 -1 0 0
4.90801 47.7238 236.52319 -1.93415e-06 -0.604908 0.796295
4.90801 47.84593 236.36481 -1 0 0
4.90801 47.84593 236.36481 0 0.604937 -0.796274
5.10801 47.7238 236.52319 1 0 0
5.10801 47.7238 236.52319 0 -0.604908 0.796295
5.10801 47.84593 236.36481 1.93074e-06 0.604937 -0.796273
5.10801 47.84593 236.36481 1 0 0
4.90801 50.30508 240.33708 -1 -2.43537e-07 -1.76003e-07
4.90801 50.30508 240.33708 -5.08279e-05 -0.583539 0.812085
4.90801 50.42213 240.1749 -1 -2.43667e-07 -1.75844e-07
4.90801 50.42213 240.1749 5.94763e-05 0.583531 -0.812091
5.10801 50.30509 240.3371 1 2.43406e-07 1.7565e-07
5.10801 50.30509 240.3371 -4.87936e-05 -0.583539 0.812085
5.10801 50.42213 240.17491 6.19585e-05 0.583531 -0.812091
5.10801 50.42213 240.17491 1 2.43297e-07 1.75825e-07
4.90801 47.72497 238.48309 -1 -2.40408e-07 -1.79825e-07
4.90801 47.72497 238.48309 -2.0342e-06 -0.583541 0.812084
4.90801 47.84476 238.32294 -1 -2.40537e-07 -1.79667e-07
4.90801 47.84476 238.32294 0 0.583528 -0.812093
5.10801 47.72497 238.48309 1 2.40778e-07 1.79841e-07
5.10801 47.72497 238.48309 0 -0.583541 0.812084
5.10801 47.84476 238.32294 2.48234e-06 0.583528 -0.812093
5.10801 47.84476 238.32294 1 2.40667e-07 1.80018e-07
4.90801 50.29705 242.54265 -1 -2.09561e-07 -1.86617e-07
4.90801 50.29705 242.54265 -5.79093e-05 -0.651071 0.759017
4.90801 50.43016 242.39337 -1 -2.09429e-07 -1.86753e-07
4.90801 50.43016 242.39337 5.57422e-05 0.65108 -0.759009
5.10801 50.29705 242.54266 1 2.09653e-07 1.86953e-07
5.10801 50.29705 242.54266 -5.57404e-05 -0.651071 0.759017
5.10801 50.43016 242.39339 5.79087e-05 0.65108 -0.759009
5.10801 50.43016 242.39339 1 2.09771e-07 1.86799e-07
4.90801 47.71968 240.33183 -1 -2.12984e-07 -1.83072e-07
4.90801 47.71968 240.33183 -2.16883e-06 -0.651073 0.759015
4.90801 47.85005 240.18016 -1 -2.12851e-07 -1.83209e-07
4.90801 47.85005 240.18016 0 0.651078 -0.759011
5.10801 47.71968 240.33183 1 2.12639e-07 1.83028e-07
5.10801 47.71968 240.33183 0 -0.651073 0.759015
5.10801 47.85005 240.18016 2.16649e-06 0.651078 -0.759011
5.10801 47.85005 240.18016 1 2.12755e-07 1.82875e-07
7.184 22.7855 248.35988 0 0 1
7.184 22.7855 248.35988 -1 3.44535e-08 0
7.38396 22.7855 248.35988 0 0 1
7.38396 22.7855 248.35988 1 0 0
7.184 22.7855 248.15987 0 5.51256e-07 -1
7.184 22.7855 248.15987 -1 3.44535e-08 0
7.38396 22.7855 248.15987 1 0 0
7.38396 22.7855 248.15987 0 5.51256e-07 -1
7.184 50.46556 248.35988 0 0 1
7.184 50.46556 248.35988 -1 3.44535e-08 0
7.38396 50.46556 248.35988 0 0 1
7.38396 50.46556 248.35988 1 0 0
7.184 50.46556 248.15988 0 5.51256e-07 -1
7.184 50.46556 248.15988 -1 3.44535e-08 0
7.38396 50.46556 248.15988 1 0 0
7.38396 50.46556 248.15988 0 5.51256e-07 -1
7.184 46.61796 242.56787 0 0 1
7.184 46.61796 242.56787 -1 2.47862e-07 0
7.38396 46.61796 242.56787 0 0 1
7.38396 46.61796 242.56787 1 0 0
7.184 46.61796 242.36787 0 0 -1
7.184 46.61796 242.36787 -1 2.47862e-07 0
7.38396 46.61796 242.36787 1 0 0
7.38396 46.61796 242.36787 0 0 -1
7.184 50.46556 242.56787 0 0 1
7.184 50.46556 242.56787 -1 2.47862e-07 0
7.38396 50.46556 242.56787 0 0 1
7.38396 50.46556 242.56787 1 0 0
7.184 50.46556 242.36787 0 0 -1
7.184 50.46556 242.36787 -1 2.47862e-07 0
7.38396 50.46556 242.36787 1 0 0
7.38396 50.46556 242.36787 0 0 -1
-7.184 19.61336 248.35988 0 0 1
-7.184 19.61336 248.35988 1 3.09111e-08 0
-7.38396 19.61336 248.35988 0 0 1
-7.38396 19.61336 248.35988 -1 0 0
-7.184 19.61336 248.15987 0 4.94577e-07 -1
-7.184 19.61336 248.15987 1 3.09111e-08 0
-7.38396 19.61336 248.15987 -1 0 0
-7.38396 19.61336 248.15987 0 4.94577e-07 -1
-7.184 50.46556 248.35988 0 0 1
-7.184 50.46556 248.35988 1 3.09111e-08 0
-7.38396 50.46556 248.35988 0 0 1
-7.38396 50.46556 248.35988 -1 0 0
-7.184 50.46556 248.15988 0 4.94577e-07 -1
-7.184 50.46556 248.15988 1 3.09111e-08 0
-7.38396 50.46556 248.15988 -1 0 0
-7.38396 50.46556 248.15988 0 4.94577e-07 -1
-7.184 46.61796 242.56787 0 0 1
-7.184 46.61796 242.56787 1 2.47862e-07 0
-7.38396 46.61796 242.56787 0 0 1
-7.38396 46.61796 242.56787 -1 0 0
-7.184 46.61796 242.36787 0 0 -1
-7.184 46.61796 242.36787 1 2.47862e-07 0
-7.38396 46.61796 242.36787 -1 0 0
-7.38396 46.61796 242.36787 0 0 -1
-7.184 50.46556 242.56787 0 0 1
-7.184 50.46556 242.56787 1 2.47862e-07 0
-7.38396 50.46556 242.56787 0 0 1
-7.38396 50.46556 242.56787 -1 0 0
-7.184 50.46556 242.36787 0 0 -1
-7.184 50.46556 242.36787 1 2.47862e-07 0
-7.38396 50.46556 242.36787 -1 0 0
-7.38396 50.46556 242.36787 0 0 -1
10.0705 25.48862 240.01791 0 1 0
10.0705 25.48862 240.01791 0 0 1
10.0705 25.48862 239.8179 0 1 0
10.0705 25.48862 239.8179 0 0 -1
10.0705 25.28862 240.01791 0 -1 0
10.0705 25.28862 240.01791 0 0 1
10.0705 25.28862 239.8179 0 0 -1
10.0705 25.28862 239.8179 0 -1 0
7.30361 25.48862 240.01791 0 1 0
7.30361 25.48862 240.01791 0 0 1
7.30361 25.48862 239.8179 0 1 0
7.30361 25.48862 239.8179 0 0 -1
7.30361 25.28862 240.01791 0 -1 0
7.30361 25.28862 240.01791 0 0 1
7.30361 25.28862 239.8179 0 0 -1
7.30361 25.28862 239.8179 0 -1 0
2.604 50.46336 242.468 0 1 0
2.604 50.46336 242.468 1 0 0
2.404 50.46336 242.468 0 1 0
2.404 50.46336 242.468 -1 0 0
2.604 50.26336 242.468 0 -1 0
2.604 50.26336 242.468 1 0 0
2.404 50.26336 242.468 -1 0 0
2.404 50.26336 242.468 0 -1 0
2.604 50.46336 236.34378 0 1 0
2.604 50.46336 236.34378 1 0 0
2.404 50.46336 236.34378 0 1 0
2.404 50.46336 236.34378 -1 0 0
2.604 50.26336 236.34378 0 -1 0
2.604 50.26336 236.34378 1 0 0
2.404 50.26336 236.34378 -1 0 0
2.404 50.26336 236.34378 0 -1 0
-2.404 50.46336 242.468 0 1 0
-2.404 50.46336 242.468 1 0 0
-2.604 50.46336 242.468 0 1 0
-2.604 50.46336 242.468 -1 0 0
-2.404 50.26336 242.468 0 -1 0
-2.404 50.26336 242.468 1 0 0
-2.604 50.26336 242.468 -1 0 0
-2.604 50.26336 242.468 0 -1 0
-2.404 50.46336 236.34378 0 1 0
-2.404 50.46336 236.34378 1 0 0
-2.604 50.46336 236.34378 0 1 0
-2.604 50.46336 236.34378 -1 0 0
-2.404 50.26336 236.34378 0 -1 0
-2.404 50.26336 236.34378 1 0 0
-2.604 50.26336 236.34378 -1 0 0
-2.604 50.26336 236.34378 0 -1 0
7.36046 50.29913 248.36 0 0 1
7.36046 50.29913 248.36 0.775656 -0.631155 0
7.2075 50.42798 248.36 0 0 1
7.2075 50.42798 248.36 -0.775655 0.631157 0
7.36046 50.29913 248.16 0 0 -1
7.36046 50.29913 248.16 0.775656 -0.631155 0
7.2075 50.42798 248.16 -0.775655 0.631157 0
7.2075 50.42798 248.16 0 0 -1
5.08469 47.50233 248.36 0 0 1
5.08469 47.50233 248.36 0.775656 -0.631155 0
4.93131 47.63068 248.36 0 0 1
4.93131 47.63068 248.36 -0.775655 0.631157 0
5.08469 47.50233 248.16 0 0 -1
5.08469 47.50233 248.16 0.775656 -0.631155 0
4.93131 47.63068 248.16 -0.775655 0.631157 0
4.93131 47.63068 248.16 0 0 -1
7.35481 50.43415 248.36005 0 0 1
7.35481 50.43415 248.36005 0.720707 0.69324 0
7.21315 50.29296 248.36005 0 0 1
7.21315 50.29296 248.36005 -0.720711 -0.693236 0
7.35481 50.43415 248.16005 0 0 -1
7.35481 50.43415 248.16005 0.720707 0.69324 0
7.21315 50.29296 248.16005 -0.720711 -0.693236 0
7.21315 50.29296 248.16005 0 0 -1
10.04611 47.63621 248.36005 0 0 1
10.04611 47.63621 248.36005 0.720707 0.69324 0
9.90273 47.49679 248.36005 0 0 1
9.90273 47.49679 248.36005 -0.720711 -0.693236 0
10.04611 47.63621 248.16005 0 0 -1
10.04611 47.63621 248.16005 0.720707 0.69324 0
9.90273 47.49679 248.16005 -0.720711 -0.693236 0
9.90273 47.49679 248.16005 0 0 -1
9.89817 44.74888 248.36005 0 0 1
9.89817 44.74888 248.36005 -0.715165 -0.698956 0
10.05066 44.87829 248.36005 0 0 1
10.05066 44.87829 248.36005 0.715188 0.698932 0
9.89817 44.74888 248.16005 0 0 -1
9.89817 44.74888 248.16005 -0.715165 -0.698956 0
10.05066 44.87829 248.16005 0.715188 0.698932 0
10.05066 44.87829 248.16005 0 0 -1
7.20837 47.50106 248.36005 0 0 1
7.20837 47.50106 248.36005 -0.715165 -0.698956 0
7.35959 47.63195 248.36005 0 0 1
7.35959 47.63195 248.36005 0.715188 0.698932 0
7.20837 47.50106 248.16005 0 0 -1
7.20837 47.50106 248.16005 -0.715165 -0.698956 0
7.35959 47.63195 248.16005 0.715188 0.698932 0
7.35959 47.63195 248.16005 0 0 -1
-7.36046 50.29913 248.36 0 0 1
-7.36046 50.29913 248.36 -0.775656 -0.631155 0
-7.2075 50.42798 248.36 0 0 1
-7.2075 50.42798 248.36 0.775655 0.631157 0
-7.36046 50.29913 248.16 0 0 -1
-7.36046 50.29913 248.16 -0.775656 -0.631155 0
-7.2075 50.42798 248.16 0.775655 0.631157 0
-7.2075 50.42798 248.16 0 0 -1
-5.08469 47.50233 248.36 0 0 1
-5.08469 47.50233 248.36 -0.775656 -0.631155 0
-4.93131 47.63068 248.36 0 0 1
-4.93131 47.63068 248.36 0.775655 0.631157 0
-5.08469 47.50233 248.16 0 0 -1
-5.08469 47.50233 248.16 -0.775656 -0.631155 0
-4.93131 47.63068 248.16 0.775655 0.631157 0
-4.93131 47.63068 248.16 0 0 -1
-7.35481 50.43415 248.36005 0 0 1
-7.35481 50.43415 248.36005 -0.720707 0.69324 0
-7.21315 50.29296 248.36005 0 0 1
-7.21315 50.29296 248.36005 0.720711 -0.693236 0
-7.35481 50.43415 248.16005 0 0 -1
-7.35481 50.43415 248.16005 -0.720707 0.69324 0
-7.21315 50.29296 248.16005 0.720711 -0.693236 0
-7.21315 50.29296 248.16005 0 0 -1
-10.04611 47.63621 248.36005 0 0 1
-10.04611 47.63621 248.36005 -0.720707 0.69324 0
-9.90273 47.49679 248.36005 0 0 1
-9.90273 47.49679 248.36005 0.720711 -0.693236 0
-10.04611 47.63621 248.16005 0 0 -1
-10.04611 47.63621 248.16005 -0.720707 0.69324 0
-9.90273 47.49679 248.16005 0.720711 -0.693236 0
-9.90273 47.49679 248.16005 0 0 -1
-9.89817 44.74888 248.36005 0 0 1
-9.89817 44.74888 248.36005 0.715165 -0.698956 0
-10.05066 44.87829 248.36005 0 0 1
-10.05066 44.87829 248.36005 -0.715188 0.698932 0
-9.89817 44.74888 248.16005 0 0 -1
-9.89817 44.74888 248.16005 0.715165 -0.698956 0
-10.05066 44.87829 248.16005 -0.715188 0.698932 0
-10.05066 44.87829 248.16005 0 0 -1
-7.20837 47.50106 248.36005 0 0 1
-7.20837 47.50106 248.36005 0.715165 -0.698956 0
-7.35959 47.63195 248.36005 0 0 1
-7.35959 47.63195 248.36005 -0.715188 0.698932 0
-7.20837 47.50106 248.16005 0 0 -1
-7.20837 47.50106 248.16005 0.715165 -0.698956 0
-7.35959 47.63195 248.16005 -0.715188 0.698932 0
-7.35959 47.63195 248.16005 0 0 -1
-9.87469 47.6555 248.30554 0 0.899229 0.437478
-9.87469 47.6555 248.30554 1 0 0
-10.0747 47.6555 248.30554 0 0.899229 0.437478
-10.0747 47.6555 248.30554 -1 0 0
-9.87469 47.4775 248.21443 0 -0.89923 -0.437477
-9.87469 47.4775 248.21443 1 0 0
-10.0747 47.4775 248.21443 -1 0 0
-10.0747 47.4775 248.21443 0 -0.89923 -0.437477
-9.87469 50.4524 242.55656 0 0.899229 0.437478
-9.87469 50.4524 242.55656 1 0 0
-10.0747 50.4524 242.55656 0 0.899229 0.437478
-10.0747 50.4524 242.55656 -1 0 0
-9.87469 50.27439 242.46545 0 -0.89923 -0.437477
-9.87469 50.27439 242.46545 1 0 0
-10.0747 50.27439 242.46545 -1 0 0
-10.0747 50.27439 242.46545 0 -0.89923 -0.437477
9.87469 47.6555 248.30554 0 0.899229 0.437478
9.87469 47.6555 248.30554 -1 0 0
10.0747 47.6555 248.30554 0 0.899229 0.437478
10.0747 47.6555 248.30554 1 0 0
9.87469 47.4775 248.21443 0 -0.89923 -0.437477
9.87469 47.4775 248.21443 -1 0 0
10.0747 47.4775 248.21443 1 0 0
10.0747 47.4775 248.21443 0 -0.89923 -0.437477
9.87469 50.4524 242.55656 0 0.899229 0.437478
9.87469 50.4524 242.55656 -1 0 0
10.0747 50.4524 242.55656 0 0.899229 0.437478
10.0747 50.4524 242.55656 1 0 0
9.87469 50.27439 242.46545 0 -0.89923 -0.437477
9.87469 50.27439 242.46545 -1 0 0
10.0747 50.27439 242.46545 1 0 0
10.0747 50.27439 242.46545 0 -0.89923 -0.437477
-0.0708307 50.43415 238.5031 0 0 1
-0.0708307 50.43415 238.5031 -0.717419 0.696642 0
0.0708234 50.29296 238.5031 0 0 1
0.0708234 50.29296 238.5031 0.717421 -0.696639 0
-0.0708307 50.43415 238.3031 0 0 -1
-0.0708307 50.43415 238.3031 -0.717419 0.696642 0
0.0708234 50.29296 238.3031 0.717421 -0.696639 0
0.0708234 50.29296 238.3031 0 0 -1
-2.5757 47.85458 238.5031 0 0 1
-2.5757 47.85458 238.5031 -0.717419 0.696642 0
-2.43231 47.71516 238.5031 0 0 1
-2.43231 47.71516 238.5031 0.717421 -0.696639 0
-2.5757 47.85458 238.3031 0 0 -1
-2.5757 47.85458 238.3031 -0.717419 0.696642 0
-2.43231 47.71516 238.3031 0.717421 -0.696639 0
-2.43231 47.71516 238.3031 0 0 -1
-5.07806 50.29224 238.5031 0 0 1
-5.07806 50.29224 238.5031 -0.71743 -0.696631 0
-4.93794 50.43496 238.5031 0 0 1
-4.93794 50.43496 238.5031 0.717423 0.696638 0
-5.07806 50.29224 238.3031 0 0 -1
-5.07806 50.29224 238.3031 -0.71743 -0.696631 0
-4.93794 50.43496 238.3031 0.717423 0.696638 0
-4.93794 50.43496 238.3031 0 0 -1
-2.57482 47.71426 238.5031 0 0 1
-2.57482 47.71426 238.5031 -0.71743 -0.696631 0
-2.43319 47.85547 238.5031 0 0 1
-2.43319 47.85547 238.5031 0.717423 0.696638 0
-2.57482 47.71426 238.3031 0 0 -1
-2.57482 47.71426 238.3031 -0.71743 -0.696631 0
-2.43319 47.85547 238.3031 0.717423 0.696638 0
-2.43319 47.85547 238.3031 0 0 -1
0.0708307 50.43415 238.5031 0 0 1
0.0708307 50.43415 238.5031 0.717419 0.696642 0
-0.0708234 50.29296 238.5031 0 0 1
-0.0708234 50.29296 238.5031 -0.717421 -0.696639 0
0.0708307 50.43415 238.3031 0 0 -1
0.0708307 50.43415 238.3031 0.717419 0.696642 0
-0.0708234 50.29296 238.3031 -0.717421 -0.696639 0
-0.0708234 50.29296 238.3031 0 0 -1
2.5757 47.85458 238.5031 0 0 1
2.5757 47.85458 238.5031 0.717419 0.696642 0
2.43231 47.71516 238.5031 0 0 1
2.43231 47.71516 238.5031 -0.717421 -0.696639 0
2.5757 47.85458 238.3031 0 0 -1
2.5757 47.85458 238.3031 0.717419 0.696642 0
2.43231 47.71516 238.3031 -0.717421 -0.696639 0
2.43231 47.71516 238.3031 0 0 -1
5.07806 50.29224 238.5031 0 0 1
5.07806 50.29224 238.5031 0.71743 -0.696631 0
4.93794 50.43496 238.5031 0 0 1
4.93794 50.43496 238.5031 -0.717423 0.696638 0
5.07806 50.29224 238.3031 0 0 -1
5.07806 50.29224 238.3031 0.71743 -0.696631 0
4.93794 50.43496 238.3031 -0.717423 0.696638 0
4.93794 50.43496 238.3031 0 0 -1
2.57482 47.71426 238.5031 0 0 1
2.57482 47.71426 238.5031 0.71743 -0.696631 0
2.43319 47.85547 238.5031 0 0 1
2.43319 47.85547 238.5031 -0.717423 0.696638 0
2.57482 47.71426 238.3031 0 0 -1
2.57482 47.71426 238.3031 0.71743 -0.696631 0
2.43319 47.85547 238.3031 -0.717423 0.696638 0
2.43319 47.85547 238.3031 0 0 -1
-0.0708307 50.43415 240.35611 0 0 1
-0.0708307 50.43415 240.35611 -0.717419 0.696642 0
0.0708234 50.29296 240.35611 0 0 1
0.0708234 50.29296 240.35611 0.717421 -0.696639 0
-0.0708307 50.43415 240.15611 0 0 -1
-0.0708307 50.43415 240.15611 -0.717419 0.696642 0
0.0708234 50.29296 240.15611 0.717421 -0.696639 0
0.0708234 50.29296 240.15611 0 0 -1
-2.5757 47.85458 240.35611 0 0 1
-2.5757 47.85458 240.35611 -0.717419 0.696642 0
-2.43231 47.71516 240.35611 0 0 1
-2.43231 47.71516 240.35611 0.717421 -0.696639 0
-2.5757 47.85458 240.15611 0 0 -1
-2.5757 47.85458 240.15611 -0.717419 0.696642 0
-2.43231 47.71516 240.15611 0.717421 -0.696639 0
-2.43231 47.71516 240.15611 0 0 -1
-5.07806 50.29224 240.35611 0 0 1
-5.07806 50.29224 240.35611 -0.71743 -0.696631 0
-4.93794 50.43496 240.35611 0 0 1
-4.93794 50.43496 240.35611 0.717423 0.696638 0
-5.07806 50.29224 240.15611 0 0 -1
-5.07806 50.29224 240.15611 -0.71743 -0.696631 0
-4.93794 50.43496 240.15611 0.717423 0.696638 0
-4.93794 50.43496 240.15611 0 0 -1
-2.57482 47.71426 240.35611 0 0 1
-2.57482 47.71426 240.35611 -0.71743 -0.696631 0
-2.43319 47.85547 240.35611 0 0 1
-2.43319 47.85547 240.35611 0.717423 0.696638 0
-2.57482 47.71426 240.15611 0 0 -1
-2.57482 47.71426 240.15611 -0.71743 -0.696631 0
-2.43319 47.85547 240.15611 0.717423 0.696638 0
-2.43319 47.85547 240.15611 0 0 -1
0.0708307 50.43415 240.35611 0 0 1
0.0708307 50.43415 240.35611 0.717419 0.696642 0
-0.0708234 50.29296 240.35611 0 0 1
-0.0708234 50.29296 240.35611 -0.717421 -0.696639 0
0.0708307 50.43415 240.15611 0 0 -1
0.0708307 50.43415 240.15611 0.717419 0.696642 0
-0.0708234 50.29296 240.15611 -0.717421 -0.696639 0
-0.0708234 50.29296 240.15611 0 0 -1
2.5757 47.85458 240.35611 0 0 1
2.5757 47.85458 240.35611 0.717419 0.696642 0
2.43231 47.71516 240.35611 0 0 1
2.43231 47.71516 240.35611 -0.717421 -0.696639 0
2.5757 47.85458 240.15611 0 0 -1
2.5757 47.85458 240.15611 0.717419 0.696642 0
2.43231 47.71516 240.15611 -0.717421 -0.696639 0
2.43231 47.71516 240.15611 0 0 -1
5.07806 50.29224 240.35611 0 0 1
5.07806 50.29224 240.35611 0.71743 -0.696631 0
4.93794 50.43496 240.35611 0 0 1
4.93794 50.43496 240.35611 -0.717423 0.696638 0
5.07806 50.29224 240.15611 0 0 -1
5.07806 50.29224 240.15611 0.71743 -0.696631 0
4.93794 50.43496 240.15611 -0.717423 0.696638 0
4.93794 50.43496 240.15611 0 0 -1
2.57482 47.71426 240.35611 0 0 1
2.57482 47.71426 240.35611 0.71743 -0.696631 0
2.43319 47.85547 240.35611 0 0 1
2.43319 47.85547 240.35611 -0.717423 0.696638 0
2.57482 47.71426 240.15611 0 0 -1
2.57482 47.71426 240.15611 0.71743 -0.696631 0
2.43319 47.85547 240.15611 -0.717423 0.696638 0
2.43319 47.85547 240.15611 0 0 -1
-0.0708307 50.43415 242.5679 0 0 1
-0.0708307 50.43415 242.5679 -0.717419 0.696642 0
0.0708234 50.29296 242.5679 0 0 1
0.0708234 50.29296 242.5679 0.717421 -0.696639 0
-0.0708307 50.43415 242.3679 0 0 -1
-0.0708307 50.43415 242.3679 -0.717419 0.696642 0
0.0708234 50.29296 242.3679 0.717421 -0.696639 0
0.0708234 50.29296 242.3679 0 0 -1
-2.5757 47.85458 242.5679 0 0 1
-2.5757 47.85458 242.5679 -0.717419 0.696642 0
-2.43231 47.71516 242.5679 0 0 1
-2.43231 47.71516 242.5679 0.717421 -0.696639 0
-2.5757 47.85458 242.3679 0 0 -1
-2.5757 47.85458 242.3679 -0.717419 0.696642 0
-2.43231 47.71516 242.3679 0.717421 -0.696639 0
-2.43231 47.71516 242.3679 0 0 -1
-5.07806 50.29224 242.5679 0 0 1
-5.07806 50.29224 242.5679 -0.71743 -0.696631 0
-4.93794 50.43496 242.5679 0 0 1
-4.93794 50.43496 242.5679 0.717423 0.696638 0
-5.07806 50.29224 242.3679 0 0 -1
-5.07806 50.29224 242.3679 -0.71743 -0.696631 0
-4.93794 50.43496 242.3679 0.717423 0.696638 0
-4.93794 50.43496 242.3679 0 0 -1
-2.57482 47.71426 242.5679 0 0 1
-2.57482 47.71426 242.5679 -0.71743 -0.696631 0
-2.43319 47.85547 242.5679 0 0 1
-2.43319 47.85547 242.5679 0.717423 0.696638 0
-2.57482 47.71426 242.3679 0 0 -1
-2.57482 47.71426 242.3679 -0.71743 -0.696631 0
-2.43319 47.85547 242.3679 0.717423 0.696638 0
-2.43319 47.85547 242.3679 0 0 -1
0.0708307 50.43415 242.5679 0 0 1
0.0708307 50.43415 242.5679 0.717419 0.696642 0
-0.0708234 50.29296 242.5679 0 0 1
-0.0708234 50.29296 242.5679 -0.717421 -0.696639 0
0.0708307 50.43415 242.3679 0 0 -1
0.0708307 50.43415 242.3679 0.717419 0.696642 0
-0.0708234 50.29296 242.3679 -0.717421 -0.696639 0
-0.0708234 50.29296 242.3679 0 0 -1
2.5757 47.85458 242.5679 0 0 1
2.5757 47.85458 242.5679 0.717419 0.696642 0
2.43231 47.71516 242.5679 0 0 1
2.43231 47.71516 242.5679 -0.717421 -0.696639 0
2.5757 47.85458 242.3679 0 0 -1
2.5757 47.85458 242.3679 0.717419 0.696642 0
2.43231 47.71516 242.3679 -0.717421 -0.696639 0
2.43231 47.71516 242.3679 0 0 -1
5.07806 50.29224 242.5679 0 0 1
5.07806 50.29224 242.5679 0.71743 -0.696631 0
4.93794 50.43496 242.5679 0 0 1
4.93794 50.43496 242.5679 -0.717423 0.696638 0
5.07806 50.29224 242.3679 0 0 -1
5.07806 50.29224 242.3679 0.71743 -0.696631 0
4.93794 50.43496 242.3679 -0.717423 0.696638 0
4.93794 50.43496 242.3679 0 0 -1
2.57482 47.71426 242.5679 0 0 1
2.57482 47.71426 242.5679 0.71743 -0.696631 0
2.43319 47.85547 242.5679 0 0 1
2.43319 47.85547 242.5679 -0.717423 0.696638 0
2.57482 47.71426 242.3679 0 0 -1
2.57482 47.71426 242.3679 0.71743 -0.696631 0
2.43319 47.85547 242.3679 -0.717423 0.696638 0
2.43319 47.85547 242.3679 0 0 -1
12 22 14
22 12 20
15 26 18
26 15 23
19 24 16
24 19 27
17 21 13
21 17 25
28 38 30
38 28 36
31 42 34
42 31 39
35 40 32
40 35 43
33 37 29
37 33 41
44 54 46
54 44 52
47 58 50
58 47 55
51 56 48
56 51 59
49 53 45
53 49 57
60 70 62
70 60 68
63 74 66
74 63 71
67 72 64
72 67 75
65 69 61
69 65 73
76 86 78
86 76 84
79 90 82
90 79 87
83 88 80
88 83 91
81 85 77
85 81 89
92 102 94
102 92 100
95 106 98
106 95 103
99 104 96
104 99 107
97 101 93
101 97 105
108 118 110
118 108 116
111 122 114
122 111 119
115 120 112
120 115 123
113 117 109
117 113 121
124 134 126
134 124 132
127 138 130
138 127 135
131 136 128
136 131 139
129 133 125
133 129 137
142 150 140
148 140 150
146 154 143
151 143 154
144 152 147
155 147 152
141 149 145
153 145 149
158 166 156
164 156 166
162 170 159
167 159 170
160 168 163
171 163 168
157 165 161
169 161 165
172 182 174
182 172 180
175 186 178
186 175 183
179 184 176
184 179 187
177 181 173
181 177 185
188 198 190
198 188 196
191 202 194
202 191 199
195 200 192
200 195 203
193 197 189
197 193 201
204 214 206
214 204 212
207 218 210
218 207 215
211 216 208
216 211 219
209 213 205
213 209 217
222 230 220
228 220 230
226 234 223
231 223 234
224 232 227
235 227 232
221 229 225
233 225 229
236 246 238
246 236 244
239 250 242
250 239 247
243 248 240
248 243 251
241 245 237
245 241 249
254 262 252
260 252 262
258 266 255
263 255 266
256 264 259
267 259 264
253 261 257
265 257 261
268 278 270
278 268 276
271 282 274
282 271 279
275 280 272
280 275 283
273 277 269
277 273 281
284 294 286
294 284 292
287 298 290
298 287 295
291 296 288
296 291 299
289 293 285
293 289 297
300 310 302
310 300 308
303 314 306
314 303 311
307 312 304
312 307 315
305 309 301
309 305 313
316 326 318
326 316 324
319 330 322
330 319 327
323 328 320
328 323 331
321 325 317
325 321 329
332 342 334
342 332 340
335 346 338
346 335 343
339 344 336
344 339 347
337 341 333
341 337 345
348 358 350
358 348 356
351 362 354
362 351 359
355 360 352
360 355 363
353 357 349
357 353 361
364 374 366
374 364 372
367 378 370
378 367 375
371 376 368
376 371 379
369 373 365
373 369 377
380 390 382
390 380 388
383 394 386
394 383 391
387 392 384
392 387 395
385 389 381
389 385 393
396 406 398
406 396 404
399 410 402
410 399 407
403 408 400
408 403 411
401 405 397
405 401 409
412 422 414
422 412 420
415 426 418
426 415 423
419 424 416
424 419 427
417 421 413
421 417 425
428 438 430
438 428 436
431 442 434
442 431 439
435 440 432
440 435 443
433 437 429
437 433 441
444 454 446
454 444 452
447 458 450
458 447 455
451 456 448
456 451 459
449 453 445
453 449 457
462 470 460
468 460 470
466 474 463
471 463 474
464 472 467
475 467 472
461 469 465
473 465 469
476 486 478
486 476 484
479 490 482
490 479 487
483 488 480
488 483 491
481 485 477
485 481 489
492 502 494
502 492 500
495 506 498
506 495 503
499 504 496
504 499 507
497 501 493
501 497 505
510 518 508
516 508 518
514 522 511
519 511 522
512 520 515
523 515 520
509 517 513
521 513 517
524 534 526
534 524 532
527 538 530
538 527 535
531 536 528
536 531 539
529 533 525
533 529 537
540 550 542
550 540 548
543 554 546
554 543 551
547 552 544
552 547 555
545 549 541
549 545 553
556 566 558
566 556 564
559 570 562
570 559 567
563 568 560
568 563 571
561 565 557
565 561 569
572 582 574
582 572 580
575 586 578
586 575 583
579 584 576
584 579 587
577 581 573
581 577 585
588 598 590
598 588 596
591 602 594
602 591 599
595 600 592
600 595 603
593 597 589
597 593 601
604 614 606
614 604 612
607 618 610
618 607 615
611 616 608
616 611 619
609 613 605
613 609 617
620 630 622
630 620 628
623 634 626
634 623 631
627 632 624
632 627 635
625 629 621
629 625 633
636 646 638
646 636 644
639 650 642
650 639 647
643 648 640
648 643 651
641 645 637
645 641 649
652 662 654
662 652 660
655 666 658
666 655 663
659 664 656
664 659 667
657 661 653
661 657 665
668 678 670
678 668 676
671 682 674
682 671 679
675 680 672
680 675 683
673 677 669
677 673 681
684 694 686
694 684 692
687 698 690
698 687 695
691 696 688
696 691 699
689 693 685
693 689 697
700 710 702
710 700 708
703 714 706
714 703 711
707 712 704
712 707 715
705 709 701
709 705 713
716 726 718
726 716 724
719 730 722
730 719 727
723 728 720
728 723 731
721 725 717
725 721 729
732 742 734
742 732 740
735 746 738
746 735 743
739 744 736
744 739 747
737 741 733
741 737 745
748 758 750
758 748 756
751 762 754
762 751 759
755 760 752
760 755 763
753 757 749
757 753 761
764 774 766
774 764 772
767 778 770
778 767 775
771 776 768
776 771 779
769 773 765
773 769 777
780 790 782
790 780 788
783 794 786
794 783 791
787 792 784
792 787 795
785 789 781
789 785 793
796 806 798
806 796 804
799 810 802
810 799 807
803 808 800
808 803 811
801 805 797
805 801 809
812 822 814
822 812 820
815 826 818
826 815 823
819 824 816
824 819 827
817 821 813
821 817 825
828 838 830
838 828 836
831 842 834
842 831 839
835 840 832
840 835 843
833 837 829
837 833 841
844 854 846
854 844 852
847 858 850
858 847 855
851 856 848
856 851 859
849 853 845
853 849 857
860 870 862
870 860 868
863 874 866
874 863 871
867 872 864
872 867 875
865 869 861
869 865 873
876 886 878
886 876 884
879 890 882
890 879 887
883 888 880
888 883 891
881 885 877
885 881 889
892 902 894
902 892 900
895 906 898
906 895 903
899 904 896
904 899 907
897 901 893
901 897 905
908 918 910
918 908 916
911 922 914
922 911 919
915 920 912
920 915 923
913 917 909
917 913 921
924 934 926
934 924 932
927 938 930
938 927 935
931 936 928
936 931 939
929 933 925
933 929 937
940 950 942
950 940 948
943 954 946
954 943 951
947 952 944
952 947 955
945 949 941
949 945 953
956 966 958
966 956 964
959 970 962
970 959 967
963 968 960
968 963 971
961 965 957
965 961 969
972 982 974
982 972 980
975 986 978
986 975 983
979 984 976
984 979 987
977 981 973
981 977 985
988 998 990
998 988 996
991 1002 994
1002 991 999
995 1000 992
1000 995 1003
993 997 989
997 993 1001
1006 1014 1004
1012 1004 1014
1010 1018 1007
1015 1007 1018
1008 1016 1011
1019 1011 1016
1005 1013 1009
1017 1009 1013
1022 1030 1020
1028 1020 1030
1026 1034 1023
1031 1023 1034
1024 1032 1027
1035 1027 1032
1021 1029 1025
1033 1025 1029
1038 1046 1036
1044 1036 1046
1042 1050 1039
1047 1039 1050
1040 1048 1043
1051 1043 1048
1037 1045 1041
1049 1041 1045
1052 1062 1054
1062 1052 1060
1055 1066 1058
1066 1055 1063
1059 1064 1056
1064 1059 1067
1057 1061 1053
1061 1057 1065
1068 1078 1070
1078 1068 1076
1071 1082 1074
1082 1071 1079
1075 1080 1072
1080 1075 1083
1073 1077 1069
1077 1073 1081
1084 1094 1086
1094 1084 1092
1087 1098 1090
1098 1087 1095
1091 1096 1088
1096 1091 1099
1089 1093 1085
1093 1089 1097
1100 1110 1102
1110 1100 1108
1103 1114 1106
1114 1103 1111
1107 1112 1104
1112 1107 1115
1105 1109 1101
1109 1105 1113
1116 1126 1118
1126 1116 1124
1119 1130 1122
1130 1119 1127
1123 1128 1120
1128 1123 1131
1121 1125 1117
1125 1121 1129
1132 1142 1134
1142 1132 1140
1135 1146 1138
1146 1135 1143
1139 1144 1136
1144 1139 1147
1137 1141 1133
1141 1137 1145
1148 1158 1150
1158 1148 1156
1151 1162 1154
1162 1151 1159
1155 1160 1152
1160 1155 1163
1153 1157 1149
1157 1153 1161
1164 1174 1166
1174 1164 1172
1167 1178 1170
1178 1167 1175
1171 1176 1168
1176 1171 1179
1169 1173 1165
1173 1169 1177
1180 1190 1182
1190 1180 1188
1183 1194 1186
1194 1183 1191
1187 1192 1184
1192 1187 1195
1185 1189 1181
1189 1185 1193
1196 1206 1198
1206 1196 1204
1199 1210 1202
1210 1199 1207
1203 1208 1200
1208 1203 1211
1201 1205 1197
1205 1201 1209
1212 1222 1214
1222 1212 1220
1215 1226 1218
1226 1215 1223
1219 1224 1216
1224 1219 1227
1217 1221 1213
1221 1217 1225
1228 1238 1230
1238 1228 1236
1231 1242 1234
1242 1231 1239
1235 1240 1232
1240 1235 1243
1233 1237 1229
1237 1233 1241
1244 1254 1246
1254 1244 1252
1247 1258 1250
1258 1247 1255
1251 1256 1248
1256 1251 1259
1249 1253 1245
1253 1249 1257
1260 1270 1262
1270 1260 1268
1263 1274 1266
1274 1263 1271
1267 1272 1264
1272 1267 1275
1265 1269 1261
1269 1265 1273
1278 1286 1276
1284 1276 1286
1282 1290 1279
1287 1279 1290
1280 1288 1283
1291 1283 1288
1277 1285 1281
1289 1281 1285
1 3 0
2 0 3
1294 1302 1292
1300 1292 1302
1298 1306 1295
1303 1295 1306
1296 1304 1299
1307 1299 1304
1293 1301 1297
1305 1297 1301
1310 1318 1308
1316 1308 1318
1314 1322 1311
1319 1311 1322
1312 1320 1315
1323 1315 1320
1309 1317 1313
1321 1313 1317
1326 1334 1324
1332 1324 1334
1330 1338 1327
1335 1327 1338
1328 1336 1331
1339 1331 1336
1325 1333 1329
1337 1329 1333
1342 1350 1340
1348 1340 1350
1346 1354 1343
1351 1343 1354
1344 1352 1347
1355 1347 1352
1341 1349 1345
1353 1345 1349
1358 1366 1356
1364 1356 1366
1362 1370 1359
1367 1359 1370
1360 1368 1363
1371 1363 1368
1357 1365 1361
1369 1361 1365
1374 1382 1372
1380 1372 1382
1378 1386 1375
1383 1375 1386
1376 1384 1379
1387 1379 1384
1373 1381 1377
1385 1377 1381
1390 1398 1388
1396 1388 1398
1394 1402 1391
1399 1391 1402
1392 1400 1395
1403 1395 1400
1389 1397 1393
1401 1393 1397
1406 1414 1404
1412 1404 1414
1410 1418 1407
1415 1407 1418
1408 1416 1411
1419 1411 1416
1405 1413 1409
1417 1409 1413
1422 1430 1420
1428 1420 1430
1426 1434 1423
1431 1423 1434
1424 1432 1427
1435 1427 1432
1421 1429 1425
1433 1425 1429
1438 1446 1436
1444 1436 1446
1442 1450 1439
1447 1439 1450
1440 1448 1443
1451 1443 1448
1437 1445 1441
1449 1441 1445
1454 1462 1452
1460 1452 1462
1458 1466 1455
1463 1455 1466
1456 1464 1459
1467 1459 1464
1453 1461 1457
1465 1457 1461
1470 1478 1468
1476 1468 1478
1474 1482 1471
1479 1471 1482
1472 1480 1475
1483 1475 1480
1469 1477 1473
1481 1473 1477
5 7 4
6 4 7
1486 1494 1484
1492 1484 1494
1490 1498 1487
1495 1487 1498
1488 1496 1491
1499 1491 1496
1485 1493 1489
1497 1489 1493
1502 1510 1500
1508 1500 1510
1506 1514 1503
1511 1503 1514
1504 1512 1507
1515 1507 1512
1501 1509 1505
1513 1505 1509
1518 1526 1516
1524 1516 1526
1522 1530 1519
1527 1519 1530
1520 1528 1523
1531 1523 1528
1517 1525 1521
1529 1521 1525
1534 1542 1532
1540 1532 1542
1538 1546 1535
1543 1535 1546
1536 1544 1539
1547 1539 1544
1533 1541 1537
1545 1537 1541
1550 1558 1548
1556 1548 1558
1554 1562 1551
1559 1551 1562
1552 1560 1555
1563 1555 1560
1549 1557 1553
1561 1553 1557
1566 1574 1564
1572 1564 1574
1570 1578 1567
1575 1567 1578
1568 1576 1571
1579 1571 1576
1565 1573 1569
1577 1569 1573
1582 1590 1580
1588 1580 1590
1586 1594 1583
1591 1583 1594
1584 1592 1587
1595 1587 1592
1581 1589 1585
1593 1585 1589
1598 1606 1596
1604 1596 1606
1602 1610 1599
1607 1599 1610
1600 1608 1603
1611 1603 1608
1597 1605 1601
1609 1601 1605
1612 1622 1614
1622 1612 1620
1615 1626 1618
1626 1615 1623
1619 1624 1616
1624 1619 1627
1617 1621 1613
1621 1617 1625
1630 1638 1628
1636 1628 1638
1634 1642 1631
1639 1631 1642
1632 1640 1635
1643 1635 1640
1629 1637 1633
1641 1633 1637
1646 1654 1644
1652 1644 1654
1650 1658 1647
1655 1647 1658
1648 1656 1651
1659 1651 1656
1645 1653 1649
1657 1649 1653
1662 1670 1660
1668 1660 1670
1666 1674 1663
1671 1663 1674
1664 1672 1667
1675 1667 1672
1661 1669 1665
1673 1665 1669
1678 1686 1676
1684 1676 1686
1682 1690 1679
1687 1679 1690
1680 1688 1683
1691 1683 1688
1677 1685 1681
1689 1681 1685
10 11 8
9 8 11
1694 1702 1692
1700 1692 1702
1698 1706 1695
1703 1695 1706
1696 1704 1699
1707 1699 1704
1693 1701 1697
1705 1697 1701
1710 1718 1708
1716 1708 1718
1714 1722 1711
1719 1711 1722
1712 1720 1715
1723 1715 1720
1709 1717 1713
1721 1713 1717
1726 1734 1724
1732 1724 1734
1730 1738 1727
1735 1727 1738
1728 1736 1731
1739 1731 1736
1725 1733 1729
1737 1729 1733
1742 1750 1740
1748 1740 1750
1746 1754 1743
1751 1743 1754
1744 1752 1747
1755 1747 1752
1741 1749 1745
1753 1745 1749
1758 1766 1756
1764 1756 1766
1762 1770 1759
1767 1759 1770
1760 1768 1763
1771 1763 1768
1757 1765 1761
1769 1761 1765
1774 1782 1772
1780 1772 1782
1778 1786 1775
1783 1775 1786
1776 1784 1779
1787 1779 1784
1773 1781 1777
1785 1777 1781
1790 1798 1788
1796 1788 1798
1794 1802 1791
1799 1791 1802
1792 1800 1795
1803 1795 1800
1789 1797 1793
1801 1793 1797
1806 1814 1804
1812 1804 1814
1810 1818 1807
1815 1807 1818
1808 1816 1811
1819 1811 1816
1805 1813 1809
1817 1809 1813
1822 1830 1820
1828 1820 1830
1826 1834 1823
1831 1823 1834
1824 1832 1827
1835 1827 1832
1821 1829 1825
1833 1825 1829
1838 1846 1836
1844 1836 1846
1842 1850 1839
1847 1839 1850
1840 1848 1843
1851 1843 1848
1837 1845 1841
1849 1841 1845
1854 1862 1852
1860 1852 1862
1858 1866 1855
1863 1855 1866
1856 1864 1859
1867 1859 1864
1853 1861 1857
1865 1857 1861
1870 1878 1868
1876 1868 1878
1874 1882 1871
1879 1871 1882
1872 1880 1875
1883 1875 1880
1869 1877 1873
1881 1873 1877
1886 1894 1884
1892 1884 1894
1890 1898 1887
1895 1887 1898
1888 1896 1891
1899 1891 1896
1885 1893 1889
1897 1889 1893
1902 1910 1900
1908 1900 1910
1906 1914 1903
1911 1903 1914
1904 1912 1907
1915 1907 1912
1901 1909 1905
1913 1905 1909
1916 1926 1918
1926 1916 1924
1919 1930 1922
1930 1919 1927
1923 1928 1920
1928 1923 1931
1921 1925 1917
1925 1921 1929
1934 1942 1932
1940 1932 1942
1938 1946 1935
1943 1935 1946
1936 1944 1939
1947 1939 1944
1933 1941 1937
1945 1937 1941
1948 1958 1950
1958 1948 1956
1951 1962 1954
1962 1951 1959
1955 1960 1952
1960 1955 1963
1953 1957 1949
1957 1953 1961
1966 1974 1964
1972 1964 1974
1970 1978 1967
1975 1967 1978
1968 1976 1971
1979 1971 1976
1965 1973 1969
1977 1969 1973
1980 1990 1982
1990 1980 1988
1983 1994 1986
1994 1983 1991
1987 1992 1984
1992 1987 1995
1985 1989 1981
1989 1985 1993
1998 2006 1996
2004 1996 2006
2002 2010 1999
2007 1999 2010
2000 2008 2003
2011 2003 2008
1997 2005 2001
2009 2001 2005
2014 2022 2012
2020 2012 2022
2018 2026 2015
2023 2015 2026
2016 2024 2019
2027 2019 2024
2013 2021 2017
2025 2017 2021
2028 2038 2030
2038 2028 2036
2031 2042 2034
2042 2031 2039
2035 2040 2032
2040 2035 2043
2033 2037 2029
2037 2033 2041
2044 2054 2046
2054 2044 2052
2047 2058 2050
2058 2047 2055
2051 2056 2048
2056 2051 2059
2049 2053 2045
2053 2049 2057
2062 2070 2060
2068 2060 2070
2066 2074 2063
2071 2063 2074
2064 2072 2067
2075 2067 2072
2061 2069 2065
2073 2065 2069
2078 2086 2076
2084 2076 2086
2082 2090 2079
2087 2079 2090
2080 2088 2083
2091 2083 2088
2077 2085 2081
2089 2081 2085
2094 2102 2092
2100 2092 2102
2098 2106 2095
2103 2095 2106
2096 2104 2099
2107 2099 2104
2093 2101 2097
2105 2097 2101
2110 2118 2108
2116 2108 2118
2114 2122 2111
2119 2111 2122
2112 2120 2115
2123 2115 2120
2109 2117 2113
2121 2113 2117
2126 2134 2124
2132 2124 2134
2130 2138 2127
2135 2127 2138
2128 2136 2131
2139 2131 2136
2125 2133 2129
2137 2129 2133
2142 2150 2140
2148 2140 2150
2146 2154 2143
2151 2143 2154
2144 2152 2147
2155 2147 2152
2141 2149 2145
2153 2145 2149
2158 2166 2156
2164 2156 2166
2162 2170 2159
2167 2159 2170
2160 2168 2163
2171 2163 2168
2157 2165 2161
2169 2161 2165
2174 2182 2172
2180 2172 2182
2178 2186 2175
2183 2175 2186
2176 2184 2179
2187 2179 2184
2173 2181 2177
2185 2177 2181
2188 2198 2190
2198 2188 2196
2191 2202 2194
2202 2191 2199
2195 2200 2192
2200 2195 2203
2193 2197 2189
2197 2193 2201
2206 2214 2204
2212 2204 2214
2210 2218 2207
2215 2207 2218
2208 2216 2211
2219 2211 2216
2205 2213 2209
2217 2209 2213
2222 2230 2220
2228 2220 2230
2226 2234 2223
2231 2223 2234
2224 2232 2227
2235 2227 2232
2221 2229 2225
2233 2225 2229
2238 2246 2236
2244 2236 2246
2242 2250 2239
2247 2239 2250
2240 2248 2243
2251 2243 2248
2237 2245 2241
2249 2241 2245
2252 2262 2254
2262 2252 2260
2255 2266 2258
2266 2255 2263
2259 2264 2256
2264 2259 2267
2257 2261 2253
2261 2257 2265
2268 2278 2270
2278 2268 2276
2271 2282 2274
2282 2271 2279
2275 2280 2272
2280 2275 2283
2273 2277 2269
2277 2273 2281
2284 2294 2286
2294 2284 2292
2287 2298 2290
2298 2287 2295
2291 2296 2288
2296 2291 2299
2289 2293 2285
2293 2289 2297
2300 2310 2302
2310 2300 2308
2303 2314 2306
2314 2303 2311
2307 2312 2304
2312 2307 2315
2305 2309 2301
2309 2305 2313
2316 2326 2318
2326 2316 2324
2319 2330 2322
2330 2319 2327
2323 2328 2320
2328 2323 2331
2321 2325 2317
2325 2321 2329
2332 2342 2334
2342 2332 2340
2335 2346 2338
2346 2335 2343
2339 2344 2336
2344 2339 2347
2337 2341 2333
2341 2337 2345
2348 2358 2350
2358 2348 2356
2351 2362 2354
2362 2351 2359
2355 2360 2352
2360 2355 2363
2353 2357 2349
2357 2353 2361
2364 2374 2366
2374 2364 2372
2367 2378 2370
2378 2367 2375
2371 2376 2368
2376 2371 2379
2369 2373 2365
2373 2369 2377
2380 2390 2382
2390 2380 2388
2383 2394 2386
2394 2383 2391
2387 2392 2384
2392 2387 2395
2385 2389 2381
2389 2385 2393
2396 2406 2398
2406 2396 2404
2399 2410 2402
2410 2399 2407
2403 2408 2400
2408 2403 2411
2401 2405 2397
2405 2401 2409
2412 2414 2422
2422 2420 2412
2415 2418 2426
2426 2423 2415
2419 2416 2424
2424 2427 2419
2417 2413 2421
2421 2425 2417
2428 2430 2438
2438 2436 2428
2431 2434 2442
2442 2439 2431
2435 2432 2440
2440 2443 2435
2433 2429 2437
2437 2441 2433
2444 2446 2454
2454 2452 2444
2447 2450 2458
2458 2455 2447
2451 2448 2456
2456 2459 2451
2449 2445 2453
2453 2457 2449
2460 2462 2470
2470 2468 2460
2463 2466 2474
2474 2471 2463
2467 2464 2472
2472 2475 2467
2465 2461 2469
2469 2473 2465
2476 2478 2486
2486 2484 2476
2479 2482 2490
2490 2487 2479
2483 2480 2488
2488 2491 2483
2481 2477 2485
2485 2489 2481
2492 2494 2502
2502 2500 2492
2495 2498 2506
2506 2503 2495
2499 2496 2504
2504 2507 2499
2497 2493 2501
2501 2505 2497
2508 2510 2518
2518 2516 2508
2511 2514 2522
2522 2519 2511
2515 2512 2520
2520 2523 2515
2513 2509 2517
2517 2521 2513
2524 2526 2534
2534 2532 2524
2527 2530 2538
2538 2535 2527
2531 2528 2536
2536 2539 2531
2529 2525 2533
2533 2537 2529
2540 2550 2542
2550 2540 2548
2543 2554 2546
2554 2543 2551
2547 2552 2544
2552 2547 2555
2545 2549 2541
2549 2545 2553
2556 2566 2558
2566 2556 2564
2559 2570 2562
2570 2559 2567
2563 2568 2560
2568 2563 2571
2561 2565 2557
2565 2561 2569
2572 2582 2574
2582 2572 2580
2575 2586 2578
2586 2575 2583
2579 2584 2576
2584 2579 2587
2577 2581 2573
2581 2577 2585
2588 2598 2590
2598 2588 2596
2591 2602 2594
2602 2591 2599
2595 2600 2592
2600 2595 2603
2593 2597 2589
2597 2593 2601
2604 2614 2606
2614 2604 2612
2607 2618 2610
2618 2607 2615
2611 2616 2608
2616 2611 2619
2609 2613 2605
2613 2609 2617
2620 2630 2622
2630 2620 2628
2623 2634 2626
2634 2623 2631
2627 2632 2624
2632 2627 2635
2625 2629 2621
2629 2625 2633
2636 2638 2646
2646 2644 2636
2639 2642 2650
2650 2647 2639
2643 2640 2648
2648 2651 2643
2641 2637 2645
2645 2649 2641
2652 2654 2662
2662 2660 2652
2655 2658 2666
2666 2663 2655
2659 2656 2664
2664 2667 2659
2657 2653 2661
2661 2665 2657
2668 2670 2678
2678 2676 2668
2671 2674 2682
2682 2679 2671
2675 2672 2680
2680 2683 2675
2673 2669 2677
2677 2681 2673
2686 2694 2684
2692 2684 2694
2690 2698 2687
2695 2687 2698
2688 2696 2691
2699 2691 2696
2685 2693 2689
2697 2689 2693
2702 2710 2700
2708 2700 2710
2706 2714 2703
2711 2703 2714
2704 2712 2707
2715 2707 2712
2701 2709 2705
2713 2705 2709
2718 2716 2726
2724 2726 2716
2722 2719 2730
2727 2730 2719
2720 2723 2728
2731 2728 2723
2717 2721 2725
2729 2725 2721
2734 2732 2742
2740 2742 2732
2738 2735 2746
2743 2746 2735
2736 2739 2744
2747 2744 2739
2733 2737 2741
2745 2741 2737
2748 2750 2758
2758 2756 2748
2751 2754 2762
2762 2759 2751
2755 2752 2760
2760 2763 2755
2753 2749 2757
2757 2761 2753
2764 2774 2766
2774 2764 2772
2767 2778 2770
2778 2767 2775
2771 2776 2768
2776 2771 2779
2769 2773 2765
2773 2769 2777
2780 2790 2782
2790 2780 2788
2783 2794 2786
2794 2783 2791
2787 2792 2784
2792 2787 2795
2785 2789 2781
2789 2785 2793
2796 2798 2806
2806 2804 2796
2799 2802 2810
2810 2807 2799
2803 2800 2808
2808 2811 2803
2801 2797 2805
2805 2809 2801
2812 2814 2822
2822 2820 2812
2815 2818 2826
2826 2823 2815
2819 2816 2824
2824 2827 2819
2817 2813 2821
2821 2825 2817
2828 2830 2838
2838 2836 2828
2831 2834 2842
2842 2839 2831
2835 2832 2840
2840 2843 2835
2833 2829 2837
2837 2841 2833
2844 2854 2846
2854 2844 2852
2847 2858 2850
2858 2847 2855
2851 2856 2848
2856 2851 2859
2849 2853 2845
2853 2849 2857
2860 2870 2862
2870 2860 2868
2863 2874 2866
2874 2863 2871
2867 2872 2864
2872 2867 2875
2865 2869 2861
2869 2865 2873
2876 2886 2878
2886 2876 2884
2879 2890 2882
2890 2879 2887
2883 2888 2880
2888 2883 2891
2881 2885 2877
2885 2881 2889
2892 2902 2894
2902 2892 2900
2895 2906 2898
2906 2895 2903
2899 2904 2896
2904 2899 2907
2897 2901 2893
2901 2897 2905
2908 2910 2918
2918 2916 2908
2911 2914 2922
2922 2919 2911
2915 2912 2920
2920 2923 2915
2913 2909 2917
2917 2921 2913
2924 2934 2926
2934 2924 2932
2927 2938 2930
2938 2927 2935
2931 2936 2928
2936 2931 2939
2929 2933 2925
2933 2929 2937
2940 2950 2942
2950 2940 2948
2943 2954 2946
2954 2943 2951
2947 2952 2944
2952 2947 2955
2945 2949 2941
2949 2945 2953
2956 2958 2966
2966 2964 2956
2959 2962 2970
2970 2967 2959
2963 2960 2968
2968 2971 2963
2961 2957 2965
2965 2969 2961
2972 2974 2982
2982 2980 2972
2975 2978 2986
2986 2983 2975
2979 2976 2984
2984 2987 2979
2977 2973 2981
2981 2985 2977
2988 2998 2990
2998 2988 2996
2991 3002 2994
3002 2991 2999
2995 3000 2992
3000 2995 3003
2993 2997 2989
2997 2993 3001
3004 3014 3006
3014 3004 3012
3007 3018 3010
3018 3007 3015
3011 3016 3008
3016 3011 3019
3009 3013 3005
3013 3009 3017
3020 3022 3030
3030 3028 3020
3023 3026 3034
3034 3031 3023
3027 3024 3032
3032 3035 3027
3025 3021 3029
3029 3033 3025
3036 3038 3046
3046 3044 3036
3039 3042 3050
3050 3047 3039
3043 3040 3048
3048 3051 3043
3041 3037 3045
3045 3049 3041
3052 3062 3054
3062 3052 3060
3055 3066 3058
3066 3055 3063
3059 3064 3056
3064 3059 3067
3057 3061 3053
3061 3057 3065
3068 3078 3070
3078 3068 3076
3071 3082 3074
3082 3071 3079
3075 3080 3072
3080 3075 3083
3073 3077 3069
3077 3073 3081
3084 3086 3094
3094 3092 3084
3087 3090 3098
3098 3095 3087
3091 3088 3096
3096 3099 3091
3089 3085 3093
3093 3097 3089
3100 3102 3110
3110 3108 3100
3103 3106 3114
3114 3111 3103
3107 3104 3112
3112 3115 3107
3105 3101 3109
3109 3113 3105
LABEL PCR
MATERIAL 3
TEXTURE 0
GEOM 556 502
-3.05299 19.3062 239.07742 0 -1 0
-2.97315 19.3062 239.20523 0 -1 0
-2.67314 19.3062 239.56693 0 -1 0
-2.27749 19.3062 239.94797 0 -1 0
-2.1613 19.3062 240.04031 0 -1 0
-3.1674 19.3062 238.44374 0 -1 0
-2.01532 19.3062 240.13268 0 -1 0
-1.57618 19.3062 240.24529 0 -1 0
-1.12631 19.3062 240.11124 0 -1 0
-0.375141 19.3062 240.00507 0 -1 0
-0.285616 19.3062 240.89754 0 -1 0
-0.0623883 19.3062 241.18573 0 -1 0
-0.123907 19.3062 241.16364 0 -1 0
5.31997 19.3062 237.40288 0 -1 0
-5.31997 19.3062 237.40288 0 -1 0
-3.18408 19.3062 238.57007 0 -1 0
-3.18217 19.3062 238.68912 0 -1 0
-3.11169 19.3062 238.9523 0 -1 0
-0.814431 19.738 239.91182 -0.586046 0 -0.810278
-0.962448 19.738 240.01888 -0.539397 0 -0.842052
-1.12631 19.738 240.11124 -0.448268 0 -0.893899
-1.28123 19.738 240.17975 -0.348141 0 -0.937442
-1.44807 19.738 240.23041 -0.203765 0 -0.97902
-1.57618 19.738 240.24529 -0.0442973 0 -0.999018
-1.66436 19.738 240.2429 0.0941293 0 -0.99556
-1.774 19.738 240.22504 0.225649 0 -0.974209
-1.90211 19.738 240.18629 0.359748 0 -0.933049
-2.01532 19.738 240.13268 0.482251 0 -0.876033
-2.1613 19.738 240.04031 0.579272 0 -0.815134
-2.27749 19.738 239.94797 0.645866 0 -0.763451
-2.49468 19.738 239.75252 0.695327 0 -0.718694
-2.67314 19.738 239.56693 0.73513 0 -0.677926
-2.84623 19.738 239.37119 0.772212 0 -0.635365
-2.97315 19.738 239.20523 0.82214 0 -0.569286
-3.05299 19.738 239.07742 0.878293 0 -0.478123
-3.11169 19.738 238.9523 0.924836 0 -0.380366
-3.16282 19.738 238.80855 0.968621 0 -0.248541
-3.18217 19.738 238.68912 0.996101 0 -0.0882171
-3.18408 19.738 238.57007 0.998341 0 0.0575862
-3.1674 19.738 238.44374 0.979272 0 0.202549
-3.13314 19.738 238.32307 0.951433 0 0.307856
-3.09441 19.738 238.21672 0.927046 0 0.374948
-3.04406 19.738 238.10381 0.898623 0 0.438722
-2.97464 19.738 237.97331 0.866558 0 0.499076
-2.90612 19.738 237.86308 0.831287 0 0.555843
-2.86441 19.738 237.80498 0.812368 0 0.583146
0.814435 19.738 239.91182 0.586046 0 -0.810278
0.962452 19.738 240.01888 0.539397 0 -0.842052
1.12631 19.738 240.11124 0.448268 0 -0.893899
1.28123 19.738 240.17975 0.348141 0 -0.937442
1.44807 19.738 240.23041 0.203765 0 -0.97902
1.57618 19.738 240.24529 0.0442973 0 -0.999018
1.66436 19.738 240.2429 -0.0941293 0 -0.99556
1.774 19.738 240.22504 -0.225649 0 -0.974209
1.90211 19.738 240.18629 -0.359748 0 -0.933049
2.01532 19.738 240.13268 -0.482251 0 -0.876033
2.1613 19.738 240.04031 -0.579272 0 -0.815134
2.27749 19.738 239.94797 -0.645866 0 -0.763451
2.49468 19.738 239.75252 -0.695327 0 -0.718694
2.67314 19.738 239.56693 -0.735131 0 -0.677925
2.84623 19.738 239.37119 -0.772212 0 -0.635365
2.97315 19.738 239.20523 -0.82214 0 -0.569286
3.05299 19.738 239.07742 -0.878293 0 -0.478123
3.11169 19.738 238.9523 -0.924836 0 -0.380366
3.16282 19.738 238.80855 -0.968624 0 -0.248531
3.18217 19.738 238.6891 -0.996102 0 -0.088207
3.18408 19.738 238.57005 -0.99834 0 0.057594
3.1674 19.738 238.44374 -0.979271 0 0.202556
3.13314 19.738 238.32307 -0.951433 0 0.307856
3.09441 19.738 238.21672 -0.927045 0 0.37495
3.04406 19.738 238.10381 -0.898622 0 0.438723
2.97464 19.738 237.97331 -0.866558 0 0.499076
2.90612 19.738 237.86308 -0.831287 0 0.555843
2.86441 19.738 237.80498 -0.812368 0 0.583146
5.31997 19.3062 252.08229 0 -1 0
2.05183e-06 19.3062 241.19405 0 -1 0
0.271162 19.3062 240.99361 0 -1 0
-0.814431 19.3062 239.91182 -0.586046 0 -0.810278
-0.962448 19.3062 240.01888 -0.539397 0 -0.842052
2.86656 19.3062 237.1178 0 -1 0
-1.28123 19.3062 240.17975 -0.348141 0 -0.937442
-1.44807 19.3062 240.23041 -0.203765 0 -0.97902
2.86441 19.3062 237.80498 0 -1 0
-1.66436 19.3062 240.2429 0.0941293 0 -0.99556
-1.774 19.3062 240.22504 0.225649 0 -0.974209
-1.90211 19.3062 240.18629 0.359748 0 -0.933049
3.09441 19.3062 238.21672 0 -1 0
3.18217 19.3062 238.6891 0 -1 0
3.16282 19.3062 238.80855 0 -1 0
-2.49468 19.3062 239.75252 0.695327 0 -0.718694
3.11169 19.3062 238.9523 0 -1 0
-2.84623 19.3062 239.37119 0.772212 0 -0.635365
2.49468 19.3062 239.75252 0 -1 0
0.962452 19.3062 240.01888 0 -1 0
0.814435 19.3062 239.91182 0 -1 0
-3.16282 19.3062 238.80855 0.968621 0 -0.248541
0.702742 19.3062 239.95883 0 -1 0
0.236451 19.3062 241.07294 0 -1 0
0.123911 19.3062 241.16364 0 -1 0
-3.13314 19.3062 238.32307 0.951433 0 0.307856
0.185642 19.3062 241.12857 0 -1 0
-3.04406 19.3062 238.10381 0.898623 0 0.438722
-2.90612 19.3062 237.86308 0 -1 0
-2.90612 19.3062 237.86308 0.831287 0 0.555843
-3.04406 19.3062 238.10381 0 -1 0
-3.13314 19.3062 238.32307 0 -1 0
-3.16282 19.3062 238.80855 0 -1 0
-2.84623 19.3062 239.37119 0 -1 0
-2.49468 19.3062 239.75252 0 -1 0
-1.90211 19.3062 240.18629 0 -1 0
-1.774 19.3062 240.22504 0 -1 0
0.814435 19.3062 239.91182 0.586046 0 -0.810278
0.962452 19.3062 240.01888 0.539397 0 -0.842052
-1.66436 19.3062 240.2429 0 -1 0
-1.44807 19.3062 240.23041 0 -1 0
-1.28123 19.3062 240.17975 0 -1 0
-0.962448 19.3062 240.01888 0 -1 0
-0.814431 19.3062 239.91182 0 -1 0
-0.702738 19.3062 239.95883 0 -1 0
-0.582891 19.3062 239.98579 0 -1 0
-0.236447 19.3062 241.07294 0 -1 0
-0.185638 19.3062 241.12857 0 -1 0
-5.31997 19.3062 252.08229 0 -1 0
2.49468 19.3062 239.75252 -0.695327 0 -0.718694
0.582895 19.3062 239.98579 -0.156251 0 -0.987717
3.11169 19.3062 238.9523 -0.924836 0 -0.380366
3.16282 19.3062 238.80855 -0.968624 0 -0.248531
3.18217 19.3062 238.6891 -0.996102 0 -0.088207
0.375145 19.3062 240.00507 -0.092368 0 -0.995725
-0.375141 19.3062 240.00507 0.092368 0 -0.995725
0.814435 19.3062 239.91182 -0.387943 0 -0.921683
3.09441 19.3062 238.21672 -0.927045 0 0.37495
0.702742 19.3062 239.95883 -0.30491 0 -0.952381
-0.814431 19.3062 239.91182 0.387943 0 -0.921683
-0.702738 19.3062 239.95883 0.30491 0 -0.952381
2.86441 19.3062 237.80498 -0.812368 0 0.583146
-0.582891 19.3062 239.98579 0.156251 0 -0.987717
0.814435 19.738 239.91182 -0.387943 0 -0.921683
0.702742 19.738 239.95883 -0.30491 0 -0.952381
0.582895 19.738 239.98579 -0.156251 0 -0.987717
0.375145 19.738 240.00507 -0.092368 0 -0.995725
-0.814431 19.738 239.91182 0.387943 0 -0.921683
-0.702738 19.738 239.95883 0.30491 0 -0.952381
-0.582891 19.738 239.98579 0.156251 0 -0.987717
-0.375141 19.738 240.00507 0.092368 0 -0.995725
0.375145 19.3062 240.00507 -0.995006 0 -0.0998103
0.28562 19.3062 240.89754 -0.992238 0 -0.124353
0.0623924 19.3062 241.18573 -0.236399 0 -0.971656
-0.271158 19.3062 240.99361 0.960803 0 -0.277233
-2.86656 19.3062 237.30821 0.999991 0 -0.00433096
-2.86441 19.3062 237.80498 0.999991 0 -0.00433096
-1.12631 19.3062 240.11124 -0.448268 0 -0.893899
-0.375141 19.3062 240.00507 0.995006 0 -0.0998106
-0.285616 19.3062 240.89754 0.992238 0 -0.124353
-1.57618 19.3062 240.24529 -0.0442973 0 -0.999018
-0.0623883 19.3062 241.18573 0.236399 0 -0.971656
-0.123907 19.3062 241.16364 0.417499 0 -0.908677
-2.01532 19.3062 240.13268 0.482251 0 -0.876033
-2.1613 19.3062 240.04031 0.579272 0 -0.815134
-2.27749 19.3062 239.94797 0.645866 0 -0.763451
-2.67314 19.3062 239.56693 0.73513 0 -0.677926
2.05183e-06 19.3062 241.19405 -6.13593e-09 0 -1
-2.97315 19.3062 239.20523 0.82214 0 -0.569286
-3.05299 19.3062 239.07742 0.878293 0 -0.478123
-3.11169 19.3062 238.9523 0.924836 0 -0.380366
0.271162 19.3062 240.99361 -0.960803 0 -0.277233
-3.18217 19.3062 238.68912 0.996101 0 -0.0882171
-3.18408 19.3062 238.57007 0.998341 0 0.0575862
-3.1674 19.3062 238.44374 0.979272 0 0.202549
2.86656 19.3062 237.30821 -0.999991 0 -0.0043252
-3.09441 19.3062 238.21672 0.927046 0 0.374948
2.86441 19.3062 237.80498 -0.999991 0 -0.0043252
-2.97464 19.3062 237.97331 0.866558 0 0.499076
0.236451 19.3062 241.07294 -0.838497 0 -0.544907
-2.86441 19.3062 237.80498 0.812368 0 0.583146
0.123911 19.3062 241.16364 -0.417499 0 -0.908677
0.185642 19.3062 241.12857 -0.623831 0 -0.78156
-0.236447 19.3062 241.07294 0.838497 0 -0.544907
-0.185638 19.3062 241.12857 0.62383 0 -0.78156
1.12631 19.3062 240.11124 0.448268 0 -0.893899
1.28123 19.3062 240.17975 0.348141 0 -0.937442
1.44807 19.3062 240.23041 0.203765 0 -0.97902
1.57618 19.3062 240.24529 0.0442973 0 -0.999018
1.66436 19.3062 240.2429 -0.0941293 0 -0.99556
1.774 19.3062 240.22504 -0.225649 0 -0.974209
1.90211 19.3062 240.18629 -0.359748 0 -0.933049
2.01532 19.3062 240.13268 -0.482251 0 -0.876033
2.1613 19.3062 240.04031 -0.579272 0 -0.815134
2.27749 19.3062 239.94797 -0.645866 0 -0.763451
2.67314 19.3062 239.56693 -0.735131 0 -0.677925
2.84623 19.3062 239.37119 -0.772212 0 -0.635365
2.97315 19.3062 239.20523 -0.82214 0 -0.569286
3.05299 19.3062 239.07742 -0.878293 0 -0.478123
2.05183e-06 19.738 241.19405 -6.13593e-09 0 -1
0.271162 19.738 240.99361 -0.960803 0 -0.277233
3.18408 19.3062 238.57005 -0.99834 0 0.057594
3.1674 19.3062 238.44374 -0.979271 0 0.202556
3.13314 19.3062 238.32307 -0.951433 0 0.307856
2.86656 19.738 237.30821 -0.999991 0 -0.0043252
3.04406 19.3062 238.10381 -0.898622 0 0.438723
2.97464 19.3062 237.97331 -0.866558 0 0.499076
2.90612 19.3062 237.86308 -0.831287 0 0.555843
2.86441 19.738 237.80498 -0.999991 0 -0.0043252
0.375145 19.738 240.00507 -0.995006 0 -0.0998103
0.28562 19.738 240.89754 -0.992238 0 -0.124353
0.0623924 19.738 241.18573 -0.236399 0 -0.971656
0.236451 19.738 241.07294 -0.838497 0 -0.544907
0.123911 19.738 241.16364 -0.417499 0 -0.908677
0.185642 19.738 241.12857 -0.623831 0 -0.78156
-0.271158 19.738 240.99361 0.960803 0 -0.277233
-2.86656 19.738 237.30821 0.999991 0 -0.00433096
-2.86441 19.738 237.80498 0.999991 0 -0.00433096
-0.375141 19.738 240.00507 0.995006 0 -0.0998106
-0.285616 19.738 240.89754 0.992238 0 -0.124353
-0.0623883 19.738 241.18573 0.236399 0 -0.971656
-0.236447 19.738 241.07294 0.838497 0 -0.544907
-0.123907 19.738 241.16364 0.417499 0 -0.908677
-0.185638 19.738 241.12857 0.62383 0 -0.78156
-3.09441 19.3062 238.21672 0 -1 0
-2.97464 19.3062 237.97331 0 -1 0
-2.86441 19.3062 237.80498 0 -1 0
-2.86656 19.3062 237.1178 0 -1 0
-0.271158 19.3062 240.99361 0 -1 0
0.0623924 19.3062 241.18573 0 -1 0
0.28562 19.3062 240.89754 0 -1 0
0.375145 19.3062 240.00507 0 -1 0
0.582895 19.3062 239.98579 0 -1 0
1.12631 19.3062 240.11124 0 -1 0
1.28123 19.3062 240.17975 0 -1 0
1.44807 19.3062 240.23041 0 -1 0
1.57618 19.3062 240.24529 0 -1 0
1.66436 19.3062 240.2429 0 -1 0
1.774 19.3062 240.22504 0 -1 0
1.90211 19.3062 240.18629 0 -1 0
2.01532 19.3062 240.13268 0 -1 0
2.1613 19.3062 240.04031 0 -1 0
2.27749 19.3062 239.94797 0 -1 0
2.67314 19.3062 239.56693 0 -1 0
2.84623 19.3062 239.37119 0 -1 0
2.97315 19.3062 239.20523 0 -1 0
3.05299 19.3062 239.07742 0 -1 0
3.18408 19.3062 238.57005 0 -1 0
3.1674 19.3062 238.44374 0 -1 0
3.13314 19.3062 238.32307 0 -1 0
3.04406 19.3062 238.10381 0 -1 0
2.97464 19.3062 237.97331 0 -1 0
2.90612 19.3062 237.86308 0 -1 0
-5.01917 19.738 237.56952 0 1 0
-5.01917 19.738 251.76614 0 1 0
5.01917 19.738 251.76614 0 1 0
-0.185638 19.738 241.12857 0 1 0
-0.123907 19.738 241.16364 0 1 0
-0.236447 19.738 241.07294 0 1 0
-0.0623883 19.738 241.18573 0 1 0
-0.285616 19.738 240.89754 0 1 0
-0.375141 19.738 240.00507 0 1 0
-0.582891 19.738 239.98579 0 1 0
-0.702738 19.738 239.95883 0 1 0
-0.814431 19.738 239.91182 0 1 0
-0.962448 19.738 240.01888 0 1 0
-1.12631 19.738 240.11124 0 1 0
-1.28123 19.738 240.17975 0 1 0
-1.44807 19.738 240.23041 0 1 0
-1.57618 19.738 240.24529 0 1 0
-1.66436 19.738 240.2429 0 1 0
-1.774 19.738 240.22504 0 1 0
-1.90211 19.738 240.18629 0 1 0
-2.01532 19.738 240.13268 0 1 0
-2.1613 19.738 240.04031 0 1 0
-2.27749 19.738 239.94797 0 1 0
-2.49468 19.738 239.75252 0 1 0
-2.67314 19.738 239.56693 0 1 0
-2.84623 19.738 239.37119 0 1 0
-2.97315 19.738 239.20523 0 1 0
-3.05299 19.738 239.07742 0 1 0
-3.11169 19.738 238.9523 0 1 0
-3.16282 19.738 238.80855 0 1 0
-3.18217 19.738 238.68912 0 1 0
-3.18408 19.738 238.57007 0 1 0
-3.1674 19.738 238.44374 0 1 0
-3.13314 19.738 238.32307 0 1 0
-3.09441 19.738 238.21672 0 1 0
-3.04406 19.738 238.10381 0 1 0
-2.97464 19.738 237.97331 0 1 0
-2.90612 19.738 237.86308 0 1 0
-2.86441 19.738 237.80498 0 1 0
-2.86656 19.738 237.30821 0 1 0
-0.271158 19.738 240.99361 0 1 0
0.185642 19.738 241.12857 0 1 0
0.123911 19.738 241.16364 0 1 0
0.236451 19.738 241.07294 0 1 0
0.0623924 19.738 241.18573 0 1 0
0.28562 19.738 240.89754 0 1 0
0.375145 19.738 240.00507 0 1 0
0.582895 19.738 239.98579 0 1 0
0.702742 19.738 239.95883 0 1 0
0.814435 19.738 239.91182 0 1 0
0.962452 19.738 240.01888 0 1 0
1.12631 19.738 240.11124 0 1 0
1.28123 19.738 240.17975 0 1 0
1.44807 19.738 240.23041 0 1 0
1.57618 19.738 240.24529 0 1 0
1.66436 19.738 240.2429 0 1 0
1.774 19.738 240.22504 0 1 0
1.90211 19.738 240.18629 0 1 0
2.01532 19.738 240.13268 0 1 0
2.1613 19.738 240.04031 0 1 0
2.27749 19.738 239.94797 0 1 0
2.49468 19.738 239.75252 0 1 0
2.67314 19.738 239.56693 0 1 0
2.84623 19.738 239.37119 0 1 0
2.97315 19.738 239.20523 0 1 0
3.05299 19.738 239.07742 0 1 0
3.11169 19.738 238.9523 0 1 0
3.16282 19.738 238.80855 0 1 0
3.18217 19.738 238.6891 0 1 0
3.18408 19.738 238.57005 0 1 0
3.1674 19.738 238.44374 0 1 0
3.13314 19.738 238.32307 0 1 0
3.09441 19.738 238.21672 0 1 0
3.04406 19.738 238.10381 0 1 0
2.97464 19.738 237.97331 0 1 0
2.90612 19.738 237.86308 0 1 0
2.86441 19.738 237.80498 0 1 0
2.86656 19.738 237.30821 0 1 0
0.271162 19.738 240.99361 0 1 0
2.05183e-06 19.738 241.19405 0 1 0
5.01917 19.738 237.56952 0 1 0
-1.24407 38.7118 239.64859 0 -1 0
-1.4133 38.95312 239.56853 -4.02967e-06 1 7.76353e-06
-1.55108 38.95312 239.48601 -4.55646e-06 1 7.17234e-06
-1.66428 38.95312 239.40826 -5.09813e-06 1 6.64172e-06
2.7178 38.7118 238.11621 -0.950638 0 -0.310301
2.68156 38.95312 238.20779 -0.91135 0 -0.411632
2.68156 38.7118 238.20779 -0.91135 0 -0.411632
-2.74446 38.7118 238.01361 0 -1 0
-2.75977 38.95312 237.89001 -2.79805e-05 1 2.43745e-07
2.53301 38.95312 238.45593 -0.800352 0 -0.599531
-0.75415 38.95312 239.80685 -2.10335e-06 1 1.06184e-05
1.93612 38.7118 239.15573 -0.733957 0 -0.679196
1.80721 38.95312 239.28419 -0.681105 0 -0.732186
1.80721 38.7118 239.28419 -0.681105 0 -0.732186
-0.933802 38.95312 239.76138 -2.6366e-06 1 9.70895e-06
1.55108 38.7118 239.48601 -0.540232 0 -0.841516
-1.24407 38.95312 239.64859 -3.55872e-06 1 8.3453e-06
-1.4133 38.7118 239.56853 0 -1 0
1.09108 38.7118 239.71033 -0.341698 0 -0.93981
0.933806 38.95312 239.76138 -0.277218 0 -0.960807
0.933806 38.7118 239.76138 -0.277218 0 -0.960807
0.754154 38.95312 239.80685 -0.21245 0 -0.977172
-1.80721 38.7118 239.28419 0 -1 0
-1.93612 38.95312 239.15573 0.733957 0 -0.679196
-1.80721 38.95312 239.28419 -5.69686e-06 1 6.1066e-06
-1.93612 38.7118 239.15573 0 -1 0
1.24407 38.7118 239.64859 0 -1 0
-2.68156 38.7118 238.20779 0.91135 0 -0.411632
1.4133 38.95312 239.56853 4.02967e-06 1 7.76353e-06
2.75977 38.7118 237.30821 -0.665249 0 -0.746622
1.66428 38.95312 239.40826 5.09813e-06 1 6.64172e-06
-2.74446 38.95312 238.01361 0.982243 0 -0.187615
-2.75977 38.7118 237.89001 0 -1 0
-2.7178 38.7118 238.11621 0 -1 0
2.75977 38.95312 237.89001 -0.998102 0 -0.0615827
2.74446 38.7118 238.01361 -0.982243 0 -0.187613
2.7178 38.95312 238.11621 -0.950638 0 -0.310301
2.53301 38.7118 238.45593 -0.800352 0 -0.599531
-5.01917 38.95312 237.56952 6.60145e-07 1 5.70797e-06
1.55108 38.95312 239.48601 -0.540232 0 -0.841516
5.01917 38.7118 237.56952 0 -1 0
-2.68156 38.95312 238.20779 -1.03762e-05 1 4.34411e-06
1.09108 38.95312 239.71033 -0.341698 0 -0.93981
0.754154 38.7118 239.80685 -0.21245 0 -0.977172
0.518959 38.7118 239.84972 -0.138276 0 -0.990394
0.518959 38.95312 239.84972 -0.138276 0 -0.990394
0.242852 38.7118 239.87663 -0.0564755 0 -0.998404
0.242852 38.95312 239.87663 -0.0564755 0 -0.998404
-2.63254 38.95312 238.30389 -8.7888e-06 1 4.78228e-06
-2.63254 38.7118 238.30389 0 -1 0
-2.53301 38.95312 238.45593 -7.35716e-06 1 5.2239e-06
-1.66428 38.7118 239.40826 0.611802 0 -0.791011
-1.55108 38.7118 239.48601 0.540232 0 -0.841516
1.83782e-06 38.95312 239.88048 1.83044e-16 1 1.48314e-05
1.24407 38.95312 239.64859 3.55872e-06 1 8.3453e-06
-1.09108 38.7118 239.71033 0.341697 0 -0.93981
1.4133 38.7118 239.56853 0 -1 0
-0.933802 38.7118 239.76138 0.277218 0 -0.960807
1.66428 38.7118 239.40826 0 -1 0
-2.75977 38.7118 237.30821 0.665249 0 -0.746621
1.93612 38.95312 239.15573 6.23043e-06 1 5.70291e-06
2.63254 38.7118 238.30389 0 -1 0
-2.7178 38.95312 238.11621 0.950638 0 -0.310303
-2.53301 38.7118 238.45593 0.800352 0 -0.599531
2.63254 38.95312 238.30389 8.7888e-06 1 4.78228e-06
2.74446 38.95312 238.01361 1.79488e-05 1 2.49781e-06
2.75977 38.7118 237.89001 0 -1 0
-3.54712 38.9531 241.40913 -2.86936e-06 1 8.25783e-06
-1.09108 38.95312 239.71033 0.341697 0 -0.93981
-0.75415 38.7118 239.80685 0.21245 0 -0.977172
2.75977 38.9531 237.30821 1.76906e-05 1 -3.39648e-06
-5.01917 38.7118 237.56952 0 -1 0
-0.75415 38.7118 239.80685 0 -1 0
-1.09108 38.95312 239.71033 -3.11737e-06 1 8.96617e-06
-2.53301 38.7118 238.45593 0 -1 0
-2.7178 38.95312 238.11621 -1.30393e-05 1 3.66679e-06
-5.01917 38.7118 237.56952 -0.114887 0 -0.993379
2.75977 38.9531 237.30821 -0.665257 0 -0.746615
2.75977 38.7118 237.89001 -0.998102 0 -0.0615819
2.74446 38.95312 238.01361 -0.982243 0 -0.187613
-2.75977 38.7118 237.30821 0 -1 0
-0.933802 38.7118 239.76138 0 -1 0
-1.09108 38.7118 239.71033 0 -1 0
2.63254 38.95312 238.30389 -0.864993 0 -0.501783
2.63254 38.7118 238.30389 -0.864993 0 -0.501783
-1.55108 38.7118 239.48601 0 -1 0
1.93612 38.95312 239.15573 -0.733957 0 -0.679196
-1.66428 38.7118 239.40826 0 -1 0
0.242852 38.95312 239.87663 3.89348e-07 1 1.40957e-05
0.242852 38.7118 239.87663 0 -1 0
1.66428 38.7118 239.40826 -0.611802 0 -0.791011
0.518959 38.95312 239.84972 1.36021e-06 1 1.20361e-05
1.4133 38.7118 239.56853 -0.471298 0 -0.881974
1.24407 38.95312 239.64859 -0.401107 0 -0.916031
1.83782e-06 38.95312 239.88048 -3.2466e-10 0 -1
0.518959 38.7118 239.84972 0 -1 0
-2.53301 38.95312 238.45593 0.800352 0 -0.599531
-2.63254 38.7118 238.30389 0.864993 0 -0.501783
-2.63254 38.95312 238.30389 0.864993 0 -0.501783
0.754154 38.7118 239.80685 0 -1 0
-2.68156 38.95312 238.20779 0.91135 0 -0.411632
1.09108 38.95312 239.71033 3.11738e-06 1 8.96617e-06
5.01917 38.7118 237.56952 0.114887 0 -0.993379
1.55108 38.95312 239.48601 4.55646e-06 1 7.17234e-06
-5.01917 38.95312 237.56952 -0.114887 0 -0.993379
-2.7178 38.7118 238.11621 0.950638 0 -0.310303
2.53301 38.7118 238.45593 0 -1 0
-2.75977 38.7118 237.89001 0.998102 0 -0.0615819
2.7178 38.95312 238.11621 1.30394e-05 1 3.66676e-06
2.74446 38.7118 238.01361 0 -1 0
2.75977 38.95312 237.89001 0.000185322 1 -3.49591e-05
-2.74446 38.95312 238.01361 -1.79488e-05 1 2.49782e-06
2.75977 38.7118 237.30821 0 -1 0
1.66428 38.95312 239.40826 -0.611802 0 -0.791011
-2.68156 38.7118 238.20779 0 -1 0
1.4133 38.95312 239.56853 -0.471298 0 -0.881974
1.24407 38.7118 239.64859 -0.401107 0 -0.916031
-1.93612 38.7118 239.15573 0.733957 0 -0.679196
-1.80721 38.95312 239.28419 0.681104 0 -0.732186
-1.80721 38.7118 239.28419 0.681104 0 -0.732186
-1.93612 38.95312 239.15573 -6.23043e-06 1 5.70292e-06
0.754154 38.95312 239.80685 2.10335e-06 1 1.06184e-05
-1.4133 38.7118 239.56853 0.471298 0 -0.881974
-1.24407 38.95312 239.64859 0.401107 0 -0.916031
0.933806 38.7118 239.76138 0 -1 0
-0.933802 38.95312 239.76138 0.277218 0 -0.960807
0.933806 38.95312 239.76138 2.6366e-06 1 9.70895e-06
-0.75415 38.95312 239.80685 0.21245 0 -0.977172
1.09108 38.7118 239.71033 0 -1 0
-2.75977 38.95312 237.89001 0.998102 0 -0.0615819
-2.74446 38.7118 238.01361 0.982243 0 -0.187615
1.55108 38.7118 239.48601 0 -1 0
1.80721 38.7118 239.28419 0 -1 0
-1.66428 38.95312 239.40826 0.611802 0 -0.791011
-1.55108 38.95312 239.48601 0.540232 0 -0.841516
-1.4133 38.95312 239.56853 0.471298 0 -0.881974
-1.24407 38.7118 239.64859 0.401107 0 -0.916031
1.80721 38.95312 239.28419 5.69686e-06 1 6.1066e-06
1.93612 38.7118 239.15573 0 -1 0
-0.518955 38.7118 239.84972 0.138276 0 -0.990394
-0.518955 38.95312 239.84972 0.138276 0 -0.990394
-0.242848 38.7118 239.87663 0.0564755 0 -0.998404
-0.242848 38.95312 239.87663 0.0564755 0 -0.998404
1.83782e-06 38.7118 239.88048 -3.2466e-10 0 -1
2.53301 38.95312 238.45593 7.35715e-06 1 5.2239e-06
2.68156 38.7118 238.20779 0 -1 0
5.01917 38.95312 237.56952 0.114887 0 -0.993379
2.68156 38.95312 238.20779 1.03762e-05 1 4.34411e-06
-2.75977 38.95312 237.30821 0.665249 0 -0.746621
2.7178 38.7118 238.11621 0 -1 0
2.88491 40.22106 237.31036 0 -1 0
1.27019 40.22106 239.7131 0 -1 0
2.88491 40.54826 237.31036 0.120835 0 -0.992673
1.27019 40.54826 239.7131 0 1 0
-1.27018 40.22106 239.7131 0 -1 0
-1.27018 40.54826 239.7131 0 1 0
-2.88491 40.22106 237.31036 0 -1 0
-2.88491 40.54826 237.31036 -0.120835 0 -0.992673
5.13135 40.22106 251.87851 0 -1 0
5.13135 40.22106 237.58382 0 -1 0
5.13135 40.22106 237.58382 0.120835 0 -0.992673
5.13135 40.54826 251.87851 0 1 0
5.13135 40.54826 237.58382 0.120835 0 -0.992673
5.13135 40.54826 237.58382 0 1 0
-5.13135 40.22106 251.87851 0 -1 0
-5.13135 40.22106 237.58382 0 -1 0
-5.13135 40.22106 237.58382 -0.120835 0 -0.992673
-5.13135 40.54826 251.87851 0 1 0
-5.13135 40.54826 237.58382 -0.120835 0 -0.992673
-5.13135 40.54826 237.58382 0 1 0
2.88491 40.22106 237.31036 0.120835 0 -0.992673
2.88491 40.22106 237.31036 -0.829989 0 -0.55778
1.27019 40.22106 239.7131 -0.829989 0 -0.55778
1.27019 40.22106 239.7131 0 0 -1
2.88491 40.54826 237.31036 0 1 0
2.88491 40.54826 237.31036 -0.829989 0 -0.55778
1.27019 40.54826 239.7131 -0.829989 0 -0.55778
1.27019 40.54826 239.7131 0 0 -1
-1.27018 40.22106 239.7131 0 0 -1
-1.27018 40.22106 239.7131 0.829987 0 -0.557782
-1.27018 40.54826 239.7131 0 0 -1
-1.27018 40.54826 239.7131 0.829987 0 -0.557782
-2.88491 40.22106 237.31036 -0.120835 0 -0.992673
-2.88491 40.22106 237.31036 0.829987 0 -0.557782
-2.88491 40.54826 237.31036 0 1 0
-2.88491 40.54826 237.31036 0.829987 0 -0.557782
2.44957 38.95312 240.96851 -1 0 0
-2.44957 38.95312 240.96851 1 0 0
2.44957 40.22106 240.96851 -1 0 0
-2.44957 40.22106 240.96851 1 0 0
2.44957 40.22106 239.89034 -1 0 0
2.44957 38.95312 239.89034 -1 0 0
-2.44957 38.95312 239.89034 1 0 0
-2.44957 40.22106 239.89034 1 0 0
-0.518955 38.7118 239.84972 0 -1 0
-0.518955 38.95312 239.84972 -1.36021e-06 1 1.20361e-05
-0.242848 38.7118 239.87663 0 -1 0
-0.242848 38.95312 239.87663 -3.89348e-07 1 1.40957e-05
1.83782e-06 38.7118 239.88048 0 -1 0
-5.01917 38.7118 251.76614 0 -1 0
3.54712 38.9531 241.40913 2.84794e-06 1 6.57276e-06
5.01917 38.7118 251.76614 0 -1 0
5.01917 38.95312 237.56952 -1.03603e-05 1 1.9891e-06
-2.75977 38.95312 237.30821 -3.21395e-06 1 4.96417e-06
2.44957 38.95312 240.96851 0 0 -1
-2.44957 38.95312 240.96851 0 0 -1
2.44957 40.22106 240.96851 0 0 -1
-2.44957 40.22106 240.96851 0 0 -1
2.44957 40.22106 239.89034 -0.913928 0 -0.405877
2.44957 38.95312 239.89034 -0.913928 4.77871e-08 -0.405877
-2.44957 38.95312 239.89034 0.913928 0 -0.405877
-2.44957 40.22106 239.89034 0.913928 4.77871e-08 -0.405877
3.55186 40.22106 237.40826 -0.913928 1.24064e-07 -0.405877
3.55186 38.95312 237.40826 -0.913928 1.71851e-07 -0.405877
-3.55186 38.95312 237.40826 0.913928 1.24064e-07 -0.405877
-3.55186 40.22106 237.40826 0.913928 1.71851e-07 -0.405877
5.01917 19.738 251.76614 0 0 -1
5.01917 38.7118 251.76614 0 0 -1
-5.01917 19.738 251.76614 0 0 -1
-5.01917 38.7118 251.76614 0 0 -1
5.01917 19.738 251.76614 -1 0 0
5.01917 38.7118 251.76614 -1 0 0
5.01917 19.738 237.56952 -1 0 0
5.01917 38.7118 237.56952 -1 0 0
-5.01917 19.738 251.76614 1 0 0
-5.01917 38.7118 251.76614 1 0 0
-5.01917 19.738 237.56952 1 0 0
-5.01917 38.7118 237.56952 1 0 0
217 177 215
177 217 178
209 177 148
177 209 215
327 324 323
326 249 291
209 153 213
153 209 148
213 152 212
152 213 153
211 149 210
149 211 150
122 11 75
223 98 74
98 100 74
122 12 11
122 121 12
226 93 224
116 119 10
226 96 93
224 225 226
96 94 93
93 227 224
116 118 119
119 9 10
116 117 118
8 116 10
222 114 10
229 76 224
227 228 224
228 229 224
115 8 10
114 115 10
76 230 97
229 230 76
230 231 97
120 7 222
7 114 222
113 7 120
97 232 100
231 232 97
233 74 100
232 233 100
110 113 120
121 110 120
233 234 74
234 235 74
121 109 110
122 109 121
122 6 109
235 236 74
236 92 74
122 4 6
122 3 4
122 108 3
237 13 92
238 13 237
1 107 14
239 13 238
240 13 239
14 0 1
14 17 0
90 13 240
88 13 90
14 106 17
14 16 106
87 13 88
241 13 87
14 15 16
14 5 15
242 243 13
243 86 13
14 105 5
14 218 105
86 244 13
244 245 13
14 104 218
202 169 171
169 202 198
204 145 146
145 204 203
194 146 165
146 194 204
194 173 206
173 194 165
208 173 176
173 208 206
207 176 175
176 207 208
205 175 147
175 205 207
193 147 161
147 193 205
193 155 214
155 193 161
214 156 216
156 214 155
216 178 217
178 216 156
14 219 104
245 246 13
44 174 45
174 44 103
43 103 44
103 43 172
42 172 43
172 42 101
41 101 42
101 41 170
40 170 41
170 40 99
39 99 40
99 39 168
38 168 39
168 38 167
37 167 38
167 37 166
36 166 37
166 36 95
35 95 36
95 35 164
34 164 35
164 34 163
33 163 34
163 33 162
32 162 33
162 32 91
31 91 32
91 31 160
30 160 31
160 30 89
29 89 30
89 29 159
28 159 29
159 28 158
27 158 28
158 27 157
26 157 27
157 26 85
25 85 26
85 25 84
24 84 25
84 24 83
23 83 24
83 23 154
22 154 23
154 22 81
21 81 22
81 21 80
20 80 21
80 20 151
19 151 20
151 19 78
18 78 19
78 18 77
75 223 74
246 82 13
13 241 242
13 74 92
14 2 108
74 122 75
14 102 219
14 220 102
2 14 107
138 130 132
130 138 137
139 132 124
132 139 138
140 124 128
124 140 139
144 136 143
136 144 129
13 82 79
220 14 221
122 14 108
46 112 111
112 46 47
47 179 112
179 47 48
48 180 179
180 48 49
49 181 180
181 49 50
50 182 181
182 50 51
51 183 182
183 51 52
52 184 183
184 52 53
53 185 184
185 53 54
54 186 185
186 54 55
55 187 186
187 55 56
56 188 187
188 56 57
57 123 188
123 57 58
58 189 123
189 58 59
59 190 189
190 59 60
60 191 190
191 60 61
61 192 191
192 61 62
62 125 192
125 62 63
63 126 125
126 63 64
64 127 126
127 64 65
65 195 127
195 65 66
66 196 195
196 66 67
67 197 196
197 67 68
68 131 197
131 68 69
69 199 131
199 69 70
70 200 199
200 70 71
71 201 200
201 71 72
72 135 201
135 72 73
143 134 142
134 143 136
142 133 141
133 142 134
248 270 247
285 286 247
248 326 253
291 249 289
289 249 288
248 253 251
248 251 250
294 292 297
259 254 256
294 297 295
292 294 293
295 297 296
297 292 298
259 256 257
256 254 255
259 257 258
260 254 259
287 254 262
300 292 325
298 292 299
299 292 300
261 254 260
262 254 261
325 290 301
300 325 301
301 290 302
252 287 263
263 287 262
264 252 263
290 288 303
302 290 303
304 288 249
303 288 304
265 252 264
250 252 265
304 249 305
305 249 306
250 265 266
248 250 266
248 266 267
306 249 307
307 249 308
248 267 268
248 268 269
248 269 270
309 308 327
310 309 327
273 247 272
311 310 327
312 311 327
247 273 274
247 274 275
313 312 327
314 313 327
247 275 276
247 276 277
315 314 327
316 315 327
247 277 278
247 278 279
317 327 318
318 327 319
247 279 280
247 280 281
319 327 320
320 327 321
247 281 282
247 282 283
321 327 322
322 327 323
327 317 316
327 308 249
247 270 271
249 326 248
247 283 284
247 284 285
271 272 247
425 426 424
433 390 428
424 391 425
446 447 445
451 464 450
468 467 397
390 433 458
359 458 435
435 457 359
462 380 379
453 385 383
469 470 422
407 406 363
406 407 362
333 332 334
332 333 364
337 412 365
412 337 411
340 339 341
339 340 414
367 418 343
418 367 441
421 420 444
420 421 443
347 346 348
346 347 370
373 371 372
371 373 349
422 374 471
374 422 375
458 359 390
457 435 387
450 463 451
379 461 462
362 357 406
357 362 405
364 363 332
363 364 407
411 334 412
334 411 333
414 365 339
365 414 337
441 341 418
341 441 340
443 343 420
343 443 367
370 444 346
444 370 421
349 348 371
348 349 347
375 372 374
372 375 373
387 476 457
422 471 469
397 455 468
383 396 453
445 351 446
428 355 433
426 425 355
355 428 426
351 445 391
391 424 351
461 379 447
447 446 461
463 450 380
380 462 463
396 383 464
464 451 396
455 397 385
385 453 455
470 469 467
467 468 470
432 476 387
387 404 432
357 474 430
474 357 405
495 481 483
487 479 478
482 493 484
482 492 493
479 492 482
487 492 479
486 492 487
498 490 488
490 498 480
510 496 485
496 510 494
497 483 512
495 483 497
489 481 495
491 481 489
481 491 502
499 504 503
504 499 500
501 508 505
508 501 506
511 509 507
509 511 513
514 518 519
518 514 516
517 520 521
520 517 515
395 448 378
378 376 395
376 369 395
369 403 395
381 525 395
525 523 395
523 338 395
338 342 395
448 395 352
331 352 395
330 331 395
329 330 395
344 329 395
342 401 395
401 344 395
382 429 528
472 388 528
472 528 392
392 528 475
475 528 436
388 465 528
358 528 465
431 528 358
356 528 431
395 528 381
381 528 416
528 419 416
419 528 449
454 449 528
454 528 429
382 528 356
402 353 527
402 527 377
377 527 442
442 527 361
353 350 527
415 527 350
413 527 415
345 527 413
328 527 345
526 529 527
410 527 328
409 527 410
400 527 409
522 527 400
524 527 522
526 527 524
529 456 354
452 456 529
529 427 452
423 427 529
417 423 529
529 466 434
434 389 529
389 473 529
473 477 529
466 529 460
386 460 529
459 386 529
384 459 529
354 384 529
529 526 417
403 439 395
439 336 395
531 395 336
527 399 361
361 399 335
335 399 360
408 360 399
529 477 368
477 437 368
437 394 368
440 368 394
436 528 393
393 528 438
398 438 528
366 395 531
398 528 530
532 535 534
535 532 533
537 540 541
540 537 536
539 542 543
542 539 538
548 551 550
551 548 549
544 547 545
547 544 546
554 553 552
553 554 555
LABEL PCR_PORT_DOOR_1
MATERIAL 3
TEXTURE 0
GEOM 24 12
-0 19.738 241.33536 0 0 1
-0 19.738 240.95605 0 0 -1
2.50958 19.738 240.95605 0 0 -1
-0 38.7118 241.33536 0 0 1
-0 38.7118 240.95605 0 0 -1
2.50958 19.738 241.33536 0 0 1
2.50958 38.7118 241.33536 0 0 1
2.50958 38.7118 240.95605 0 0 -1
-0 19.738 241.33536 -1 0 0
-0 19.738 240.95605 -1 0 0
2.50958 19.738 240.95605 1 0 0
-0 38.7118 241.33536 -1 0 0
-0 38.7118 240.95605 -1 0 0
2.50958 19.738 241.33536 1 0 0
2.50958 38.7118 241.33536 1 0 0
2.50958 38.7118 240.95605 1 0 0
-0 19.738 241.33536 0 -1 0
-0 19.738 240.95605 0 -1 0
2.50958 19.738 240.95605 0 -1 0
-0 38.7118 241.33536 0 1 0
-0 38.7118 240.95605 0 1 0
2.50958 19.738 241.33536 0 -1 0
2.50958 38.7118 241.33536 0 1 0
2.50958 38.7118 240.95605 0 1 0
0 5 6
6 3 0
23 20 19
19 22 23
2 1 4
4 7 2
18 21 16
16 17 18
13 10 15
15 14 13
9 8 11
11 12 9
LABEL PCR_PORT_DOOR_2
MATERIAL 3
TEXTURE 0
GEOM 24 12
2.50958 19.738 241.33536 0 -1 0
5.01917 19.738 241.33536 0 -1 0
2.50958 19.738 240.95605 0 -1 0
5.01917 19.738 240.95605 0 -1 0
2.50958 38.7118 241.33536 0 1 0
5.01917 38.7118 241.33536 0 1 0
2.50958 38.7118 240.95605 0 1 0
5.01917 38.7118 240.95605 0 1 0
2.50958 19.738 241.33536 0 0 1
2.50958 19.738 241.33536 -1 0 0
5.01917 19.738 241.33536 0 0 1
5.01917 19.738 241.33536 1 0 0
2.50958 19.738 240.95605 0 0 -1
2.50958 19.738 240.95605 -1 0 0
5.01917 19.738 240.95605 1 0 0
5.01917 19.738 240.95605 0 0 -1
2.50958 38.7118 241.33536 0 0 1
2.50958 38.7118 241.33536 -1 0 0
5.01917 38.7118 241.33536 0 0 1
5.01917 38.7118 241.33536 1 0 0
2.50958 38.7118 240.95605 0 0 -1
2.50958 38.7118 240.95605 -1 0 0
5.01917 38.7118 240.95605 1 0 0
5.01917 38.7118 240.95605 0 0 -1
0 2 3
3 1 0
4 5 7
7 6 4
8 10 18
18 16 8
11 14 22
22 19 11
15 12 20
20 23 15
13 9 17
17 21 13
LABEL PCR_STBD_DOOR_1
MATERIAL 3
TEXTURE 0
GEOM 24 12
-0 19.738 241.33536 0 0 1
-0 19.738 240.95605 0 0 -1
-2.50958 19.738 240.95605 0 0 -1
-0 38.7118 241.33536 0 0 1
-0 38.7118 240.95605 0 0 -1
-2.50958 19.738 241.33536 0 0 1
-2.50958 38.7118 241.33536 0 0 1
-2.50958 38.7118 240.95605 0 0 -1
-0 19.738 241.33536 1 0 0
-0 19.738 240.95605 1 0 0
-2.50958 19.738 240.95605 -1 0 0
-0 38.7118 241.33536 1 0 0
-0 38.7118 240.95605 1 0 0
-2.50958 19.738 241.33536 -1 0 0
-2.50958 38.7118 241.33536 -1 0 0
-2.50958 38.7118 240.95605 -1 0 0
-0 19.738 241.33536 0 -1 0
-0 19.738 240.95605 0 -1 0
-2.50958 19.738 240.95605 0 -1 0
-0 38.7118 241.33536 0 1 0
-0 38.7118 240.95605 0 1 0
-2.50958 19.738 241.33536 0 -1 0
-2.50958 38.7118 241.33536 0 1 0
-2.50958 38.7118 240.95605 0 1 0
0 6 5
6 0 3
23 19 20
19 23 22
2 4 1
4 2 7
18 16 21
16 18 17
13 15 10
15 13 14
9 11 8
11 9 12
LABEL PCR_STBD_DOOR_2
MATERIAL 3
TEXTURE 0
GEOM 24 12
-2.50958 19.738 241.33536 0 -1 0
-5.01917 19.738 241.33536 0 -1 0
-2.50958 19.738 240.95605 0 -1 0
-5.01917 19.738 240.95605 0 -1 0
-2.50958 38.7118 241.33536 0 1 0
-5.01917 38.7118 241.33536 0 1 0
-2.50958 38.7118 240.95605 0 1 0
-5.01917 38.7118 240.95605 0 1 0
-2.50958 19.738 241.33536 0 0 1
-2.50958 19.738 241.33536 1 0 0
-5.01917 19.738 241.33536 0 0 1
-5.01917 19.738 241.33536 -1 0 0
-2.50958 19.738 240.95605 0 0 -1
-2.50958 19.738 240.95605 1 0 0
-5.01917 19.738 240.95605 -1 0 0
-5.01917 19.738 240.95605 0 0 -1
-2.50958 38.7118 241.33536 0 0 1
-2.50958 38.7118 241.33536 1 0 0
-5.01917 38.7118 241.33536 0 0 1
-5.01917 38.7118 241.33536 -1 0 0
-2.50958 38.7118 240.95605 0 0 -1
-2.50958 38.7118 240.95605 1 0 0
-5.01917 38.7118 240.95605 -1 0 0
-5.01917 38.7118 240.95605 0 0 -1
0 3 2
3 0 1
4 7 5
7 4 6
8 18 10
18 8 16
11 22 14
22 11 19
15 20 12
20 15 23
13 17 9
17 13 21
LABEL bottom_structure
MATERIAL 4
TEXTURE 0
GEOM 784 392
-13.10196 5.78239 242.66074 0 0 1
-13.10196 5.78239 242.66074 0 -1 0
-13.10196 6.13535 242.66074 0 0 1
-13.10196 6.13535 242.66074 0 1 0
-13.10196 5.78239 242.30777 0 0 -1
-13.10196 5.78239 242.30777 0 -1 0
-13.10196 6.13535 242.30777 0 1 0
-13.10196 6.13535 242.30777 0 0 -1
-7.11763 5.78239 242.66074 0 0 1
-7.11763 5.78239 242.66074 0 -1 0
-7.11763 6.13535 242.66074 0 0 1
-7.11763 6.13535 242.66074 0 1 0
-7.11763 5.78239 242.30777 0 0 -1
-7.11763 5.78239 242.30777 0 -1 0
-7.11763 6.13535 242.30777 0 1 0
-7.11763 6.13535 242.30777 0 0 -1
-12.74826 5.77588 242.31517 0 -1 0
-12.74826 5.77588 242.31517 1 0 0
-13.10126 5.77588 242.31517 0 -1 0
-13.10126 5.77588 242.31517 -1 0 0
-12.74826 6.12884 242.31517 0 1 0
-12.74826 6.12884 242.31517 1 0 0
-13.10126 6.12884 242.31517 -1 0 0
-13.10126 6.12884 242.31517 0 1 0
-12.74826 5.77588 251.89058 0 -1 0
-12.74826 5.77588 251.89058 1 0 0
-13.10126 5.77588 251.89058 0 -1 0
-13.10126 5.77588 251.89058 -1 0 0
-12.74826 6.12884 251.89058 0 1 0
-12.74826 6.12884 251.89058 1 0 0
-13.10126 6.12884 251.89058 -1 0 0
-13.10126 6.12884 251.89058 0 1 0
-12.74826 1.89329 242.31517 0 -1 0
-12.74826 1.89329 242.31517 1 0 0
-13.10126 1.89329 242.31517 0 -1 0
-13.10126 1.89329 242.31517 -1 0 0
-12.74826 2.24625 242.31517 0 1 0
-12.74826 2.24625 242.31517 1 0 0
-13.10126 2.24625 242.31517 -1 0 0
-13.10126 2.24625 242.31517 0 1 0
-12.74826 1.89329 251.89058 0 -1 0
-12.74826 1.89329 251.89058 1 0 0
-13.10126 1.89329 251.89058 0 -1 0
-13.10126 1.89329 251.89058 -1 0 0
-12.74826 2.24625 251.89058 0 1 0
-12.74826 2.24625 251.89058 1 0 0
-13.10126 2.24625 251.89058 -1 0 0
-13.10126 2.24625 251.89058 0 1 0
-12.74826 0.371933 242.64459 0 0 1
-12.74826 0.371933 242.64459 1 0 0
-13.10126 0.371933 242.64459 0 0 1
-13.10126 0.371933 242.64459 -1 0 0
-12.74826 0.371933 242.29163 0 0 -1
-12.74826 0.371933 242.29163 1 0 0
-13.10126 0.371933 242.29163 -1 0 0
-13.10126 0.371933 242.29163 0 0 -1
-12.74826 9.44577 242.64459 0 0 1
-12.74826 9.44577 242.64459 1 0 0
-13.10126 9.44577 242.64459 0 0 1
-13.10126 9.44577 242.64459 -1 0 0
-12.74826 9.44577 242.29163 0 0 -1
-12.74826 9.44577 242.29163 1 0 0
-13.10126 9.44577 242.29163 -1 0 0
-13.10126 9.44577 242.29163 0 0 -1
-12.74826 0.371933 248.43698 0 0 1
-12.74826 0.371933 248.43698 1 0 0
-13.10126 0.371933 248.43698 0 0 1
-13.10126 0.371933 248.43698 -1 0 0
-12.74826 0.371933 248.08401 0 0 -1
-12.74826 0.371933 248.08401 1 0 0
-13.10126 0.371933 248.08401 -1 0 0
-13.10126 0.371933 248.08401 0 0 -1
-12.74826 9.44577 248.43698 0 0 1
-12.74826 9.44577 248.43698 1 0 0
-13.10126 9.44577 248.43698 0 0 1
-13.10126 9.44577 248.43698 -1 0 0
-12.74826 9.44577 248.08401 0 0 -1
-12.74826 9.44577 248.08401 1 0 0
-13.10126 9.44577 248.08401 -1 0 0
-13.10126 9.44577 248.08401 0 0 -1
-12.74826 1.89945 251.91142 1 0 0
-13.10126 1.89945 251.91142 -1 0 0
-12.74826 1.89945 251.55847 0 0 -1
-12.74826 1.89945 251.55847 1 0 0
-13.10126 1.89945 251.55847 -1 0 0
-13.10126 1.89945 251.55847 0 0 -1
-12.74826 6.12539 251.91142 1 0 0
-13.10126 6.12539 251.91142 -1 0 0
-12.74826 6.12539 251.55847 0 0 -1
-12.74826 6.12539 251.55847 1 0 0
-13.10126 6.12539 251.55847 -1 0 0
-13.10126 6.12539 251.55847 0 0 -1
-7.08715 5.77588 242.31517 0 -1 0
-7.08715 5.77588 242.31517 1 0 0
-7.44011 5.77588 242.31517 0 -1 0
-7.44011 5.77588 242.31517 -1 0 0
-7.08715 6.12884 242.31517 0 1 0
-7.08715 6.12884 242.31517 1 0 0
-7.44011 6.12884 242.31517 -1 0 0
-7.44011 6.12884 242.31517 0 1 0
-7.08715 5.77588 251.89058 0 -1 0
-7.08715 5.77588 251.89058 1 0 0
-7.44011 5.77588 251.89058 0 -1 0
-7.44011 5.77588 251.89058 -1 0 0
-7.08715 6.12884 251.89058 0 1 0
-7.08715 6.12884 251.89058 1 0 0
-7.44011 6.12884 251.89058 -1 0 0
-7.44011 6.12884 251.89058 0 1 0
-7.08715 1.89329 242.31517 0 -1 0
-7.08715 1.89329 242.31517 1 0 0
-7.44011 1.89329 242.31517 0 -1 0
-7.44011 1.89329 242.31517 -1 0 0
-7.08715 2.24625 242.31517 0 1 0
-7.08715 2.24625 242.31517 1 0 0
-7.44011 2.24625 242.31517 -1 0 0
-7.44011 2.24625 242.31517 0 1 0
-7.08715 1.89329 251.89058 0 -1 0
-7.08715 1.89329 251.89058 1 0 0
-7.44011 1.89329 251.89058 0 -1 0
-7.44011 1.89329 251.89058 -1 0 0
-7.08715 2.24625 251.89058 0 1 0
-7.08715 2.24625 251.89058 1 0 0
-7.44011 2.24625 251.89058 -1 0 0
-7.44011 2.24625 251.89058 0 1 0
-7.08715 1.89945 242.64459 0 0 1
-7.08715 1.89945 242.64459 1 0 0
-7.44011 1.89945 242.64459 0 0 1
-7.44011 1.89945 242.64459 -1 0 0
-7.08715 1.89945 242.29161 0 0 -1
-7.08715 1.89945 242.29161 1 0 0
-7.44011 1.89945 242.29161 -1 0 0
-7.44011 1.89945 242.29161 0 0 -1
-7.08715 9.44577 242.64459 0 0 1
-7.08715 9.44577 242.64459 1 0 0
-7.44011 9.44577 242.64459 0 0 1
-7.44011 9.44577 242.64459 -1 0 0
-7.08715 9.44577 242.29161 0 0 -1
-7.08715 9.44577 242.29161 1 0 0
-7.44011 9.44577 242.29161 -1 0 0
-7.44011 9.44577 242.29161 0 0 -1
-7.08715 1.89945 248.43698 0 0 1
-7.08715 1.89945 248.43698 1 0 0
-7.44011 1.89945 248.43698 0 0 1
-7.44011 1.89945 248.43698 -1 0 0
-7.08715 1.89945 248.08401 0 0 -1
-7.08715 1.89945 248.08401 1 0 0
-7.44011 1.89945 248.08401 -1 0 0
-7.44011 1.89945 248.08401 0 0 -1
-7.08715 9.44577 248.43698 0 0 1
-7.08715 9.44577 248.43698 1 0 0
-7.44011 9.44577 248.43698 0 0 1
-7.44011 9.44577 248.43698 -1 0 0
-7.08715 9.44577 248.08401 0 0 -1
-7.08715 9.44577 248.08401 1 0 0
-7.44011 9.44577 248.08401 -1 0 0
-7.44011 9.44577 248.08401 0 0 -1
-7.08715 1.89945 251.91142 1 0 0
-7.44011 1.89945 251.91142 -1 0 0
-7.08715 1.89945 251.55847 0 0 -1
-7.08715 1.89945 251.55847 1 0 0
-7.44011 1.89945 251.55847 -1 0 0
-7.44011 1.89945 251.55847 0 0 -1
-7.08715 6.12539 251.91142 1 0 0
-7.44011 6.12539 251.91142 -1 0 0
-7.08715 6.12539 251.55847 0 0 -1
-7.08715 6.12539 251.55847 1 0 0
-7.44011 6.12539 251.55847 -1 0 0
-7.44011 6.12539 251.55847 0 0 -1
-13.10196 1.89364 248.43698 0 0 1
-13.10196 1.89364 248.43698 0 -1 0
-13.10196 2.2466 248.43698 0 0 1
-13.10196 2.2466 248.43698 0 1 0
-13.10196 1.89364 248.08401 0 0 -1
-13.10196 1.89364 248.08401 0 -1 0
-13.10196 2.2466 248.08401 0 1 0
-13.10196 2.2466 248.08401 0 0 -1
-7.11763 1.89364 248.43698 0 0 1
-7.11763 1.89364 248.43698 0 -1 0
-7.11763 2.2466 248.43698 0 0 1
-7.11763 2.2466 248.43698 0 1 0
-7.11763 1.89364 248.08401 0 0 -1
-7.11763 1.89364 248.08401 0 -1 0
-7.11763 2.2466 248.08401 0 1 0
-7.11763 2.2466 248.08401 0 0 -1
-13.10196 1.89364 242.66074 0 0 1
-13.10196 1.89364 242.66074 0 -1 0
-13.10196 2.2466 242.66074 0 0 1
-13.10196 2.2466 242.66074 0 1 0
-13.10196 1.89364 242.30777 0 0 -1
-13.10196 1.89364 242.30777 0 -1 0
-13.10196 2.2466 242.30777 0 1 0
-13.10196 2.2466 242.30777 0 0 -1
-7.11763 1.89364 242.66074 0 0 1
-7.11763 1.89364 242.66074 0 -1 0
-7.11763 2.2466 242.66074 0 0 1
-7.11763 2.2466 242.66074 0 1 0
-7.11763 1.89364 242.30777 0 0 -1
-7.11763 1.89364 242.30777 0 -1 0
-7.11763 2.2466 242.30777 0 1 0
-7.11763 2.2466 242.30777 0 0 -1
-13.10196 1.89364 251.90132 0 0 1
-13.10196 1.89364 251.90132 0 -1 0
-13.10196 2.2466 251.90132 0 0 1
-13.10196 2.2466 251.90132 0 1 0
-13.10196 1.89364 251.54836 0 0 -1
-13.10196 1.89364 251.54836 0 -1 0
-13.10196 2.2466 251.54836 0 1 0
-13.10196 2.2466 251.54836 0 0 -1
-7.11764 1.89364 251.90132 0 0 1
-7.11764 1.89364 251.90132 0 -1 0
-7.11764 2.2466 251.90132 0 0 1
-7.11764 2.2466 251.90132 0 1 0
-7.11764 1.89364 251.54836 0 0 -1
-7.11764 1.89364 251.54836 0 -1 0
-7.11764 2.2466 251.54836 0 1 0
-7.11764 2.2466 251.54836 0 0 -1
-12.79476 2.35057 251.68262 0 0.670293 0.742097
-12.79476 2.35057 251.68262 1 0 0
-13.04776 2.35057 251.68262 0 0.670293 0.742097
-13.04776 2.35057 251.68262 -1 0 0
-12.79476 2.16707 251.50848 0 -0.670292 -0.742098
-12.79476 2.16707 251.50848 1 0 0
-13.04776 2.16707 251.50848 -1 0 0
-13.04776 2.16707 251.50848 0 -0.670292 -0.742098
-12.79476 5.95754 248.42465 0 0.670293 0.742097
-12.79476 5.95754 248.42465 1 0 0
-13.04776 5.95754 248.42465 0 0.670293 0.742097
-13.04776 5.95754 248.42465 -1 0 0
-12.79476 5.77405 248.25052 0 -0.670292 -0.742098
-12.79476 5.77405 248.25052 1 0 0
-13.04776 5.77405 248.25052 -1 0 0
-13.04776 5.77405 248.25052 0 -0.670292 -0.742098
-7.15709 2.35057 251.6826 0 0.670291 0.742098
-7.15709 2.35057 251.6826 1 0 0
-7.41009 2.35057 251.6826 0 0.670291 0.742098
-7.41009 2.35057 251.6826 -1 0 0
-7.15709 2.16707 251.50848 0 -0.670292 -0.742098
-7.15709 2.16707 251.50848 1 0 0
-7.41009 2.16707 251.50848 -1 0 0
-7.41009 2.16707 251.50848 0 -0.670292 -0.742098
-7.15709 5.95754 248.42465 0 0.670291 0.742098
-7.15709 5.95754 248.42465 1 0 0
-7.41009 5.95754 248.42465 0 0.670291 0.742098
-7.41009 5.95754 248.42465 -1 0 0
-7.15709 5.77405 248.25052 0 -0.670292 -0.742098
-7.15709 5.77405 248.25052 1 0 0
-7.41009 5.77405 248.25052 -1 0 0
-7.41009 5.77405 248.25052 0 -0.670292 -0.742098
-7.31561 6.08332 242.32745 -0.837774 0.546018 0
-7.31561 6.08332 242.32745 0 0 -1
-7.31561 6.08332 242.58046 -0.837774 0.546018 0
-7.31561 6.08332 242.58046 0 0 1
-7.09878 5.95303 242.32745 0.837773 -0.546019 0
-7.09878 5.95303 242.32745 0 0 -1
-7.09878 5.95303 242.58046 0 0 1
-7.09878 5.95303 242.58046 0.837773 -0.546019 0
-9.87706 2.1532 242.32745 -0.837774 0.546018 0
-9.87706 2.1532 242.32745 0 0 -1
-9.87706 2.1532 242.58046 -0.837774 0.546018 0
-9.87706 2.1532 242.58046 0 0 1
-9.66023 2.02292 242.32745 0.837773 -0.546019 0
-9.66023 2.02292 242.32745 0 0 -1
-9.66023 2.02292 242.58046 0 0 1
-9.66023 2.02292 242.58046 0.837773 -0.546019 0
-12.79476 2.15509 242.71304 0 -0.835138 0.55004
-12.79476 2.15509 242.71304 1 0 0
-13.04776 2.15509 242.71304 0 -0.835138 0.55004
-13.04776 2.15509 242.71304 -1 0 0
-12.79476 2.36255 242.5683 0 0.835138 -0.55004
-12.79476 2.36255 242.5683 1 0 0
-13.04776 2.36255 242.5683 -1 0 0
-13.04776 2.36255 242.5683 0 0.835138 -0.55004
-12.79476 5.90264 248.40303 0 -0.835138 0.55004
-12.79476 5.90264 248.40303 1 0 0
-13.04776 5.90264 248.40303 0 -0.835138 0.55004
-13.04776 5.90264 248.40303 -1 0 0
-12.79476 6.11011 248.2583 0 0.835138 -0.55004
-12.79476 6.11011 248.2583 1 0 0
-13.04776 6.11011 248.2583 -1 0 0
-13.04776 6.11011 248.2583 0 0.835138 -0.55004
-13.12006 5.95303 242.32745 -0.837778 -0.546011 0
-13.12006 5.95303 242.32745 0 0 -1
-13.12006 5.95303 242.58046 -0.837778 -0.546011 0
-13.12006 5.95303 242.58046 0 0 1
-12.90326 6.08332 242.32745 0.837771 0.546022 0
-12.90326 6.08332 242.32745 0 0 -1
-12.90326 6.08332 242.58046 0 0 1
-12.90326 6.08332 242.58046 0.837771 0.546022 0
-10.55866 2.02292 242.32745 -0.837778 -0.546011 0
-10.55866 2.02292 242.32745 0 0 -1
-10.55866 2.02292 242.58046 -0.837778 -0.546011 0
-10.55866 2.02292 242.58046 0 0 1
-10.34178 2.1532 242.32745 0.837771 0.546022 0
-10.34178 2.1532 242.32745 0 0 -1
-10.34178 2.1532 242.58046 0 0 1
-10.34178 2.1532 242.58046 0.837771 0.546022 0
-7.15709 2.15509 242.71304 0 -0.835138 0.55004
-7.15709 2.15509 242.71304 1 0 0
-7.41009 2.15509 242.71304 0 -0.835138 0.55004
-7.41009 2.15509 242.71304 -1 0 0
-7.15709 2.36255 242.5683 0 0.835138 -0.55004
-7.15709 2.36255 242.5683 1 0 0
-7.41009 2.36255 242.5683 -1 0 0
-7.41009 2.36255 242.5683 0 0.835138 -0.55004
-7.15709 5.90264 248.40303 0 -0.835138 0.55004
-7.15709 5.90264 248.40303 1 0 0
-7.41009 5.90264 248.40303 0 -0.835138 0.55004
-7.41009 5.90264 248.40303 -1 0 0
-7.15709 6.11011 248.2583 0 0.835138 -0.55004
-7.15709 6.11011 248.2583 1 0 0
-7.41009 6.11011 248.2583 -1 0 0
-7.41009 6.11011 248.2583 0 0.835138 -0.55004
-13.12006 5.95303 248.13344 -0.837778 -0.546011 0
-13.12006 5.95303 248.13344 0 0 -1
-13.12006 5.95303 248.38644 -0.837778 -0.546011 0
-13.12006 5.95303 248.38644 0 0 1
-12.90326 6.08332 248.13344 0.837771 0.546022 0
-12.90326 6.08332 248.13344 0 0 -1
-12.90326 6.08332 248.38644 0 0 1
-12.90326 6.08332 248.38644 0.837771 0.546022 0
-10.55866 2.02292 248.13344 -0.837778 -0.546011 0
-10.55866 2.02292 248.13344 0 0 -1
-10.55866 2.02292 248.38644 -0.837778 -0.546011 0
-10.55866 2.02292 248.38644 0 0 1
-10.34178 2.1532 248.13344 0.837771 0.546022 0
-10.34178 2.1532 248.13344 0 0 -1
-10.34178 2.1532 248.38644 0 0 1
-10.34178 2.1532 248.38644 0.837771 0.546022 0
-7.31561 6.08332 248.13344 -0.837774 0.546018 0
-7.31561 6.08332 248.13344 0 0 -1
-7.31561 6.08332 248.38643 -0.837774 0.546018 0
-7.31561 6.08332 248.38643 0 0 1
-7.09878 5.95303 248.13344 0.837773 -0.546019 0
-7.09878 5.95303 248.13344 0 0 -1
-7.09878 5.95303 248.38643 0 0 1
-7.09878 5.95303 248.38643 0.837773 -0.546019 0
-9.87706 2.1532 248.13344 -0.837774 0.546018 0
-9.87706 2.1532 248.13344 0 0 -1
-9.87706 2.1532 248.38643 -0.837774 0.546018 0
-9.87706 2.1532 248.38643 0 0 1
-9.66023 2.02292 248.13344 0.837773 -0.546019 0
-9.66023 2.02292 248.13344 0 0 -1
-9.66023 2.02292 248.38643 0 0 1
-9.66023 2.02292 248.38643 0.837773 -0.546019 0
-7.13999 6.12532 242.31647 0.503949 0.863734 0
-7.13999 6.12532 242.31647 0 0 -1
-7.13999 6.12532 242.56947 0.503949 0.863734 0
-7.13999 6.12532 242.56947 0 0 1
-7.27441 5.91103 242.31647 -0.503943 -0.863737 0
-7.27441 5.91103 242.31647 0 0 -1
-7.27441 5.91103 242.56947 0 0 1
-7.27441 5.91103 242.56947 -0.503943 -0.863737 0
-12.86226 9.464 242.31647 0.503949 0.863734 0
-12.86226 9.464 242.31647 0 0 -1
-12.86226 9.464 242.56947 0.503949 0.863734 0
-12.86226 9.464 242.56947 0 0 1
-12.99676 9.24971 242.31647 -0.503943 -0.863737 0
-12.99676 9.24971 242.31647 0 0 -1
-12.99676 9.24971 242.56947 0 0 1
-12.99676 9.24971 242.56947 -0.503943 -0.863737 0
-7.15709 5.8746 242.70807 0 -0.859677 0.510838
-7.15709 5.8746 242.70807 1 0 0
-7.41009 5.8746 242.70807 0 -0.859677 0.510838
-7.41009 5.8746 242.70807 -1 0 0
-7.15709 6.08866 242.57327 0 0.859677 -0.510837
-7.15709 6.08866 242.57327 1 0 0
-7.41009 6.08866 242.57327 -1 0 0
-7.41009 6.08866 242.57327 0 0.859677 -0.510837
-7.15709 9.22533 248.34694 0 -0.859677 0.510838
-7.15709 9.22533 248.34694 1 0 0
-7.41009 9.22533 248.34694 0 -0.859677 0.510838
-7.41009 9.22533 248.34694 -1 0 0
-7.15709 9.43938 248.21213 0 0.859677 -0.510837
-7.15709 9.43938 248.21213 1 0 0
-7.41009 9.43938 248.21213 -1 0 0
-7.41009 9.43938 248.21213 0 0.859677 -0.510837
-12.79476 5.8746 242.70807 0 -0.859677 0.510838
-12.79476 5.8746 242.70807 1 0 0
-13.04776 5.8746 242.70807 0 -0.859677 0.510838
-13.04776 5.8746 242.70807 -1 0 0
-12.79476 6.08866 242.57327 0 0.859677 -0.510837
-12.79476 6.08866 242.57327 1 0 0
-13.04776 6.08866 242.57327 -1 0 0
-13.04776 6.08866 242.57327 0 0.859677 -0.510837
-12.79476 9.22533 248.34694 0 -0.859677 0.510838
-12.79476 9.22533 248.34694 1 0 0
-13.04776 9.22533 248.34694 0 -0.859677 0.510838
-13.04776 9.22533 248.34694 -1 0 0
-12.79476 9.43938 248.21213 0 0.859677 -0.510837
-12.79476 9.43938 248.21213 1 0 0
-13.04776 9.43938 248.21213 -1 0 0
-13.04776 9.43938 248.21213 0 0.859677 -0.510837
13.14236 5.78239 242.66074 0 0 1
13.14236 5.78239 242.66074 0 -1 0
13.14236 5.78239 242.30777 0 0 -1
13.14236 5.78239 242.30777 0 -1 0
13.14236 6.13535 242.30777 0 1 0
13.14236 6.13535 242.30777 0 0 -1
13.14236 6.13535 242.66074 0 0 1
13.14236 6.13535 242.66074 0 1 0
7.15803 5.78239 242.66074 0 0 1
7.15803 5.78239 242.66074 0 -1 0
7.15803 6.13535 242.66074 0 0 1
7.15803 6.13535 242.66074 0 1 0
7.15803 6.13535 242.30777 0 1 0
7.15803 6.13535 242.30777 0 0 -1
7.15803 5.78239 242.30777 0 0 -1
7.15803 5.78239 242.30777 0 -1 0
12.78866 5.77588 242.31517 0 -1 0
12.78866 5.77588 242.31517 -1 0 0
12.78866 6.12884 242.31517 0 1 0
12.78866 6.12884 242.31517 -1 0 0
13.14166 6.12884 242.31517 1 0 0
13.14166 6.12884 242.31517 0 1 0
13.14166 5.77588 242.31517 0 -1 0
13.14166 5.77588 242.31517 1 0 0
12.78866 5.77588 251.89059 0 -1 0
12.78866 5.77588 251.89059 -1 0 0
13.14166 5.77588 251.89059 0 -1 0
13.14166 5.77588 251.89059 1 0 0
13.14166 6.12884 251.89059 1 0 0
13.14166 6.12884 251.89059 0 1 0
12.78866 6.12884 251.89059 0 1 0
12.78866 6.12884 251.89059 -1 0 0
12.78866 1.89329 242.31517 0 -1 0
12.78866 1.89329 242.31517 -1 0 0
12.78866 2.24625 242.31517 0 1 0
12.78866 2.24625 242.31517 -1 0 0
13.14166 2.24625 242.31517 1 0 0
13.14166 2.24625 242.31517 0 1 0
13.14166 1.89329 242.31517 0 -1 0
13.14166 1.89329 242.31517 1 0 0
12.78866 1.89329 251.89059 0 -1 0
12.78866 1.89329 251.89059 -1 0 0
13.14166 1.89329 251.89059 0 -1 0
13.14166 1.89329 251.89059 1 0 0
13.14166 2.24625 251.89059 1 0 0
13.14166 2.24625 251.89059 0 1 0
12.78866 2.24625 251.89059 0 1 0
12.78866 2.24625 251.89059 -1 0 0
12.78866 0.371933 242.64459 0 0 1
12.78866 0.371933 242.64459 -1 1.05102e-07 0
12.78866 0.371933 242.29163 0 0 -1
12.78866 0.371933 242.29163 -1 1.05102e-07 0
13.14166 0.371933 242.29163 1 0 0
13.14166 0.371933 242.29163 0 0 -1
13.14166 0.371933 242.64459 0 0 1
13.14166 0.371933 242.64459 1 0 0
12.78866 9.44577 242.64459 0 0 1
12.78866 9.44577 242.64459 -1 1.05102e-07 0
13.14166 9.44577 242.64459 0 0 1
13.14166 9.44577 242.64459 1 0 0
13.14166 9.44577 242.29163 1 0 0
13.14166 9.44577 242.29163 0 0 -1
12.78866 9.44577 242.29163 0 0 -1
12.78866 9.44577 242.29163 -1 1.05102e-07 0
12.78866 0.371933 248.43698 0 0 1
12.78866 0.371933 248.43698 -1 1.05102e-07 0
12.78866 0.371933 248.08401 0 0 -1
12.78866 0.371933 248.08401 -1 1.05102e-07 0
13.14166 0.371933 248.08401 1 0 0
13.14166 0.371933 248.08401 0 0 -1
13.14166 0.371933 248.43698 0 0 1
13.14166 0.371933 248.43698 1 0 0
12.78866 9.44577 248.43698 0 0 1
12.78866 9.44577 248.43698 -1 1.05102e-07 0
13.14166 9.44577 248.43698 0 0 1
13.14166 9.44577 248.43698 1 0 0
13.14166 9.44577 248.08401 1 0 0
13.14166 9.44577 248.08401 0 0 -1
12.78866 9.44577 248.08401 0 0 -1
12.78866 9.44577 248.08401 -1 1.05102e-07 0
12.78866 1.89945 251.91142 -1 0 0
12.78866 1.89945 251.55847 0 0 -1
12.78866 1.89945 251.55847 -1 0 0
13.14166 1.89945 251.55847 1 0 0
13.14166 1.89945 251.55847 0 0 -1
13.14166 1.89945 251.91142 1 0 0
12.78866 6.12539 251.91142 -1 0 0
13.14166 6.12539 251.91142 1 0 0
13.14166 6.12539 251.55847 1 0 0
13.14166 6.12539 251.55847 0 0 -1
12.78866 6.12539 251.55847 0 0 -1
12.78866 6.12539 251.55847 -1 0 0
7.12755 5.77588 242.31517 0 -1 0
7.12755 5.77588 242.31517 -1 0 0
7.12755 6.12884 242.31517 0 1 0
7.12755 6.12884 242.31517 -1 0 0
7.48051 6.12884 242.31517 1 0 0
7.48051 6.12884 242.31517 0 1 0
7.48051 5.77588 242.31517 0 -1 0
7.48051 5.77588 242.31517 1 0 0
7.12755 5.77588 251.89058 0 -1 0
7.12755 5.77588 251.89058 -1 0 0
7.48051 5.77588 251.89058 0 -1 0
7.48051 5.77588 251.89058 1 0 0
7.48051 6.12884 251.89058 1 0 0
7.48051 6.12884 251.89058 0 1 0
7.12755 6.12884 251.89058 0 1 0
7.12755 6.12884 251.89058 -1 0 0
7.12755 1.89329 242.31517 0 -1 0
7.12755 1.89329 242.31517 -1 0 0
7.12755 2.24625 242.31517 0 1 0
7.12755 2.24625 242.31517 -1 0 0
7.48051 2.24625 242.31517 1 0 0
7.48051 2.24625 242.31517 0 1 0
7.48051 1.89329 242.31517 0 -1 0
7.48051 1.89329 242.31517 1 0 0
7.12755 1.89329 251.89058 0 -1 0
7.12755 1.89329 251.89058 -1 0 0
7.48051 1.89329 251.89058 0 -1 0
7.48051 1.89329 251.89058 1 0 0
7.48051 2.24625 251.89058 1 0 0
7.48051 2.24625 251.89058 0 1 0
7.12755 2.24625 251.89058 0 1 0
7.12755 2.24625 251.89058 -1 0 0
7.12755 1.89945 242.64459 0 0 1
7.12755 1.89945 242.64459 -1 0 0
7.12755 1.89945 242.29161 0 0 -1
7.12755 1.89945 242.29161 -1 0 0
7.48051 1.89945 242.29161 1 0 0
7.48051 1.89945 242.29161 0 0 -1
7.48051 1.89945 242.64459 0 0 1
7.48051 1.89945 242.64459 1 0 0
7.12755 9.44577 242.64459 0 0 1
7.12755 9.44577 242.64459 -1 0 0
7.48051 9.44577 242.64459 0 0 1
7.48051 9.44577 242.64459 1 0 0
7.48051 9.44577 242.29161 1 0 0
7.48051 9.44577 242.29161 0 0 -1
7.12755 9.44577 242.29161 0 0 -1
7.12755 9.44577 242.29161 -1 0 0
7.12755 1.89945 248.43698 0 0 1
7.12755 1.89945 248.43698 -1 0 0
7.12755 1.89945 248.08401 0 0 -1
7.12755 1.89945 248.08401 -1 0 0
7.48051 1.89945 248.08401 1 0 0
7.48051 1.89945 248.08401 0 0 -1
7.48051 1.89945 248.43698 0 0 1
7.48051 1.89945 248.43698 1 0 0
7.12755 9.44577 248.43698 0 0 1
7.12755 9.44577 248.43698 -1 0 0
7.48051 9.44577 248.43698 0 0 1
7.48051 9.44577 248.43698 1 0 0
7.48051 9.44577 248.08401 1 0 0
7.48051 9.44577 248.08401 0 0 -1
7.12755 9.44577 248.08401 0 0 -1
7.12755 9.44577 248.08401 -1 0 0
7.12755 1.89945 251.91142 -1 0 0
7.12755 1.89945 251.55847 0 0 -1
7.12755 1.89945 251.55847 -1 0 0
7.48051 1.89945 251.55847 1 0 0
7.48051 1.89945 251.55847 0 0 -1
7.48051 1.89945 251.91142 1 0 0
7.12755 6.12539 251.91142 -1 0 0
7.48051 6.12539 251.91142 1 0 0
7.48051 6.12539 251.55847 1 0 0
7.48051 6.12539 251.55847 0 0 -1
7.12755 6.12539 251.55847 0 0 -1
7.12755 6.12539 251.55847 -1 0 0
13.14236 1.89364 248.43698 0 0 1
13.14236 1.89364 248.43698 0 -1 0
13.14236 1.89364 248.08401 0 0 -1
13.14236 1.89364 248.08401 0 -1 0
13.14236 2.2466 248.08401 0 1 0
13.14236 2.2466 248.08401 0 0 -1
13.14236 2.2466 248.43698 0 0 1
13.14236 2.2466 248.43698 0 1 0
7.15803 1.89364 248.43698 0 0 1
7.15803 1.89364 248.43698 0 -1 0
7.15803 2.2466 248.43698 0 0 1
7.15803 2.2466 248.43698 0 1 0
7.15803 2.2466 248.08401 0 1 0
7.15803 2.2466 248.08401 0 0 -1
7.15803 1.89364 248.08401 0 0 -1
7.15803 1.89364 248.08401 0 -1 0
13.14236 1.89364 242.66074 0 0 1
13.14236 1.89364 242.66074 0 -1 0
13.14236 1.89364 242.30777 0 0 -1
13.14236 1.89364 242.30777 0 -1 0
13.14236 2.2466 242.30777 0 1 0
13.14236 2.2466 242.30777 0 0 -1
13.14236 2.2466 242.66074 0 0 1
13.14236 2.2466 242.66074 0 1 0
7.15803 1.89364 242.66074 0 0 1
7.15803 1.89364 242.66074 0 -1 0
7.15803 2.2466 242.66074 0 0 1
7.15803 2.2466 242.66074 0 1 0
7.15803 2.2466 242.30777 0 1 0
7.15803 2.2466 242.30777 0 0 -1
7.15803 1.89364 242.30777 0 0 -1
7.15803 1.89364 242.30777 0 -1 0
13.14236 1.89364 251.90132 0 0 1
13.14236 1.89364 251.90132 0 -1 0
13.14236 1.89364 251.54836 0 0 -1
13.14236 1.89364 251.54836 0 -1 0
13.14236 2.2466 251.54836 0 1 0
13.14236 2.2466 251.54836 0 0 -1
13.14236 2.2466 251.90132 0 0 1
13.14236 2.2466 251.90132 0 1 0
7.15803 1.89364 251.90132 0 0 1
7.15803 1.89364 251.90132 0 -1 0
7.15803 2.2466 251.90132 0 0 1
7.15803 2.2466 251.90132 0 1 0
7.15803 2.2466 251.54836 0 1 0
7.15803 2.2466 251.54836 0 0 -1
7.15803 1.89364 251.54836 0 0 -1
7.15803 1.89364 251.54836 0 -1 0
12.83516 2.35057 251.68262 0 0.670293 0.742097
12.83516 2.35057 251.68262 -1 0 0
12.83516 2.16707 251.50848 0 -0.670292 -0.742098
12.83516 2.16707 251.50848 -1 0 0
13.08816 2.16707 251.50848 1 0 0
13.08816 2.16707 251.50848 0 -0.670292 -0.742098
13.08816 2.35057 251.68262 0 0.670293 0.742097
13.08816 2.35057 251.68262 1 0 0
12.83516 5.95754 248.42465 0 0.670293 0.742097
12.83516 5.95754 248.42465 -1 0 0
13.08816 5.95754 248.42465 0 0.670293 0.742097
13.08816 5.95754 248.42465 1 0 0
13.08816 5.77405 248.25052 1 0 0
13.08816 5.77405 248.25052 0 -0.670292 -0.742098
12.83516 5.77405 248.25052 0 -0.670292 -0.742098
12.83516 5.77405 248.25052 -1 0 0
7.19749 2.35057 251.6826 0 0.670291 0.742098
7.19749 2.35057 251.6826 -1 0 0
7.19749 2.16707 251.50848 0 -0.670292 -0.742098
7.19749 2.16707 251.50848 -1 0 0
7.45049 2.16707 251.50848 1 0 0
7.45049 2.16707 251.50848 0 -0.670292 -0.742098
7.45049 2.35057 251.6826 0 0.670291 0.742098
7.45049 2.35057 251.6826 1 0 0
7.19749 5.95754 248.42465 0 0.670291 0.742098
7.19749 5.95754 248.42465 -1 0 0
7.45049 5.95754 248.42465 0 0.670291 0.742098
7.45049 5.95754 248.42465 1 0 0
7.45049 5.77405 248.25052 1 0 0
7.45049 5.77405 248.25052 0 -0.670292 -0.742098
7.19749 5.77405 248.25052 0 -0.670292 -0.742098
7.19749 5.77405 248.25052 -1 0 0
7.35601 6.08332 242.32745 0.837774 0.546018 0
7.35601 6.08332 242.32745 0 0 -1
7.13918 5.95303 242.32745 -0.837773 -0.546019 0
7.13918 5.95303 242.32745 0 0 -1
7.13918 5.95303 242.58046 0 0 1
7.13918 5.95303 242.58046 -0.837773 -0.546019 0
7.35601 6.08332 242.58046 0.837774 0.546018 0
7.35601 6.08332 242.58046 0 0 1
9.91746 2.1532 242.32745 0.837774 0.546018 0
9.91746 2.1532 242.32745 0 0 -1
9.91746 2.1532 242.58046 0.837774 0.546018 0
9.91746 2.1532 242.58046 0 0 1
9.70063 2.02292 242.58046 0 0 1
9.70063 2.02292 242.58046 -0.837773 -0.546019 0
9.70063 2.02292 242.32745 -0.837773 -0.546019 0
9.70063 2.02292 242.32745 0 0 -1
12.83516 2.15509 242.71304 0 -0.835138 0.55004
12.83516 2.15509 242.71304 -1 0 0
12.83516 2.36255 242.5683 0 0.835138 -0.55004
12.83516 2.36255 242.5683 -1 0 0
13.08816 2.36255 242.5683 1 0 0
13.08816 2.36255 242.5683 0 0.835138 -0.55004
13.08816 2.15509 242.71304 0 -0.835138 0.55004
13.08816 2.15509 242.71304 1 0 0
12.83516 5.90264 248.40303 0 -0.835138 0.55004
12.83516 5.90264 248.40303 -1 0 0
13.08816 5.90264 248.40303 0 -0.835138 0.55004
13.08816 5.90264 248.40303 1 0 0
13.08816 6.11011 248.2583 1 0 0
13.08816 6.11011 248.2583 0 0.835138 -0.55004
12.83516 6.11011 248.2583 0 0.835138 -0.55004
12.83516 6.11011 248.2583 -1 0 0
13.16046 5.95303 242.32745 0.837778 -0.546011 0
13.16046 5.95303 242.32745 0 0 -1
12.94366 6.08332 242.32745 -0.837769 0.546025 0
12.94366 6.08332 242.32745 0 0 -1
12.94366 6.08332 242.58046 0 0 1
12.94366 6.08332 242.58046 -0.837769 0.546025 0
13.16046 5.95303 242.58046 0.837778 -0.546011 0
13.16046 5.95303 242.58046 0 0 1
10.59906 2.02292 242.32745 0.837778 -0.546011 0
10.59906 2.02292 242.32745 0 0 -1
10.59906 2.02292 242.58046 0.837778 -0.546011 0
10.59906 2.02292 242.58046 0 0 1
10.38216 2.1532 242.58046 0 0 1
10.38216 2.1532 242.58046 -0.837769 0.546025 0
10.38216 2.1532 242.32745 -0.837769 0.546025 0
10.38216 2.1532 242.32745 0 0 -1
7.19749 2.15509 242.71304 0 -0.835138 0.55004
7.19749 2.15509 242.71304 -1 0 0
7.19749 2.36255 242.5683 0 0.835138 -0.55004
7.19749 2.36255 242.5683 -1 0 0
7.45049 2.36255 242.5683 1 0 0
7.45049 2.36255 242.5683 0 0.835138 -0.55004
7.45049 2.15509 242.71304 0 -0.835138 0.55004
7.45049 2.15509 242.71304 1 0 0
7.19749 5.90264 248.40303 0 -0.835138 0.55004
7.19749 5.90264 248.40303 -1 0 0
7.45049 5.90264 248.40303 0 -0.835138 0.55004
7.45049 5.90264 248.40303 1 0 0
7.45049 6.11011 248.2583 1 0 0
7.45049 6.11011 248.2583 0 0.835138 -0.55004
7.19749 6.11011 248.2583 0 0.835138 -0.55004
7.19749 6.11011 248.2583 -1 0 0
13.16046 5.95303 248.13344 0.837778 -0.546011 0
13.16046 5.95303 248.13344 0 0 -1
12.94366 6.08332 248.13344 -0.837769 0.546025 0
12.94366 6.08332 248.13344 0 0 -1
12.94366 6.08332 248.38644 0 0 1
12.94366 6.08332 248.38644 -0.837769 0.546025 0
13.16046 5.95303 248.38644 0.837778 -0.546011 0
13.16046 5.95303 248.38644 0 0 1
10.59906 2.02292 248.13344 0.837778 -0.546011 0
10.59906 2.02292 248.13344 0 0 -1
10.59906 2.02292 248.38644 0.837778 -0.546011 0
10.59906 2.02292 248.38644 0 0 1
10.38216 2.1532 248.38644 0 0 1
10.38216 2.1532 248.38644 -0.837769 0.546025 0
10.38216 2.1532 248.13344 -0.837769 0.546025 0
10.38216 2.1532 248.13344 0 0 -1
7.35601 6.08332 248.13344 0.837774 0.546018 0
7.35601 6.08332 248.13344 0 0 -1
7.13918 5.95303 248.13344 -0.837773 -0.546019 0
7.13918 5.95303 248.13344 0 0 -1
7.13918 5.95303 248.38643 0 0 1
7.13918 5.95303 248.38643 -0.837773 -0.546019 0
7.35601 6.08332 248.38643 0.837774 0.546018 0
7.35601 6.08332 248.38643 0 0 1
9.91746 2.1532 248.13344 0.837774 0.546018 0
9.91746 2.1532 248.13344 0 0 -1
9.91746 2.1532 248.38643 0.837774 0.546018 0
9.91746 2.1532 248.38643 0 0 1
9.70063 2.02292 248.38643 0 0 1
9.70063 2.02292 248.38643 -0.837773 -0.546019 0
9.70063 2.02292 248.13344 -0.837773 -0.546019 0
9.70063 2.02292 248.13344 0 0 -1
7.18039 6.12532 242.31647 -0.503949 0.863734 0
7.18039 6.12532 242.31647 0 0 -1
7.31481 5.91103 242.31647 0.503943 -0.863737 0
7.31481 5.91103 242.31647 0 0 -1
7.31481 5.91103 242.56947 0 0 1
7.31481 5.91103 242.56947 0.503943 -0.863737 0
7.18039 6.12532 242.56947 -0.503949 0.863734 0
7.18039 6.12532 242.56947 0 0 1
12.90266 9.464 242.31647 -0.503949 0.863734 0
12.90266 9.464 242.31647 0 0 -1
12.90266 9.464 242.56947 -0.503949 0.863734 0
12.90266 9.464 242.56947 0 0 1
13.03716 9.24971 242.56947 0 0 1
13.03716 9.24971 242.56947 0.503943 -0.863737 0
13.03716 9.24971 242.31647 0.503943 -0.863737 0
13.03716 9.24971 242.31647 0 0 -1
7.19749 5.8746 242.70807 0 -0.859677 0.510838
7.19749 5.8746 242.70807 -1 0 0
7.19749 6.08866 242.57327 0 0.859677 -0.510837
7.19749 6.08866 242.57327 -1 0 0
7.45049 6.08866 242.57327 1 0 0
7.45049 6.08866 242.57327 0 0.859677 -0.510837
7.45049 5.8746 242.70807 0 -0.859677 0.510838
7.45049 5.8746 242.70807 1 0 0
7.19749 9.22533 248.34694 0 -0.859677 0.510838
7.19749 9.22533 248.34694 -1 0 0
7.45049 9.22533 248.34694 0 -0.859677 0.510838
7.45049 9.22533 248.34694 1 0 0
7.45049 9.43938 248.21213 1 0 0
7.45049 9.43938 248.21213 0 0.859677 -0.510837
7.19749 9.43938 248.21213 0 0.859677 -0.510837
7.19749 9.43938 248.21213 -1 0 0
12.83516 5.8746 242.70807 0 -0.859677 0.510838
12.83516 5.8746 242.70807 -1 0 0
12.83516 6.08866 242.57327 0 0.859677 -0.510837
12.83516 6.08866 242.57327 -1 0 0
13.08816 6.08866 242.57327 1 0 0
13.08816 6.08866 242.57327 0 0.859677 -0.510837
13.08816 5.8746 242.70807 0 -0.859677 0.510838
13.08816 5.8746 242.70807 1 0 0
12.83516 9.22533 248.34694 0 -0.859677 0.510838
12.83516 9.22533 248.34694 -1 0 0
13.08816 9.22533 248.34694 0 -0.859677 0.510838
13.08816 9.22533 248.34694 1 0 0
13.08816 9.43938 248.21213 1 0 0
13.08816 9.43938 248.21213 0 0.859677 -0.510837
12.83516 9.43938 248.21213 0 0.859677 -0.510837
12.83516 9.43938 248.21213 -1 0 0
0 10 2
10 0 8
3 14 6
14 3 11
7 12 4
12 7 15
5 9 1
9 5 13
16 26 18
26 16 24
19 30 22
30 19 27
23 28 20
28 23 31
21 25 17
25 21 29
32 42 34
42 32 40
35 46 38
46 35 43
39 44 36
44 39 47
37 41 33
41 37 45
48 58 50
58 48 56
51 62 54
62 51 59
55 60 52
60 55 63
53 57 49
57 53 61
64 74 66
74 64 72
67 78 70
78 67 75
71 76 68
76 71 79
69 73 65
73 69 77
81 90 84
90 81 87
85 88 82
88 85 91
83 86 80
86 83 89
92 102 94
102 92 100
95 106 98
106 95 103
99 104 96
104 99 107
97 101 93
101 97 105
108 118 110
118 108 116
111 122 114
122 111 119
115 120 112
120 115 123
113 117 109
117 113 121
124 134 126
134 124 132
127 138 130
138 127 135
131 136 128
136 131 139
129 133 125
133 129 137
140 150 142
150 140 148
143 154 146
154 143 151
147 152 144
152 147 155
145 149 141
149 145 153
157 166 160
166 157 163
161 164 158
164 161 167
159 162 156
162 159 165
168 178 170
178 168 176
171 182 174
182 171 179
175 180 172
180 175 183
173 177 169
177 173 181
184 194 186
194 184 192
187 198 190
198 187 195
191 196 188
196 191 199
189 193 185
193 189 197
200 210 202
210 200 208
203 214 206
214 203 211
207 212 204
212 207 215
205 209 201
209 205 213
216 226 218
226 216 224
219 230 222
230 219 227
223 228 220
228 223 231
221 225 217
225 221 229
232 242 234
242 232 240
235 246 238
246 235 243
239 244 236
244 239 247
237 241 233
241 237 245
248 258 250
258 248 256
251 262 254
262 251 259
255 260 252
260 255 263
253 257 249
257 253 261
264 274 266
274 264 272
267 278 270
278 267 275
271 276 268
276 271 279
269 273 265
273 269 277
280 290 282
290 280 288
283 294 286
294 283 291
287 292 284
292 287 295
285 289 281
289 285 293
296 306 298
306 296 304
299 310 302
310 299 307
303 308 300
308 303 311
301 305 297
305 301 309
312 322 314
322 312 320
315 326 318
326 315 323
319 324 316
324 319 327
317 321 313
321 317 325
328 338 330
338 328 336
331 342 334
342 331 339
335 340 332
340 335 343
333 337 329
337 333 341
344 354 346
354 344 352
347 358 350
358 347 355
351 356 348
356 351 359
349 353 345
353 349 357
360 370 362
370 360 368
363 374 366
374 363 371
367 372 364
372 367 375
365 369 361
369 365 373
376 386 378
386 376 384
379 390 382
390 379 387
383 388 380
388 383 391
381 385 377
385 381 389
398 402 392
400 392 402
396 404 399
403 399 404
394 406 397
405 397 406
393 401 395
407 395 401
414 418 408
416 408 418
412 420 415
419 415 420
410 422 413
421 413 422
409 417 411
423 411 417
430 434 424
432 424 434
428 436 431
435 431 436
426 438 429
437 429 438
425 433 427
439 427 433
446 450 440
448 440 450
444 452 447
451 447 452
442 454 445
453 445 454
441 449 443
455 443 449
462 466 456
464 456 466
460 468 463
467 463 468
458 470 461
469 461 470
457 465 459
471 459 465
475 480 477
479 477 480
473 482 476
481 476 482
472 478 474
483 474 478
490 494 484
492 484 494
488 496 491
495 491 496
486 498 489
497 489 498
485 493 487
499 487 493
506 510 500
508 500 510
504 512 507
511 507 512
502 514 505
513 505 514
501 509 503
515 503 509
522 526 516
524 516 526
520 528 523
527 523 528
518 530 521
529 521 530
517 525 519
531 519 525
538 542 532
540 532 542
536 544 539
543 539 544
534 546 537
545 537 546
533 541 535
547 535 541
551 556 553
555 553 556
549 558 552
557 552 558
548 554 550
559 550 554
566 570 560
568 560 570
564 572 567
571 567 572
562 574 565
573 565 574
561 569 563
575 563 569
582 586 576
584 576 586
580 588 583
587 583 588
578 590 581
589 581 590
577 585 579
591 579 585
598 602 592
600 592 602
596 604 599
603 599 604
594 606 597
605 597 606
593 601 595
607 595 601
614 618 608
616 608 618
612 620 615
619 615 620
610 622 613
621 613 622
609 617 611
623 611 617
630 634 624
632 624 634
628 636 631
635 631 636
626 638 629
637 629 638
625 633 627
639 627 633
646 650 640
648 640 650
644 652 647
651 647 652
642 654 645
653 645 654
641 649 643
655 643 649
662 666 656
664 656 666
660 668 663
667 663 668
658 670 661
669 661 670
657 665 659
671 659 665
678 682 672
680 672 682
676 684 679
683 679 684
674 686 677
685 677 686
673 681 675
687 675 681
694 698 688
696 688 698
692 700 695
699 695 700
690 702 693
701 693 702
689 697 691
703 691 697
710 714 704
712 704 714
708 716 711
715 711 716
706 718 709
717 709 718
705 713 707
719 707 713
726 730 720
728 720 730
724 732 727
731 727 732
722 734 725
733 725 734
721 729 723
735 723 729
742 746 736
744 736 746
740 748 743
747 743 748
738 750 741
749 741 750
737 745 739
751 739 745
758 762 752
760 752 762
756 764 759
763 759 764
754 766 757
765 757 766
753 761 755
767 755 761
774 778 768
776 768 778
772 780 775
779 775 780
770 782 773
781 773 782
769 777 771
783 771 777
LABEL drive
MATERIAL 5
TEXTURE 0
GEOM 5328 4776
-6.53869 0.26 255.62971 -1 0 0
-6.2847 -4.32316e-07 255.17941 1 0 0
-6.53869 0.0696663 254.91942 -1 0 0
-6.2847 0.0696663 254.91942 1 0 0
-6.2847 0.52 254.65942 1 0 0
-6.53869 0.970333 252.12885 -1 0 0
-6.2847 0.970333 252.12885 1 0 0
-6.53869 0.970333 252.64885 -1 0 0
-6.2847 0.779999 252.83917 1 0 0
-6.53869 0.519999 252.90883 -1 0 0
-6.2847 0.519999 252.90883 1 0 0
-6.53869 0.26 252.83917 -1 0 0
11.14996 0.78 246.96449 -1 0 0
11.40396 0.78 246.96449 1 0 0
11.14996 0.970333 247.15482 -1 0 0
11.40396 1.04 247.41481 1 0 0
11.14996 0.779999 247.86514 -1 0 0
11.14996 0.26 247.86514 -1 0 0
11.40396 0.26 247.86514 1 0 0
11.14996 0.0696663 247.15482 -1 0 0
11.40396 0.0696663 247.15482 1 0 0
11.14996 0.26 246.96448 -1 0 0
11.40396 0.970333 247.15482 1 0 0
11.14996 1.04 247.41481 -1 0 0
11.14996 0.970333 247.67482 -1 0 0
11.40396 0.970333 247.67482 1 0 0
11.40396 0.779999 247.86514 1 0 0
11.14996 0.519999 247.93481 -1 0 0
11.40396 0.519999 247.93481 1 0 0
11.14996 0.0696664 247.67482 -1 0 0
11.40396 0.0696664 247.67482 1 0 0
11.14996 -4.32316e-07 247.41481 -1 0 0
11.40396 -4.32316e-07 247.41481 1 0 0
11.40396 0.26 246.96448 1 0 0
11.14996 0.52 246.89482 -1 0 0
11.40396 0.52 246.89482 1 0 0
11.40396 0.78 248.65585 1 0 0
11.14996 0.970333 248.84619 -1 0 0
11.14996 1.04 249.10619 -1 0 0
11.40396 1.04 249.10619 1 0 0
11.14996 0.970333 249.36618 -1 0 0
11.40396 0.970333 249.36618 1 0 0
11.40396 0.779999 249.55652 1 0 0
11.14996 0.519999 249.62619 -1 0 0
11.40396 0.519999 249.62619 1 0 0
11.40396 0.0696664 249.36618 1 0 0
11.14996 -4.32316e-07 249.10619 -1 0 0
11.14996 0.0696663 248.84618 -1 0 0
11.40396 0.0696663 248.84618 1 0 0
11.14996 0.52 248.58618 -1 0 0
11.40396 0.52 248.58618 1 0 0
11.14996 0.78 248.65585 -1 0 0
11.40396 0.970333 248.84619 1 0 0
11.14996 0.779999 249.55652 -1 0 0
11.14996 0.26 249.55652 -1 0 0
11.40396 0.26 249.55652 1 0 0
11.14996 0.0696664 249.36618 -1 0 0
11.40396 -4.32316e-07 249.10619 1 0 0
11.14996 0.26 248.65585 -1 0 0
11.40396 0.26 248.65585 1 0 0
11.14996 1.04 246.31566 -1 0 0
11.40396 1.04 246.31566 1 0 0
11.40396 0.970333 246.57565 1 0 0
11.14996 0.519999 246.83566 -1 0 0
11.40396 0.519999 246.83566 1 0 0
11.14996 0.26 246.76599 -1 0 0
11.14996 0.26 245.86533 -1 0 0
11.14996 0.52 245.79565 -1 0 0
11.40396 0.52 245.79565 1 0 0
11.14996 0.78 245.86533 -1 0 0
11.40396 0.78 245.86533 1 0 0
11.14996 0.970333 246.05565 -1 0 0
11.40396 0.970333 246.05565 1 0 0
11.14996 0.970333 246.57565 -1 0 0
11.14996 0.779999 246.76599 -1 0 0
11.40396 0.779999 246.76599 1 0 0
11.40396 0.26 246.76599 1 0 0
11.14996 0.0696664 246.57565 -1 0 0
11.40396 0.0696664 246.57565 1 0 0
11.14996 -4.32316e-07 246.31566 -1 0 0
11.40396 -4.32316e-07 246.31566 1 0 0
11.14996 0.0696663 246.05565 -1 0 0
11.40396 0.0696663 246.05565 1 0 0
11.40396 0.26 245.86533 1 0 0
11.40396 0.78 249.75502 1 0 0
11.14996 0.970333 249.94534 -1 0 0
11.40396 0.970333 249.94534 1 0 0
11.14996 0.970333 250.46535 -1 0 0
11.40396 0.970333 250.46535 1 0 0
11.14996 0.519999 250.72534 -1 0 0
11.40396 0.519999 250.72534 1 0 0
11.40396 0.26 250.65567 1 0 0
11.14996 0.0696664 250.46535 -1 0 0
11.40396 0.0696664 250.46535 1 0 0
11.14996 -4.32316e-07 250.20535 -1 0 0
11.40396 0.26 249.755 1 0 0
11.14996 0.52 249.68535 -1 0 0
11.14996 0.78 249.75502 -1 0 0
11.14996 1.04 250.20535 -1 0 0
11.40396 1.04 250.20535 1 0 0
11.14996 0.779999 250.65567 -1 0 0
11.40396 0.779999 250.65567 1 0 0
11.14996 0.26 250.65567 -1 0 0
11.40396 -4.32316e-07 250.20535 1 0 0
11.14996 0.0696663 249.94534 -1 0 0
11.40396 0.0696663 249.94534 1 0 0
11.14996 0.26 249.755 -1 0 0
11.40396 0.52 249.68535 1 0 0
9.68402 1.94069 248.00035 -0.866034 0 -0.499985
9.87446 1.94069 247.80991 -0.499998 0 -0.866027
10.13461 1.94069 247.7402 3.6586e-17 0 -1
10.65496 1.94069 248.2605 1 0 7.33158e-06
10.58526 1.94069 248.52063 0.866032 0 0.499989
10.13461 1.38571 248.78082 0 0 1
10.39476 1.38571 248.71114 0.499975 0 0.86604
10.39476 1.94069 248.71114 0.499975 0 0.86604
10.58526 1.38571 248.52063 0.866032 0 0.499989
10.65496 1.38571 248.2605 1 0 7.33158e-06
10.58526 1.38571 248.00035 0.865995 0 -0.500052
10.58526 1.94069 248.00035 0.865995 0 -0.500052
10.39476 1.94069 247.80991 0.49993 0 -0.866066
10.39476 1.38571 247.80991 0.49993 0 -0.866066
10.13461 1.38571 247.7402 -3.6586e-17 0 -1
9.61432 1.38571 248.2605 -1 0 7.33167e-06
9.68402 1.94069 248.52063 -0.86607 0 0.499922
9.68402 1.38571 248.52063 -0.86607 0 0.499922
9.87446 1.94069 248.71114 -0.500044 0 0.866
9.87446 1.38571 248.71114 -0.500044 0 0.866
10.13461 1.94069 248.78082 0 0 1
9.87446 1.38571 247.80991 -0.499998 0 -0.866027
9.68402 1.38571 248.00035 -0.866034 0 -0.499985
9.61432 1.94069 248.2605 -1 0 7.33167e-06
9.11927 0.52 249.68535 1 0 0
8.86527 0.52 249.68535 -1 0 0
9.11927 -4.32316e-07 250.20535 1 0 0
8.86527 0.26 250.65567 -1 0 0
8.86527 0.519999 250.72534 -1 0 0
8.86527 0.779999 250.65567 -1 0 0
8.86527 0.970333 250.46535 -1 0 0
9.11927 1.04 250.20535 1 0 0
8.86527 0.970333 249.94534 -1 0 0
9.11927 0.78 249.75502 1 0 0
8.86527 0.78 249.75502 -1 0 0
9.11927 0.26 249.755 1 0 0
8.86527 0.26 249.755 -1 0 0
9.11927 0.0696663 249.94534 1 0 0
8.86527 0.0696663 249.94534 -1 0 0
8.86527 -4.32316e-07 250.20535 -1 0 0
9.11927 0.0696664 250.46535 1 0 0
8.86527 0.0696664 250.46535 -1 0 0
9.11927 0.26 250.65567 1 0 0
9.11927 0.519999 250.72534 1 0 0
9.11927 0.779999 250.65567 1 0 0
9.11927 0.970333 250.46535 1 0 0
8.86527 1.04 250.20535 -1 0 0
9.11927 0.970333 249.94534 1 0 0
9.11927 0.52 245.79565 1 0 0
9.11927 0.26 245.86533 1 0 0
8.86527 0.26 245.86533 -1 0 0
8.86527 -4.32316e-07 246.31566 -1 0 0
9.11927 0.0696664 246.57565 1 0 0
8.86527 0.0696664 246.57565 -1 0 0
9.11927 0.26 246.76599 1 0 0
8.86527 0.26 246.76599 -1 0 0
8.86527 0.519999 246.83566 -1 0 0
8.86527 0.779999 246.76599 -1 0 0
9.11927 0.970333 246.57565 1 0 0
8.86527 1.04 246.31566 -1 0 0
9.11927 0.970333 246.05565 1 0 0
9.11927 0.78 245.86533 1 0 0
8.86527 0.52 245.79565 -1 0 0
9.11927 0.0696663 246.05565 1 0 0
8.86527 0.0696663 246.05565 -1 0 0
9.11927 -4.32316e-07 246.31566 1 0 0
9.11927 0.519999 246.83566 1 0 0
9.11927 0.779999 246.76599 1 0 0
8.86527 0.970333 246.57565 -1 0 0
9.11927 1.04 246.31566 1 0 0
8.86527 0.970333 246.05565 -1 0 0
8.86527 0.78 245.86533 -1 0 0
9.11927 0.52 248.58618 1 0 0
8.86527 0.52 248.58618 -1 0 0
9.11927 0.26 248.65585 1 0 0
9.11927 0.0696663 248.84618 1 0 0
8.86527 0.0696663 248.84618 -1 0 0
9.11927 0.26 249.55652 1 0 0
9.11927 0.779999 249.55652 1 0 0
8.86527 0.779999 249.55652 -1 0 0
9.11927 0.970333 249.36618 1 0 0
8.86527 1.04 249.10619 -1 0 0
9.11927 0.970333 248.84619 1 0 0
8.86527 0.970333 248.84619 -1 0 0
8.86527 0.78 248.65585 -1 0 0
8.86527 0.26 248.65585 -1 0 0
9.11927 -4.32316e-07 249.10619 1 0 0
8.86527 -4.32316e-07 249.10619 -1 0 0
9.11927 0.0696664 249.36618 1 0 0
8.86527 0.0696664 249.36618 -1 0 0
8.86527 0.26 249.55652 -1 0 0
9.11927 0.519999 249.62619 1 0 0
8.86527 0.519999 249.62619 -1 0 0
8.86527 0.970333 249.36618 -1 0 0
9.11927 1.04 249.10619 1 0 0
9.11927 0.78 248.65585 1 0 0
8.86527 0.52 246.89482 -1 0 0
8.86527 0.26 246.96448 -1 0 0
9.11927 0.0696663 247.15482 1 0 0
9.11927 -4.32316e-07 247.41481 1 0 0
9.11927 0.0696664 247.67482 1 0 0
9.11927 0.519999 247.93481 1 0 0
8.86527 0.519999 247.93481 -1 0 0
9.11927 0.779999 247.86514 1 0 0
11.13456 1.38527 252.3636 1 0 0
9.13464 1.38527 257.41162 -1 0 0
9.13464 1.38527 252.3636 -1 0 0
11.13456 0.231491 252.3636 1 0 0
11.13456 0.231491 257.41162 1 0 0
9.13464 0.231491 257.41162 -1 0 0
11.13456 1.38527 257.41162 1 0 0
9.13464 0.231491 252.3636 -1 0 0
8.86527 0.78 253.59158 -1 0 0
9.11927 0.78 253.59158 1 0 0
9.11927 0.970333 253.78191 1 0 0
8.86527 1.04 254.0419 -1 0 0
8.86527 0.970333 254.30191 -1 0 0
8.86527 0.779999 254.49225 -1 0 0
8.86527 0.26 254.49225 -1 0 0
9.11927 0.26 254.49225 1 0 0
8.86527 0.970333 253.78191 -1 0 0
9.11927 1.04 254.0419 1 0 0
9.11927 0.970333 254.30191 1 0 0
9.11927 0.779999 254.49225 1 0 0
8.86527 0.519999 254.5619 -1 0 0
9.11927 0.519999 254.5619 1 0 0
8.86527 0.0696664 254.30191 -1 0 0
9.11927 0.0696664 254.30191 1 0 0
8.86527 -4.32316e-07 254.0419 -1 0 0
9.11927 -4.32316e-07 254.0419 1 0 0
8.86527 0.0696663 253.78191 -1 0 0
9.11927 0.0696663 253.78191 1 0 0
8.86527 0.26 253.59158 -1 0 0
9.11927 0.26 253.59158 1 0 0
8.86527 0.52 253.52191 -1 0 0
9.11927 0.52 253.52191 1 0 0
8.86527 0.78 255.28293 -1 0 0
9.11927 0.78 255.28293 1 0 0
8.86527 0.970333 255.47333 -1 0 0
9.11927 0.970333 255.47333 1 0 0
8.86527 1.04 255.73332 -1 0 0
9.11927 1.04 255.73332 1 0 0
9.11927 0.779999 256.18362 1 0 0
9.11927 0.519999 256.25333 1 0 0
9.11927 0.0696664 255.99333 1 0 0
8.86527 -4.32316e-07 255.73332 -1 0 0
9.11927 -4.32316e-07 255.73332 1 0 0
8.86527 0.0696663 255.47333 -1 0 0
9.11927 0.26 255.28293 1 0 0
8.86527 0.970333 255.99333 -1 0 0
9.11927 0.970333 255.99333 1 0 0
8.86527 0.779999 256.18362 -1 0 0
8.86527 0.519999 256.25333 -1 0 0
8.86527 0.26 256.18362 -1 0 0
9.11927 0.26 256.18362 1 0 0
8.86527 0.0696664 255.99333 -1 0 0
9.11927 0.0696663 255.47333 1 0 0
8.86527 0.26 255.28293 -1 0 0
8.86527 0.52 255.21333 -1 0 0
9.11927 0.52 255.21333 1 0 0
8.86527 1.04 252.94275 -1 0 0
9.11927 1.04 252.94275 1 0 0
9.11927 0.970333 253.20276 1 0 0
9.11927 0.779999 253.39308 1 0 0
9.11927 0.519999 253.46275 1 0 0
9.11927 0.26 253.39308 1 0 0
9.11927 0.0696664 253.20276 1 0 0
8.86527 -4.32316e-07 252.94275 -1 0 0
8.86527 0.26 252.49242 -1 0 0
9.11927 0.26 252.49242 1 0 0
8.86527 0.78 252.49242 -1 0 0
9.11927 0.78 252.49242 1 0 0
8.86527 0.970333 252.68275 -1 0 0
9.11927 0.970333 252.68275 1 0 0
8.86527 0.970333 253.20276 -1 0 0
8.86527 0.779999 253.39308 -1 0 0
8.86527 0.519999 253.46275 -1 0 0
8.86527 0.26 253.39308 -1 0 0
8.86527 0.0696664 253.20276 -1 0 0
9.11927 -4.32316e-07 252.94275 1 0 0
8.86527 0.0696663 252.68275 -1 0 0
9.11927 0.0696663 252.68275 1 0 0
8.86527 0.52 252.42276 -1 0 0
9.11927 0.52 252.42276 1 0 0
8.86527 0.78 256.38214 -1 0 0
8.86527 0.970333 256.57242 -1 0 0
9.11927 0.970333 257.09244 1 0 0
9.11927 0.26 257.28271 1 0 0
9.11927 0.0696663 256.57242 1 0 0
9.11927 0.52 256.31244 1 0 0
9.11927 0.78 256.38214 1 0 0
9.11927 0.970333 256.57242 1 0 0
8.86527 1.04 256.83243 -1 0 0
9.11927 1.04 256.83243 1 0 0
8.86527 0.970333 257.09244 -1 0 0
8.86527 0.779999 257.28271 -1 0 0
9.11927 0.779999 257.28271 1 0 0
8.86527 0.519999 257.35242 -1 0 0
9.11927 0.519999 257.35242 1 0 0
8.86527 0.26 257.28271 -1 0 0
8.86527 0.0696664 257.09244 -1 0 0
9.11927 0.0696664 257.09244 1 0 0
8.86527 -4.32316e-07 256.83243 -1 0 0
9.11927 -4.32316e-07 256.83243 1 0 0
8.86527 0.0696663 256.57242 -1 0 0
8.86527 0.26 256.38214 -1 0 0
9.11927 0.26 256.38214 1 0 0
8.86527 0.52 256.31244 -1 0 0
8.86527 0.78 246.96449 -1 0 0
9.11927 0.52 246.89482 1 0 0
9.11927 0.26 246.96448 1 0 0
8.86527 0.0696663 247.15482 -1 0 0
8.86527 -4.32316e-07 247.41481 -1 0 0
8.86527 0.0696664 247.67482 -1 0 0
9.11927 0.26 247.86514 1 0 0
8.86527 0.26 247.86514 -1 0 0
8.86527 0.779999 247.86514 -1 0 0
9.11927 0.970333 247.67482 1 0 0
8.86527 0.970333 247.67482 -1 0 0
9.11927 1.04 247.41481 1 0 0
8.86527 1.04 247.41481 -1 0 0
9.11927 0.970333 247.15482 1 0 0
8.86527 0.970333 247.15482 -1 0 0
9.11927 0.78 246.96449 1 0 0
9.13464 1.38527 250.7845 -1 0 0
9.13464 0.231491 250.7845 -1 0 0
11.13456 1.38527 250.7845 1 0 0
11.13456 0.231491 250.7845 1 0 0
11.13456 0.231491 245.7365 1 0 0
9.13464 1.38527 245.7365 -1 0 0
9.13464 0.231491 245.7365 -1 0 0
11.13456 1.38527 245.7365 1 0 0
9.68402 1.38571 254.62744 -0.866028 0 -0.499996
9.68402 1.94069 254.62744 -0.866028 0 -0.499996
9.87446 1.38571 254.43701 -0.499981 0 -0.866037
9.87446 1.38571 255.33823 -0.500067 0 0.865987
9.68402 1.38571 255.14772 -0.866067 0 0.499929
9.61432 1.38571 254.8876 -1 0 2.1995e-05
9.87446 1.94069 254.43701 -0.499981 0 -0.866037
10.13461 1.38571 254.36731 -3.6586e-17 0 -1
10.13461 1.94069 254.36731 3.6586e-17 0 -1
10.39476 1.38571 254.43701 0.499912 0 -0.866076
10.58526 1.94069 254.62744 0.865989 0 -0.500063
10.58526 1.38571 254.62744 0.865989 0 -0.500063
10.65496 1.38571 254.8876 1 0 2.19947e-05
10.58526 1.38571 255.14772 0.866028 0 0.499995
10.39476 1.38571 255.33823 0.499999 0 0.866026
10.39476 1.94069 255.33823 0.499999 0 0.866026
10.13461 1.38571 255.40793 3.6586e-17 0 1
9.68402 1.94069 255.14772 -0.866067 0 0.499929
9.87446 1.94069 255.33823 -0.500067 0 0.865987
10.13461 1.94069 255.40793 -3.6586e-17 0 1
10.58526 1.94069 255.14772 0.866028 0 0.499995
10.65496 1.94069 254.8876 1 0 2.19947e-05
10.39476 1.94069 254.43701 0.499912 0 -0.866076
9.61432 1.94069 254.8876 -1 0 2.1995e-05
-6.53869 0.0696664 252.64885 -1 0 0
-6.53869 -4.32316e-07 252.38884 -1 0 0
-6.2847 -4.32316e-07 252.38884 1 0 0
-6.53869 0.26 251.93851 -1 0 0
-6.53869 0.52 251.86885 -1 0 0
-6.53869 0.78 251.93851 -1 0 0
-6.2847 0.78 251.93851 1 0 0
-6.53869 1.04 252.38884 -1 0 0
-6.2847 1.04 252.38884 1 0 0
-6.2847 0.970333 252.64885 1 0 0
-6.53869 0.779999 252.83917 -1 0 0
-6.2847 0.26 252.83917 1 0 0
-6.2847 0.0696664 252.64885 1 0 0
-6.53869 0.0696663 252.12885 -1 0 0
-6.2847 0.0696663 252.12885 1 0 0
-6.2847 0.26 251.93851 1 0 0
-6.2847 0.52 251.86885 1 0 0
-6.2847 0.78 255.82822 1 0 0
-6.53869 0.970333 256.53851 -1 0 0
-6.2847 0.970333 256.53851 1 0 0
-6.53869 0.779999 256.72882 -1 0 0
-6.53869 0.519999 256.79852 -1 0 0
-6.53869 0.26 256.72882 -1 0 0
-6.2847 0.26 256.72882 1 0 0
-6.2847 0.0696664 256.53851 1 0 0
-6.53869 0.0696663 256.01852 -1 0 0
-6.2847 0.52 255.75851 1 0 0
-6.53869 0.78 255.82822 -1 0 0
-6.53869 0.970333 256.01852 -1 0 0
-6.2847 0.970333 256.01852 1 0 0
-6.53869 1.04 256.2785 -1 0 0
-6.2847 1.04 256.2785 1 0 0
-6.2847 0.779999 256.72882 1 0 0
-6.2847 0.519999 256.79852 1 0 0
-6.53869 0.0696664 256.53851 -1 0 0
-6.53869 -4.32316e-07 256.2785 -1 0 0
-6.2847 -4.32316e-07 256.2785 1 0 0
-6.2847 0.0696663 256.01852 1 0 0
-6.53869 0.26 255.82822 -1 0 0
-6.2847 0.26 255.82822 1 0 0
-6.53869 0.52 255.75851 -1 0 0
-7.30403 1.94069 253.8134 1.46641e-05 0 -1
-7.56418 1.94069 254.78432 -0.500068 0 0.865986
-7.75462 1.94069 254.59381 -0.866071 0 0.499922
-7.30403 1.38571 254.85402 1.46641e-05 0 1
-7.04391 1.94069 254.78432 0.500012 0 0.866018
-7.04391 1.38571 254.78432 0.500012 0 0.866018
-6.85341 1.38571 254.59381 0.866031 0 0.49999
-6.85341 1.94069 254.59381 0.866031 0 0.49999
-6.78371 1.94069 254.33368 1 0 7.33167e-06
-6.78371 1.38571 254.33368 1 0 7.33167e-06
-6.85341 1.94069 254.07353 0.865985 0 -0.50007
-6.85341 1.38571 254.07353 0.865985 0 -0.50007
-7.04391 1.38571 253.8831 0.499925 0 -0.866069
-7.04391 1.94069 253.8831 0.499925 0 -0.866069
-7.30403 1.38571 253.8134 1.46641e-05 0 -1
-7.56418 1.94069 253.8831 -0.499981 0 -0.866036
-7.82432 1.38571 254.33368 -1 0 7.33167e-06
-7.75462 1.38571 254.59381 -0.866071 0 0.499922
-7.56418 1.38571 254.78432 -0.500068 0 0.865986
-7.30403 1.94069 254.85402 1.46641e-05 0 1
-7.56418 1.38571 253.8831 -0.499981 0 -0.866036
-7.75462 1.94069 254.07353 -0.866024 0 -0.500002
-7.75462 1.38571 254.07353 -0.866024 0 -0.500002
-7.82432 1.94069 254.33368 -1 0 7.33167e-06
-8.054 1.38527 250.7845 -1 0 0
-6.55406 1.38527 250.7845 1 0 0
-6.55406 0.231491 250.7845 1 0 0
-6.55406 1.38527 245.7365 1 0 0
-6.55406 0.231491 245.7365 1 0 0
-8.054 0.231491 250.7845 -1 0 0
-8.054 0.231491 245.7365 -1 0 0
-8.054 1.38527 245.7365 -1 0 0
-8.06936 1.04 247.41481 1 0 0
-8.32337 0.970333 247.67482 -1 0 0
-8.06936 0.970333 247.67482 1 0 0
-8.32337 0.779999 247.86514 -1 0 0
-8.06936 0.779999 247.86514 1 0 0
-8.32337 0.519999 247.93481 -1 0 0
-8.06936 0.519999 247.93481 1 0 0
-8.06936 0.26 247.86514 1 0 0
-8.32337 -4.32316e-07 247.41481 -1 0 0
-8.06936 -4.32316e-07 247.41481 1 0 0
-8.06936 0.0696663 247.15482 1 0 0
-8.06936 0.26 246.96448 1 0 0
-8.32337 0.52 246.89482 -1 0 0
-8.32337 0.78 246.96449 -1 0 0
-8.06936 0.78 246.96449 1 0 0
-8.32337 0.970333 247.15482 -1 0 0
-8.06936 0.970333 247.15482 1 0 0
-8.32337 1.04 247.41481 -1 0 0
-8.06936 -4.32316e-07 256.2785 1 0 0
-8.06936 0.0696664 256.53851 1 0 0
-8.32337 0.0696664 256.53851 -1 0 0
-8.06936 0.26 256.72882 1 0 0
-8.32337 0.970333 256.53851 -1 0 0
-8.06936 1.04 256.2785 1 0 0
-8.32337 0.970333 256.01852 -1 0 0
-8.32337 0.78 255.82822 -1 0 0
-8.06936 0.52 255.75851 1 0 0
-8.32337 0.52 255.75851 -1 0 0
-8.06936 0.26 255.82822 1 0 0
-8.32337 0.26 255.82822 -1 0 0
-8.06936 0.0696663 256.01852 1 0 0
-8.32337 0.0696663 256.01852 -1 0 0
-8.32337 -4.32316e-07 256.2785 -1 0 0
-8.32337 0.26 256.72882 -1 0 0
-8.06936 0.519999 256.79852 1 0 0
-8.32337 0.519999 256.79852 -1 0 0
-8.06936 0.779999 256.72882 1 0 0
-8.32337 0.779999 256.72882 -1 0 0
-8.06936 0.970333 256.53851 1 0 0
-8.32337 1.04 256.2785 -1 0 0
-8.06936 0.970333 256.01852 1 0 0
-8.06936 0.78 255.82822 1 0 0
-8.06936 0.52 251.86885 1 0 0
-8.06936 0.0696663 252.12885 1 0 0
-8.32337 0.0696663 252.12885 -1 0 0
-8.06936 -4.32316e-07 252.38884 1 0 0
-8.32337 -4.32316e-07 252.38884 -1 0 0
-8.06936 0.0696664 252.64885 1 0 0
-8.32337 0.0696664 252.64885 -1 0 0
-8.06936 0.26 252.83917 1 0 0
-8.06936 0.779999 252.83917 1 0 0
-8.32337 0.779999 252.83917 -1 0 0
-8.06936 0.970333 252.12885 1 0 0
-8.06936 0.78 251.93851 1 0 0
-8.32337 0.78 251.93851 -1 0 0
-8.32337 0.52 251.86885 -1 0 0
-8.06936 0.26 251.93851 1 0 0
-8.32337 0.26 251.93851 -1 0 0
-8.32337 0.26 252.83917 -1 0 0
-8.06936 0.519999 252.90883 1 0 0
-8.32337 0.519999 252.90883 -1 0 0
-8.06936 0.970333 252.64885 1 0 0
-8.32337 0.970333 252.64885 -1 0 0
-8.06936 1.04 252.38884 1 0 0
-8.32337 1.04 252.38884 -1 0 0
-8.32337 0.970333 252.12885 -1 0 0
-8.06936 0.52 254.65942 1 0 0
-8.06936 0.26 254.72902 1 0 0
-8.32337 -4.32316e-07 255.17941 -1 0 0
-8.06936 0.0696664 255.43942 1 0 0
-8.06936 0.26 255.62971 1 0 0
-8.32337 0.26 255.62971 -1 0 0
-8.06936 0.519999 255.69942 1 0 0
-8.06936 0.779999 255.62971 1 0 0
-8.32337 0.779999 255.62971 -1 0 0
-8.06936 0.970333 255.43942 1 0 0
-8.06936 1.04 255.17941 1 0 0
-8.32337 0.78 254.72902 -1 0 0
-8.32337 0.52 254.65942 -1 0 0
-8.32337 0.26 254.72902 -1 0 0
-8.06936 0.0696663 254.91942 1 0 0
-8.32337 0.0696663 254.91942 -1 0 0
-8.06936 -4.32316e-07 255.17941 1 0 0
-8.32337 0.0696664 255.43942 -1 0 0
-8.32337 0.519999 255.69942 -1 0 0
-8.32337 0.970333 255.43942 -1 0 0
-8.32337 1.04 255.17941 -1 0 0
-8.06936 0.970333 254.91942 1 0 0
-8.32337 0.970333 254.91942 -1 0 0
-8.06936 0.78 254.72902 1 0 0
-8.06936 0.52 252.968 1 0 0
-8.06936 0.26 253.03766 1 0 0
-8.32337 0.26 253.03766 -1 0 0
-8.32337 0.0696663 253.228 -1 0 0
-8.06936 -4.32316e-07 253.48799 1 0 0
-8.06936 0.0696664 253.748 1 0 0
-8.06936 0.26 253.93834 1 0 0
-8.32337 0.26 253.93834 -1 0 0
-8.06936 0.519999 254.008 1 0 0
-8.32337 0.970333 253.748 -1 0 0
-8.06936 0.970333 253.228 1 0 0
-8.32337 0.970333 253.228 -1 0 0
-8.06936 0.78 253.03766 1 0 0
-8.32337 0.78 253.03766 -1 0 0
-8.32337 0.52 252.968 -1 0 0
-8.06936 0.0696663 253.228 1 0 0
-8.32337 -4.32316e-07 253.48799 -1 0 0
-8.32337 0.0696664 253.748 -1 0 0
-8.32337 0.519999 254.008 -1 0 0
-8.06936 0.779999 253.93834 1 0 0
-8.32337 0.779999 253.93834 -1 0 0
-8.06936 0.970333 253.748 1 0 0
-8.06936 1.04 253.48799 1 0 0
-8.32337 1.04 253.48799 -1 0 0
-8.054 1.38527 251.80969 -1 0 0
-8.054 1.38527 256.85773 -1 0 0
-6.55406 0.231491 256.85773 1 0 0
-6.55406 1.38527 256.85773 1 0 0
-6.55406 1.38527 251.80969 1 0 0
-6.55406 0.231491 251.80969 1 0 0
-8.054 0.231491 251.80969 -1 0 0
-8.054 0.231491 256.85773 -1 0 0
-8.32337 0.26 247.86514 -1 0 0
-8.32337 0.0696664 247.67482 -1 0 0
-8.06936 0.0696664 247.67482 1 0 0
-8.32337 0.0696663 247.15482 -1 0 0
-8.32337 0.26 246.96448 -1 0 0
-8.06936 0.52 246.89482 1 0 0
-8.32337 0.78 248.65585 -1 0 0
-8.06936 0.78 248.65585 1 0 0
-8.06936 0.970333 248.84619 1 0 0
-8.06936 1.04 249.10619 1 0 0
-8.32337 0.970333 249.36618 -1 0 0
-8.06936 0.970333 249.36618 1 0 0
-8.32337 0.779999 249.55652 -1 0 0
-8.32337 0.519999 249.62619 -1 0 0
-8.06936 0.519999 249.62619 1 0 0
-8.06936 0.0696664 249.36618 1 0 0
-8.32337 -4.32316e-07 249.10619 -1 0 0
-8.32337 0.26 248.65585 -1 0 0
-8.32337 0.52 248.58618 -1 0 0
-8.06936 0.52 248.58618 1 0 0
-8.32337 0.970333 248.84619 -1 0 0
-8.32337 1.04 249.10619 -1 0 0
-8.06936 0.779999 249.55652 1 0 0
-8.32337 0.26 249.55652 -1 0 0
-8.06936 0.26 249.55652 1 0 0
-8.32337 0.0696664 249.36618 -1 0 0
-8.06936 -4.32316e-07 249.10619 1 0 0
-8.32337 0.0696663 248.84618 -1 0 0
-8.06936 0.0696663 248.84618 1 0 0
-8.06936 0.26 248.65585 1 0 0
-8.32337 0.78 245.86533 -1 0 0
-8.06936 0.970333 246.05565 1 0 0
-8.06936 0.779999 246.76599 1 0 0
-8.32337 0.0696664 246.57565 -1 0 0
-8.32337 -4.32316e-07 246.31566 -1 0 0
-8.32337 0.0696663 246.05565 -1 0 0
-8.06936 0.0696663 246.05565 1 0 0
-8.32337 0.26 245.86533 -1 0 0
-8.06936 0.26 245.86533 1 0 0
-8.32337 0.52 245.79565 -1 0 0
-8.06936 0.52 245.79565 1 0 0
-8.06936 0.78 245.86533 1 0 0
-8.32337 0.970333 246.05565 -1 0 0
-8.32337 1.04 246.31566 -1 0 0
-8.06936 1.04 246.31566 1 0 0
-8.32337 0.970333 246.57565 -1 0 0
-8.06936 0.970333 246.57565 1 0 0
-8.32337 0.779999 246.76599 -1 0 0
-8.32337 0.519999 246.83566 -1 0 0
-8.06936 0.519999 246.83566 1 0 0
-8.32337 0.26 246.76599 -1 0 0
-8.06936 0.26 246.76599 1 0 0
-8.06936 0.0696664 246.57565 1 0 0
-8.06936 -4.32316e-07 246.31566 1 0 0
-8.32337 0.78 249.75502 -1 0 0
-8.06936 0.78 249.75502 1 0 0
-8.32337 1.04 250.20535 -1 0 0
-8.06936 1.04 250.20535 1 0 0
-8.32337 0.779999 250.65567 -1 0 0
-8.06936 0.519999 250.72534 1 0 0
-8.06936 0.0696664 250.46535 1 0 0
-8.32337 0.0696663 249.94534 -1 0 0
-8.06936 0.0696663 249.94534 1 0 0
-8.06936 0.26 249.755 1 0 0
-8.32337 0.970333 249.94534 -1 0 0
-8.06936 0.970333 249.94534 1 0 0
-8.32337 0.970333 250.46535 -1 0 0
-8.06936 0.970333 250.46535 1 0 0
-8.06936 0.779999 250.65567 1 0 0
-8.32337 0.519999 250.72534 -1 0 0
-8.32337 0.26 250.65567 -1 0 0
-8.06936 0.26 250.65567 1 0 0
-8.32337 0.0696664 250.46535 -1 0 0
-8.32337 -4.32316e-07 250.20535 -1 0 0
-8.06936 -4.32316e-07 250.20535 1 0 0
-8.32337 0.26 249.755 -1 0 0
-8.32337 0.52 249.68535 -1 0 0
-8.06936 0.52 249.68535 1 0 0
-7.82432 1.94069 248.2605 -1 0 7.33167e-06
-7.75462 1.38571 248.00035 -0.866034 0 -0.499985
-7.56418 1.38571 247.80991 -0.499998 0 -0.866026
-7.30403 1.94069 248.78082 1.46614e-05 0 1
-7.56418 1.38571 248.71114 -0.500044 0 0.866
-7.56418 1.94069 248.71114 -0.500044 0 0.866
-7.75462 1.38571 248.52063 -0.866071 0 0.499922
-7.82432 1.38571 248.2605 -1 0 7.33167e-06
-7.30403 1.38571 247.7402 1.46641e-05 0 -1
-7.30403 1.94069 247.7402 1.46641e-05 0 -1
-7.04391 1.94069 247.80991 0.499943 0 -0.866058
-7.04391 1.38571 247.80991 0.499943 0 -0.866058
-6.85341 1.38571 248.00035 0.865995 0 -0.500053
-6.85341 1.94069 248.00035 0.865995 0 -0.500053
-6.78371 1.38571 248.2605 1 0 7.33167e-06
-6.85341 1.38571 248.52063 0.866031 0 0.49999
-7.04391 1.38571 248.71114 0.499988 0 0.866032
-7.04391 1.94069 248.71114 0.499988 0 0.866032
-7.30403 1.38571 248.78082 1.46614e-05 0 1
-7.75462 1.94069 248.52063 -0.866071 0 0.499922
-6.85341 1.94069 248.52063 0.866031 0 0.49999
-6.78371 1.94069 248.2605 1 0 7.33167e-06
-7.56418 1.94069 247.80991 -0.499998 0 -0.866026
-7.75462 1.94069 248.00035 -0.866034 0 -0.499985
-6.2847 0.52 249.68535 1 0 0
-6.53869 0.26 249.755 -1 0 0
-6.53869 0.0696663 249.94534 -1 0 0
-6.2847 -4.32316e-07 250.20535 1 0 0
-6.53869 -4.32316e-07 250.20535 -1 0 0
-6.2847 0.26 250.65567 1 0 0
-6.53869 0.26 250.65567 -1 0 0
-6.2847 0.519999 250.72534 1 0 0
-6.53869 0.519999 250.72534 -1 0 0
-6.2847 0.779999 250.65567 1 0 0
-6.2847 0.970333 250.46535 1 0 0
-6.53869 0.970333 250.46535 -1 0 0
-6.53869 1.04 250.20535 -1 0 0
-6.53869 0.78 249.75502 -1 0 0
-6.53869 0.52 249.68535 -1 0 0
-6.2847 0.26 249.755 1 0 0
-6.2847 0.0696663 249.94534 1 0 0
-6.2847 0.0696664 250.46535 1 0 0
-6.53869 0.0696664 250.46535 -1 0 0
-6.53869 0.779999 250.65567 -1 0 0
-6.2847 1.04 250.20535 1 0 0
-6.2847 0.970333 249.94534 1 0 0
-6.53869 0.970333 249.94534 -1 0 0
-6.2847 0.78 249.75502 1 0 0
-6.2847 0.52 245.79565 1 0 0
-6.53869 0.52 245.79565 -1 0 0
-6.2847 0.26 245.86533 1 0 0
-6.2847 0.0696663 246.05565 1 0 0
-6.2847 -4.32316e-07 246.31566 1 0 0
-6.2847 0.26 246.76599 1 0 0
-6.53869 0.26 246.76599 -1 0 0
-6.2847 0.519999 246.83566 1 0 0
-6.53869 0.519999 246.83566 -1 0 0
-6.53869 0.779999 246.76599 -1 0 0
-6.2847 0.970333 246.57565 1 0 0
-6.53869 1.04 246.31566 -1 0 0
-6.2847 0.970333 246.05565 1 0 0
-6.2847 0.78 245.86533 1 0 0
-6.53869 0.78 245.86533 -1 0 0
-6.53869 0.26 245.86533 -1 0 0
-6.53869 0.0696663 246.05565 -1 0 0
-6.53869 -4.32316e-07 246.31566 -1 0 0
-6.2847 0.0696664 246.57565 1 0 0
-6.53869 0.0696664 246.57565 -1 0 0
-6.2847 0.779999 246.76599 1 0 0
-6.53869 0.970333 246.57565 -1 0 0
-6.2847 1.04 246.31566 1 0 0
-6.53869 0.970333 246.05565 -1 0 0
-6.2847 0.52 248.58618 1 0 0
-6.2847 0.26 248.65585 1 0 0
-6.2847 -4.32316e-07 249.10619 1 0 0
-6.53869 -4.32316e-07 249.10619 -1 0 0
-6.2847 0.0696664 249.36618 1 0 0
-6.2847 0.26 249.55652 1 0 0
-6.2847 0.779999 249.55652 1 0 0
-6.2847 0.970333 249.36618 1 0 0
-6.2847 0.970333 248.84619 1 0 0
-6.53869 0.78 248.65585 -1 0 0
-6.53869 0.52 248.58618 -1 0 0
-6.53869 0.26 248.65585 -1 0 0
-6.2847 0.0696663 248.84618 1 0 0
-6.53869 0.0696663 248.84618 -1 0 0
-6.53869 0.0696664 249.36618 -1 0 0
-6.53869 0.26 249.55652 -1 0 0
-6.2847 0.519999 249.62619 1 0 0
-6.53869 0.519999 249.62619 -1 0 0
-6.53869 0.779999 249.55652 -1 0 0
-6.53869 0.970333 249.36618 -1 0 0
-6.2847 1.04 249.10619 1 0 0
-6.53869 1.04 249.10619 -1 0 0
-6.53869 0.970333 248.84619 -1 0 0
-6.2847 0.78 248.65585 1 0 0
-6.2847 0.52 246.89482 1 0 0
-6.53869 0.26 246.96448 -1 0 0
-6.2847 -4.32316e-07 247.41481 1 0 0
-6.53869 0.0696664 247.67482 -1 0 0
-6.2847 0.26 247.86514 1 0 0
-6.53869 0.26 247.86514 -1 0 0
-6.2847 0.519999 247.93481 1 0 0
-6.53869 0.519999 247.93481 -1 0 0
-6.2847 0.779999 247.86514 1 0 0
-6.53869 0.779999 247.86514 -1 0 0
-6.2847 0.970333 247.67482 1 0 0
-6.53869 0.970333 247.67482 -1 0 0
-6.2847 1.04 247.41481 1 0 0
-6.53869 1.04 247.41481 -1 0 0
-6.2847 0.78 246.96449 1 0 0
-6.53869 0.78 246.96449 -1 0 0
-6.53869 0.52 246.89482 -1 0 0
-6.2847 0.26 246.96448 1 0 0
-6.2847 0.0696663 247.15482 1 0 0
-6.53869 0.0696663 247.15482 -1 0 0
-6.53869 -4.32316e-07 247.41481 -1 0 0
-6.2847 0.0696664 247.67482 1 0 0
-6.2847 0.970333 247.15482 1 0 0
-6.53869 0.970333 247.15482 -1 0 0
-9.13464 0.231491 239.96025 1 0 0
-9.13464 1.38527 239.96025 1 0 0
-11.13456 1.38527 245.00826 -1 0 0
-11.13456 0.231491 239.96025 -1 0 0
-9.13464 1.38527 245.00826 1 0 0
-9.13464 0.231491 245.00826 1 0 0
-11.13456 0.231491 245.00826 -1 0 0
-11.13456 1.38527 239.96025 -1 0 0
-11.40396 0.78 241.18823 -1 0 0
-11.40396 0.970333 241.37857 -1 0 0
-11.14996 0.970333 241.89857 1 0 0
-11.14996 0.779999 242.08891 1 0 0
-11.40396 0.519999 242.15857 -1 0 0
-11.14996 0.519999 242.15857 1 0 0
-11.14996 0.26 242.08891 1 0 0
-11.40396 0.0696664 241.89857 -1 0 0
-11.40396 -4.32316e-07 241.63857 -1 0 0
-11.14996 0.26 241.18823 1 0 0
-11.40396 0.52 241.11856 -1 0 0
-11.14996 0.52 241.11856 1 0 0
-11.14996 0.78 241.18823 1 0 0
-11.14996 0.970333 241.37857 1 0 0
-11.40396 1.04 241.63857 -1 0 0
-11.14996 1.04 241.63857 1 0 0
-11.40396 0.970333 241.89857 -1 0 0
-11.40396 0.779999 242.08891 -1 0 0
-11.40396 0.26 242.08891 -1 0 0
-11.14996 0.0696664 241.89857 1 0 0
-11.14996 -4.32316e-07 241.63857 1 0 0
-11.40396 0.0696663 241.37857 -1 0 0
-11.14996 0.0696663 241.37857 1 0 0
-11.40396 0.26 241.18823 -1 0 0
-11.40396 0.78 242.87961 -1 0 0
-11.14996 0.970333 243.06995 1 0 0
-11.14996 1.04 243.32994 1 0 0
-11.40396 0.970333 243.58994 -1 0 0
-11.40396 0.779999 243.78027 -1 0 0
-11.14996 0.779999 243.78027 1 0 0
-11.40396 0.26 243.78027 -1 0 0
-11.14996 0.0696664 243.58994 1 0 0
-11.40396 -4.32316e-07 243.32994 -1 0 0
-11.40396 0.0696663 243.06993 -1 0 0
-11.14996 0.0696663 243.06993 1 0 0
-11.40396 0.26 242.87961 -1 0 0
-11.40396 0.52 242.80994 -1 0 0
-11.14996 0.52 242.80994 1 0 0
-11.14996 0.78 242.87961 1 0 0
-11.40396 0.970333 243.06995 -1 0 0
-11.40396 1.04 243.32994 -1 0 0
-11.14996 0.970333 243.58994 1 0 0
-11.40396 0.519999 243.84993 -1 0 0
-11.14996 0.519999 243.84993 1 0 0
-11.14996 0.26 243.78027 1 0 0
-11.40396 0.0696664 243.58994 -1 0 0
-11.14996 -4.32316e-07 243.32994 1 0 0
-11.14996 0.26 242.87961 1 0 0
-11.40396 0.78 240.08908 -1 0 0
-11.14996 0.78 240.08908 1 0 0
-11.40396 0.970333 240.27942 -1 0 0
-11.40396 0.970333 240.79942 -1 0 0
-11.14996 0.970333 240.79942 1 0 0
-11.40396 0.779999 240.98975 -1 0 0
-11.40396 0.519999 241.0594 -1 0 0
-11.40396 0.26 240.98975 -1 0 0
-11.40396 0.0696664 240.79942 -1 0 0
-11.14996 0.0696664 240.79942 1 0 0
-11.40396 0.26 240.08908 -1 0 0
-11.14996 0.26 240.08908 1 0 0
-11.14996 0.970333 240.27942 1 0 0
-11.40396 1.04 240.53941 -1 0 0
-11.14996 1.04 240.53941 1 0 0
-11.14996 0.779999 240.98975 1 0 0
-11.14996 0.519999 241.0594 1 0 0
-11.14996 0.26 240.98975 1 0 0
-11.40396 -4.32316e-07 240.53941 -1 0 0
-11.14996 -4.32316e-07 240.53941 1 0 0
-11.40396 0.0696663 240.2794 -1 0 0
-11.14996 0.0696663 240.2794 1 0 0
-11.40396 0.52 240.01941 -1 0 0
-11.14996 0.52 240.01941 1 0 0
-11.14996 0.78 243.97876 1 0 0
-11.40396 0.970333 244.16911 -1 0 0
-11.14996 1.04 244.42909 1 0 0
-11.40396 0.970333 244.6891 -1 0 0
-11.14996 0.970333 244.6891 1 0 0
-11.14996 0.779999 244.87944 1 0 0
-11.14996 0.519999 244.9491 1 0 0
-11.40396 0.26 244.87944 -1 0 0
-11.14996 0.26 244.87944 1 0 0
-11.40396 0.0696664 244.6891 -1 0 0
-11.40396 -4.32316e-07 244.42909 -1 0 0
-11.14996 -4.32316e-07 244.42909 1 0 0
-11.40396 0.0696663 244.1691 -1 0 0
-11.14996 0.0696663 244.1691 1 0 0
-11.40396 0.26 243.97876 -1 0 0
-11.40396 0.52 243.9091 -1 0 0
-11.40396 0.78 243.97876 -1 0 0
-11.14996 0.970333 244.16911 1 0 0
-11.40396 1.04 244.42909 -1 0 0
-11.40396 0.779999 244.87944 -1 0 0
-11.40396 0.519999 244.9491 -1 0 0
-11.14996 0.0696664 244.6891 1 0 0
-11.14996 0.26 243.97876 1 0 0
-11.14996 0.52 243.9091 1 0 0
-10.58516 1.38571 242.22411 -0.866061 0 -0.499938
-10.58516 1.94069 242.22411 -0.866061 0 -0.499938
-10.39476 1.38571 242.03366 -0.500043 0 -0.866
-10.13461 1.94069 243.00459 1.42059e-05 0 1
-10.39476 1.38571 242.93489 -0.500113 0 0.86596
-10.58516 1.38571 242.74438 -0.866097 0 0.499875
-10.65486 1.94069 242.48425 -1 0 7.33158e-06
-10.65486 1.38571 242.48425 -1 0 7.33158e-06
-10.13461 1.38571 241.96396 1.42059e-05 0 -1
-9.87449 1.38571 242.03366 0.499942 0 -0.866059
-9.87449 1.94069 242.03366 0.499942 0 -0.866059
-9.68399 1.38571 242.22411 0.865995 0 -0.500052
-9.61429 1.94069 242.48425 1 0 7.33158e-06
-9.61429 1.38571 242.48425 1 0 7.33158e-06
-9.68399 1.38571 242.74438 0.866032 0 0.499989
-9.87449 1.38571 242.93489 0.500011 0 0.866019
-10.13461 1.38571 243.00459 1.42059e-05 0 1
-10.58516 1.94069 242.74438 -0.866097 0 0.499875
-10.39476 1.94069 242.93489 -0.500113 0 0.86596
-9.87449 1.94069 242.93489 0.500011 0 0.866019
-9.68399 1.94069 242.74438 0.866032 0 0.499989
-9.68399 1.94069 242.22411 0.865995 0 -0.500052
-10.13461 1.94069 241.96396 1.42059e-05 0 -1
-10.39476 1.94069 242.03366 -0.500043 0 -0.866
-8.86527 0.52 243.9091 1 0 0
-8.86527 0.26 243.97876 1 0 0
-9.11927 0.26 243.97876 -1 0 0
-8.86527 0.0696663 244.1691 1 0 0
-9.11927 0.0696663 244.1691 -1 0 0
-9.11927 0.0696664 244.6891 -1 0 0
-8.86527 0.26 244.87944 1 0 0
-8.86527 0.519999 244.9491 1 0 0
-8.86527 0.779999 244.87944 1 0 0
-8.86527 0.970333 244.6891 1 0 0
-9.11927 0.970333 244.6891 -1 0 0
-8.86527 1.04 244.42909 1 0 0
-9.11927 1.04 244.42909 -1 0 0
-8.86527 0.970333 244.16911 1 0 0
-9.11927 0.970333 244.16911 -1 0 0
-9.11927 0.78 243.97876 -1 0 0
-9.11927 0.52 243.9091 -1 0 0
-8.86527 -4.32316e-07 244.42909 1 0 0
-9.11927 -4.32316e-07 244.42909 -1 0 0
-8.86527 0.0696664 244.6891 1 0 0
-9.11927 0.26 244.87944 -1 0 0
-9.11927 0.519999 244.9491 -1 0 0
-9.11927 0.779999 244.87944 -1 0 0
-8.86527 0.78 243.97876 1 0 0
-8.86527 0.26 240.08908 1 0 0
-9.11927 -4.32316e-07 240.53941 -1 0 0
-9.11927 0.0696664 240.79942 -1 0 0
-8.86527 0.519999 241.0594 1 0 0
-9.11927 0.519999 241.0594 -1 0 0
-8.86527 0.779999 240.98975 1 0 0
-9.11927 0.970333 240.79942 -1 0 0
-9.11927 1.04 240.53941 -1 0 0
-8.86527 0.78 240.08908 1 0 0
-9.11927 0.78 240.08908 -1 0 0
-8.86527 0.52 240.01941 1 0 0
-9.11927 0.52 240.01941 -1 0 0
-9.11927 0.26 240.08908 -1 0 0
-8.86527 0.0696663 240.2794 1 0 0
-9.11927 0.0696663 240.2794 -1 0 0
-8.86527 -4.32316e-07 240.53941 1 0 0
-8.86527 0.0696664 240.79942 1 0 0
-8.86527 0.26 240.98975 1 0 0
-9.11927 0.26 240.98975 -1 0 0
-9.11927 0.779999 240.98975 -1 0 0
-8.86527 0.970333 240.79942 1 0 0
-8.86527 1.04 240.53941 1 0 0
-8.86527 0.970333 240.27942 1 0 0
-9.11927 0.970333 240.27942 -1 0 0
-8.86527 0.52 242.80994 1 0 0
-9.11927 0.26 242.87961 -1 0 0
-8.86527 -4.32316e-07 243.32994 1 0 0
-9.11927 -4.32316e-07 243.32994 -1 0 0
-8.86527 0.26 243.78027 1 0 0
-9.11927 0.26 243.78027 -1 0 0
-8.86527 0.519999 243.84993 1 0 0
-8.86527 0.970333 243.58994 1 0 0
-8.86527 1.04 243.32994 1 0 0
-8.86527 0.78 242.87961 1 0 0
-9.11927 0.52 242.80994 -1 0 0
-8.86527 0.26 242.87961 1 0 0
-8.86527 0.0696663 243.06993 1 0 0
-9.11927 0.0696663 243.06993 -1 0 0
-8.86527 0.0696664 243.58994 1 0 0
-9.11927 0.0696664 243.58994 -1 0 0
-9.11927 0.519999 243.84993 -1 0 0
-8.86527 0.779999 243.78027 1 0 0
-9.11927 0.779999 243.78027 -1 0 0
-9.11927 0.970333 243.58994 -1 0 0
-9.11927 1.04 243.32994 -1 0 0
-8.86527 0.970333 243.06995 1 0 0
-9.11927 0.970333 243.06995 -1 0 0
-9.11927 0.78 242.87961 -1 0 0
-8.86527 0.52 241.11856 1 0 0
-9.11927 0.52 241.11856 -1 0 0
-8.86527 0.26 241.18823 1 0 0
-9.11927 0.0696663 241.37857 -1 0 0
-8.86527 -4.32316e-07 241.63857 1 0 0
-9.11927 -4.32316e-07 241.63857 -1 0 0
-9.11927 0.0696664 241.89857 -1 0 0
-9.11927 0.26 242.08891 -1 0 0
-9.11927 0.779999 242.08891 -1 0 0
-9.11927 0.970333 241.89857 -1 0 0
-8.86527 0.970333 241.37857 1 0 0
-9.11927 0.26 241.18823 -1 0 0
-8.86527 0.0696663 241.37857 1 0 0
-8.86527 0.0696664 241.89857 1 0 0
-8.86527 0.26 242.08891 1 0 0
-8.86527 0.519999 242.15857 1 0 0
-9.11927 0.519999 242.15857 -1 0 0
-8.86527 0.779999 242.08891 1 0 0
-8.86527 0.970333 241.89857 1 0 0
-8.86527 1.04 241.63857 1 0 0
-9.11927 1.04 241.63857 -1 0 0
-9.11927 0.970333 241.37857 -1 0 0
-8.86527 0.78 241.18823 1 0 0
-9.11927 0.78 241.18823 -1 0 0
-9.11927 0.78 253.59158 -1 0 0
-9.11927 0.970333 253.78191 -1 0 0
-8.86527 0.970333 253.78191 1 0 0
-8.86527 0.970333 254.30191 1 0 0
-9.11927 0.779999 254.49225 -1 0 0
-8.86527 0.519999 254.5619 1 0 0
-9.11927 -4.32316e-07 254.0419 -1 0 0
-9.11927 0.0696663 253.78191 -1 0 0
-9.11927 0.26 253.59158 -1 0 0
-8.86527 0.52 253.52191 1 0 0
-8.86527 0.78 253.59158 1 0 0
-9.11927 1.04 254.0419 -1 0 0
-8.86527 1.04 254.0419 1 0 0
-9.11927 0.970333 254.30191 -1 0 0
-8.86527 0.779999 254.49225 1 0 0
-9.11927 0.519999 254.5619 -1 0 0
-9.11927 0.26 254.49225 -1 0 0
-8.86527 0.26 254.49225 1 0 0
-9.11927 0.0696664 254.30191 -1 0 0
-8.86527 0.0696664 254.30191 1 0 0
-8.86527 -4.32316e-07 254.0419 1 0 0
-8.86527 0.0696663 253.78191 1 0 0
-8.86527 0.26 253.59158 1 0 0
-9.11927 0.52 253.52191 -1 0 0
-9.11927 0.970333 255.47333 -1 0 0
-8.86527 0.970333 255.47333 1 0 0
-9.11927 0.970333 255.99333 -1 0 0
-8.86527 0.970333 255.99333 1 0 0
-9.11927 0.779999 256.18362 -1 0 0
-8.86527 0.779999 256.18362 1 0 0
-9.11927 0.519999 256.25333 -1 0 0
-8.86527 0.519999 256.25333 1 0 0
-9.11927 0.0696664 255.99333 -1 0 0
-8.86527 -4.32316e-07 255.73332 1 0 0
-8.86527 0.26 255.28293 1 0 0
-9.11927 0.52 255.21333 -1 0 0
-9.11927 0.78 255.28293 -1 0 0
-8.86527 0.78 255.28293 1 0 0
-9.11927 1.04 255.73332 -1 0 0
-8.86527 1.04 255.73332 1 0 0
-9.11927 0.26 256.18362 -1 0 0
-8.86527 0.26 256.18362 1 0 0
-8.86527 0.0696664 255.99333 1 0 0
-9.11927 -4.32316e-07 255.73332 -1 0 0
-9.11927 0.0696663 255.47333 -1 0 0
-8.86527 0.0696663 255.47333 1 0 0
-9.11927 0.26 255.28293 -1 0 0
-8.86527 0.52 255.21333 1 0 0
-9.11927 0.78 252.49242 -1 0 0
-9.11927 1.04 252.94275 -1 0 0
-8.86527 1.04 252.94275 1 0 0
-9.11927 0.970333 253.20276 -1 0 0
-8.86527 0.970333 253.20276 1 0 0
-9.11927 0.779999 253.39308 -1 0 0
-8.86527 0.779999 253.39308 1 0 0
-9.11927 0.26 253.39308 -1 0 0
-9.11927 -4.32316e-07 252.94275 -1 0 0
-8.86527 -4.32316e-07 252.94275 1 0 0
-9.11927 0.0696663 252.68275 -1 0 0
-8.86527 0.0696663 252.68275 1 0 0
-9.11927 0.26 252.49242 -1 0 0
-8.86527 0.52 252.42276 1 0 0
-8.86527 0.78 252.49242 1 0 0
-9.11927 0.970333 252.68275 -1 0 0
-8.86527 0.970333 252.68275 1 0 0
-9.11927 0.519999 253.46275 -1 0 0
-8.86527 0.519999 253.46275 1 0 0
-8.86527 0.26 253.39308 1 0 0
-9.11927 0.0696664 253.20276 -1 0 0
-8.86527 0.0696664 253.20276 1 0 0
-8.86527 0.26 252.49242 1 0 0
-9.11927 0.52 252.42276 -1 0 0
-9.11927 0.970333 257.09244 -1 0 0
-8.86527 0.970333 257.09244 1 0 0
-9.11927 0.779999 257.28271 -1 0 0
-9.11927 0.519999 257.35242 -1 0 0
-8.86527 0.519999 257.35242 1 0 0
-9.11927 0.0696664 257.09244 -1 0 0
-8.86527 0.0696664 257.09244 1 0 0
-9.11927 -4.32316e-07 256.83243 -1 0 0
-8.86527 -4.32316e-07 256.83243 1 0 0
-9.11927 0.0696663 256.57242 -1 0 0
-8.86527 0.26 256.38214 1 0 0
-9.11927 0.52 256.31244 -1 0 0
-9.11927 0.78 256.38214 -1 0 0
-8.86527 0.78 256.38214 1 0 0
-9.11927 0.970333 256.57242 -1 0 0
-8.86527 0.970333 256.57242 1 0 0
-9.11927 1.04 256.83243 -1 0 0
-8.86527 1.04 256.83243 1 0 0
-8.86527 0.779999 257.28271 1 0 0
-9.11927 0.26 257.28271 -1 0 0
-8.86527 0.26 257.28271 1 0 0
-8.86527 0.0696663 256.57242 1 0 0
-9.11927 0.26 256.38214 -1 0 0
-8.86527 0.52 256.31244 1 0 0
-10.65486 1.94069 254.8876 -1 0 2.19947e-05
-9.68399 1.94069 254.62744 0.865989 0 -0.500063
-9.61429 1.94069 254.8876 1 0 2.19947e-05
-10.39476 1.94069 255.33823 -0.500113 0 0.86596
-10.13461 1.38571 255.40793 1.42059e-05 0 1
-9.87449 1.94069 255.33823 0.500011 0 0.866019
-9.87449 1.38571 255.33823 0.500011 0 0.866019
-9.68399 1.94069 255.14772 0.866028 0 0.499995
-9.68399 1.38571 255.14772 0.866028 0 0.499995
-9.61429 1.38571 254.8876 1 0 2.19947e-05
-9.68399 1.38571 254.62744 0.865989 0 -0.500063
-9.87449 1.94069 254.43701 0.499925 0 -0.866069
-9.87449 1.38571 254.43701 0.499925 0 -0.866069
-10.13461 1.94069 254.36731 1.42059e-05 0 -1
-10.13461 1.38571 254.36731 1.42059e-05 0 -1
-10.39476 1.94069 254.43701 -0.500026 0 -0.86601
-10.65486 1.38571 254.8876 -1 0 2.19947e-05
-10.58516 1.94069 255.14772 -0.866094 0 0.499882
-10.58516 1.38571 255.14772 -0.866094 0 0.499882
-10.39476 1.38571 255.33823 -0.500113 0 0.86596
-10.13461 1.94069 255.40793 1.42059e-05 0 1
-10.39476 1.38571 254.43701 -0.500026 0 -0.86601
-10.58516 1.94069 254.62744 -0.866055 0 -0.499949
-10.58516 1.38571 254.62744 -0.866055 0 -0.499949
-11.13456 0.231491 250.7845 -1 0 0
-11.13456 1.38527 245.7365 -1 0 0
-9.13464 0.231491 245.7365 1 0 0
-9.13464 1.38527 245.7365 1 0 0
-11.13456 1.38527 250.7845 -1 0 0
-11.13456 0.231491 245.7365 -1 0 0
-9.13464 1.38527 250.7845 1 0 0
-9.13464 0.231491 250.7845 1 0 0
-11.40396 1.04 247.41481 -1 0 0
-11.40396 0.970333 247.67482 -1 0 0
-11.14996 0.970333 247.67482 1 0 0
-11.40396 0.779999 247.86514 -1 0 0
-11.14996 0.779999 247.86514 1 0 0
-11.14996 0.519999 247.93481 1 0 0
-11.14996 0.26 247.86514 1 0 0
-11.40396 0.0696664 247.67482 -1 0 0
-11.14996 0.0696664 247.67482 1 0 0
-11.40396 -4.32316e-07 247.41481 -1 0 0
-11.14996 -4.32316e-07 247.41481 1 0 0
-11.14996 0.0696663 247.15482 1 0 0
-11.40396 0.26 246.96448 -1 0 0
-11.14996 0.26 246.96448 1 0 0
-11.40396 0.52 246.89482 -1 0 0
-11.40396 0.78 246.96449 -1 0 0
-11.14996 0.78 246.96449 1 0 0
-11.40396 0.970333 247.15482 -1 0 0
-11.14996 0.970333 247.15482 1 0 0
-11.14996 0.52 256.31244 1 0 0
-11.40396 0.26 256.38214 -1 0 0
-11.40396 0.0696663 256.57242 -1 0 0
-11.14996 0.0696664 257.09244 1 0 0
-11.40396 0.0696664 257.09244 -1 0 0
-11.14996 0.26 257.28271 1 0 0
-11.14996 0.970333 257.09244 1 0 0
-11.40396 0.970333 257.09244 -1 0 0
-11.14996 1.04 256.83243 1 0 0
-11.40396 1.04 256.83243 -1 0 0
-11.14996 0.970333 256.57242 1 0 0
-11.40396 0.970333 256.57242 -1 0 0
-11.14996 0.78 256.38214 1 0 0
-11.40396 0.78 256.38214 -1 0 0
-11.40396 0.52 256.31244 -1 0 0
-11.14996 0.26 256.38214 1 0 0
-11.14996 0.0696663 256.57242 1 0 0
-11.14996 -4.32316e-07 256.83243 1 0 0
-11.40396 -4.32316e-07 256.83243 -1 0 0
-11.40396 0.26 257.28271 -1 0 0
-11.14996 0.519999 257.35242 1 0 0
-11.40396 0.519999 257.35242 -1 0 0
-11.14996 0.779999 257.28271 1 0 0
-11.40396 0.779999 257.28271 -1 0 0
-11.14996 0.52 252.42276 1 0 0
-11.14996 0.26 252.49242 1 0 0
-11.14996 0.0696663 252.68275 1 0 0
-11.40396 0.0696663 252.68275 -1 0 0
-11.14996 -4.32316e-07 252.94275 1 0 0
-11.14996 0.26 253.39308 1 0 0
-11.14996 1.04 252.94275 1 0 0
-11.40396 0.970333 252.68275 -1 0 0
-11.14996 0.78 252.49242 1 0 0
-11.40396 0.78 252.49242 -1 0 0
-11.40396 0.52 252.42276 -1 0 0
-11.40396 0.26 252.49242 -1 0 0
-11.40396 -4.32316e-07 252.94275 -1 0 0
-11.14996 0.0696664 253.20276 1 0 0
-11.40396 0.0696664 253.20276 -1 0 0
-11.40396 0.26 253.39308 -1 0 0
-11.14996 0.519999 253.46275 1 0 0
-11.40396 0.519999 253.46275 -1 0 0
-11.14996 0.779999 253.39308 1 0 0
-11.40396 0.779999 253.39308 -1 0 0
-11.14996 0.970333 253.20276 1 0 0
-11.40396 0.970333 253.20276 -1 0 0
-11.40396 1.04 252.94275 -1 0 0
-11.14996 0.970333 252.68275 1 0 0
-11.14996 0.52 255.21333 1 0 0
-11.40396 0.52 255.21333 -1 0 0
-11.40396 0.26 255.28293 -1 0 0
-11.14996 -4.32316e-07 255.73332 1 0 0
-11.40396 0.26 256.18362 -1 0 0
-11.14996 0.519999 256.25333 1 0 0
-11.40396 0.779999 256.18362 -1 0 0
-11.14996 0.970333 255.99333 1 0 0
-11.14996 1.04 255.73332 1 0 0
-11.14996 0.78 255.28293 1 0 0
-11.14996 0.26 255.28293 1 0 0
-11.14996 0.0696663 255.47333 1 0 0
-11.40396 0.0696663 255.47333 -1 0 0
-11.40396 -4.32316e-07 255.73332 -1 0 0
-11.14996 0.0696664 255.99333 1 0 0
-11.40396 0.0696664 255.99333 -1 0 0
-11.14996 0.26 256.18362 1 0 0
-11.40396 0.519999 256.25333 -1 0 0
-11.14996 0.779999 256.18362 1 0 0
-11.40396 0.970333 255.99333 -1 0 0
-11.40396 1.04 255.73332 -1 0 0
-11.14996 0.970333 255.47333 1 0 0
-11.40396 0.970333 255.47333 -1 0 0
-11.40396 0.78 255.28293 -1 0 0
-11.14996 0.52 253.52191 1 0 0
-11.14996 0.26 253.59158 1 0 0
-11.14996 0.0696663 253.78191 1 0 0
-11.40396 0.0696663 253.78191 -1 0 0
-11.14996 -4.32316e-07 254.0419 1 0 0
-11.14996 0.0696664 254.30191 1 0 0
-11.14996 0.26 254.49225 1 0 0
-11.14996 0.519999 254.5619 1 0 0
-11.14996 0.779999 254.49225 1 0 0
-11.14996 0.970333 254.30191 1 0 0
-11.14996 1.04 254.0419 1 0 0
-11.40396 1.04 254.0419 -1 0 0
-11.40396 0.78 253.59158 -1 0 0
-11.40396 0.52 253.52191 -1 0 0
-11.40396 0.26 253.59158 -1 0 0
-11.40396 -4.32316e-07 254.0419 -1 0 0
-11.40396 0.0696664 254.30191 -1 0 0
-11.40396 0.26 254.49225 -1 0 0
-11.40396 0.519999 254.5619 -1 0 0
-11.40396 0.779999 254.49225 -1 0 0
-11.40396 0.970333 254.30191 -1 0 0
-11.14996 0.970333 253.78191 1 0 0
-11.40396 0.970333 253.78191 -1 0 0
-11.14996 0.78 253.59158 1 0 0
-11.13456 1.38527 252.3636 -1 0 0
-11.13456 0.231491 252.3636 -1 0 0
-9.13464 0.231491 252.3636 1 0 0
-9.13464 1.38527 257.41162 1 0 0
-9.13464 0.231491 257.41162 1 0 0
-9.13464 1.38527 252.3636 1 0 0
-11.13456 1.38527 257.41162 -1 0 0
-11.13456 0.231491 257.41162 -1 0 0
-11.14996 1.04 247.41481 1 0 0
-11.40396 0.519999 247.93481 -1 0 0
-11.40396 0.26 247.86514 -1 0 0
-11.40396 0.0696663 247.15482 -1 0 0
-11.14996 0.52 246.89482 1 0 0
-11.14996 0.78 248.65585 1 0 0
-11.40396 0.970333 248.84619 -1 0 0
-11.14996 0.970333 248.84619 1 0 0
-11.14996 1.04 249.10619 1 0 0
-11.40396 0.970333 249.36618 -1 0 0
-11.14996 0.970333 249.36618 1 0 0
-11.40396 0.779999 249.55652 -1 0 0
-11.14996 0.779999 249.55652 1 0 0
-11.14996 0.519999 249.62619 1 0 0
-11.14996 0.0696664 249.36618 1 0 0
-11.40396 0.26 248.65585 -1 0 0
-11.40396 0.78 248.65585 -1 0 0
-11.40396 1.04 249.10619 -1 0 0
-11.40396 0.519999 249.62619 -1 0 0
-11.40396 0.26 249.55652 -1 0 0
-11.14996 0.26 249.55652 1 0 0
-11.40396 0.0696664 249.36618 -1 0 0
-11.40396 -4.32316e-07 249.10619 -1 0 0
-11.14996 -4.32316e-07 249.10619 1 0 0
-11.40396 0.0696663 248.84618 -1 0 0
-11.14996 0.0696663 248.84618 1 0 0
-11.14996 0.26 248.65585 1 0 0
-11.40396 0.52 248.58618 -1 0 0
-11.14996 0.52 248.58618 1 0 0
-11.40396 0.78 245.86533 -1 0 0
-11.40396 0.970333 246.05565 -1 0 0
-11.14996 0.970333 246.05565 1 0 0
-11.40396 1.04 246.31566 -1 0 0
-11.14996 0.779999 246.76599 1 0 0
-11.40396 0.519999 246.83566 -1 0 0
-11.40396 0.26 246.76599 -1 0 0
-11.14996 0.26 246.76599 1 0 0
-11.14996 0.0696664 246.57565 1 0 0
-11.40396 -4.32316e-07 246.31566 -1 0 0
-11.40396 0.0696663 246.05565 -1 0 0
-11.14996 0.0696663 246.05565 1 0 0
-11.40396 0.26 245.86533 -1 0 0
-11.14996 0.78 245.86533 1 0 0
-11.14996 1.04 246.31566 1 0 0
-11.40396 0.970333 246.57565 -1 0 0
-11.14996 0.970333 246.57565 1 0 0
-11.40396 0.779999 246.76599 -1 0 0
-11.14996 0.519999 246.83566 1 0 0
-11.40396 0.0696664 246.57565 -1 0 0
-11.14996 -4.32316e-07 246.31566 1 0 0
-11.14996 0.26 245.86533 1 0 0
-11.40396 0.52 245.79565 -1 0 0
-11.14996 0.52 245.79565 1 0 0
-11.40396 1.04 250.20535 -1 0 0
-11.14996 1.04 250.20535 1 0 0
-11.14996 0.970333 250.46535 1 0 0
-11.14996 0.779999 250.65567 1 0 0
-11.40396 0.519999 250.72534 -1 0 0
-11.40396 0.0696664 250.46535 -1 0 0
-11.14996 -4.32316e-07 250.20535 1 0 0
-11.14996 0.26 249.755 1 0 0
-11.40396 0.52 249.68535 -1 0 0
-11.40396 0.78 249.75502 -1 0 0
-11.14996 0.78 249.75502 1 0 0
-11.40396 0.970333 249.94534 -1 0 0
-11.14996 0.970333 249.94534 1 0 0
-11.40396 0.970333 250.46535 -1 0 0
-11.40396 0.779999 250.65567 -1 0 0
-11.14996 0.519999 250.72534 1 0 0
-11.40396 0.26 250.65567 -1 0 0
-11.14996 0.26 250.65567 1 0 0
-11.14996 0.0696664 250.46535 1 0 0
-11.40396 -4.32316e-07 250.20535 -1 0 0
-11.40396 0.0696663 249.94534 -1 0 0
-11.14996 0.0696663 249.94534 1 0 0
-11.40396 0.26 249.755 -1 0 0
-11.14996 0.52 249.68535 1 0 0
-10.65486 1.94069 248.2605 -1 0 7.33158e-06
-10.58516 1.38571 248.00035 -0.866061 0 -0.499938
-10.39476 1.38571 247.80991 -0.500043 0 -0.866
-10.39476 1.38571 248.71114 -0.500089 0 0.865974
-10.39476 1.94069 248.71114 -0.500089 0 0.865974
-10.58516 1.38571 248.52063 -0.866097 0 0.499875
-10.58516 1.94069 248.52063 -0.866097 0 0.499875
-10.65486 1.38571 248.2605 -1 0 7.33158e-06
-10.39476 1.94069 247.80991 -0.500043 0 -0.866
-10.13461 1.38571 247.7402 1.42059e-05 0 -1
-10.13461 1.94069 247.7402 1.42059e-05 0 -1
-9.87449 1.38571 247.80991 0.499942 0 -0.866059
-9.87449 1.94069 247.80991 0.499942 0 -0.866059
-9.68399 1.38571 248.00035 0.865995 0 -0.500052
-9.68399 1.94069 248.00035 0.865995 0 -0.500052
-9.61429 1.38571 248.2605 1 0 7.33158e-06
-9.68399 1.38571 248.52063 0.866032 0 0.499989
-9.87449 1.38571 248.71114 0.499988 0 0.866033
-10.13461 1.38571 248.78082 1.42032e-05 0 1
-10.13461 1.94069 248.78082 1.42032e-05 0 1
-9.87449 1.94069 248.71114 0.499988 0 0.866033
-9.68399 1.94069 248.52063 0.866032 0 0.499989
-9.61429 1.94069 248.2605 1 0 7.33158e-06
-10.58516 1.94069 248.00035 -0.866061 0 -0.499938
-8.86527 0.52 249.68535 1 0 0
-9.11927 0.52 249.68535 -1 0 0
-8.86527 0.26 249.755 1 0 0
-9.11927 0.0696663 249.94534 -1 0 0
-9.11927 -4.32316e-07 250.20535 -1 0 0
-8.86527 0.0696664 250.46535 1 0 0
-9.11927 0.26 250.65567 -1 0 0
-9.11927 0.519999 250.72534 -1 0 0
-8.86527 0.779999 250.65567 1 0 0
-9.11927 0.970333 250.46535 -1 0 0
-9.11927 1.04 250.20535 -1 0 0
-9.11927 0.970333 249.94534 -1 0 0
-8.86527 0.78 249.75502 1 0 0
-9.11927 0.26 249.755 -1 0 0
-8.86527 0.0696663 249.94534 1 0 0
-8.86527 -4.32316e-07 250.20535 1 0 0
-9.11927 0.0696664 250.46535 -1 0 0
-8.86527 0.26 250.65567 1 0 0
-8.86527 0.519999 250.72534 1 0 0
-9.11927 0.779999 250.65567 -1 0 0
-8.86527 0.970333 250.46535 1 0 0
-8.86527 1.04 250.20535 1 0 0
-8.86527 0.970333 249.94534 1 0 0
-9.11927 0.78 249.75502 -1 0 0
-8.86527 0.0696663 246.05565 1 0 0
-8.86527 0.26 246.76599 1 0 0
-9.11927 0.26 246.76599 -1 0 0
-8.86527 0.519999 246.83566 1 0 0
-9.11927 0.970333 246.05565 -1 0 0
-8.86527 0.78 245.86533 1 0 0
-8.86527 0.52 245.79565 1 0 0
-9.11927 0.52 245.79565 -1 0 0
-8.86527 0.26 245.86533 1 0 0
-9.11927 0.26 245.86533 -1 0 0
-9.11927 0.0696663 246.05565 -1 0 0
-8.86527 -4.32316e-07 246.31566 1 0 0
-9.11927 -4.32316e-07 246.31566 -1 0 0
-8.86527 0.0696664 246.57565 1 0 0
-9.11927 0.0696664 246.57565 -1 0 0
-9.11927 0.519999 246.83566 -1 0 0
-8.86527 0.779999 246.76599 1 0 0
-9.11927 0.779999 246.76599 -1 0 0
-8.86527 0.970333 246.57565 1 0 0
-9.11927 0.970333 246.57565 -1 0 0
-8.86527 1.04 246.31566 1 0 0
-9.11927 1.04 246.31566 -1 0 0
-8.86527 0.970333 246.05565 1 0 0
-9.11927 0.78 245.86533 -1 0 0
-8.86527 0.52 248.58618 1 0 0
-9.11927 0.52 248.58618 -1 0 0
-8.86527 0.26 248.65585 1 0 0
-9.11927 0.26 248.65585 -1 0 0
-9.11927 0.0696663 248.84618 -1 0 0
-8.86527 -4.32316e-07 249.10619 1 0 0
-9.11927 0.0696664 249.36618 -1 0 0
-8.86527 0.26 249.55652 1 0 0
-9.11927 0.779999 249.55652 -1 0 0
-8.86527 0.970333 249.36618 1 0 0
-8.86527 1.04 249.10619 1 0 0
-8.86527 0.970333 248.84619 1 0 0
-9.11927 0.78 248.65585 -1 0 0
-8.86527 0.0696663 248.84618 1 0 0
-9.11927 -4.32316e-07 249.10619 -1 0 0
-8.86527 0.0696664 249.36618 1 0 0
-9.11927 0.26 249.55652 -1 0 0
-8.86527 0.519999 249.62619 1 0 0
-9.11927 0.519999 249.62619 -1 0 0
-8.86527 0.779999 249.55652 1 0 0
-9.11927 0.970333 249.36618 -1 0 0
-9.11927 1.04 249.10619 -1 0 0
-9.11927 0.970333 248.84619 -1 0 0
-8.86527 0.78 248.65585 1 0 0
-8.86527 0.52 246.89482 1 0 0
-9.11927 0.52 246.89482 -1 0 0
-8.86527 0.26 246.96448 1 0 0
-8.86527 0.0696663 247.15482 1 0 0
-9.11927 0.0696663 247.15482 -1 0 0
-9.11927 0.26 247.86514 -1 0 0
-9.11927 0.519999 247.93481 -1 0 0
-9.11927 0.779999 247.86514 -1 0 0
-9.11927 0.970333 247.67482 -1 0 0
-8.86527 1.04 247.41481 1 0 0
-9.11927 1.04 247.41481 -1 0 0
-9.11927 0.970333 247.15482 -1 0 0
-9.11927 0.26 246.96448 -1 0 0
-8.86527 -4.32316e-07 247.41481 1 0 0
-9.11927 -4.32316e-07 247.41481 -1 0 0
-8.86527 0.0696664 247.67482 1 0 0
-9.11927 0.0696664 247.67482 -1 0 0
-8.86527 0.26 247.86514 1 0 0
-8.86527 0.519999 247.93481 1 0 0
-8.86527 0.779999 247.86514 1 0 0
-8.86527 0.970333 247.67482 1 0 0
-8.86527 0.970333 247.15482 1 0 0
-8.86527 0.78 246.96449 1 0 0
-9.11927 0.78 246.96449 -1 0 0
11.40396 0.52 256.31244 1 0 0
11.40396 -4.32316e-07 256.83243 1 0 0
11.14996 0.0696664 257.09244 -1 0 0
11.40396 0.26 257.28271 1 0 0
11.40396 0.970333 257.09244 1 0 0
11.14996 0.52 256.31244 -1 0 0
11.40396 0.26 256.38214 1 0 0
11.14996 0.26 256.38214 -1 0 0
11.40396 0.0696663 256.57242 1 0 0
11.14996 0.0696663 256.57242 -1 0 0
11.14996 -4.32316e-07 256.83243 -1 0 0
11.40396 0.0696664 257.09244 1 0 0
11.14996 0.26 257.28271 -1 0 0
11.40396 0.519999 257.35242 1 0 0
11.14996 0.519999 257.35242 -1 0 0
11.40396 0.779999 257.28271 1 0 0
11.14996 0.779999 257.28271 -1 0 0
11.14996 0.970333 257.09244 -1 0 0
11.40396 1.04 256.83243 1 0 0
11.14996 1.04 256.83243 -1 0 0
11.40396 0.970333 256.57242 1 0 0
11.14996 0.970333 256.57242 -1 0 0
11.40396 0.78 256.38214 1 0 0
11.14996 0.78 256.38214 -1 0 0
11.14996 0.52 252.42276 -1 0 0
11.40396 0.26 252.49242 1 0 0
11.40396 0.0696663 252.68275 1 0 0
11.14996 -4.32316e-07 252.94275 -1 0 0
11.40396 0.0696664 253.20276 1 0 0
11.14996 0.0696664 253.20276 -1 0 0
11.40396 0.26 253.39308 1 0 0
11.14996 0.519999 253.46275 -1 0 0
11.40396 0.779999 253.39308 1 0 0
11.14996 0.779999 253.39308 -1 0 0
11.14996 0.970333 253.20276 -1 0 0
11.40396 0.970333 252.68275 1 0 0
11.14996 0.970333 252.68275 -1 0 0
11.40396 0.52 252.42276 1 0 0
11.14996 0.26 252.49242 -1 0 0
11.14996 0.0696663 252.68275 -1 0 0
11.40396 -4.32316e-07 252.94275 1 0 0
11.14996 0.26 253.39308 -1 0 0
11.40396 0.519999 253.46275 1 0 0
11.40396 0.970333 253.20276 1 0 0
11.40396 1.04 252.94275 1 0 0
11.14996 1.04 252.94275 -1 0 0
11.40396 0.78 252.49242 1 0 0
11.14996 0.78 252.49242 -1 0 0
11.40396 0.52 255.21333 1 0 0
11.14996 0.26 255.28293 -1 0 0
11.40396 0.0696663 255.47333 1 0 0
11.40396 -4.32316e-07 255.73332 1 0 0
11.14996 0.0696664 255.99333 -1 0 0
11.14996 0.519999 256.25333 -1 0 0
11.14996 0.78 255.28293 -1 0 0
11.14996 0.52 255.21333 -1 0 0
11.40396 0.26 255.28293 1 0 0
11.14996 0.0696663 255.47333 -1 0 0
11.14996 -4.32316e-07 255.73332 -1 0 0
11.40396 0.0696664 255.99333 1 0 0
11.40396 0.26 256.18362 1 0 0
11.14996 0.26 256.18362 -1 0 0
11.40396 0.519999 256.25333 1 0 0
11.40396 0.779999 256.18362 1 0 0
11.14996 0.779999 256.18362 -1 0 0
11.40396 0.970333 255.99333 1 0 0
11.14996 0.970333 255.99333 -1 0 0
11.40396 1.04 255.73332 1 0 0
11.14996 1.04 255.73332 -1 0 0
11.40396 0.970333 255.47333 1 0 0
11.14996 0.970333 255.47333 -1 0 0
11.40396 0.78 255.28293 1 0 0
11.40396 0.52 253.52191 1 0 0
11.14996 0.52 253.52191 -1 0 0
11.40396 0.26 253.59158 1 0 0
11.40396 0.0696663 253.78191 1 0 0
11.40396 -4.32316e-07 254.0419 1 0 0
11.14996 0.26 254.49225 -1 0 0
11.40396 0.519999 254.5619 1 0 0
11.40396 0.779999 254.49225 1 0 0
11.40396 0.970333 254.30191 1 0 0
11.14996 1.04 254.0419 -1 0 0
11.14996 0.970333 253.78191 -1 0 0
11.14996 0.26 253.59158 -1 0 0
11.14996 0.0696663 253.78191 -1 0 0
11.14996 -4.32316e-07 254.0419 -1 0 0
11.40396 0.0696664 254.30191 1 0 0
11.14996 0.0696664 254.30191 -1 0 0
11.40396 0.26 254.49225 1 0 0
11.14996 0.519999 254.5619 -1 0 0
11.14996 0.779999 254.49225 -1 0 0
11.14996 0.970333 254.30191 -1 0 0
11.40396 1.04 254.0419 1 0 0
11.40396 0.970333 253.78191 1 0 0
11.40396 0.78 253.59158 1 0 0
11.14996 0.78 253.59158 -1 0 0
11.40396 0.78 241.18823 1 0 0
11.14996 0.970333 241.37857 -1 0 0
11.40396 0.970333 241.37857 1 0 0
11.14996 1.04 241.63857 -1 0 0
11.40396 1.04 241.63857 1 0 0
11.14996 0.970333 241.89857 -1 0 0
11.14996 0.779999 242.08891 -1 0 0
11.40396 0.779999 242.08891 1 0 0
11.14996 0.0696664 241.89857 -1 0 0
11.14996 -4.32316e-07 241.63857 -1 0 0
11.40396 -4.32316e-07 241.63857 1 0 0
11.14996 0.0696663 241.37857 -1 0 0
11.40396 0.26 241.18823 1 0 0
11.14996 0.52 241.11856 -1 0 0
11.40396 0.52 241.11856 1 0 0
11.14996 0.78 241.18823 -1 0 0
11.40396 0.970333 241.89857 1 0 0
11.14996 0.519999 242.15857 -1 0 0
11.40396 0.519999 242.15857 1 0 0
11.14996 0.26 242.08891 -1 0 0
11.40396 0.26 242.08891 1 0 0
11.40396 0.0696664 241.89857 1 0 0
11.40396 0.0696663 241.37857 1 0 0
11.14996 0.26 241.18823 -1 0 0
11.14996 0.78 242.87961 -1 0 0
11.14996 0.970333 243.06995 -1 0 0
11.14996 1.04 243.32994 -1 0 0
11.14996 0.970333 243.58994 -1 0 0
11.40396 0.970333 243.58994 1 0 0
11.14996 0.26 243.78027 -1 0 0
11.14996 -4.32316e-07 243.32994 -1 0 0
11.40396 -4.32316e-07 243.32994 1 0 0
11.14996 0.0696663 243.06993 -1 0 0
11.40396 0.26 242.87961 1 0 0
11.40396 0.78 242.87961 1 0 0
11.40396 0.970333 243.06995 1 0 0
11.40396 1.04 243.32994 1 0 0
11.14996 0.779999 243.78027 -1 0 0
11.40396 0.779999 243.78027 1 0 0
11.14996 0.519999 243.84993 -1 0 0
11.40396 0.519999 243.84993 1 0 0
11.40396 0.26 243.78027 1 0 0
11.14996 0.0696664 243.58994 -1 0 0
11.40396 0.0696664 243.58994 1 0 0
11.40396 0.0696663 243.06993 1 0 0
11.14996 0.26 242.87961 -1 0 0
11.14996 0.52 242.80994 -1 0 0
11.40396 0.52 242.80994 1 0 0
11.40396 0.78 240.08908 1 0 0
11.14996 0.970333 240.27942 -1 0 0
11.14996 0.970333 240.79942 -1 0 0
11.14996 0.519999 241.0594 -1 0 0
11.14996 0.0696664 240.79942 -1 0 0
11.40396 0.0696664 240.79942 1 0 0
11.14996 -4.32316e-07 240.53941 -1 0 0
11.14996 0.0696663 240.2794 -1 0 0
11.40396 0.26 240.08908 1 0 0
11.14996 0.78 240.08908 -1 0 0
11.40396 0.970333 240.27942 1 0 0
11.14996 1.04 240.53941 -1 0 0
11.40396 1.04 240.53941 1 0 0
11.40396 0.970333 240.79942 1 0 0
11.14996 0.779999 240.98975 -1 0 0
11.40396 0.779999 240.98975 1 0 0
11.40396 0.519999 241.0594 1 0 0
11.14996 0.26 240.98975 -1 0 0
11.40396 0.26 240.98975 1 0 0
11.40396 -4.32316e-07 240.53941 1 0 0
11.40396 0.0696663 240.2794 1 0 0
11.14996 0.26 240.08908 -1 0 0
11.14996 0.52 240.01941 -1 0 0
11.40396 0.52 240.01941 1 0 0
11.14996 0.78 243.97876 -1 0 0
11.40396 0.970333 244.16911 1 0 0
11.40396 1.04 244.42909 1 0 0
11.40396 0.970333 244.6891 1 0 0
11.40396 0.779999 244.87944 1 0 0
11.14996 0.519999 244.9491 -1 0 0
11.40396 0.26 244.87944 1 0 0
11.14996 0.0696664 244.6891 -1 0 0
11.40396 0.0696664 244.6891 1 0 0
11.14996 -4.32316e-07 244.42909 -1 0 0
11.14996 0.0696663 244.1691 -1 0 0
11.40396 0.0696663 244.1691 1 0 0
11.14996 0.26 243.97876 -1 0 0
11.40396 0.26 243.97876 1 0 0
11.14996 0.52 243.9091 -1 0 0
11.40396 0.52 243.9091 1 0 0
11.40396 0.78 243.97876 1 0 0
11.14996 0.970333 244.16911 -1 0 0
11.14996 1.04 244.42909 -1 0 0
11.14996 0.970333 244.6891 -1 0 0
11.14996 0.779999 244.87944 -1 0 0
11.40396 0.519999 244.9491 1 0 0
11.14996 0.26 244.87944 -1 0 0
11.40396 -4.32316e-07 244.42909 1 0 0
9.61432 1.94069 242.48425 -1 0 7.33167e-06
10.39476 1.94069 242.03366 0.49993 0 -0.866066
10.58526 1.94069 242.74438 0.866032 0 0.499989
10.39476 1.94069 242.93489 0.499999 0 0.866026
10.13461 1.94069 243.00459 -3.6586e-17 0 1
9.87446 1.94069 242.93489 -0.500067 0 0.865987
9.68402 1.94069 242.74438 -0.86607 0 0.499922
10.13461 1.38571 243.00459 3.6586e-17 0 1
10.39476 1.38571 242.93489 0.499999 0 0.866026
10.58526 1.38571 242.74438 0.866032 0 0.499989
10.65496 1.94069 242.48425 1 0 7.33158e-06
10.65496 1.38571 242.48425 1 0 7.33158e-06
10.58526 1.94069 242.22411 0.865995 0 -0.500052
10.58526 1.38571 242.22411 0.865995 0 -0.500052
10.39476 1.38571 242.03366 0.49993 0 -0.866066
10.13461 1.94069 241.96396 3.6586e-17 0 -1
10.13461 1.38571 241.96396 -3.6586e-17 0 -1
9.87446 1.94069 242.03366 -0.499998 0 -0.866027
9.61432 1.38571 242.48425 -1 0 7.33167e-06
9.68402 1.38571 242.74438 -0.86607 0 0.499922
9.87446 1.38571 242.93489 -0.500067 0 0.865987
9.87446 1.38571 242.03366 -0.499998 0 -0.866027
9.68402 1.94069 242.22411 -0.866034 0 -0.499985
9.68402 1.38571 242.22411 -0.866034 0 -0.499985
9.11927 0.52 243.9091 1 0 0
8.86527 0.52 243.9091 -1 0 0
9.11927 0.0696663 244.1691 1 0 0
8.86527 0.0696663 244.1691 -1 0 0
9.11927 0.0696664 244.6891 1 0 0
9.11927 0.26 244.87944 1 0 0
9.11927 0.970333 244.6891 1 0 0
8.86527 0.970333 244.6891 -1 0 0
9.11927 1.04 244.42909 1 0 0
9.11927 0.970333 244.16911 1 0 0
8.86527 0.78 243.97876 -1 0 0
9.11927 0.26 243.97876 1 0 0
8.86527 0.26 243.97876 -1 0 0
9.11927 -4.32316e-07 244.42909 1 0 0
8.86527 -4.32316e-07 244.42909 -1 0 0
8.86527 0.0696664 244.6891 -1 0 0
8.86527 0.26 244.87944 -1 0 0
9.11927 0.519999 244.9491 1 0 0
8.86527 0.519999 244.9491 -1 0 0
9.11927 0.779999 244.87944 1 0 0
8.86527 0.779999 244.87944 -1 0 0
8.86527 1.04 244.42909 -1 0 0
8.86527 0.970333 244.16911 -1 0 0
9.11927 0.78 243.97876 1 0 0
9.11927 0.26 240.08908 1 0 0
8.86527 0.0696663 240.2794 -1 0 0
9.11927 -4.32316e-07 240.53941 1 0 0
9.11927 0.0696664 240.79942 1 0 0
9.11927 0.26 240.98975 1 0 0
8.86527 0.26 240.98975 -1 0 0
8.86527 0.519999 241.0594 -1 0 0
8.86527 0.779999 240.98975 -1 0 0
8.86527 0.970333 240.79942 -1 0 0
9.11927 1.04 240.53941 1 0 0
8.86527 0.78 240.08908 -1 0 0
9.11927 0.52 240.01941 1 0 0
8.86527 0.52 240.01941 -1 0 0
8.86527 0.26 240.08908 -1 0 0
9.11927 0.0696663 240.2794 1 0 0
8.86527 -4.32316e-07 240.53941 -1 0 0
8.86527 0.0696664 240.79942 -1 0 0
9.11927 0.519999 241.0594 1 0 0
9.11927 0.779999 240.98975 1 0 0
9.11927 0.970333 240.79942 1 0 0
8.86527 1.04 240.53941 -1 0 0
9.11927 0.970333 240.27942 1 0 0
8.86527 0.970333 240.27942 -1 0 0
9.11927 0.78 240.08908 1 0 0
9.11927 0.52 242.80994 1 0 0
9.11927 0.26 242.87961 1 0 0
8.86527 0.26 242.87961 -1 0 0
8.86527 0.0696663 243.06993 -1 0 0
9.11927 -4.32316e-07 243.32994 1 0 0
8.86527 -4.32316e-07 243.32994 -1 0 0
9.11927 0.0696664 243.58994 1 0 0
9.11927 0.26 243.78027 1 0 0
9.11927 0.519999 243.84993 1 0 0
9.11927 0.970333 243.58994 1 0 0
8.86527 0.970333 243.58994 -1 0 0
8.86527 1.04 243.32994 -1 0 0
9.11927 0.970333 243.06995 1 0 0
8.86527 0.52 242.80994 -1 0 0
9.11927 0.0696663 243.06993 1 0 0
8.86527 0.0696664 243.58994 -1 0 0
8.86527 0.26 243.78027 -1 0 0
8.86527 0.519999 243.84993 -1 0 0
9.11927 0.779999 243.78027 1 0 0
8.86527 0.779999 243.78027 -1 0 0
9.11927 1.04 243.32994 1 0 0
8.86527 0.970333 243.06995 -1 0 0
9.11927 0.78 242.87961 1 0 0
8.86527 0.78 242.87961 -1 0 0
9.11927 0.0696663 241.37857 1 0 0
9.11927 -4.32316e-07 241.63857 1 0 0
8.86527 0.0696664 241.89857 -1 0 0
9.11927 0.519999 242.15857 1 0 0
8.86527 0.519999 242.15857 -1 0 0
9.11927 0.779999 242.08891 1 0 0
8.86527 0.779999 242.08891 -1 0 0
9.11927 1.04 241.63857 1 0 0
8.86527 1.04 241.63857 -1 0 0
8.86527 0.970333 241.37857 -1 0 0
9.11927 0.78 241.18823 1 0 0
9.11927 0.52 241.11856 1 0 0
8.86527 0.52 241.11856 -1 0 0
9.11927 0.26 241.18823 1 0 0
8.86527 0.26 241.18823 -1 0 0
8.86527 0.0696663 241.37857 -1 0 0
8.86527 -4.32316e-07 241.63857 -1 0 0
9.11927 0.0696664 241.89857 1 0 0
9.11927 0.26 242.08891 1 0 0
8.86527 0.26 242.08891 -1 0 0
9.11927 0.970333 241.89857 1 0 0
8.86527 0.970333 241.89857 -1 0 0
9.11927 0.970333 241.37857 1 0 0
8.86527 0.78 241.18823 -1 0 0
9.13464 1.38527 239.96025 -1 0 0
9.13464 1.38527 245.00826 -1 0 0
9.13464 0.231491 245.00826 -1 0 0
11.13456 0.231491 239.96025 1 0 0
11.13456 1.38527 245.00826 1 0 0
11.13456 0.231491 245.00826 1 0 0
9.13464 0.231491 239.96025 -1 0 0
11.13456 1.38527 239.96025 1 0 0
8.32336 0.78 246.96449 1 0 0
8.06936 0.970333 247.15482 -1 0 0
8.32336 0.970333 247.15482 1 0 0
8.06936 0.970333 247.67482 -1 0 0
8.06936 0.519999 247.93481 -1 0 0
8.32336 0.519999 247.93481 1 0 0
8.06936 0.26 247.86514 -1 0 0
8.32336 0.26 247.86514 1 0 0
8.06936 0.0696664 247.67482 -1 0 0
8.32336 0.0696664 247.67482 1 0 0
8.06936 -4.32316e-07 247.41481 -1 0 0
8.32336 -4.32316e-07 247.41481 1 0 0
8.06936 0.0696663 247.15482 -1 0 0
8.06936 0.26 246.96448 -1 0 0
8.32336 0.52 246.89482 1 0 0
8.06936 0.78 246.96449 -1 0 0
8.06936 1.04 247.41481 -1 0 0
8.32336 1.04 247.41481 1 0 0
8.32336 0.970333 247.67482 1 0 0
8.06936 0.779999 247.86514 -1 0 0
8.32336 0.779999 247.86514 1 0 0
8.32336 0.0696663 247.15482 1 0 0
8.32336 0.26 246.96448 1 0 0
8.06936 0.52 246.89482 -1 0 0
8.06936 0.970333 248.84619 -1 0 0
8.32336 0.970333 249.36618 1 0 0
8.32336 0.779999 249.55652 1 0 0
8.32336 0.26 249.55652 1 0 0
8.06936 0.0696664 249.36618 -1 0 0
8.32336 0.0696664 249.36618 1 0 0
8.06936 0.0696663 248.84618 -1 0 0
8.32336 0.0696663 248.84618 1 0 0
8.06936 0.78 248.65585 -1 0 0
8.32336 0.78 248.65585 1 0 0
8.32336 0.970333 248.84619 1 0 0
8.06936 1.04 249.10619 -1 0 0
8.32336 1.04 249.10619 1 0 0
8.06936 0.970333 249.36618 -1 0 0
8.06936 0.779999 249.55652 -1 0 0
8.06936 0.519999 249.62619 -1 0 0
8.32336 0.519999 249.62619 1 0 0
8.06936 0.26 249.55652 -1 0 0
8.06936 -4.32316e-07 249.10619 -1 0 0
8.32336 -4.32316e-07 249.10619 1 0 0
8.06936 0.26 248.65585 -1 0 0
8.32336 0.26 248.65585 1 0 0
8.06936 0.52 248.58618 -1 0 0
8.32336 0.52 248.58618 1 0 0
8.06936 0.78 245.86533 -1 0 0
8.32336 0.78 245.86533 1 0 0
8.06936 0.970333 246.05565 -1 0 0
8.32336 0.970333 246.05565 1 0 0
8.06936 0.970333 246.57565 -1 0 0
8.32336 0.779999 246.76599 1 0 0
8.06936 0.519999 246.83566 -1 0 0
8.06936 0.26 246.76599 -1 0 0
8.32336 0.26 246.76599 1 0 0
8.06936 0.0696664 246.57565 -1 0 0
8.32336 0.0696664 246.57565 1 0 0
8.06936 -4.32316e-07 246.31566 -1 0 0
8.32336 0.0696663 246.05565 1 0 0
8.06936 0.26 245.86533 -1 0 0
8.06936 1.04 246.31566 -1 0 0
8.32336 1.04 246.31566 1 0 0
8.32336 0.970333 246.57565 1 0 0
8.06936 0.779999 246.76599 -1 0 0
8.32336 0.519999 246.83566 1 0 0
8.32336 -4.32316e-07 246.31566 1 0 0
8.06936 0.0696663 246.05565 -1 0 0
8.32336 0.26 245.86533 1 0 0
8.06936 0.52 245.79565 -1 0 0
8.32336 0.52 245.79565 1 0 0
8.06936 0.970333 249.94534 -1 0 0
8.32336 0.970333 249.94534 1 0 0
8.32336 0.970333 250.46535 1 0 0
8.32336 0.519999 250.72534 1 0 0
8.06936 0.26 250.65567 -1 0 0
8.32336 0.26 250.65567 1 0 0
8.06936 0.0696664 250.46535 -1 0 0
8.06936 -4.32316e-07 250.20535 -1 0 0
8.32336 -4.32316e-07 250.20535 1 0 0
8.32336 0.0696663 249.94534 1 0 0
8.06936 0.26 249.755 -1 0 0
8.32336 0.26 249.755 1 0 0
8.06936 0.52 249.68535 -1 0 0
8.06936 0.78 249.75502 -1 0 0
8.32336 0.78 249.75502 1 0 0
8.06936 1.04 250.20535 -1 0 0
8.32336 1.04 250.20535 1 0 0
8.06936 0.970333 250.46535 -1 0 0
8.06936 0.779999 250.65567 -1 0 0
8.32336 0.779999 250.65567 1 0 0
8.06936 0.519999 250.72534 -1 0 0
8.32336 0.0696664 250.46535 1 0 0
8.06936 0.0696663 249.94534 -1 0 0
8.32336 0.52 249.68535 1 0 0
7.56415 1.94069 247.80991 0.499942 0 -0.866059
6.85344 1.94069 248.52063 -0.866071 0 0.499922
7.30403 1.38571 248.78082 1.42032e-05 0 1
7.56415 1.94069 248.71114 0.499988 0 0.866032
7.56415 1.38571 248.71114 0.499988 0 0.866032
7.75465 1.94069 248.52063 0.866031 0 0.49999
7.75465 1.38571 248.52063 0.866031 0 0.49999
7.82435 1.94069 248.2605 1 0 7.33167e-06
7.82435 1.38571 248.2605 1 0 7.33167e-06
7.75465 1.94069 248.00035 0.865995 0 -0.500053
7.75465 1.38571 248.00035 0.865995 0 -0.500053
7.56415 1.38571 247.80991 0.499942 0 -0.866059
7.30403 1.94069 247.7402 1.42059e-05 0 -1
7.30403 1.38571 247.7402 1.42059e-05 0 -1
7.04388 1.94069 247.80991 -0.499998 0 -0.866026
6.78374 1.94069 248.2605 -1 0 7.33167e-06
6.78374 1.38571 248.2605 -1 0 7.33167e-06
6.85344 1.38571 248.52063 -0.866071 0 0.499922
7.04388 1.94069 248.71114 -0.500044 0 0.866
7.04388 1.38571 248.71114 -0.500044 0 0.866
7.30403 1.94069 248.78082 1.42032e-05 0 1
7.04388 1.38571 247.80991 -0.499998 0 -0.866026
6.85344 1.94069 248.00035 -0.866034 0 -0.499985
6.85344 1.38571 248.00035 -0.866034 0 -0.499985
6.28469 -4.32316e-07 250.20535 -1 0 0
6.53869 0.0696664 250.46535 1 0 0
6.53869 0.26 250.65567 1 0 0
6.28469 0.26 250.65567 -1 0 0
6.53869 0.519999 250.72534 1 0 0
6.53869 0.779999 250.65567 1 0 0
6.53869 0.970333 250.46535 1 0 0
6.28469 1.04 250.20535 -1 0 0
6.53869 0.970333 249.94534 1 0 0
6.28469 0.970333 249.94534 -1 0 0
6.53869 0.78 249.75502 1 0 0
6.28469 0.78 249.75502 -1 0 0
6.53869 0.52 249.68535 1 0 0
6.28469 0.52 249.68535 -1 0 0
6.53869 0.26 249.755 1 0 0
6.28469 0.26 249.755 -1 0 0
6.53869 0.0696663 249.94534 1 0 0
6.28469 0.0696663 249.94534 -1 0 0
6.53869 -4.32316e-07 250.20535 1 0 0
6.28469 0.0696664 250.46535 -1 0 0
6.28469 0.519999 250.72534 -1 0 0
6.28469 0.779999 250.65567 -1 0 0
6.28469 0.970333 250.46535 -1 0 0
6.53869 1.04 250.20535 1 0 0
6.28469 0.26 245.86533 -1 0 0
6.53869 0.0696663 246.05565 1 0 0
6.28469 0.0696663 246.05565 -1 0 0
6.28469 -4.32316e-07 246.31566 -1 0 0
6.53869 0.0696664 246.57565 1 0 0
6.53869 0.26 246.76599 1 0 0
6.28469 0.26 246.76599 -1 0 0
6.53869 0.519999 246.83566 1 0 0
6.28469 0.779999 246.76599 -1 0 0
6.53869 0.970333 246.57565 1 0 0
6.53869 1.04 246.31566 1 0 0
6.53869 0.970333 246.05565 1 0 0
6.28469 0.78 245.86533 -1 0 0
6.53869 0.52 245.79565 1 0 0
6.28469 0.52 245.79565 -1 0 0
6.53869 0.26 245.86533 1 0 0
6.53869 -4.32316e-07 246.31566 1 0 0
6.28469 0.0696664 246.57565 -1 0 0
6.28469 0.519999 246.83566 -1 0 0
6.53869 0.779999 246.76599 1 0 0
6.28469 0.970333 246.57565 -1 0 0
6.28469 1.04 246.31566 -1 0 0
6.28469 0.970333 246.05565 -1 0 0
6.53869 0.78 245.86533 1 0 0
6.28469 0.52 248.58618 -1 0 0
6.53869 0.26 248.65585 1 0 0
6.28469 -4.32316e-07 249.10619 -1 0 0
6.53869 0.0696664 249.36618 1 0 0
6.28469 0.0696664 249.36618 -1 0 0
6.53869 0.26 249.55652 1 0 0
6.28469 0.26 249.55652 -1 0 0
6.28469 0.519999 249.62619 -1 0 0
6.28469 0.779999 249.55652 -1 0 0
6.28469 1.04 249.10619 -1 0 0
6.53869 0.78 248.65585 1 0 0
6.28469 0.78 248.65585 -1 0 0
6.53869 0.52 248.58618 1 0 0
6.28469 0.26 248.65585 -1 0 0
6.53869 0.0696663 248.84618 1 0 0
6.28469 0.0696663 248.84618 -1 0 0
6.53869 -4.32316e-07 249.10619 1 0 0
6.53869 0.519999 249.62619 1 0 0
6.53869 0.779999 249.55652 1 0 0
6.53869 0.970333 249.36618 1 0 0
6.28469 0.970333 249.36618 -1 0 0
6.53869 1.04 249.10619 1 0 0
6.53869 0.970333 248.84619 1 0 0
6.28469 0.970333 248.84619 -1 0 0
6.28469 0.0696663 247.15482 -1 0 0
6.28469 -4.32316e-07 247.41481 -1 0 0
6.53869 0.0696664 247.67482 1 0 0
6.53869 0.26 247.86514 1 0 0
6.53869 0.519999 247.93481 1 0 0
6.53869 0.779999 247.86514 1 0 0
6.28469 0.779999 247.86514 -1 0 0
8.054 1.38527 251.80969 1 0 0
6.55406 1.38527 251.80969 -1 0 0
8.054 0.231491 251.80969 1 0 0
8.054 1.38527 256.85773 1 0 0
6.55406 0.231491 256.85773 -1 0 0
8.054 0.231491 256.85773 1 0 0
6.55406 1.38527 256.85773 -1 0 0
6.55406 0.231491 251.80969 -1 0 0
6.53869 0.78 253.03766 1 0 0
6.53869 0.970333 253.228 1 0 0
6.53869 1.04 253.48799 1 0 0
6.28469 0.779999 253.93834 -1 0 0
6.53869 0.519999 254.008 1 0 0
6.53869 0.26 253.93834 1 0 0
6.53869 0.0696664 253.748 1 0 0
6.53869 -4.32316e-07 253.48799 1 0 0
6.28469 0.0696663 253.228 -1 0 0
6.53869 0.26 253.03766 1 0 0
6.28469 0.78 253.03766 -1 0 0
6.28469 0.970333 253.228 -1 0 0
6.28469 1.04 253.48799 -1 0 0
6.28469 0.970333 253.748 -1 0 0
6.53869 0.970333 253.748 1 0 0
6.53869 0.779999 253.93834 1 0 0
6.28469 0.519999 254.008 -1 0 0
6.28469 0.26 253.93834 -1 0 0
6.28469 0.0696664 253.748 -1 0 0
6.28469 -4.32316e-07 253.48799 -1 0 0
6.53869 0.0696663 253.228 1 0 0
6.28469 0.26 253.03766 -1 0 0
6.28469 0.52 252.968 -1 0 0
6.53869 0.52 252.968 1 0 0
6.28469 0.78 254.72902 -1 0 0
6.53869 0.78 254.72902 1 0 0
6.28469 1.04 255.17941 -1 0 0
6.53869 0.779999 255.62971 1 0 0
6.28469 0.519999 255.69942 -1 0 0
6.28469 0.26 255.62971 -1 0 0
6.53869 0.26 255.62971 1 0 0
6.28469 0.0696664 255.43942 -1 0 0
6.28469 -4.32316e-07 255.17941 -1 0 0
6.28469 0.0696663 254.91942 -1 0 0
6.53869 0.26 254.72902 1 0 0
6.28469 0.970333 254.91942 -1 0 0
6.53869 0.970333 254.91942 1 0 0
6.53869 1.04 255.17941 1 0 0
6.28469 0.970333 255.43942 -1 0 0
6.53869 0.970333 255.43942 1 0 0
6.28469 0.779999 255.62971 -1 0 0
6.53869 0.519999 255.69942 1 0 0
6.53869 0.0696664 255.43942 1 0 0
6.53869 -4.32316e-07 255.17941 1 0 0
6.53869 0.0696663 254.91942 1 0 0
6.28469 0.26 254.72902 -1 0 0
6.28469 0.52 254.65942 -1 0 0
6.53869 0.52 254.65942 1 0 0
6.53869 0.970333 252.64885 1 0 0
6.28469 0.779999 252.83917 -1 0 0
6.53869 0.779999 252.83917 1 0 0
6.28469 0.519999 252.90883 -1 0 0
6.28469 0.26 252.83917 -1 0 0
6.53869 0.26 252.83917 1 0 0
6.28469 0.0696664 252.64885 -1 0 0
6.28469 -4.32316e-07 252.38884 -1 0 0
6.53869 0.0696663 252.12885 1 0 0
6.53869 0.52 251.86885 1 0 0
6.28469 0.78 251.93851 -1 0 0
6.53869 0.78 251.93851 1 0 0
6.28469 0.970333 252.12885 -1 0 0
6.53869 0.970333 252.12885 1 0 0
6.28469 1.04 252.38884 -1 0 0
6.53869 1.04 252.38884 1 0 0
6.28469 0.970333 252.64885 -1 0 0
6.53869 0.519999 252.90883 1 0 0
6.53869 0.0696664 252.64885 1 0 0
6.53869 -4.32316e-07 252.38884 1 0 0
6.28469 0.0696663 252.12885 -1 0 0
6.28469 0.26 251.93851 -1 0 0
6.53869 0.26 251.93851 1 0 0
6.28469 0.52 251.86885 -1 0 0
6.28469 0.970333 256.01852 -1 0 0
6.53869 0.970333 256.01852 1 0 0
6.28469 0.970333 256.53851 -1 0 0
6.28469 0.519999 256.79852 -1 0 0
6.53869 0.519999 256.79852 1 0 0
6.53869 0.0696664 256.53851 1 0 0
6.28469 0.0696663 256.01852 -1 0 0
6.53869 0.0696663 256.01852 1 0 0
6.28469 0.52 255.75851 -1 0 0
6.53869 0.52 255.75851 1 0 0
6.28469 0.78 255.82822 -1 0 0
6.53869 0.78 255.82822 1 0 0
6.28469 1.04 256.2785 -1 0 0
6.53869 1.04 256.2785 1 0 0
6.53869 0.970333 256.53851 1 0 0
6.28469 0.779999 256.72882 -1 0 0
6.53869 0.779999 256.72882 1 0 0
6.28469 0.26 256.72882 -1 0 0
6.53869 0.26 256.72882 1 0 0
6.28469 0.0696664 256.53851 -1 0 0
6.28469 -4.32316e-07 256.2785 -1 0 0
6.53869 -4.32316e-07 256.2785 1 0 0
6.28469 0.26 255.82822 -1 0 0
6.53869 0.26 255.82822 1 0 0
6.53869 0.970333 247.15482 1 0 0
6.28469 0.78 246.96449 -1 0 0
6.53869 0.52 246.89482 1 0 0
6.28469 0.52 246.89482 -1 0 0
6.53869 0.26 246.96448 1 0 0
6.28469 0.26 246.96448 -1 0 0
6.53869 0.0696663 247.15482 1 0 0
6.53869 -4.32316e-07 247.41481 1 0 0
6.28469 0.0696664 247.67482 -1 0 0
6.28469 0.26 247.86514 -1 0 0
6.28469 0.519999 247.93481 -1 0 0
6.53869 0.970333 247.67482 1 0 0
6.28469 0.970333 247.67482 -1 0 0
6.53869 1.04 247.41481 1 0 0
6.28469 1.04 247.41481 -1 0 0
6.28469 0.970333 247.15482 -1 0 0
6.53869 0.78 246.96449 1 0 0
6.55406 0.231491 245.7365 -1 0 0
8.054 1.38527 250.7845 1 0 0
6.55406 1.38527 245.7365 -1 0 0
8.054 0.231491 250.7845 1 0 0
6.55406 1.38527 250.7845 -1 0 0
6.55406 0.231491 250.7845 -1 0 0
8.054 1.38527 245.7365 1 0 0
8.054 0.231491 245.7365 1 0 0
6.85344 1.38571 254.07353 -0.866024 0 -0.500002
7.04388 1.38571 253.8831 -0.499981 0 -0.866036
7.30403 1.94069 254.85402 1.42059e-05 0 1
7.04388 1.38571 254.78432 -0.500068 0 0.865986
7.04388 1.94069 254.78432 -0.500068 0 0.865986
6.85344 1.38571 254.59381 -0.866071 0 0.499922
6.78374 1.94069 254.33368 -1 0 7.33167e-06
6.78374 1.38571 254.33368 -1 0 7.33167e-06
7.04388 1.94069 253.8831 -0.499981 0 -0.866036
7.30403 1.38571 253.8134 1.42059e-05 0 -1
7.30403 1.94069 253.8134 1.42059e-05 0 -1
7.56415 1.38571 253.8831 0.499925 0 -0.866069
7.75465 1.38571 254.07353 0.865985 0 -0.50007
7.75465 1.94069 254.07353 0.865985 0 -0.50007
7.82435 1.38571 254.33368 1 0 7.33167e-06
7.75465 1.38571 254.59381 0.866031 0 0.49999
7.75465 1.94069 254.59381 0.866031 0 0.49999
7.56415 1.38571 254.78432 0.500012 0 0.866019
7.30403 1.38571 254.85402 1.42059e-05 0 1
6.85344 1.94069 254.59381 -0.866071 0 0.499922
7.56415 1.94069 254.78432 0.500012 0 0.866019
7.82435 1.94069 254.33368 1 0 7.33167e-06
7.56415 1.94069 253.8831 0.499925 0 -0.866069
6.85344 1.94069 254.07353 -0.866024 0 -0.500002
8.32336 0.26 255.82822 1 0 0
8.06936 0.26 255.82822 -1 0 0
8.32336 0.0696663 256.01852 1 0 0
8.32336 -4.32316e-07 256.2785 1 0 0
8.32336 0.0696664 256.53851 1 0 0
8.06936 0.26 256.72882 -1 0 0
8.32336 0.519999 256.79852 1 0 0
8.06936 0.779999 256.72882 -1 0 0
8.32336 0.970333 256.53851 1 0 0
8.32336 0.970333 256.01852 1 0 0
8.06936 0.970333 256.01852 -1 0 0
8.32336 0.78 255.82822 1 0 0
8.06936 0.78 255.82822 -1 0 0
8.32336 0.52 255.75851 1 0 0
8.06936 0.52 255.75851 -1 0 0
8.06936 0.0696663 256.01852 -1 0 0
8.06936 -4.32316e-07 256.2785 -1 0 0
8.06936 0.0696664 256.53851 -1 0 0
8.32336 0.26 256.72882 1 0 0
8.06936 0.519999 256.79852 -1 0 0
8.32336 0.779999 256.72882 1 0 0
8.06936 0.970333 256.53851 -1 0 0
8.32336 1.04 256.2785 1 0 0
8.06936 1.04 256.2785 -1 0 0
8.32336 0.26 251.93851 1 0 0
8.06936 0.26 251.93851 -1 0 0
8.32336 0.0696663 252.12885 1 0 0
8.32336 -4.32316e-07 252.38884 1 0 0
8.06936 -4.32316e-07 252.38884 -1 0 0
8.32336 0.0696664 252.64885 1 0 0
8.06936 0.0696664 252.64885 -1 0 0
8.06936 0.26 252.83917 -1 0 0
8.32336 0.519999 252.90883 1 0 0
8.06936 0.519999 252.90883 -1 0 0
8.32336 0.779999 252.83917 1 0 0
8.06936 0.779999 252.83917 -1 0 0
8.32336 0.970333 252.64885 1 0 0
8.06936 0.970333 252.64885 -1 0 0
8.32336 1.04 252.38884 1 0 0
8.32336 0.970333 252.12885 1 0 0
8.06936 0.970333 252.12885 -1 0 0
8.06936 0.78 251.93851 -1 0 0
8.32336 0.52 251.86885 1 0 0
8.06936 0.52 251.86885 -1 0 0
8.06936 0.0696663 252.12885 -1 0 0
8.32336 0.26 252.83917 1 0 0
8.06936 1.04 252.38884 -1 0 0
8.32336 0.78 251.93851 1 0 0
8.06936 0.26 254.72902 -1 0 0
8.32336 0.0696663 254.91942 1 0 0
8.32336 -4.32316e-07 255.17941 1 0 0
8.06936 0.0696664 255.43942 -1 0 0
8.06936 0.519999 255.69942 -1 0 0
8.32336 0.779999 255.62971 1 0 0
8.06936 0.779999 255.62971 -1 0 0
8.06936 0.970333 255.43942 -1 0 0
8.32336 1.04 255.17941 1 0 0
8.32336 0.970333 254.91942 1 0 0
8.06936 0.78 254.72902 -1 0 0
8.32336 0.52 254.65942 1 0 0
8.06936 0.52 254.65942 -1 0 0
8.32336 0.26 254.72902 1 0 0
8.06936 0.0696663 254.91942 -1 0 0
8.06936 -4.32316e-07 255.17941 -1 0 0
8.32336 0.0696664 255.43942 1 0 0
8.32336 0.26 255.62971 1 0 0
8.06936 0.26 255.62971 -1 0 0
8.32336 0.519999 255.69942 1 0 0
8.32336 0.970333 255.43942 1 0 0
8.06936 1.04 255.17941 -1 0 0
8.06936 0.970333 254.91942 -1 0 0
8.32336 0.78 254.72902 1 0 0
8.32336 0.52 252.968 1 0 0
8.06936 0.26 253.03766 -1 0 0
8.06936 0.0696664 253.748 -1 0 0
8.32336 0.26 253.93834 1 0 0
8.32336 0.519999 254.008 1 0 0
8.32336 0.779999 253.93834 1 0 0
8.06936 0.779999 253.93834 -1 0 0
8.32336 1.04 253.48799 1 0 0
8.32336 0.970333 253.228 1 0 0
8.32336 0.78 253.03766 1 0 0
8.06936 0.78 253.03766 -1 0 0
8.06936 0.52 252.968 -1 0 0
8.32336 0.26 253.03766 1 0 0
8.32336 0.0696663 253.228 1 0 0
8.06936 0.0696663 253.228 -1 0 0
8.32336 -4.32316e-07 253.48799 1 0 0
8.06936 -4.32316e-07 253.48799 -1 0 0
8.32336 0.0696664 253.748 1 0 0
8.06936 0.26 253.93834 -1 0 0
8.06936 0.519999 254.008 -1 0 0
8.32336 0.970333 253.748 1 0 0
8.06936 0.970333 253.748 -1 0 0
8.06936 1.04 253.48799 -1 0 0
8.06936 0.970333 253.228 -1 0 0
8.06936 0.78 241.18823 -1 0 0
8.32336 0.78 241.18823 1 0 0
8.06936 0.970333 241.89857 -1 0 0
8.32336 0.779999 242.08891 1 0 0
8.06936 0.519999 242.15857 -1 0 0
8.32336 0.519999 242.15857 1 0 0
8.32336 0.26 242.08891 1 0 0
8.32336 0.0696664 241.89857 1 0 0
8.06936 -4.32316e-07 241.63857 -1 0 0
8.32336 0.26 241.18823 1 0 0
8.06936 0.52 241.11856 -1 0 0
8.32336 0.52 241.11856 1 0 0
8.06936 0.970333 241.37857 -1 0 0
8.32336 0.970333 241.37857 1 0 0
8.06936 1.04 241.63857 -1 0 0
8.32336 1.04 241.63857 1 0 0
8.32336 0.970333 241.89857 1 0 0
8.06936 0.779999 242.08891 -1 0 0
8.06936 0.26 242.08891 -1 0 0
8.06936 0.0696664 241.89857 -1 0 0
8.32336 -4.32316e-07 241.63857 1 0 0
8.06936 0.0696663 241.37857 -1 0 0
8.32336 0.0696663 241.37857 1 0 0
8.06936 0.26 241.18823 -1 0 0
8.32336 0.78 242.87961 1 0 0
8.06936 0.970333 243.06995 -1 0 0
8.32336 0.970333 243.06995 1 0 0
8.32336 0.970333 243.58994 1 0 0
8.06936 0.779999 243.78027 -1 0 0
8.32336 0.519999 243.84993 1 0 0
8.06936 0.26 243.78027 -1 0 0
8.06936 0.0696664 243.58994 -1 0 0
8.32336 0.0696664 243.58994 1 0 0
8.06936 0.0696663 243.06993 -1 0 0
8.32336 0.0696663 243.06993 1 0 0
8.06936 0.26 242.87961 -1 0 0
8.32336 0.26 242.87961 1 0 0
8.06936 0.52 242.80994 -1 0 0
8.32336 0.52 242.80994 1 0 0
8.06936 0.78 242.87961 -1 0 0
8.06936 1.04 243.32994 -1 0 0
8.32336 1.04 243.32994 1 0 0
8.06936 0.970333 243.58994 -1 0 0
8.32336 0.779999 243.78027 1 0 0
8.06936 0.519999 243.84993 -1 0 0
8.32336 0.26 243.78027 1 0 0
8.06936 -4.32316e-07 243.32994 -1 0 0
8.32336 -4.32316e-07 243.32994 1 0 0
8.06936 0.78 240.08908 -1 0 0
8.32336 0.970333 240.27942 1 0 0
8.06936 1.04 240.53941 -1 0 0
8.06936 0.970333 240.79942 -1 0 0
8.06936 0.779999 240.98975 -1 0 0
8.06936 0.519999 241.0594 -1 0 0
8.32336 0.519999 241.0594 1 0 0
8.32336 0.26 240.98975 1 0 0
8.06936 0.0696664 240.79942 -1 0 0
8.32336 -4.32316e-07 240.53941 1 0 0
8.06936 0.0696663 240.2794 -1 0 0
8.32336 0.26 240.08908 1 0 0
8.06936 0.52 240.01941 -1 0 0
8.32336 0.52 240.01941 1 0 0
8.32336 0.78 240.08908 1 0 0
8.06936 0.970333 240.27942 -1 0 0
8.32336 1.04 240.53941 1 0 0
8.32336 0.970333 240.79942 1 0 0
8.32336 0.779999 240.98975 1 0 0
8.06936 0.26 240.98975 -1 0 0
8.32336 0.0696664 240.79942 1 0 0
8.06936 -4.32316e-07 240.53941 -1 0 0
8.32336 0.0696663 240.2794 1 0 0
8.06936 0.26 240.08908 -1 0 0
8.32336 0.970333 244.16911 1 0 0
8.32336 0.970333 244.6891 1 0 0
8.06936 0.779999 244.87944 -1 0 0
8.06936 0.519999 244.9491 -1 0 0
8.32336 0.519999 244.9491 1 0 0
8.06936 0.26 244.87944 -1 0 0
8.06936 0.0696664 244.6891 -1 0 0
8.32336 0.0696664 244.6891 1 0 0
8.06936 -4.32316e-07 244.42909 -1 0 0
8.32336 0.0696663 244.1691 1 0 0
8.06936 0.26 243.97876 -1 0 0
8.32336 0.26 243.97876 1 0 0
8.06936 0.52 243.9091 -1 0 0
8.32336 0.52 243.9091 1 0 0
8.06936 0.78 243.97876 -1 0 0
8.32336 0.78 243.97876 1 0 0
8.06936 0.970333 244.16911 -1 0 0
8.06936 1.04 244.42909 -1 0 0
8.32336 1.04 244.42909 1 0 0
8.06936 0.970333 244.6891 -1 0 0
8.32336 0.779999 244.87944 1 0 0
8.32336 0.26 244.87944 1 0 0
8.32336 -4.32316e-07 244.42909 1 0 0
8.06936 0.0696663 244.1691 -1 0 0
7.82435 1.94069 242.48425 1 0 7.33167e-06
7.30403 1.94069 243.00459 1.42059e-05 0 1
6.85344 1.94069 242.74438 -0.866071 0 0.499922
7.30403 1.38571 243.00459 1.42059e-05 0 1
7.56415 1.94069 242.93489 0.500012 0 0.866019
7.56415 1.38571 242.93489 0.500012 0 0.866019
7.75465 1.94069 242.74438 0.866031 0 0.49999
7.75465 1.38571 242.74438 0.866031 0 0.49999
7.82435 1.38571 242.48425 1 0 7.33167e-06
7.75465 1.94069 242.22411 0.865995 0 -0.500053
7.75465 1.38571 242.22411 0.865995 0 -0.500053
7.56415 1.38571 242.03366 0.499942 0 -0.866059
7.56415 1.94069 242.03366 0.499942 0 -0.866059
7.30403 1.38571 241.96396 1.42059e-05 0 -1
7.30403 1.94069 241.96396 1.42059e-05 0 -1
7.04388 1.94069 242.03366 -0.499998 0 -0.866026
6.78374 1.38571 242.48425 -1 0 7.33167e-06
6.85344 1.38571 242.74438 -0.866071 0 0.499922
7.04388 1.94069 242.93489 -0.500068 0 0.865986
7.04388 1.38571 242.93489 -0.500068 0 0.865986
7.04388 1.38571 242.03366 -0.499998 0 -0.866026
6.85344 1.94069 242.22411 -0.866034 0 -0.499985
6.85344 1.38571 242.22411 -0.866034 0 -0.499985
6.78374 1.94069 242.48425 -1 0 7.33167e-06
6.28469 0.26 243.97876 -1 0 0
6.53869 0.0696663 244.1691 1 0 0
6.53869 -4.32316e-07 244.42909 1 0 0
6.28469 -4.32316e-07 244.42909 -1 0 0
6.53869 0.0696664 244.6891 1 0 0
6.28469 0.0696664 244.6891 -1 0 0
6.53869 0.26 244.87944 1 0 0
6.28469 0.26 244.87944 -1 0 0
6.53869 0.779999 244.87944 1 0 0
6.28469 0.779999 244.87944 -1 0 0
6.53869 0.970333 244.6891 1 0 0
6.53869 1.04 244.42909 1 0 0
6.28469 1.04 244.42909 -1 0 0
6.28469 0.78 243.97876 -1 0 0
6.53869 0.52 243.9091 1 0 0
6.28469 0.52 243.9091 -1 0 0
6.53869 0.26 243.97876 1 0 0
6.28469 0.0696663 244.1691 -1 0 0
6.53869 0.519999 244.9491 1 0 0
6.28469 0.519999 244.9491 -1 0 0
6.28469 0.970333 244.6891 -1 0 0
6.53869 0.970333 244.16911 1 0 0
6.28469 0.970333 244.16911 -1 0 0
6.53869 0.78 243.97876 1 0 0
6.53869 0.52 240.01941 1 0 0
6.53869 0.26 240.08908 1 0 0
6.28469 0.26 240.08908 -1 0 0
6.53869 0.0696663 240.2794 1 0 0
6.28469 0.0696663 240.2794 -1 0 0
6.53869 -4.32316e-07 240.53941 1 0 0
6.28469 -4.32316e-07 240.53941 -1 0 0
6.53869 0.0696664 240.79942 1 0 0
6.28469 0.0696664 240.79942 -1 0 0
6.53869 0.26 240.98975 1 0 0
6.28469 0.26 240.98975 -1 0 0
6.53869 0.519999 241.0594 1 0 0
6.28469 0.519999 241.0594 -1 0 0
6.28469 0.779999 240.98975 -1 0 0
6.53869 1.04 240.53941 1 0 0
6.28469 1.04 240.53941 -1 0 0
6.53869 0.970333 240.27942 1 0 0
6.53869 0.78 240.08908 1 0 0
6.28469 0.78 240.08908 -1 0 0
6.28469 0.52 240.01941 -1 0 0
6.53869 0.779999 240.98975 1 0 0
6.53869 0.970333 240.79942 1 0 0
6.28469 0.970333 240.79942 -1 0 0
6.28469 0.970333 240.27942 -1 0 0
6.28469 0.52 242.80994 -1 0 0
6.53869 0.26 242.87961 1 0 0
6.53869 0.0696663 243.06993 1 0 0
6.28469 0.0696663 243.06993 -1 0 0
6.53869 -4.32316e-07 243.32994 1 0 0
6.28469 -4.32316e-07 243.32994 -1 0 0
6.53869 0.0696664 243.58994 1 0 0
6.28469 0.0696664 243.58994 -1 0 0
6.28469 0.519999 243.84993 -1 0 0
6.53869 0.779999 243.78027 1 0 0
6.53869 0.970333 243.58994 1 0 0
6.28469 0.970333 243.58994 -1 0 0
6.28469 1.04 243.32994 -1 0 0
6.28469 0.970333 243.06995 -1 0 0
6.53869 0.52 242.80994 1 0 0
6.28469 0.26 242.87961 -1 0 0
6.53869 0.26 243.78027 1 0 0
6.28469 0.26 243.78027 -1 0 0
6.53869 0.519999 243.84993 1 0 0
6.28469 0.779999 243.78027 -1 0 0
6.53869 1.04 243.32994 1 0 0
6.53869 0.970333 243.06995 1 0 0
6.53869 0.78 242.87961 1 0 0
6.28469 0.78 242.87961 -1 0 0
6.28469 0.26 241.18823 -1 0 0
6.53869 0.0696663 241.37857 1 0 0
6.28469 0.0696663 241.37857 -1 0 0
6.53869 -4.32316e-07 241.63857 1 0 0
6.53869 0.0696664 241.89857 1 0 0
6.53869 0.519999 242.15857 1 0 0
6.28469 0.519999 242.15857 -1 0 0
6.28469 0.779999 242.08891 -1 0 0
6.28469 0.970333 241.89857 -1 0 0
6.28469 0.970333 241.37857 -1 0 0
6.53869 0.78 241.18823 1 0 0
6.53869 0.52 241.11856 1 0 0
6.28469 0.52 241.11856 -1 0 0
6.53869 0.26 241.18823 1 0 0
6.28469 -4.32316e-07 241.63857 -1 0 0
6.28469 0.0696664 241.89857 -1 0 0
6.53869 0.26 242.08891 1 0 0
6.28469 0.26 242.08891 -1 0 0
6.53869 0.779999 242.08891 1 0 0
6.53869 0.970333 241.89857 1 0 0
6.53869 1.04 241.63857 1 0 0
6.28469 1.04 241.63857 -1 0 0
6.53869 0.970333 241.37857 1 0 0
6.28469 0.78 241.18823 -1 0 0
8.054 0.231491 245.00826 1 0 0
8.054 0.231491 239.96025 1 0 0
8.054 1.38527 245.00826 1 0 0
8.054 1.38527 239.96025 1 0 0
6.55406 1.38527 245.00826 -1 0 0
6.55406 1.38527 239.96025 -1 0 0
6.55406 0.231491 239.96025 -1 0 0
6.55406 0.231491 245.00826 -1 0 0
-6.2847 0.970333 255.43942 1 0 0
-6.53869 0.970333 255.43942 -1 0 0
-6.2847 1.04 255.17941 1 0 0
-6.53869 1.04 255.17941 -1 0 0
-6.53869 0.970333 254.91942 -1 0 0
-6.53869 0.78 254.72902 -1 0 0
-6.53869 0.52 254.65942 -1 0 0
-6.2847 0.26 254.72902 1 0 0
-6.53869 0.26 254.72902 -1 0 0
-6.53869 -4.32316e-07 255.17941 -1 0 0
-6.2847 0.0696664 255.43942 1 0 0
-6.53869 0.0696664 255.43942 -1 0 0
-6.2847 0.26 255.62971 1 0 0
-6.2847 0.519999 255.69942 1 0 0
-6.53869 0.519999 255.69942 -1 0 0
-6.2847 0.779999 255.62971 1 0 0
-6.53869 0.779999 255.62971 -1 0 0
-6.2847 0.970333 254.91942 1 0 0
-6.2847 0.78 254.72902 1 0 0
-6.2847 0.52 252.968 1 0 0
-6.53869 0.52 252.968 -1 0 0
-6.2847 0.26 253.03766 1 0 0
-6.53869 0.26 253.03766 -1 0 0
-6.2847 0.0696663 253.228 1 0 0
-6.53869 0.0696663 253.228 -1 0 0
-6.2847 0.26 253.93834 1 0 0
-6.2847 0.519999 254.008 1 0 0
-6.53869 0.779999 253.93834 -1 0 0
-6.2847 0.970333 253.748 1 0 0
-6.53869 0.970333 253.748 -1 0 0
-6.2847 0.970333 253.228 1 0 0
-6.53869 0.970333 253.228 -1 0 0
-6.2847 -4.32316e-07 253.48799 1 0 0
-6.53869 -4.32316e-07 253.48799 -1 0 0
-6.2847 0.0696664 253.748 1 0 0
-6.53869 0.0696664 253.748 -1 0 0
-6.53869 0.26 253.93834 -1 0 0
-6.53869 0.519999 254.008 -1 0 0
-6.2847 0.779999 253.93834 1 0 0
-6.2847 1.04 253.48799 1 0 0
-6.53869 1.04 253.48799 -1 0 0
-6.2847 0.78 253.03766 1 0 0
-6.53869 0.78 253.03766 -1 0 0
-6.53869 0.78 241.18823 -1 0 0
-6.53869 0.970333 241.37857 -1 0 0
-6.53869 1.04 241.63857 -1 0 0
-6.2847 1.04 241.63857 1 0 0
-6.53869 0.970333 241.89857 -1 0 0
-6.2847 0.519999 242.15857 1 0 0
-6.2847 0.0696664 241.89857 1 0 0
-6.53869 -4.32316e-07 241.63857 -1 0 0
-6.2847 0.0696663 241.37857 1 0 0
-6.53869 0.26 241.18823 -1 0 0
-6.2847 0.26 241.18823 1 0 0
-6.53869 0.52 241.11856 -1 0 0
-6.2847 0.78 241.18823 1 0 0
-6.2847 0.970333 241.37857 1 0 0
-6.2847 0.970333 241.89857 1 0 0
-6.53869 0.779999 242.08891 -1 0 0
-6.2847 0.779999 242.08891 1 0 0
-6.53869 0.519999 242.15857 -1 0 0
-6.53869 0.26 242.08891 -1 0 0
-6.2847 0.26 242.08891 1 0 0
-6.53869 0.0696664 241.89857 -1 0 0
-6.2847 -4.32316e-07 241.63857 1 0 0
-6.53869 0.0696663 241.37857 -1 0 0
-6.2847 0.52 241.11856 1 0 0
-6.53869 0.78 242.87961 -1 0 0
-6.2847 0.78 242.87961 1 0 0
-6.2847 0.970333 243.06995 1 0 0
-6.2847 0.970333 243.58994 1 0 0
-6.2847 0.779999 243.78027 1 0 0
-6.53869 0.519999 243.84993 -1 0 0
-6.2847 0.519999 243.84993 1 0 0
-6.2847 0.26 243.78027 1 0 0
-6.53869 0.0696664 243.58994 -1 0 0
-6.2847 0.0696664 243.58994 1 0 0
-6.53869 0.0696663 243.06993 -1 0 0
-6.2847 0.0696663 243.06993 1 0 0
-6.53869 0.52 242.80994 -1 0 0
-6.2847 0.52 242.80994 1 0 0
-6.53869 0.970333 243.06995 -1 0 0
-6.53869 1.04 243.32994 -1 0 0
-6.2847 1.04 243.32994 1 0 0
-6.53869 0.970333 243.58994 -1 0 0
-6.53869 0.779999 243.78027 -1 0 0
-6.53869 0.26 243.78027 -1 0 0
-6.53869 -4.32316e-07 243.32994 -1 0 0
-6.2847 -4.32316e-07 243.32994 1 0 0
-6.53869 0.26 242.87961 -1 0 0
-6.2847 0.26 242.87961 1 0 0
-6.53869 0.78 240.08908 -1 0 0
-6.2847 0.970333 240.27942 1 0 0
-6.53869 1.04 240.53941 -1 0 0
-6.2847 1.04 240.53941 1 0 0
-6.53869 0.970333 240.79942 -1 0 0
-6.2847 0.779999 240.98975 1 0 0
-6.53869 0.519999 241.0594 -1 0 0
-6.53869 0.0696664 240.79942 -1 0 0
-6.2847 0.0696664 240.79942 1 0 0
-6.53869 -4.32316e-07 240.53941 -1 0 0
-6.2847 -4.32316e-07 240.53941 1 0 0
-6.53869 0.0696663 240.2794 -1 0 0
-6.2847 0.26 240.08908 1 0 0
-6.2847 0.78 240.08908 1 0 0
-6.53869 0.970333 240.27942 -1 0 0
-6.2847 0.970333 240.79942 1 0 0
-6.53869 0.779999 240.98975 -1 0 0
-6.2847 0.519999 241.0594 1 0 0
-6.53869 0.26 240.98975 -1 0 0
-6.2847 0.26 240.98975 1 0 0
-6.2847 0.0696663 240.2794 1 0 0
-6.53869 0.26 240.08908 -1 0 0
-6.53869 0.52 240.01941 -1 0 0
-6.2847 0.52 240.01941 1 0 0
-6.53869 0.78 243.97876 -1 0 0
-6.2847 0.78 243.97876 1 0 0
-6.53869 0.970333 244.16911 -1 0 0
-6.53869 0.779999 244.87944 -1 0 0
-6.2847 0.779999 244.87944 1 0 0
-6.53869 0.519999 244.9491 -1 0 0
-6.2847 0.519999 244.9491 1 0 0
-6.53869 0.26 244.87944 -1 0 0
-6.53869 0.0696664 244.6891 -1 0 0
-6.53869 0.26 243.97876 -1 0 0
-6.2847 0.26 243.97876 1 0 0
-6.53869 0.52 243.9091 -1 0 0
-6.2847 0.52 243.9091 1 0 0
-6.2847 0.970333 244.16911 1 0 0
-6.53869 1.04 244.42909 -1 0 0
-6.2847 1.04 244.42909 1 0 0
-6.53869 0.970333 244.6891 -1 0 0
-6.2847 0.970333 244.6891 1 0 0
-6.2847 0.26 244.87944 1 0 0
-6.2847 0.0696664 244.6891 1 0 0
-6.53869 -4.32316e-07 244.42909 -1 0 0
-6.2847 -4.32316e-07 244.42909 1 0 0
-6.53869 0.0696663 244.1691 -1 0 0
-6.2847 0.0696663 244.1691 1 0 0
-7.56418 1.94069 242.03366 -0.499998 0 -0.866026
-6.78371 1.94069 242.48425 1 0 7.33167e-06
-7.56418 1.94069 242.93489 -0.500068 0 0.865986
-7.75462 1.94069 242.74438 -0.866071 0 0.499922
-7.30403 1.38571 243.00459 1.46641e-05 0 1
-7.04391 1.94069 242.93489 0.500012 0 0.866018
-7.04391 1.38571 242.93489 0.500012 0 0.866018
-6.85341 1.94069 242.74438 0.866031 0 0.49999
-6.85341 1.38571 242.74438 0.866031 0 0.49999
-6.78371 1.38571 242.48425 1 0 7.33167e-06
-6.85341 1.94069 242.22411 0.865995 0 -0.500053
-6.85341 1.38571 242.22411 0.865995 0 -0.500053
-7.04391 1.94069 242.03366 0.499943 0 -0.866058
-7.04391 1.38571 242.03366 0.499943 0 -0.866058
-7.30403 1.38571 241.96396 1.46641e-05 0 -1
-7.30403 1.94069 241.96396 1.46641e-05 0 -1
-7.82432 1.38571 242.48425 -1 0 7.33167e-06
-7.82432 1.94069 242.48425 -1 0 7.33167e-06
-7.75462 1.38571 242.74438 -0.866071 0 0.499922
-7.56418 1.38571 242.93489 -0.500068 0 0.865986
-7.30403 1.94069 243.00459 1.46641e-05 0 1
-7.56418 1.38571 242.03366 -0.499998 0 -0.866026
-7.75462 1.94069 242.22411 -0.866034 0 -0.499985
-7.75462 1.38571 242.22411 -0.866034 0 -0.499985
-8.32337 0.52 243.9091 -1 0 0
-8.06936 0.0696663 244.1691 1 0 0
-8.32337 0.0696663 244.1691 -1 0 0
-8.32337 0.0696664 244.6891 -1 0 0
-8.32337 0.26 244.87944 -1 0 0
-8.06936 0.519999 244.9491 1 0 0
-8.32337 0.519999 244.9491 -1 0 0
-8.06936 0.779999 244.87944 1 0 0
-8.06936 0.970333 244.6891 1 0 0
-8.32337 0.970333 244.6891 -1 0 0
-8.06936 0.78 243.97876 1 0 0
-8.32337 0.78 243.97876 -1 0 0
-8.06936 0.52 243.9091 1 0 0
-8.06936 0.26 243.97876 1 0 0
-8.32337 0.26 243.97876 -1 0 0
-8.06936 -4.32316e-07 244.42909 1 0 0
-8.32337 -4.32316e-07 244.42909 -1 0 0
-8.06936 0.0696664 244.6891 1 0 0
-8.06936 0.26 244.87944 1 0 0
-8.32337 0.779999 244.87944 -1 0 0
-8.06936 1.04 244.42909 1 0 0
-8.32337 1.04 244.42909 -1 0 0
-8.06936 0.970333 244.16911 1 0 0
-8.32337 0.970333 244.16911 -1 0 0
-8.32337 0.26 240.08908 -1 0 0
-8.06936 0.0696663 240.2794 1 0 0
-8.32337 0.0696663 240.2794 -1 0 0
-8.06936 0.0696664 240.79942 1 0 0
-8.32337 0.0696664 240.79942 -1 0 0
-8.06936 0.519999 241.0594 1 0 0
-8.06936 0.970333 240.79942 1 0 0
-8.32337 1.04 240.53941 -1 0 0
-8.06936 0.970333 240.27942 1 0 0
-8.06936 0.78 240.08908 1 0 0
-8.32337 0.78 240.08908 -1 0 0
-8.06936 0.52 240.01941 1 0 0
-8.32337 0.52 240.01941 -1 0 0
-8.06936 0.26 240.08908 1 0 0
-8.06936 -4.32316e-07 240.53941 1 0 0
-8.32337 -4.32316e-07 240.53941 -1 0 0
-8.06936 0.26 240.98975 1 0 0
-8.32337 0.26 240.98975 -1 0 0
-8.32337 0.519999 241.0594 -1 0 0
-8.06936 0.779999 240.98975 1 0 0
-8.32337 0.779999 240.98975 -1 0 0
-8.32337 0.970333 240.79942 -1 0 0
-8.06936 1.04 240.53941 1 0 0
-8.32337 0.970333 240.27942 -1 0 0
-8.32337 0.0696663 243.06993 -1 0 0
-8.06936 -4.32316e-07 243.32994 1 0 0
-8.32337 -4.32316e-07 243.32994 -1 0 0
-8.06936 0.0696664 243.58994 1 0 0
-8.06936 0.26 243.78027 1 0 0
-8.06936 0.519999 243.84993 1 0 0
-8.32337 0.519999 243.84993 -1 0 0
-8.32337 0.779999 243.78027 -1 0 0
-8.06936 1.04 243.32994 1 0 0
-8.32337 0.970333 243.06995 -1 0 0
-8.06936 0.78 242.87961 1 0 0
-8.32337 0.78 242.87961 -1 0 0
-8.06936 0.52 242.80994 1 0 0
-8.32337 0.52 242.80994 -1 0 0
-8.06936 0.26 242.87961 1 0 0
-8.32337 0.26 242.87961 -1 0 0
-8.06936 0.0696663 243.06993 1 0 0
-8.32337 0.0696664 243.58994 -1 0 0
-8.32337 0.26 243.78027 -1 0 0
-8.06936 0.779999 243.78027 1 0 0
-8.06936 0.970333 243.58994 1 0 0
-8.32337 0.970333 243.58994 -1 0 0
-8.32337 1.04 243.32994 -1 0 0
-8.06936 0.970333 243.06995 1 0 0
-8.32337 0.52 241.11856 -1 0 0
-8.32337 -4.32316e-07 241.63857 -1 0 0
-8.06936 0.0696664 241.89857 1 0 0
-8.32337 0.0696664 241.89857 -1 0 0
-8.06936 0.26 242.08891 1 0 0
-8.06936 0.519999 242.15857 1 0 0
-8.32337 0.519999 242.15857 -1 0 0
-8.06936 0.779999 242.08891 1 0 0
-8.32337 0.779999 242.08891 -1 0 0
-8.06936 0.970333 241.89857 1 0 0
-8.32337 0.970333 241.89857 -1 0 0
-8.06936 1.04 241.63857 1 0 0
-8.06936 0.78 241.18823 1 0 0
-8.32337 0.78 241.18823 -1 0 0
-8.06936 0.52 241.11856 1 0 0
-8.06936 0.26 241.18823 1 0 0
-8.32337 0.26 241.18823 -1 0 0
-8.06936 0.0696663 241.37857 1 0 0
-8.32337 0.0696663 241.37857 -1 0 0
-8.06936 -4.32316e-07 241.63857 1 0 0
-8.32337 0.26 242.08891 -1 0 0
-8.32337 1.04 241.63857 -1 0 0
-8.06936 0.970333 241.37857 1 0 0
-8.32337 0.970333 241.37857 -1 0 0
-8.054 1.38527 239.96025 -1 0 0
-8.054 0.231491 239.96025 -1 0 0
-8.054 0.231491 245.00826 -1 0 0
-6.55406 0.231491 239.96025 1 0 0
-6.55406 0.231491 245.00826 1 0 0
-8.054 1.38527 245.00826 -1 0 0
-6.55406 1.38527 245.00826 1 0 0
-6.55406 1.38527 239.96025 1 0 0
9.68402 1.94069 248.00035 0 1 0
9.87446 1.94069 247.80991 0 1 0
10.13461 1.94069 247.7402 0 1 0
10.65496 1.94069 248.2605 0 1 0
10.58526 1.94069 248.52063 0 1 0
10.39476 1.94069 248.71114 0 1 0
10.58526 1.94069 248.00035 0 1 0
10.39476 1.94069 247.80991 0 1 0
9.68402 1.94069 248.52063 0 1 0
9.87446 1.94069 248.71114 0 1 0
10.13461 1.94069 248.78082 0 1 0
9.61432 1.94069 248.2605 0 1 0
11.13456 1.38527 252.3636 0 1 0
9.13464 1.38527 257.41162 0 1 0
9.13464 1.38527 252.3636 0 1 0
11.13456 0.231491 252.3636 0 -1 0
11.13456 0.231491 257.41162 0 -1 0
9.13464 0.231491 257.41162 0 -1 0
11.13456 1.38527 257.41162 0 1 0
9.13464 0.231491 252.3636 0 -1 0
9.13464 1.38527 250.7845 0 1 0
9.13464 0.231491 250.7845 0 -1 0
11.13456 1.38527 250.7845 0 1 0
11.13456 0.231491 250.7845 0 -1 0
11.13456 0.231491 245.7365 0 -1 0
9.13464 1.38527 245.7365 0 1 0
9.13464 0.231491 245.7365 0 -1 0
11.13456 1.38527 245.7365 0 1 0
9.68402 1.94069 254.62744 0 1 0
9.87446 1.94069 254.43701 0 1 0
10.13461 1.94069 254.36731 0 1 0
10.58526 1.94069 254.62744 0 1 0
10.39476 1.94069 255.33823 0 1 0
9.68402 1.94069 255.14772 0 1 0
9.87446 1.94069 255.33823 0 1 0
10.13461 1.94069 255.40793 0 1 0
10.58526 1.94069 255.14772 0 1 0
10.65496 1.94069 254.8876 0 1 0
10.39476 1.94069 254.43701 0 1 0
9.61432 1.94069 254.8876 0 1 0
-7.30403 1.94069 253.8134 0 1 0
-7.56418 1.94069 254.78432 0 1 0
-7.75462 1.94069 254.59381 0 1 0
-7.04391 1.94069 254.78432 0 1 0
-6.85341 1.94069 254.59381 0 1 0
-6.78371 1.94069 254.33368 0 1 0
-6.85341 1.94069 254.07353 0 1 0
-7.04391 1.94069 253.8831 0 1 0
-7.56418 1.94069 253.8831 0 1 0
-7.30403 1.94069 254.85402 0 1 0
-7.75462 1.94069 254.07353 0 1 0
-7.82432 1.94069 254.33368 0 1 0
-8.054 1.38527 250.7845 0 1 0
-6.55406 1.38527 250.7845 0 1 0
-6.55406 0.231491 250.7845 0 -1 0
-6.55406 1.38527 245.7365 0 1 0
-6.55406 0.231491 245.7365 0 -1 0
-8.054 0.231491 250.7845 0 -1 0
-8.054 0.231491 245.7365 0 -1 0
-8.054 1.38527 245.7365 0 1 0
-8.054 1.38527 251.80969 0 1 0
-8.054 1.38527 256.85773 0 1 0
-6.55406 0.231491 256.85773 0 -1 0
-6.55406 1.38527 256.85773 0 1 0
-6.55406 1.38527 251.80969 0 1 0
-6.55406 0.231491 251.80969 0 -1 0
-8.054 0.231491 251.80969 0 -1 0
-8.054 0.231491 256.85773 0 -1 0
-7.82432 1.94069 248.2605 0 1 0
-7.30403 1.94069 248.78082 0 1 0
-7.56418 1.94069 248.71114 0 1 0
-7.30403 1.94069 247.7402 0 1 0
-7.04391 1.94069 247.80991 0 1 0
-6.85341 1.94069 248.00035 0 1 0
-7.04391 1.94069 248.71114 0 1 0
-7.75462 1.94069 248.52063 0 1 0
-6.85341 1.94069 248.52063 0 1 0
-6.78371 1.94069 248.2605 0 1 0
-7.56418 1.94069 247.80991 0 1 0
-7.75462 1.94069 248.00035 0 1 0
-9.13464 0.231491 239.96025 0 -1 0
-9.13464 1.38527 239.96025 0 1 0
-11.13456 1.38527 245.00826 0 1 0
-11.13456 0.231491 239.96025 0 -1 0
-9.13464 1.38527 245.00826 0 1 0
-9.13464 0.231491 245.00826 0 -1 0
-11.13456 0.231491 245.00826 0 -1 0
-11.13456 1.38527 239.96025 0 1 0
-10.58516 1.94069 242.22411 0 1 0
-10.13461 1.94069 243.00459 0 1 0
-10.65486 1.94069 242.48425 0 1 0
-9.87449 1.94069 242.03366 0 1 0
-9.61429 1.94069 242.48425 0 1 0
-10.58516 1.94069 242.74438 0 1 0
-10.39476 1.94069 242.93489 0 1 0
-9.87449 1.94069 242.93489 0 1 0
-9.68399 1.94069 242.74438 0 1 0
-9.68399 1.94069 242.22411 0 1 0
-10.13461 1.94069 241.96396 0 1 0
-10.39476 1.94069 242.03366 0 1 0
-10.65486 1.94069 254.8876 0 1 0
-9.68399 1.94069 254.62744 0 1 0
-9.61429 1.94069 254.8876 0 1 0
-10.39476 1.94069 255.33823 0 1 0
-9.87449 1.94069 255.33823 0 1 0
-9.68399 1.94069 255.14772 0 1 0
-9.87449 1.94069 254.43701 0 1 0
-10.13461 1.94069 254.36731 0 1 0
-10.39476 1.94069 254.43701 0 1 0
-10.58516 1.94069 255.14772 0 1 0
-10.13461 1.94069 255.40793 0 1 0
-10.58516 1.94069 254.62744 0 1 0
-11.13456 0.231491 250.7845 0 -1 0
-11.13456 1.38527 245.7365 0 1 0
-9.13464 0.231491 245.7365 0 -1 0
-9.13464 1.38527 245.7365 0 1 0
-11.13456 1.38527 250.7845 0 1 0
-11.13456 0.231491 245.7365 0 -1 0
-9.13464 1.38527 250.7845 0 1 0
-9.13464 0.231491 250.7845 0 -1 0
-11.13456 1.38527 252.3636 0 1 0
-11.13456 0.231491 252.3636 0 -1 0
-9.13464 0.231491 252.3636 0 -1 0
-9.13464 1.38527 257.41162 0 1 0
-9.13464 0.231491 257.41162 0 -1 0
-9.13464 1.38527 252.3636 0 1 0
-11.13456 1.38527 257.41162 0 1 0
-11.13456 0.231491 257.41162 0 -1 0
-10.65486 1.94069 248.2605 0 1 0
-10.39476 1.94069 248.71114 0 1 0
-10.58516 1.94069 248.52063 0 1 0
-10.39476 1.94069 247.80991 0 1 0
-10.13461 1.94069 247.7402 0 1 0
-9.87449 1.94069 247.80991 0 1 0
-9.68399 1.94069 248.00035 0 1 0
-10.13461 1.94069 248.78082 0 1 0
-9.87449 1.94069 248.71114 0 1 0
-9.68399 1.94069 248.52063 0 1 0
-9.61429 1.94069 248.2605 0 1 0
-10.58516 1.94069 248.00035 0 1 0
9.61432 1.94069 242.48425 0 1 0
10.39476 1.94069 242.03366 0 1 0
10.58526 1.94069 242.74438 0 1 0
10.39476 1.94069 242.93489 0 1 0
10.13461 1.94069 243.00459 0 1 0
9.87446 1.94069 242.93489 0 1 0
9.68402 1.94069 242.74438 0 1 0
10.65496 1.94069 242.48425 0 1 0
10.58526 1.94069 242.22411 0 1 0
10.13461 1.94069 241.96396 0 1 0
9.87446 1.94069 242.03366 0 1 0
9.68402 1.94069 242.22411 0 1 0
9.13464 1.38527 239.96025 0 1 0
9.13464 1.38527 245.00826 0 1 0
9.13464 0.231491 245.00826 0 -1 0
11.13456 0.231491 239.96025 0 -1 0
11.13456 1.38527 245.00826 0 1 0
11.13456 0.231491 245.00826 0 -1 0
9.13464 0.231491 239.96025 0 -1 0
11.13456 1.38527 239.96025 0 1 0
7.56415 1.94069 247.80991 0 1 0
6.85344 1.94069 248.52063 0 1 0
7.56415 1.94069 248.71114 0 1 0
7.75465 1.94069 248.52063 0 1 0
7.82435 1.94069 248.2605 0 1 0
7.75465 1.94069 248.00035 0 1 0
7.30403 1.94069 247.7402 0 1 0
7.04388 1.94069 247.80991 0 1 0
6.78374 1.94069 248.2605 0 1 0
7.04388 1.94069 248.71114 0 1 0
7.30403 1.94069 248.78082 0 1 0
6.85344 1.94069 248.00035 0 1 0
8.054 1.38527 251.80969 0 1 0
6.55406 1.38527 251.80969 0 1 0
8.054 0.231491 251.80969 0 -1 0
8.054 1.38527 256.85773 0 1 0
6.55406 0.231491 256.85773 0 -1 0
8.054 0.231491 256.85773 0 -1 0
6.55406 1.38527 256.85773 0 1 0
6.55406 0.231491 251.80969 0 -1 0
6.55406 0.231491 245.7365 0 -1 0
8.054 1.38527 250.7845 0 1 0
6.55406 1.38527 245.7365 0 1 0
8.054 0.231491 250.7845 0 -1 0
6.55406 1.38527 250.7845 0 1 0
6.55406 0.231491 250.7845 0 -1 0
8.054 1.38527 245.7365 0 1 0
8.054 0.231491 245.7365 0 -1 0
7.30403 1.94069 254.85402 0 1 0
7.04388 1.94069 254.78432 0 1 0
6.78374 1.94069 254.33368 0 1 0
7.04388 1.94069 253.8831 0 1 0
7.30403 1.94069 253.8134 0 1 0
7.75465 1.94069 254.07353 0 1 0
7.75465 1.94069 254.59381 0 1 0
6.85344 1.94069 254.59381 0 1 0
7.56415 1.94069 254.78432 0 1 0
7.82435 1.94069 254.33368 0 1 0
7.56415 1.94069 253.8831 0 1 0
6.85344 1.94069 254.07353 0 1 0
7.82435 1.94069 242.48425 0 1 0
7.30403 1.94069 243.00459 0 1 0
6.85344 1.94069 242.74438 0 1 0
7.56415 1.94069 242.93489 0 1 0
7.75465 1.94069 242.74438 0 1 0
7.75465 1.94069 242.22411 0 1 0
7.56415 1.94069 242.03366 0 1 0
7.30403 1.94069 241.96396 0 1 0
7.04388 1.94069 242.03366 0 1 0
7.04388 1.94069 242.93489 0 1 0
6.85344 1.94069 242.22411 0 1 0
6.78374 1.94069 242.48425 0 1 0
8.054 0.231491 245.00826 0 -1 0
8.054 0.231491 239.96025 0 -1 0
8.054 1.38527 245.00826 0 1 0
8.054 1.38527 239.96025 0 1 0
6.55406 1.38527 245.00826 0 1 0
6.55406 1.38527 239.96025 0 1 0
6.55406 0.231491 239.96025 0 -1 0
6.55406 0.231491 245.00826 0 -1 0
-7.56418 1.94069 242.03366 0 1 0
-6.78371 1.94069 242.48425 0 1 0
-7.56418 1.94069 242.93489 0 1 0
-7.75462 1.94069 242.74438 0 1 0
-7.04391 1.94069 242.93489 0 1 0
-6.85341 1.94069 242.74438 0 1 0
-6.85341 1.94069 242.22411 0 1 0
-7.04391 1.94069 242.03366 0 1 0
-7.30403 1.94069 241.96396 0 1 0
-7.82432 1.94069 242.48425 0 1 0
-7.30403 1.94069 243.00459 0 1 0
-7.75462 1.94069 242.22411 0 1 0
-8.054 1.38527 239.96025 0 1 0
-8.054 0.231491 239.96025 0 -1 0
-8.054 0.231491 245.00826 0 -1 0
-6.55406 0.231491 239.96025 0 -1 0
-6.55406 0.231491 245.00826 0 -1 0
-8.054 1.38527 245.00826 0 1 0
-6.55406 1.38527 245.00826 0 1 0
-6.55406 1.38527 239.96025 0 1 0
11.13456 1.38527 252.3636 0 0 -1
9.13464 1.38527 257.41162 0 0 1
9.13464 1.38527 252.3636 0 0 -1
11.13456 0.231491 252.3636 0 0 -1
11.13456 0.231491 257.41162 0 0 1
9.13464 0.231491 257.41162 0 0 1
11.13456 1.38527 257.41162 0 0 1
9.13464 0.231491 252.3636 0 0 -1
9.13464 1.38527 250.7845 0 0 1
9.13464 0.231491 250.7845 0 0 1
11.13456 1.38527 250.7845 0 0 1
11.13456 0.231491 250.7845 0 0 1
11.13456 0.231491 245.7365 0 0 -1
9.13464 1.38527 245.7365 0 0 -1
9.13464 0.231491 245.7365 0 0 -1
11.13456 1.38527 245.7365 0 0 -1
-8.054 1.38527 250.7845 0 0 1
-6.55406 1.38527 250.7845 0 0 1
-6.55406 0.231491 250.7845 0 0 1
-6.55406 1.38527 245.7365 0 0 -1
-6.55406 0.231491 245.7365 0 0 -1
-8.054 0.231491 250.7845 0 0 1
-8.054 0.231491 245.7365 0 0 -1
-8.054 1.38527 245.7365 0 0 -1
-8.054 1.38527 251.80969 0 0 -1
-8.054 1.38527 256.85773 0 0 1
-6.55406 0.231491 256.85773 0 0 1
-6.55406 1.38527 256.85773 0 0 1
-6.55406 1.38527 251.80969 0 0 -1
-6.55406 0.231491 251.80969 0 0 -1
-8.054 0.231491 251.80969 0 0 -1
-8.054 0.231491 256.85773 0 0 1
-9.13464 0.231491 239.96025 0 0 -1
-9.13464 1.38527 239.96025 0 0 -1
-11.13456 1.38527 245.00826 0 0 1
-11.13456 0.231491 239.96025 0 0 -1
-9.13464 1.38527 245.00826 0 0 1
-9.13464 0.231491 245.00826 0 0 1
-11.13456 0.231491 245.00826 0 0 1
-11.13456 1.38527 239.96025 0 0 -1
-11.13456 0.231491 250.7845 0 0 1
-11.13456 1.38527 245.7365 0 0 -1
-9.13464 0.231491 245.7365 0 0 -1
-9.13464 1.38527 245.7365 0 0 -1
-11.13456 1.38527 250.7845 0 0 1
-11.13456 0.231491 245.7365 0 0 -1
-9.13464 1.38527 250.7845 0 0 1
-9.13464 0.231491 250.7845 0 0 1
-11.13456 1.38527 252.3636 0 0 -1
-11.13456 0.231491 252.3636 0 0 -1
-9.13464 0.231491 252.3636 0 0 -1
-9.13464 1.38527 257.41162 0 0 1
-9.13464 0.231491 257.41162 0 0 1
-9.13464 1.38527 252.3636 0 0 -1
-11.13456 1.38527 257.41162 0 0 1
-11.13456 0.231491 257.41162 0 0 1
9.13464 1.38527 239.96025 0 0 -1
9.13464 1.38527 245.00826 0 0 1
9.13464 0.231491 245.00826 0 0 1
11.13456 0.231491 239.96025 0 0 -1
11.13456 1.38527 245.00826 0 0 1
11.13456 0.231491 245.00826 0 0 1
9.13464 0.231491 239.96025 0 0 -1
11.13456 1.38527 239.96025 0 0 -1
8.054 1.38527 251.80969 0 0 -1
6.55406 1.38527 251.80969 0 0 -1
8.054 0.231491 251.80969 0 0 -1
8.054 1.38527 256.85773 0 0 1
6.55406 0.231491 256.85773 0 0 1
8.054 0.231491 256.85773 0 0 1
6.55406 1.38527 256.85773 0 0 1
6.55406 0.231491 251.80969 0 0 -1
6.55406 0.231491 245.7365 0 0 -1
8.054 1.38527 250.7845 0 0 1
6.55406 1.38527 245.7365 0 0 -1
8.054 0.231491 250.7845 0 0 1
6.55406 1.38527 250.7845 0 0 1
6.55406 0.231491 250.7845 0 0 1
8.054 1.38527 245.7365 0 0 -1
8.054 0.231491 245.7365 0 0 -1
8.054 0.231491 245.00826 0 0 1
8.054 0.231491 239.96025 0 0 -1
8.054 1.38527 245.00826 0 0 1
8.054 1.38527 239.96025 0 0 -1
6.55406 1.38527 245.00826 0 0 1
6.55406 1.38527 239.96025 0 0 -1
6.55406 0.231491 239.96025 0 0 -1
6.55406 0.231491 245.00826 0 0 1
-8.054 1.38527 239.96025 0 0 -1
-8.054 0.231491 239.96025 0 0 -1
-8.054 0.231491 245.00826 0 0 1
-6.55406 0.231491 239.96025 0 0 -1
-6.55406 0.231491 245.00826 0 0 1
-8.054 1.38527 245.00826 0 0 1
-6.55406 1.38527 245.00826 0 0 1
-6.55406 1.38527 239.96025 0 0 -1
-6.53869 0.26 255.62971 0 -0.500008 0.866021
-6.2847 -4.32316e-07 255.17941 0 -1 -7.16206e-06
-6.53869 0.0696663 254.91942 0 -0.866067 -0.499928
-6.2847 0.0696663 254.91942 0 -0.866067 -0.499928
-6.2847 0.52 254.65942 0 -2.74377e-17 -1
-6.53869 0.970333 252.12885 0 0.866027 -0.499997
-6.2847 0.970333 252.12885 0 0.866027 -0.499997
-6.53869 0.970333 252.64885 0 0.86602 0.500009
-6.2847 0.779999 252.83917 0 0.499971 0.866042
-6.53869 0.519999 252.90883 0 -4.58439e-07 1
-6.2847 0.519999 252.90883 0 -4.58439e-07 1
-6.53869 0.26 252.83917 0 -0.499972 0.866042
11.14996 0.78 246.96449 0 0.499996 -0.866028
11.40396 0.78 246.96449 0 0.499996 -0.866028
11.14996 0.970333 247.15482 0 0.866017 -0.500014
11.40396 1.04 247.41481 0 1 -7.33586e-06
11.14996 0.779999 247.86514 0 0.499995 0.866028
11.14996 0.26 247.86514 0 -0.499996 0.866028
11.40396 0.26 247.86514 0 -0.499996 0.866028
11.14996 0.0696663 247.15482 0 -0.866027 -0.499997
11.40396 0.0696663 247.15482 0 -0.866027 -0.499997
11.14996 0.26 246.96448 0 -0.499989 -0.866032
11.40396 0.970333 247.15482 0 0.866017 -0.500014
11.14996 1.04 247.41481 0 1 -7.33586e-06
11.14996 0.970333 247.67482 0 0.86602 0.500009
11.40396 0.970333 247.67482 0 0.86602 0.500009
11.40396 0.779999 247.86514 0 0.499995 0.866028
11.14996 0.519999 247.93481 0 -4.58526e-07 1
11.40396 0.519999 247.93481 0 -4.58526e-07 1
11.14996 0.0696664 247.67482 0 -0.866021 0.500008
11.40396 0.0696664 247.67482 0 -0.866021 0.500008
11.14996 -4.32316e-07 247.41481 0 -1 -7.16206e-06
11.40396 -4.32316e-07 247.41481 0 -1 -7.16206e-06
11.40396 0.26 246.96448 0 -0.499989 -0.866032
11.14996 0.52 246.89482 0 2.73783e-05 -1
11.40396 0.52 246.89482 0 2.73783e-05 -1
11.40396 0.78 248.65585 0 0.500013 -0.866018
11.14996 0.970333 248.84619 0 0.866027 -0.499997
11.14996 1.04 249.10619 0 1 -1.82931e-17
11.40396 1.04 249.10619 0 1 2.74396e-17
11.14996 0.970333 249.36618 0 0.866027 0.499998
11.40396 0.970333 249.36618 0 0.866027 0.499998
11.40396 0.779999 249.55652 0 0.500012 0.866018
11.14996 0.519999 249.62619 0 -4.58526e-07 1
11.40396 0.519999 249.62619 0 -4.58526e-07 1
11.40396 0.0696664 249.36618 0 -0.866027 0.499997
11.14996 -4.32316e-07 249.10619 0 -1 7.50963e-06
11.14996 0.0696663 248.84618 0 -0.866021 -0.500008
11.40396 0.0696663 248.84618 0 -0.866021 -0.500008
11.14996 0.52 248.58618 0 0 -1
11.40396 0.52 248.58618 0 0 -1
11.14996 0.78 248.65585 0 0.500013 -0.866018
11.40396 0.970333 248.84619 0 0.866027 -0.499997
11.14996 0.779999 249.55652 0 0.500012 0.866018
11.14996 0.26 249.55652 0 -0.500013 0.866018
11.40396 0.26 249.55652 0 -0.500013 0.866018
11.14996 0.0696664 249.36618 0 -0.866027 0.499997
11.40396 -4.32316e-07 249.10619 0 -1 7.50963e-06
11.14996 0.26 248.65585 0 -0.499995 -0.866028
11.40396 0.26 248.65585 0 -0.499995 -0.866028
11.14996 1.04 246.31566 0 1 7.33586e-06
11.40396 1.04 246.31566 0 1 7.33586e-06
11.40396 0.970333 246.57565 0 0.866027 0.499998
11.14996 0.519999 246.83566 0 -4.58526e-07 1
11.40396 0.519999 246.83566 0 -4.58526e-07 1
11.14996 0.26 246.76599 0 -0.500013 0.866018
11.14996 0.26 245.86533 0 -0.499995 -0.866028
11.14996 0.52 245.79565 0 0 -1
11.40396 0.52 245.79565 0 0 -1
11.14996 0.78 245.86533 0 0.499996 -0.866028
11.40396 0.78 245.86533 0 0.499996 -0.866028
11.14996 0.970333 246.05565 0 0.866021 -0.500008
11.40396 0.970333 246.05565 0 0.866021 -0.500008
11.14996 0.970333 246.57565 0 0.866027 0.499998
11.14996 0.779999 246.76599 0 0.500012 0.866018
11.40396 0.779999 246.76599 0 0.500012 0.866018
11.40396 0.26 246.76599 0 -0.500013 0.866018
11.14996 0.0696664 246.57565 0 -0.866027 0.499997
11.40396 0.0696664 246.57565 0 -0.866027 0.499997
11.14996 -4.32316e-07 246.31566 0 -1 7.50963e-06
11.40396 -4.32316e-07 246.31566 0 -1 7.50963e-06
11.14996 0.0696663 246.05565 0 -0.866021 -0.500008
11.40396 0.0696663 246.05565 0 -0.866021 -0.500008
11.40396 0.26 245.86533 0 -0.499995 -0.866028
11.40396 0.78 249.75502 0 0.499996 -0.866028
11.14996 0.970333 249.94534 0 0.866021 -0.500008
11.40396 0.970333 249.94534 0 0.866021 -0.500008
11.14996 0.970333 250.46535 0 0.866017 0.500015
11.40396 0.970333 250.46535 0 0.866017 0.500015
11.14996 0.519999 250.72534 0 -4.58526e-07 1
11.40396 0.519999 250.72534 0 -4.58526e-07 1
11.40396 0.26 250.65567 0 -0.499996 0.866028
11.14996 0.0696664 250.46535 0 -0.866017 0.500015
11.40396 0.0696664 250.46535 0 -0.866017 0.500015
11.14996 -4.32316e-07 250.20535 0 -1 7.50963e-06
11.40396 0.26 249.755 0 -0.499989 -0.866032
11.14996 0.52 249.68535 0 2.73783e-05 -1
11.14996 0.78 249.75502 0 0.499996 -0.866028
11.14996 1.04 250.20535 0 1 7.33586e-06
11.40396 1.04 250.20535 0 1 7.33586e-06
11.14996 0.779999 250.65567 0 0.499995 0.866028
11.40396 0.779999 250.65567 0 0.499995 0.866028
11.14996 0.26 250.65567 0 -0.499996 0.866028
11.40396 -4.32316e-07 250.20535 0 -1 7.50963e-06
11.14996 0.0696663 249.94534 0 -0.866031 -0.499991
11.40396 0.0696663 249.94534 0 -0.866031 -0.499991
11.14996 0.26 249.755 0 -0.499989 -0.866032
11.40396 0.52 249.68535 0 2.73783e-05 -1
9.11927 0.52 249.68535 0 2.73783e-05 -1
8.86527 0.52 249.68535 0 2.73783e-05 -1
9.11927 -4.32316e-07 250.20535 0 -1 7.50963e-06
8.86527 0.26 250.65567 0 -0.499996 0.866028
8.86527 0.519999 250.72534 0 -4.58526e-07 1
8.86527 0.779999 250.65567 0 0.499995 0.866028
8.86527 0.970333 250.46535 0 0.866017 0.500015
9.11927 1.04 250.20535 0 1 7.33586e-06
8.86527 0.970333 249.94534 0 0.866021 -0.500008
9.11927 0.78 249.75502 0 0.499996 -0.866028
8.86527 0.78 249.75502 0 0.499996 -0.866028
9.11927 0.26 249.755 0 -0.499989 -0.866032
8.86527 0.26 249.755 0 -0.499989 -0.866032
9.11927 0.0696663 249.94534 0 -0.866031 -0.499991
8.86527 0.0696663 249.94534 0 -0.866031 -0.499991
8.86527 -4.32316e-07 250.20535 0 -1 7.50963e-06
9.11927 0.0696664 250.46535 0 -0.866017 0.500015
8.86527 0.0696664 250.46535 0 -0.866017 0.500015
9.11927 0.26 250.65567 0 -0.499996 0.866028
9.11927 0.519999 250.72534 0 -4.58526e-07 1
9.11927 0.779999 250.65567 0 0.499995 0.866028
9.11927 0.970333 250.46535 0 0.866017 0.500015
8.86527 1.04 250.20535 0 1 7.33586e-06
9.11927 0.970333 249.94534 0 0.866021 -0.500008
9.11927 0.52 245.79565 0 0 -1
9.11927 0.26 245.86533 0 -0.499995 -0.866028
8.86527 0.26 245.86533 0 -0.499995 -0.866028
8.86527 -4.32316e-07 246.31566 0 -1 7.50963e-06
9.11927 0.0696664 246.57565 0 -0.866027 0.499997
8.86527 0.0696664 246.57565 0 -0.866027 0.499997
9.11927 0.26 246.76599 0 -0.500013 0.866018
8.86527 0.26 246.76599 0 -0.500013 0.866018
8.86527 0.519999 246.83566 0 -4.58526e-07 1
8.86527 0.779999 246.76599 0 0.500012 0.866018
9.11927 0.970333 246.57565 0 0.866027 0.499998
8.86527 1.04 246.31566 0 1 7.33586e-06
9.11927 0.970333 246.05565 0 0.866021 -0.500008
9.11927 0.78 245.86533 0 0.499996 -0.866028
8.86527 0.52 245.79565 0 0 -1
9.11927 0.0696663 246.05565 0 -0.866021 -0.500008
8.86527 0.0696663 246.05565 0 -0.866021 -0.500008
9.11927 -4.32316e-07 246.31566 0 -1 7.50963e-06
9.11927 0.519999 246.83566 0 -4.58526e-07 1
9.11927 0.779999 246.76599 0 0.500012 0.866018
8.86527 0.970333 246.57565 0 0.866027 0.499998
9.11927 1.04 246.31566 0 1 7.33586e-06
8.86527 0.970333 246.05565 0 0.866021 -0.500008
8.86527 0.78 245.86533 0 0.499996 -0.866028
9.11927 0.52 248.58618 0 0 -1
8.86527 0.52 248.58618 0 0 -1
9.11927 0.26 248.65585 0 -0.499995 -0.866028
9.11927 0.0696663 248.84618 0 -0.866021 -0.500008
8.86527 0.0696663 248.84618 0 -0.866021 -0.500008
9.11927 0.26 249.55652 0 -0.500013 0.866018
9.11927 0.779999 249.55652 0 0.500012 0.866018
8.86527 0.779999 249.55652 0 0.500012 0.866018
9.11927 0.970333 249.36618 0 0.866027 0.499998
8.86527 1.04 249.10619 0 1 -2.74396e-17
9.11927 0.970333 248.84619 0 0.866027 -0.499997
8.86527 0.970333 248.84619 0 0.866027 -0.499997
8.86527 0.78 248.65585 0 0.500013 -0.866018
8.86527 0.26 248.65585 0 -0.499995 -0.866028
9.11927 -4.32316e-07 249.10619 0 -1 7.50963e-06
8.86527 -4.32316e-07 249.10619 0 -1 7.50963e-06
9.11927 0.0696664 249.36618 0 -0.866027 0.499997
8.86527 0.0696664 249.36618 0 -0.866027 0.499997
8.86527 0.26 249.55652 0 -0.500013 0.866018
9.11927 0.519999 249.62619 0 -4.58526e-07 1
8.86527 0.519999 249.62619 0 -4.58526e-07 1
8.86527 0.970333 249.36618 0 0.866027 0.499998
9.11927 1.04 249.10619 0 1 1.82931e-17
9.11927 0.78 248.65585 0 0.500013 -0.866018
8.86527 0.52 246.89482 0 2.73783e-05 -1
8.86527 0.26 246.96448 0 -0.499989 -0.866032
9.11927 0.0696663 247.15482 0 -0.866027 -0.499997
9.11927 -4.32316e-07 247.41481 0 -1 -7.16206e-06
9.11927 0.0696664 247.67482 0 -0.866021 0.500008
9.11927 0.519999 247.93481 0 -4.58526e-07 1
8.86527 0.519999 247.93481 0 -4.58526e-07 1
9.11927 0.779999 247.86514 0 0.499995 0.866028
8.86527 0.78 253.59158 0 0.499996 -0.866028
9.11927 0.78 253.59158 0 0.499996 -0.866028
9.11927 0.970333 253.78191 0 0.866017 -0.500014
8.86527 1.04 254.0419 0 1 -7.33586e-06
8.86527 0.970333 254.30191 0 0.86603 0.499991
8.86527 0.779999 254.49225 0 0.499989 0.866032
8.86527 0.26 254.49225 0 -0.499989 0.866032
9.11927 0.26 254.49225 0 -0.499989 0.866032
8.86527 0.970333 253.78191 0 0.866017 -0.500014
9.11927 1.04 254.0419 0 1 -7.33586e-06
9.11927 0.970333 254.30191 0 0.86603 0.499991
9.11927 0.779999 254.49225 0 0.499989 0.866032
8.86527 0.519999 254.5619 0 -4.58439e-07 1
9.11927 0.519999 254.5619 0 -4.58439e-07 1
8.86527 0.0696664 254.30191 0 -0.866031 0.499991
9.11927 0.0696664 254.30191 0 -0.866031 0.499991
8.86527 -4.32316e-07 254.0419 0 -1 -7.16206e-06
9.11927 -4.32316e-07 254.0419 0 -1 -7.16206e-06
8.86527 0.0696663 253.78191 0 -0.866017 -0.500015
9.11927 0.0696663 253.78191 0 -0.866017 -0.500015
8.86527 0.26 253.59158 0 -0.499995 -0.866028
9.11927 0.26 253.59158 0 -0.499995 -0.866028
8.86527 0.52 253.52191 0 0 -1
9.11927 0.52 253.52191 0 0 -1
8.86527 0.78 255.28293 0 0.499964 -0.866046
9.11927 0.78 255.28293 0 0.499964 -0.866046
8.86527 0.970333 255.47333 0 0.866067 -0.499927
9.11927 0.970333 255.47333 0 0.866067 -0.499927
8.86527 1.04 255.73332 0 1 -7.33586e-06
9.11927 1.04 255.73332 0 1 -7.33586e-06
9.11927 0.779999 256.18362 0 0.500008 0.866021
9.11927 0.519999 256.25333 0 -4.587e-07 1
9.11927 0.0696664 255.99333 0 -0.866001 0.500043
8.86527 -4.32316e-07 255.73332 0 -1 -7.16206e-06
9.11927 -4.32316e-07 255.73332 0 -1 -7.16206e-06
8.86527 0.0696663 255.47333 0 -0.866067 -0.499928
9.11927 0.26 255.28293 0 -0.499963 -0.866047
8.86527 0.970333 255.99333 0 0.866 0.500044
9.11927 0.970333 255.99333 0 0.866 0.500044
8.86527 0.779999 256.18362 0 0.500008 0.866021
8.86527 0.519999 256.25333 0 -4.587e-07 1
8.86527 0.26 256.18362 0 -0.500008 0.866021
9.11927 0.26 256.18362 0 -0.500008 0.866021
8.86527 0.0696664 255.99333 0 -0.866001 0.500043
9.11927 0.0696663 255.47333 0 -0.866067 -0.499928
8.86527 0.26 255.28293 0 -0.499963 -0.866047
8.86527 0.52 255.21333 0 0 -1
9.11927 0.52 255.21333 0 0 -1
8.86527 1.04 252.94275 0 1 -7.33586e-06
9.11927 1.04 252.94275 0 1 -7.33586e-06
9.11927 0.970333 253.20276 0 0.86602 0.500009
9.11927 0.779999 253.39308 0 0.499995 0.866028
9.11927 0.519999 253.46275 0 -4.58526e-07 1
9.11927 0.26 253.39308 0 -0.499996 0.866028
9.11927 0.0696664 253.20276 0 -0.866021 0.500008
8.86527 -4.32316e-07 252.94275 0 -1 -7.16206e-06
8.86527 0.26 252.49242 0 -0.499989 -0.866032
9.11927 0.26 252.49242 0 -0.499989 -0.866032
8.86527 0.78 252.49242 0 0.49999 -0.866031
9.11927 0.78 252.49242 0 0.49999 -0.866031
8.86527 0.970333 252.68275 0 0.866027 -0.499997
9.11927 0.970333 252.68275 0 0.866027 -0.499997
8.86527 0.970333 253.20276 0 0.86602 0.500009
8.86527 0.779999 253.39308 0 0.499995 0.866028
8.86527 0.519999 253.46275 0 -4.58526e-07 1
8.86527 0.26 253.39308 0 -0.499996 0.866028
8.86527 0.0696664 253.20276 0 -0.866021 0.500008
9.11927 -4.32316e-07 252.94275 0 -1 -7.16206e-06
8.86527 0.0696663 252.68275 0 -0.866027 -0.499997
9.11927 0.0696663 252.68275 0 -0.866027 -0.499997
8.86527 0.52 252.42276 0 -1.82929e-17 -1
9.11927 0.52 252.42276 0 1.82929e-17 -1
8.86527 0.78 256.38214 0 0.499991 -0.86603
8.86527 0.970333 256.57242 0 0.865991 -0.50006
9.11927 0.970333 257.09244 0 0.86599 0.500061
9.11927 0.26 257.28271 0 -0.499991 0.866031
9.11927 0.0696663 256.57242 0 -0.865991 -0.50006
9.11927 0.52 256.31244 0 0 -1
9.11927 0.78 256.38214 0 0.499991 -0.86603
9.11927 0.970333 256.57242 0 0.865991 -0.50006
8.86527 1.04 256.83243 0 1 -1.8293e-17
9.11927 1.04 256.83243 0 1 1.8293e-17
8.86527 0.970333 257.09244 0 0.86599 0.500061
8.86527 0.779999 257.28271 0 0.49999 0.866031
9.11927 0.779999 257.28271 0 0.49999 0.866031
8.86527 0.519999 257.35242 0 -4.587e-07 1
9.11927 0.519999 257.35242 0 -4.587e-07 1
8.86527 0.26 257.28271 0 -0.499991 0.866031
8.86527 0.0696664 257.09244 0 -0.865991 0.50006
9.11927 0.0696664 257.09244 0 -0.865991 0.50006
8.86527 -4.32316e-07 256.83243 0 -1 1.73782e-07
9.11927 -4.32316e-07 256.83243 0 -1 1.73782e-07
8.86527 0.0696663 256.57242 0 -0.865991 -0.50006
8.86527 0.26 256.38214 0 -0.499991 -0.866031
9.11927 0.26 256.38214 0 -0.499991 -0.866031
8.86527 0.52 256.31244 0 -9.14685e-18 -1
8.86527 0.78 246.96449 0 0.499996 -0.866028
9.11927 0.52 246.89482 0 2.73783e-05 -1
9.11927 0.26 246.96448 0 -0.499989 -0.866032
8.86527 0.0696663 247.15482 0 -0.866027 -0.499997
8.86527 -4.32316e-07 247.41481 0 -1 -7.16206e-06
8.86527 0.0696664 247.67482 0 -0.866021 0.500008
9.11927 0.26 247.86514 0 -0.499996 0.866028
8.86527 0.26 247.86514 0 -0.499996 0.866028
8.86527 0.779999 247.86514 0 0.499995 0.866028
9.11927 0.970333 247.67482 0 0.86602 0.500009
8.86527 0.970333 247.67482 0 0.86602 0.500009
9.11927 1.04 247.41481 0 1 -7.33586e-06
8.86527 1.04 247.41481 0 1 -7.33586e-06
9.11927 0.970333 247.15482 0 0.866017 -0.500014
8.86527 0.970333 247.15482 0 0.866017 -0.500014
9.11927 0.78 246.96449 0 0.499996 -0.866028
-6.53869 0.0696664 252.64885 0 -0.866021 0.500008
-6.53869 -4.32316e-07 252.38884 0 -1 -7.16206e-06
-6.2847 -4.32316e-07 252.38884 0 -1 -7.16206e-06
-6.53869 0.26 251.93851 0 -0.499989 -0.866032
-6.53869 0.52 251.86885 0 0 -1
-6.53869 0.78 251.93851 0 0.49999 -0.866031
-6.2847 0.78 251.93851 0 0.49999 -0.866031
-6.53869 1.04 252.38884 0 1 -7.33586e-06
-6.2847 1.04 252.38884 0 1 -7.33586e-06
-6.2847 0.970333 252.64885 0 0.86602 0.500009
-6.53869 0.779999 252.83917 0 0.499971 0.866042
-6.2847 0.26 252.83917 0 -0.499972 0.866042
-6.2847 0.0696664 252.64885 0 -0.866021 0.500008
-6.53869 0.0696663 252.12885 0 -0.866027 -0.499997
-6.2847 0.0696663 252.12885 0 -0.866027 -0.499997
-6.2847 0.26 251.93851 0 -0.499989 -0.866032
-6.2847 0.52 251.86885 0 9.14644e-18 -1
-6.2847 0.78 255.82822 0 0.500026 -0.86601
-6.53869 0.970333 256.53851 0 0.86601 0.500026
-6.2847 0.970333 256.53851 0 0.86601 0.500026
-6.53869 0.779999 256.72882 0 0.500025 0.866011
-6.53869 0.519999 256.79852 0 -4.587e-07 1
-6.53869 0.26 256.72882 0 -0.500026 0.866011
-6.2847 0.26 256.72882 0 -0.500026 0.866011
-6.2847 0.0696664 256.53851 0 -0.866011 0.500026
-6.53869 0.0696663 256.01852 0 -0.866003 -0.500038
-6.2847 0.52 255.75851 0 1.82937e-17 -1
-6.53869 0.78 255.82822 0 0.500026 -0.86601
-6.53869 0.970333 256.01852 0 0.866004 -0.500038
-6.2847 0.970333 256.01852 0 0.866004 -0.500038
-6.53869 1.04 256.2785 0 1 -1.46725e-05
-6.2847 1.04 256.2785 0 1 -1.46725e-05
-6.2847 0.779999 256.72882 0 0.500025 0.866011
-6.2847 0.519999 256.79852 0 -4.587e-07 1
-6.53869 0.0696664 256.53851 0 -0.866011 0.500026
-6.53869 -4.32316e-07 256.2785 0 -1 -1.44987e-05
-6.2847 -4.32316e-07 256.2785 0 -1 -1.44987e-05
-6.2847 0.0696663 256.01852 0 -0.866003 -0.500038
-6.53869 0.26 255.82822 0 -0.500025 -0.866011
-6.2847 0.26 255.82822 0 -0.500025 -0.866011
-6.53869 0.52 255.75851 0 -1.82937e-17 -1
-8.06936 1.04 247.41481 0 1 -7.33586e-06
-8.32337 0.970333 247.67482 0 0.86602 0.500009
-8.06936 0.970333 247.67482 0 0.86602 0.500009
-8.32337 0.779999 247.86514 0 0.499995 0.866028
-8.06936 0.779999 247.86514 0 0.499995 0.866028
-8.32337 0.519999 247.93481 0 -4.58526e-07 1
-8.06936 0.519999 247.93481 0 -4.58526e-07 1
-8.06936 0.26 247.86514 0 -0.499996 0.866028
-8.32337 -4.32316e-07 247.41481 0 -1 -7.16206e-06
-8.06936 -4.32316e-07 247.41481 0 -1 -7.16206e-06
-8.06936 0.0696663 247.15482 0 -0.866027 -0.499997
-8.06936 0.26 246.96448 0 -0.499989 -0.866032
-8.32337 0.52 246.89482 0 2.73783e-05 -1
-8.32337 0.78 246.96449 0 0.499996 -0.866028
-8.06936 0.78 246.96449 0 0.499996 -0.866028
-8.32337 0.970333 247.15482 0 0.866017 -0.500014
-8.06936 0.970333 247.15482 0 0.866017 -0.500014
-8.32337 1.04 247.41481 0 1 -7.33586e-06
-8.06936 -4.32316e-07 256.2785 0 -1 -1.44987e-05
-8.06936 0.0696664 256.53851 0 -0.866011 0.500026
-8.32337 0.0696664 256.53851 0 -0.866011 0.500026
-8.06936 0.26 256.72882 0 -0.500026 0.866011
-8.32337 0.970333 256.53851 0 0.86601 0.500026
-8.06936 1.04 256.2785 0 1 -1.46725e-05
-8.32337 0.970333 256.01852 0 0.866004 -0.500038
-8.32337 0.78 255.82822 0 0.500026 -0.86601
-8.06936 0.52 255.75851 0 0 -1
-8.32337 0.52 255.75851 0 -9.14685e-18 -1
-8.06936 0.26 255.82822 0 -0.500025 -0.866011
-8.32337 0.26 255.82822 0 -0.500025 -0.866011
-8.06936 0.0696663 256.01852 0 -0.866003 -0.500038
-8.32337 0.0696663 256.01852 0 -0.866003 -0.500038
-8.32337 -4.32316e-07 256.2785 0 -1 -1.44987e-05
-8.32337 0.26 256.72882 0 -0.500026 0.866011
-8.06936 0.519999 256.79852 0 -4.587e-07 1
-8.32337 0.519999 256.79852 0 -4.587e-07 1
-8.06936 0.779999 256.72882 0 0.500025 0.866011
-8.32337 0.779999 256.72882 0 0.500025 0.866011
-8.06936 0.970333 256.53851 0 0.86601 0.500026
-8.32337 1.04 256.2785 0 1 -1.46725e-05
-8.06936 0.970333 256.01852 0 0.866004 -0.500038
-8.06936 0.78 255.82822 0 0.500026 -0.86601
-8.06936 0.52 251.86885 0 1.82929e-17 -1
-8.06936 0.0696663 252.12885 0 -0.866027 -0.499997
-8.32337 0.0696663 252.12885 0 -0.866027 -0.499997
-8.06936 -4.32316e-07 252.38884 0 -1 -7.16206e-06
-8.32337 -4.32316e-07 252.38884 0 -1 -7.16206e-06
-8.06936 0.0696664 252.64885 0 -0.866021 0.500008
-8.32337 0.0696664 252.64885 0 -0.866021 0.500008
-8.06936 0.26 252.83917 0 -0.499972 0.866042
-8.06936 0.779999 252.83917 0 0.499971 0.866042
-8.32337 0.779999 252.83917 0 0.499971 0.866042
-8.06936 0.970333 252.12885 0 0.866027 -0.499997
-8.06936 0.78 251.93851 0 0.49999 -0.866031
-8.32337 0.78 251.93851 0 0.49999 -0.866031
-8.32337 0.52 251.86885 0 -1.82929e-17 -1
-8.06936 0.26 251.93851 0 -0.499989 -0.866032
-8.32337 0.26 251.93851 0 -0.499989 -0.866032
-8.32337 0.26 252.83917 0 -0.499972 0.866042
-8.06936 0.519999 252.90883 0 -4.58439e-07 1
-8.32337 0.519999 252.90883 0 -4.58439e-07 1
-8.06936 0.970333 252.64885 0 0.86602 0.500009
-8.32337 0.970333 252.64885 0 0.86602 0.500009
-8.06936 1.04 252.38884 0 1 -7.33586e-06
-8.32337 1.04 252.38884 0 1 -7.33586e-06
-8.32337 0.970333 252.12885 0 0.866027 -0.499997
-8.06936 0.52 254.65942 0 -1.82918e-17 -1
-8.06936 0.26 254.72902 0 -0.499963 -0.866047
-8.32337 -4.32316e-07 255.17941 0 -1 -7.16206e-06
-8.06936 0.0696664 255.43942 0 -0.866001 0.500043
-8.06936 0.26 255.62971 0 -0.500008 0.866021
-8.32337 0.26 255.62971 0 -0.500008 0.866021
-8.06936 0.519999 255.69942 0 -4.587e-07 1
-8.06936 0.779999 255.62971 0 0.500008 0.866021
-8.32337 0.779999 255.62971 0 0.500008 0.866021
-8.06936 0.970333 255.43942 0 0.866 0.500044
-8.06936 1.04 255.17941 0 1 -7.33586e-06
-8.32337 0.78 254.72902 0 0.499964 -0.866046
-8.32337 0.52 254.65942 0 1.82918e-17 -1
-8.32337 0.26 254.72902 0 -0.499963 -0.866047
-8.06936 0.0696663 254.91942 0 -0.866067 -0.499928
-8.32337 0.0696663 254.91942 0 -0.866067 -0.499928
-8.06936 -4.32316e-07 255.17941 0 -1 -7.16206e-06
-8.32337 0.0696664 255.43942 0 -0.866001 0.500043
-8.32337 0.519999 255.69942 0 -4.587e-07 1
-8.32337 0.970333 255.43942 0 0.866 0.500044
-8.32337 1.04 255.17941 0 1 -7.33586e-06
-8.06936 0.970333 254.91942 0 0.866067 -0.499927
-8.32337 0.970333 254.91942 0 0.866067 -0.499927
-8.06936 0.78 254.72902 0 0.499964 -0.866046
-8.06936 0.52 252.968 0 1.82929e-17 -1
-8.06936 0.26 253.03766 0 -0.499989 -0.866032
-8.32337 0.26 253.03766 0 -0.499989 -0.866032
-8.32337 0.0696663 253.228 0 -0.866027 -0.499997
-8.06936 -4.32316e-07 253.48799 0 -1 -7.16206e-06
-8.06936 0.0696664 253.748 0 -0.866031 0.499991
-8.06936 0.26 253.93834 0 -0.499989 0.866032
-8.32337 0.26 253.93834 0 -0.499989 0.866032
-8.06936 0.519999 254.008 0 -4.58439e-07 1
-8.32337 0.970333 253.748 0 0.86603 0.499991
-8.06936 0.970333 253.228 0 0.866027 -0.499997
-8.32337 0.970333 253.228 0 0.866027 -0.499997
-8.06936 0.78 253.03766 0 0.49999 -0.866031
-8.32337 0.78 253.03766 0 0.49999 -0.866031
-8.32337 0.52 252.968 0 -1.82929e-17 -1
-8.06936 0.0696663 253.228 0 -0.866027 -0.499997
-8.32337 -4.32316e-07 253.48799 0 -1 -7.16206e-06
-8.32337 0.0696664 253.748 0 -0.866031 0.499991
-8.32337 0.519999 254.008 0 -4.58439e-07 1
-8.06936 0.779999 253.93834 0 0.499989 0.866032
-8.32337 0.779999 253.93834 0 0.499989 0.866032
-8.06936 0.970333 253.748 0 0.86603 0.499991
-8.06936 1.04 253.48799 0 1 -7.33586e-06
-8.32337 1.04 253.48799 0 1 -7.33586e-06
-8.32337 0.26 247.86514 0 -0.499996 0.866028
-8.32337 0.0696664 247.67482 0 -0.866021 0.500008
-8.06936 0.0696664 247.67482 0 -0.866021 0.500008
-8.32337 0.0696663 247.15482 0 -0.866027 -0.499997
-8.32337 0.26 246.96448 0 -0.499989 -0.866032
-8.06936 0.52 246.89482 0 2.73783e-05 -1
-8.32337 0.78 248.65585 0 0.500013 -0.866018
-8.06936 0.78 248.65585 0 0.500013 -0.866018
-8.06936 0.970333 248.84619 0 0.866027 -0.499997
-8.06936 1.04 249.10619 0 1 -3.65862e-17
-8.32337 0.970333 249.36618 0 0.866027 0.499998
-8.06936 0.970333 249.36618 0 0.866027 0.499998
-8.32337 0.779999 249.55652 0 0.500012 0.866018
-8.32337 0.519999 249.62619 0 -4.58526e-07 1
-8.06936 0.519999 249.62619 0 -4.58526e-07 1
-8.06936 0.0696664 249.36618 0 -0.866027 0.499997
-8.32337 -4.32316e-07 249.10619 0 -1 7.50963e-06
-8.32337 0.26 248.65585 0 -0.499995 -0.866028
-8.32337 0.52 248.58618 0 0 -1
-8.06936 0.52 248.58618 0 0 -1
-8.32337 0.970333 248.84619 0 0.866027 -0.499997
-8.32337 1.04 249.10619 0 1 3.65862e-17
-8.06936 0.779999 249.55652 0 0.500012 0.866018
-8.32337 0.26 249.55652 0 -0.500013 0.866018
-8.06936 0.26 249.55652 0 -0.500013 0.866018
-8.32337 0.0696664 249.36618 0 -0.866027 0.499997
-8.06936 -4.32316e-07 249.10619 0 -1 7.50963e-06
-8.32337 0.0696663 248.84618 0 -0.866021 -0.500008
-8.06936 0.0696663 248.84618 0 -0.866021 -0.500008
-8.06936 0.26 248.65585 0 -0.499995 -0.866028
-8.32337 0.78 245.86533 0 0.499996 -0.866028
-8.06936 0.970333 246.05565 0 0.866021 -0.500008
-8.06936 0.779999 246.76599 0 0.500012 0.866018
-8.32337 0.0696664 246.57565 0 -0.866027 0.499997
-8.32337 -4.32316e-07 246.31566 0 -1 7.50963e-06
-8.32337 0.0696663 246.05565 0 -0.866021 -0.500008
-8.06936 0.0696663 246.05565 0 -0.866021 -0.500008
-8.32337 0.26 245.86533 0 -0.499995 -0.866028
-8.06936 0.26 245.86533 0 -0.499995 -0.866028
-8.32337 0.52 245.79565 0 0 -1
-8.06936 0.52 245.79565 0 0 -1
-8.06936 0.78 245.86533 0 0.499996 -0.866028
-8.32337 0.970333 246.05565 0 0.866021 -0.500008
-8.32337 1.04 246.31566 0 1 7.33586e-06
-8.06936 1.04 246.31566 0 1 7.33586e-06
-8.32337 0.970333 246.57565 0 0.866027 0.499998
-8.06936 0.970333 246.57565 0 0.866027 0.499998
-8.32337 0.779999 246.76599 0 0.500012 0.866018
-8.32337 0.519999 246.83566 0 -4.58526e-07 1
-8.06936 0.519999 246.83566 0 -4.58526e-07 1
-8.32337 0.26 246.76599 0 -0.500013 0.866018
-8.06936 0.26 246.76599 0 -0.500013 0.866018
-8.06936 0.0696664 246.57565 0 -0.866027 0.499997
-8.06936 -4.32316e-07 246.31566 0 -1 7.50963e-06
-8.32337 0.78 249.75502 0 0.499996 -0.866028
-8.06936 0.78 249.75502 0 0.499996 -0.866028
-8.32337 1.04 250.20535 0 1 7.33586e-06
-8.06936 1.04 250.20535 0 1 7.33586e-06
-8.32337 0.779999 250.65567 0 0.499995 0.866028
-8.06936 0.519999 250.72534 0 -4.58526e-07 1
-8.06936 0.0696664 250.46535 0 -0.866017 0.500015
-8.32337 0.0696663 249.94534 0 -0.866031 -0.499991
-8.06936 0.0696663 249.94534 0 -0.866031 -0.499991
-8.06936 0.26 249.755 0 -0.499989 -0.866032
-8.32337 0.970333 249.94534 0 0.866021 -0.500008
-8.06936 0.970333 249.94534 0 0.866021 -0.500008
-8.32337 0.970333 250.46535 0 0.866017 0.500015
-8.06936 0.970333 250.46535 0 0.866017 0.500015
-8.06936 0.779999 250.65567 0 0.499995 0.866028
-8.32337 0.519999 250.72534 0 -4.58526e-07 1
-8.32337 0.26 250.65567 0 -0.499996 0.866028
-8.06936 0.26 250.65567 0 -0.499996 0.866028
-8.32337 0.0696664 250.46535 0 -0.866017 0.500015
-8.32337 -4.32316e-07 250.20535 0 -1 7.50963e-06
-8.06936 -4.32316e-07 250.20535 0 -1 7.50963e-06
-8.32337 0.26 249.755 0 -0.499989 -0.866032
-8.32337 0.52 249.68535 0 2.73783e-05 -1
-8.06936 0.52 249.68535 0 2.73783e-05 -1
-6.2847 0.52 249.68535 0 2.73783e-05 -1
-6.53869 0.26 249.755 0 -0.499989 -0.866032
-6.53869 0.0696663 249.94534 0 -0.866031 -0.499991
-6.2847 -4.32316e-07 250.20535 0 -1 7.50963e-06
-6.53869 -4.32316e-07 250.20535 0 -1 7.50963e-06
-6.2847 0.26 250.65567 0 -0.499996 0.866028
-6.53869 0.26 250.65567 0 -0.499996 0.866028
-6.2847 0.519999 250.72534 0 -4.58526e-07 1
-6.53869 0.519999 250.72534 0 -4.58526e-07 1
-6.2847 0.779999 250.65567 0 0.499995 0.866028
-6.2847 0.970333 250.46535 0 0.866017 0.500015
-6.53869 0.970333 250.46535 0 0.866017 0.500015
-6.53869 1.04 250.20535 0 1 7.33586e-06
-6.53869 0.78 249.75502 0 0.499996 -0.866028
-6.53869 0.52 249.68535 0 2.73783e-05 -1
-6.2847 0.26 249.755 0 -0.499989 -0.866032
-6.2847 0.0696663 249.94534 0 -0.866031 -0.499991
-6.2847 0.0696664 250.46535 0 -0.866017 0.500015
-6.53869 0.0696664 250.46535 0 -0.866017 0.500015
-6.53869 0.779999 250.65567 0 0.499995 0.866028
-6.2847 1.04 250.20535 0 1 7.33586e-06
-6.2847 0.970333 249.94534 0 0.866021 -0.500008
-6.53869 0.970333 249.94534 0 0.866021 -0.500008
-6.2847 0.78 249.75502 0 0.499996 -0.866028
-6.2847 0.52 245.79565 0 0 -1
-6.53869 0.52 245.79565 0 9.14658e-18 -1
-6.2847 0.26 245.86533 0 -0.499995 -0.866028
-6.2847 0.0696663 246.05565 0 -0.866021 -0.500008
-6.2847 -4.32316e-07 246.31566 0 -1 7.50963e-06
-6.2847 0.26 246.76599 0 -0.500013 0.866018
-6.53869 0.26 246.76599 0 -0.500013 0.866018
-6.2847 0.519999 246.83566 0 -4.58526e-07 1
-6.53869 0.519999 246.83566 0 -4.58526e-07 1
-6.53869 0.779999 246.76599 0 0.500012 0.866018
-6.2847 0.970333 246.57565 0 0.866027 0.499998
-6.53869 1.04 246.31566 0 1 7.33586e-06
-6.2847 0.970333 246.05565 0 0.866021 -0.500008
-6.2847 0.78 245.86533 0 0.499996 -0.866028
-6.53869 0.78 245.86533 0 0.499996 -0.866028
-6.53869 0.26 245.86533 0 -0.499995 -0.866028
-6.53869 0.0696663 246.05565 0 -0.866021 -0.500008
-6.53869 -4.32316e-07 246.31566 0 -1 7.50963e-06
-6.2847 0.0696664 246.57565 0 -0.866027 0.499997
-6.53869 0.0696664 246.57565 0 -0.866027 0.499997
-6.2847 0.779999 246.76599 0 0.500012 0.866018
-6.53869 0.970333 246.57565 0 0.866027 0.499998
-6.2847 1.04 246.31566 0 1 7.33586e-06
-6.53869 0.970333 246.05565 0 0.866021 -0.500008
-6.2847 0.52 248.58618 0 0 -1
-6.2847 0.26 248.65585 0 -0.499995 -0.866028
-6.2847 -4.32316e-07 249.10619 0 -1 7.50963e-06
-6.53869 -4.32316e-07 249.10619 0 -1 7.50963e-06
-6.2847 0.0696664 249.36618 0 -0.866027 0.499997
-6.2847 0.26 249.55652 0 -0.500013 0.866018
-6.2847 0.779999 249.55652 0 0.500012 0.866018
-6.2847 0.970333 249.36618 0 0.866027 0.499998
-6.2847 0.970333 248.84619 0 0.866027 -0.499997
-6.53869 0.78 248.65585 0 0.500013 -0.866018
-6.53869 0.52 248.58618 0 9.14658e-18 -1
-6.53869 0.26 248.65585 0 -0.499995 -0.866028
-6.2847 0.0696663 248.84618 0 -0.866021 -0.500008
-6.53869 0.0696663 248.84618 0 -0.866021 -0.500008
-6.53869 0.0696664 249.36618 0 -0.866027 0.499997
-6.53869 0.26 249.55652 0 -0.500013 0.866018
-6.2847 0.519999 249.62619 0 -4.58526e-07 1
-6.53869 0.519999 249.62619 0 -4.58526e-07 1
-6.53869 0.779999 249.55652 0 0.500012 0.866018
-6.53869 0.970333 249.36618 0 0.866027 0.499998
-6.2847 1.04 249.10619 0 1 1.82931e-17
-6.53869 1.04 249.10619 0 1 -1.82931e-17
-6.53869 0.970333 248.84619 0 0.866027 -0.499997
-6.2847 0.78 248.65585 0 0.500013 -0.866018
-6.2847 0.52 246.89482 0 2.73783e-05 -1
-6.53869 0.26 246.96448 0 -0.499989 -0.866032
-6.2847 -4.32316e-07 247.41481 0 -1 -7.16206e-06
-6.53869 0.0696664 247.67482 0 -0.866021 0.500008
-6.2847 0.26 247.86514 0 -0.499996 0.866028
-6.53869 0.26 247.86514 0 -0.499996 0.866028
-6.2847 0.519999 247.93481 0 -4.58526e-07 1
-6.53869 0.519999 247.93481 0 -4.58526e-07 1
-6.2847 0.779999 247.86514 0 0.499995 0.866028
-6.53869 0.779999 247.86514 0 0.499995 0.866028
-6.2847 0.970333 247.67482 0 0.86602 0.500009
-6.53869 0.970333 247.67482 0 0.86602 0.500009
-6.2847 1.04 247.41481 0 1 -7.33586e-06
-6.53869 1.04 247.41481 0 1 -7.33586e-06
-6.2847 0.78 246.96449 0 0.499996 -0.866028
-6.53869 0.78 246.96449 0 0.499996 -0.866028
-6.53869 0.52 246.89482 0 2.73783e-05 -1
-6.2847 0.26 246.96448 0 -0.499989 -0.866032
-6.2847 0.0696663 247.15482 0 -0.866027 -0.499997
-6.53869 0.0696663 247.15482 0 -0.866027 -0.499997
-6.53869 -4.32316e-07 247.41481 0 -1 -7.16206e-06
-6.2847 0.0696664 247.67482 0 -0.866021 0.500008
-6.2847 0.970333 247.15482 0 0.866017 -0.500014
-6.53869 0.970333 247.15482 0 0.866017 -0.500014
-11.40396 0.78 241.18823 0 0.500013 -0.866018
-11.40396 0.970333 241.37857 0 0.866027 -0.499997
-11.14996 0.970333 241.89857 0 0.86603 0.499991
-11.14996 0.779999 242.08891 0 0.499989 0.866032
-11.40396 0.519999 242.15857 0 -4.58439e-07 1
-11.14996 0.519999 242.15857 0 -4.58439e-07 1
-11.14996 0.26 242.08891 0 -0.499989 0.866032
-11.40396 0.0696664 241.89857 0 -0.866031 0.499991
-11.40396 -4.32316e-07 241.63857 0 -1 -7.16206e-06
-11.14996 0.26 241.18823 0 -0.500013 -0.866018
-11.40396 0.52 241.11856 0 0 -1
-11.14996 0.52 241.11856 0 0 -1
-11.14996 0.78 241.18823 0 0.500013 -0.866018
-11.14996 0.970333 241.37857 0 0.866027 -0.499997
-11.40396 1.04 241.63857 0 1 -7.33586e-06
-11.14996 1.04 241.63857 0 1 -7.33586e-06
-11.40396 0.970333 241.89857 0 0.86603 0.499991
-11.40396 0.779999 242.08891 0 0.499989 0.866032
-11.40396 0.26 242.08891 0 -0.499989 0.866032
-11.14996 0.0696664 241.89857 0 -0.866031 0.499991
-11.14996 -4.32316e-07 241.63857 0 -1 -7.16206e-06
-11.40396 0.0696663 241.37857 0 -0.866027 -0.499997
-11.14996 0.0696663 241.37857 0 -0.866027 -0.499997
-11.40396 0.26 241.18823 0 -0.500013 -0.866018
-11.40396 0.78 242.87961 0 0.500013 -0.866018
-11.14996 0.970333 243.06995 0 0.866027 -0.499997
-11.14996 1.04 243.32994 0 1 2.74396e-17
-11.40396 0.970333 243.58994 0 0.866027 0.499998
-11.40396 0.779999 243.78027 0 0.499989 0.866032
-11.14996 0.779999 243.78027 0 0.499989 0.866032
-11.40396 0.26 243.78027 0 -0.499989 0.866032
-11.14996 0.0696664 243.58994 0 -0.866027 0.499997
-11.40396 -4.32316e-07 243.32994 0 -1 7.50963e-06
-11.40396 0.0696663 243.06993 0 -0.866021 -0.500008
-11.14996 0.0696663 243.06993 0 -0.866021 -0.500008
-11.40396 0.26 242.87961 0 -0.499995 -0.866028
-11.40396 0.52 242.80994 0 0 -1
-11.14996 0.52 242.80994 0 0 -1
-11.14996 0.78 242.87961 0 0.500013 -0.866018
-11.40396 0.970333 243.06995 0 0.866027 -0.499997
-11.40396 1.04 243.32994 0 1 -2.74396e-17
-11.14996 0.970333 243.58994 0 0.866027 0.499998
-11.40396 0.519999 243.84993 0 -4.58439e-07 1
-11.14996 0.519999 243.84993 0 -4.58439e-07 1
-11.14996 0.26 243.78027 0 -0.499989 0.866032
-11.40396 0.0696664 243.58994 0 -0.866027 0.499997
-11.14996 -4.32316e-07 243.32994 0 -1 7.50963e-06
-11.14996 0.26 242.87961 0 -0.499995 -0.866028
-11.40396 0.78 240.08908 0 0.500013 -0.866018
-11.14996 0.78 240.08908 0 0.500013 -0.866018
-11.40396 0.970333 240.27942 0 0.866027 -0.499997
-11.40396 0.970333 240.79942 0 0.86602 0.500009
-11.14996 0.970333 240.79942 0 0.86602 0.500009
-11.40396 0.779999 240.98975 0 0.499971 0.866042
-11.40396 0.519999 241.0594 0 -4.58439e-07 1
-11.40396 0.26 240.98975 0 -0.499972 0.866042
-11.40396 0.0696664 240.79942 0 -0.866021 0.500008
-11.14996 0.0696664 240.79942 0 -0.866021 0.500008
-11.40396 0.26 240.08908 0 -0.499995 -0.866028
-11.14996 0.26 240.08908 0 -0.499995 -0.866028
-11.14996 0.970333 240.27942 0 0.866027 -0.499997
-11.40396 1.04 240.53941 0 1 -7.33586e-06
-11.14996 1.04 240.53941 0 1 -7.33586e-06
-11.14996 0.779999 240.98975 0 0.499971 0.866042
-11.14996 0.519999 241.0594 0 -4.58439e-07 1
-11.14996 0.26 240.98975 0 -0.499972 0.866042
-11.40396 -4.32316e-07 240.53941 0 -1 1.73782e-07
-11.14996 -4.32316e-07 240.53941 0 -1 1.73782e-07
-11.40396 0.0696663 240.2794 0 -0.866021 -0.500008
-11.14996 0.0696663 240.2794 0 -0.866021 -0.500008
-11.40396 0.52 240.01941 0 0 -1
-11.14996 0.52 240.01941 0 0 -1
-11.14996 0.78 243.97876 0 0.500007 -0.866021
-11.40396 0.970333 244.16911 0 0.866034 -0.499986
-11.14996 1.04 244.42909 0 1 -1.46725e-05
-11.40396 0.970333 244.6891 0 0.86603 0.499991
-11.14996 0.970333 244.6891 0 0.86603 0.499991
-11.14996 0.779999 244.87944 0 0.499989 0.866032
-11.14996 0.519999 244.9491 0 -4.58439e-07 1
-11.40396 0.26 244.87944 0 -0.499989 0.866032
-11.14996 0.26 244.87944 0 -0.499989 0.866032
-11.40396 0.0696664 244.6891 0 -0.866031 0.499991
-11.40396 -4.32316e-07 244.42909 0 -1 -7.16206e-06
-11.14996 -4.32316e-07 244.42909 0 -1 -7.16206e-06
-11.40396 0.0696663 244.1691 0 -0.866027 -0.499997
-11.14996 0.0696663 244.1691 0 -0.866027 -0.499997
-11.40396 0.26 243.97876 0 -0.499989 -0.866032
-11.40396 0.52 243.9091 0 -1.82929e-17 -1
-11.40396 0.78 243.97876 0 0.500007 -0.866021
-11.14996 0.970333 244.16911 0 0.866034 -0.499986
-11.40396 1.04 244.42909 0 1 -1.46725e-05
-11.40396 0.779999 244.87944 0 0.499989 0.866032
-11.40396 0.519999 244.9491 0 -4.58439e-07 1
-11.14996 0.0696664 244.6891 0 -0.866031 0.499991
-11.14996 0.26 243.97876 0 -0.499989 -0.866032
-11.14996 0.52 243.9091 0 1.82929e-17 -1
-8.86527 0.52 243.9091 0 1.82929e-17 -1
-8.86527 0.26 243.97876 0 -0.499989 -0.866032
-9.11927 0.26 243.97876 0 -0.499989 -0.866032
-8.86527 0.0696663 244.1691 0 -0.866027 -0.499997
-9.11927 0.0696663 244.1691 0 -0.866027 -0.499997
-9.11927 0.0696664 244.6891 0 -0.866031 0.499991
-8.86527 0.26 244.87944 0 -0.499989 0.866032
-8.86527 0.519999 244.9491 0 -4.58439e-07 1
-8.86527 0.779999 244.87944 0 0.499989 0.866032
-8.86527 0.970333 244.6891 0 0.86603 0.499991
-9.11927 0.970333 244.6891 0 0.86603 0.499991
-8.86527 1.04 244.42909 0 1 -1.46725e-05
-9.11927 1.04 244.42909 0 1 -1.46725e-05
-8.86527 0.970333 244.16911 0 0.866034 -0.499986
-9.11927 0.970333 244.16911 0 0.866034 -0.499986
-9.11927 0.78 243.97876 0 0.500007 -0.866021
-9.11927 0.52 243.9091 0 -1.82929e-17 -1
-8.86527 -4.32316e-07 244.42909 0 -1 -7.16206e-06
-9.11927 -4.32316e-07 244.42909 0 -1 -7.16206e-06
-8.86527 0.0696664 244.6891 0 -0.866031 0.499991
-9.11927 0.26 244.87944 0 -0.499989 0.866032
-9.11927 0.519999 244.9491 0 -4.58439e-07 1
-9.11927 0.779999 244.87944 0 0.499989 0.866032
-8.86527 0.78 243.97876 0 0.500007 -0.866021
-8.86527 0.26 240.08908 0 -0.499995 -0.866028
-9.11927 -4.32316e-07 240.53941 0 -1 1.73782e-07
-9.11927 0.0696664 240.79942 0 -0.866021 0.500008
-8.86527 0.519999 241.0594 0 -4.58439e-07 1
-9.11927 0.519999 241.0594 0 -4.58439e-07 1
-8.86527 0.779999 240.98975 0 0.499971 0.866042
-9.11927 0.970333 240.79942 0 0.86602 0.500009
-9.11927 1.04 240.53941 0 1 -7.33586e-06
-8.86527 0.78 240.08908 0 0.500013 -0.866018
-9.11927 0.78 240.08908 0 0.500013 -0.866018
-8.86527 0.52 240.01941 0 0 -1
-9.11927 0.52 240.01941 0 0 -1
-9.11927 0.26 240.08908 0 -0.499995 -0.866028
-8.86527 0.0696663 240.2794 0 -0.866021 -0.500008
-9.11927 0.0696663 240.2794 0 -0.866021 -0.500008
-8.86527 -4.32316e-07 240.53941 0 -1 1.73782e-07
-8.86527 0.0696664 240.79942 0 -0.866021 0.500008
-8.86527 0.26 240.98975 0 -0.499972 0.866042
-9.11927 0.26 240.98975 0 -0.499972 0.866042
-9.11927 0.779999 240.98975 0 0.499971 0.866042
-8.86527 0.970333 240.79942 0 0.86602 0.500009
-8.86527 1.04 240.53941 0 1 -7.33586e-06
-8.86527 0.970333 240.27942 0 0.866027 -0.499997
-9.11927 0.970333 240.27942 0 0.866027 -0.499997
-8.86527 0.52 242.80994 0 0 -1
-9.11927 0.26 242.87961 0 -0.499995 -0.866028
-8.86527 -4.32316e-07 243.32994 0 -1 7.50963e-06
-9.11927 -4.32316e-07 243.32994 0 -1 7.50963e-06
-8.86527 0.26 243.78027 0 -0.499989 0.866032
-9.11927 0.26 243.78027 0 -0.499989 0.866032
-8.86527 0.519999 243.84993 0 -4.58439e-07 1
-8.86527 0.970333 243.58994 0 0.866027 0.499998
-8.86527 1.04 243.32994 0 1 1.82931e-17
-8.86527 0.78 242.87961 0 0.500013 -0.866018
-9.11927 0.52 242.80994 0 0 -1
-8.86527 0.26 242.87961 0 -0.499995 -0.866028
-8.86527 0.0696663 243.06993 0 -0.866021 -0.500008
-9.11927 0.0696663 243.06993 0 -0.866021 -0.500008
-8.86527 0.0696664 243.58994 0 -0.866027 0.499997
-9.11927 0.0696664 243.58994 0 -0.866027 0.499997
-9.11927 0.519999 243.84993 0 -4.58439e-07 1
-8.86527 0.779999 243.78027 0 0.499989 0.866032
-9.11927 0.779999 243.78027 0 0.499989 0.866032
-9.11927 0.970333 243.58994 0 0.866027 0.499998
-9.11927 1.04 243.32994 0 1 -2.74396e-17
-8.86527 0.970333 243.06995 0 0.866027 -0.499997
-9.11927 0.970333 243.06995 0 0.866027 -0.499997
-9.11927 0.78 242.87961 0 0.500013 -0.866018
-8.86527 0.52 241.11856 0 0 -1
-9.11927 0.52 241.11856 0 0 -1
-8.86527 0.26 241.18823 0 -0.500013 -0.866018
-9.11927 0.0696663 241.37857 0 -0.866027 -0.499997
-8.86527 -4.32316e-07 241.63857 0 -1 -7.16206e-06
-9.11927 -4.32316e-07 241.63857 0 -1 -7.16206e-06
-9.11927 0.0696664 241.89857 0 -0.866031 0.499991
-9.11927 0.26 242.08891 0 -0.499989 0.866032
-9.11927 0.779999 242.08891 0 0.499989 0.866032
-9.11927 0.970333 241.89857 0 0.86603 0.499991
-8.86527 0.970333 241.37857 0 0.866027 -0.499997
-9.11927 0.26 241.18823 0 -0.500013 -0.866018
-8.86527 0.0696663 241.37857 0 -0.866027 -0.499997
-8.86527 0.0696664 241.89857 0 -0.866031 0.499991
-8.86527 0.26 242.08891 0 -0.499989 0.866032
-8.86527 0.519999 242.15857 0 -4.58439e-07 1
-9.11927 0.519999 242.15857 0 -4.58439e-07 1
-8.86527 0.779999 242.08891 0 0.499989 0.866032
-8.86527 0.970333 241.89857 0 0.86603 0.499991
-8.86527 1.04 241.63857 0 1 -7.33586e-06
-9.11927 1.04 241.63857 0 1 -7.33586e-06
-9.11927 0.970333 241.37857 0 0.866027 -0.499997
-8.86527 0.78 241.18823 0 0.500013 -0.866018
-9.11927 0.78 241.18823 0 0.500013 -0.866018
-9.11927 0.78 253.59158 0 0.499996 -0.866028
-9.11927 0.970333 253.78191 0 0.866017 -0.500014
-8.86527 0.970333 253.78191 0 0.866017 -0.500014
-8.86527 0.970333 254.30191 0 0.86603 0.499991
-9.11927 0.779999 254.49225 0 0.499989 0.866032
-8.86527 0.519999 254.5619 0 -4.58439e-07 1
-9.11927 -4.32316e-07 254.0419 0 -1 -7.16206e-06
-9.11927 0.0696663 253.78191 0 -0.866017 -0.500015
-9.11927 0.26 253.59158 0 -0.499995 -0.866028
-8.86527 0.52 253.52191 0 0 -1
-8.86527 0.78 253.59158 0 0.499996 -0.866028
-9.11927 1.04 254.0419 0 1 -7.33586e-06
-8.86527 1.04 254.0419 0 1 -7.33586e-06
-9.11927 0.970333 254.30191 0 0.86603 0.499991
-8.86527 0.779999 254.49225 0 0.499989 0.866032
-9.11927 0.519999 254.5619 0 -4.58439e-07 1
-9.11927 0.26 254.49225 0 -0.499989 0.866032
-8.86527 0.26 254.49225 0 -0.499989 0.866032
-9.11927 0.0696664 254.30191 0 -0.866031 0.499991
-8.86527 0.0696664 254.30191 0 -0.866031 0.499991
-8.86527 -4.32316e-07 254.0419 0 -1 -7.16206e-06
-8.86527 0.0696663 253.78191 0 -0.866017 -0.500015
-8.86527 0.26 253.59158 0 -0.499995 -0.866028
-9.11927 0.52 253.52191 0 0 -1
-9.11927 0.970333 255.47333 0 0.866067 -0.499927
-8.86527 0.970333 255.47333 0 0.866067 -0.499927
-9.11927 0.970333 255.99333 0 0.866 0.500044
-8.86527 0.970333 255.99333 0 0.866 0.500044
-9.11927 0.779999 256.18362 0 0.500008 0.866021
-8.86527 0.779999 256.18362 0 0.500008 0.866021
-9.11927 0.519999 256.25333 0 -4.587e-07 1
-8.86527 0.519999 256.25333 0 -4.587e-07 1
-9.11927 0.0696664 255.99333 0 -0.866001 0.500043
-8.86527 -4.32316e-07 255.73332 0 -1 -7.16206e-06
-8.86527 0.26 255.28293 0 -0.499963 -0.866047
-9.11927 0.52 255.21333 0 0 -1
-9.11927 0.78 255.28293 0 0.499964 -0.866046
-8.86527 0.78 255.28293 0 0.499964 -0.866046
-9.11927 1.04 255.73332 0 1 -7.33586e-06
-8.86527 1.04 255.73332 0 1 -7.33586e-06
-9.11927 0.26 256.18362 0 -0.500008 0.866021
-8.86527 0.26 256.18362 0 -0.500008 0.866021
-8.86527 0.0696664 255.99333 0 -0.866001 0.500043
-9.11927 -4.32316e-07 255.73332 0 -1 -7.16206e-06
-9.11927 0.0696663 255.47333 0 -0.866067 -0.499928
-8.86527 0.0696663 255.47333 0 -0.866067 -0.499928
-9.11927 0.26 255.28293 0 -0.499963 -0.866047
-8.86527 0.52 255.21333 0 0 -1
-9.11927 0.78 252.49242 0 0.49999 -0.866031
-9.11927 1.04 252.94275 0 1 -7.33586e-06
-8.86527 1.04 252.94275 0 1 -7.33586e-06
-9.11927 0.970333 253.20276 0 0.86602 0.500009
-8.86527 0.970333 253.20276 0 0.86602 0.500009
-9.11927 0.779999 253.39308 0 0.499995 0.866028
-8.86527 0.779999 253.39308 0 0.499995 0.866028
-9.11927 0.26 253.39308 0 -0.499996 0.866028
-9.11927 -4.32316e-07 252.94275 0 -1 -7.16206e-06
-8.86527 -4.32316e-07 252.94275 0 -1 -7.16206e-06
-9.11927 0.0696663 252.68275 0 -0.866027 -0.499997
-8.86527 0.0696663 252.68275 0 -0.866027 -0.499997
-9.11927 0.26 252.49242 0 -0.499989 -0.866032
-8.86527 0.52 252.42276 0 1.82929e-17 -1
-8.86527 0.78 252.49242 0 0.49999 -0.866031
-9.11927 0.970333 252.68275 0 0.866027 -0.499997
-8.86527 0.970333 252.68275 0 0.866027 -0.499997
-9.11927 0.519999 253.46275 0 -4.58526e-07 1
-8.86527 0.519999 253.46275 0 -4.58526e-07 1
-8.86527 0.26 253.39308 0 -0.499996 0.866028
-9.11927 0.0696664 253.20276 0 -0.866021 0.500008
-8.86527 0.0696664 253.20276 0 -0.866021 0.500008
-8.86527 0.26 252.49242 0 -0.499989 -0.866032
-9.11927 0.52 252.42276 0 -1.82929e-17 -1
-9.11927 0.970333 257.09244 0 0.86599 0.500061
-8.86527 0.970333 257.09244 0 0.86599 0.500061
-9.11927 0.779999 257.28271 0 0.49999 0.866031
-9.11927 0.519999 257.35242 0 -4.587e-07 1
-8.86527 0.519999 257.35242 0 -4.587e-07 1
-9.11927 0.0696664 257.09244 0 -0.865991 0.50006
-8.86527 0.0696664 257.09244 0 -0.865991 0.50006
-9.11927 -4.32316e-07 256.83243 0 -1 1.73782e-07
-8.86527 -4.32316e-07 256.83243 0 -1 1.73782e-07
-9.11927 0.0696663 256.57242 0 -0.865991 -0.50006
-8.86527 0.26 256.38214 0 -0.499991 -0.866031
-9.11927 0.52 256.31244 0 -9.14685e-18 -1
-9.11927 0.78 256.38214 0 0.499991 -0.86603
-8.86527 0.78 256.38214 0 0.499991 -0.86603
-9.11927 0.970333 256.57242 0 0.865991 -0.50006
-8.86527 0.970333 256.57242 0 0.865991 -0.50006
-9.11927 1.04 256.83243 0 1 -1.8293e-17
-8.86527 1.04 256.83243 0 1 1.8293e-17
-8.86527 0.779999 257.28271 0 0.49999 0.866031
-9.11927 0.26 257.28271 0 -0.499991 0.866031
-8.86527 0.26 257.28271 0 -0.499991 0.866031
-8.86527 0.0696663 256.57242 0 -0.865991 -0.50006
-9.11927 0.26 256.38214 0 -0.499991 -0.866031
-8.86527 0.52 256.31244 0 0 -1
-11.40396 1.04 247.41481 0 1 -7.33586e-06
-11.40396 0.970333 247.67482 0 0.86602 0.500009
-11.14996 0.970333 247.67482 0 0.86602 0.500009
-11.40396 0.779999 247.86514 0 0.499995 0.866028
-11.14996 0.779999 247.86514 0 0.499995 0.866028
-11.14996 0.519999 247.93481 0 -4.58526e-07 1
-11.14996 0.26 247.86514 0 -0.499996 0.866028
-11.40396 0.0696664 247.67482 0 -0.866021 0.500008
-11.14996 0.0696664 247.67482 0 -0.866021 0.500008
-11.40396 -4.32316e-07 247.41481 0 -1 -7.16206e-06
-11.14996 -4.32316e-07 247.41481 0 -1 -7.16206e-06
-11.14996 0.0696663 247.15482 0 -0.866027 -0.499997
-11.40396 0.26 246.96448 0 -0.499989 -0.866032
-11.14996 0.26 246.96448 0 -0.499989 -0.866032
-11.40396 0.52 246.89482 0 2.73783e-05 -1
-11.40396 0.78 246.96449 0 0.499996 -0.866028
-11.14996 0.78 246.96449 0 0.499996 -0.866028
-11.40396 0.970333 247.15482 0 0.866017 -0.500014
-11.14996 0.970333 247.15482 0 0.866017 -0.500014
-11.14996 0.52 256.31244 0 9.14685e-18 -1
-11.40396 0.26 256.38214 0 -0.499991 -0.866031
-11.40396 0.0696663 256.57242 0 -0.865991 -0.50006
-11.14996 0.0696664 257.09244 0 -0.865991 0.50006
-11.40396 0.0696664 257.09244 0 -0.865991 0.50006
-11.14996 0.26 257.28271 0 -0.499991 0.866031
-11.14996 0.970333 257.09244 0 0.86599 0.500061
-11.40396 0.970333 257.09244 0 0.86599 0.500061
-11.14996 1.04 256.83243 0 1 1.8293e-17
-11.40396 1.04 256.83243 0 1 -1.8293e-17
-11.14996 0.970333 256.57242 0 0.865991 -0.50006
-11.40396 0.970333 256.57242 0 0.865991 -0.50006
-11.14996 0.78 256.38214 0 0.499991 -0.86603
-11.40396 0.78 256.38214 0 0.499991 -0.86603
-11.40396 0.52 256.31244 0 0 -1
-11.14996 0.26 256.38214 0 -0.499991 -0.866031
-11.14996 0.0696663 256.57242 0 -0.865991 -0.50006
-11.14996 -4.32316e-07 256.83243 0 -1 1.73782e-07
-11.40396 -4.32316e-07 256.83243 0 -1 1.73782e-07
-11.40396 0.26 257.28271 0 -0.499991 0.866031
-11.14996 0.519999 257.35242 0 -4.587e-07 1
-11.40396 0.519999 257.35242 0 -4.587e-07 1
-11.14996 0.779999 257.28271 0 0.49999 0.866031
-11.40396 0.779999 257.28271 0 0.49999 0.866031
-11.14996 0.52 252.42276 0 1.82929e-17 -1
-11.14996 0.26 252.49242 0 -0.499989 -0.866032
-11.14996 0.0696663 252.68275 0 -0.866027 -0.499997
-11.40396 0.0696663 252.68275 0 -0.866027 -0.499997
-11.14996 -4.32316e-07 252.94275 0 -1 -7.16206e-06
-11.14996 0.26 253.39308 0 -0.499996 0.866028
-11.14996 1.04 252.94275 0 1 -7.33586e-06
-11.40396 0.970333 252.68275 0 0.866027 -0.499997
-11.14996 0.78 252.49242 0 0.49999 -0.866031
-11.40396 0.78 252.49242 0 0.49999 -0.866031
-11.40396 0.52 252.42276 0 -1.82929e-17 -1
-11.40396 0.26 252.49242 0 -0.499989 -0.866032
-11.40396 -4.32316e-07 252.94275 0 -1 -7.16206e-06
-11.14996 0.0696664 253.20276 0 -0.866021 0.500008
-11.40396 0.0696664 253.20276 0 -0.866021 0.500008
-11.40396 0.26 253.39308 0 -0.499996 0.866028
-11.14996 0.519999 253.46275 0 -4.58526e-07 1
-11.40396 0.519999 253.46275 0 -4.58526e-07 1
-11.14996 0.779999 253.39308 0 0.499995 0.866028
-11.40396 0.779999 253.39308 0 0.499995 0.866028
-11.14996 0.970333 253.20276 0 0.86602 0.500009
-11.40396 0.970333 253.20276 0 0.86602 0.500009
-11.40396 1.04 252.94275 0 1 -7.33586e-06
-11.14996 0.970333 252.68275 0 0.866027 -0.499997
-11.14996 0.52 255.21333 0 0 -1
-11.40396 0.52 255.21333 0 0 -1
-11.40396 0.26 255.28293 0 -0.499963 -0.866047
-11.14996 -4.32316e-07 255.73332 0 -1 -7.16206e-06
-11.40396 0.26 256.18362 0 -0.500008 0.866021
-11.14996 0.519999 256.25333 0 -4.587e-07 1
-11.40396 0.779999 256.18362 0 0.500008 0.866021
-11.14996 0.970333 255.99333 0 0.866 0.500044
-11.14996 1.04 255.73332 0 1 -7.33586e-06
-11.14996 0.78 255.28293 0 0.499964 -0.866046
-11.14996 0.26 255.28293 0 -0.499963 -0.866047
-11.14996 0.0696663 255.47333 0 -0.866067 -0.499928
-11.40396 0.0696663 255.47333 0 -0.866067 -0.499928
-11.40396 -4.32316e-07 255.73332 0 -1 -7.16206e-06
-11.14996 0.0696664 255.99333 0 -0.866001 0.500043
-11.40396 0.0696664 255.99333 0 -0.866001 0.500043
-11.14996 0.26 256.18362 0 -0.500008 0.866021
-11.40396 0.519999 256.25333 0 -4.587e-07 1
-11.14996 0.779999 256.18362 0 0.500008 0.866021
-11.40396 0.970333 255.99333 0 0.866 0.500044
-11.40396 1.04 255.73332 0 1 -7.33586e-06
-11.14996 0.970333 255.47333 0 0.866067 -0.499927
-11.40396 0.970333 255.47333 0 0.866067 -0.499927
-11.40396 0.78 255.28293 0 0.499964 -0.866046
-11.14996 0.52 253.52191 0 0 -1
-11.14996 0.26 253.59158 0 -0.499995 -0.866028
-11.14996 0.0696663 253.78191 0 -0.866017 -0.500015
-11.40396 0.0696663 253.78191 0 -0.866017 -0.500015
-11.14996 -4.32316e-07 254.0419 0 -1 -7.16206e-06
-11.14996 0.0696664 254.30191 0 -0.866031 0.499991
-11.14996 0.26 254.49225 0 -0.499989 0.866032
-11.14996 0.519999 254.5619 0 -4.58439e-07 1
-11.14996 0.779999 254.49225 0 0.499989 0.866032
-11.14996 0.970333 254.30191 0 0.86603 0.499991
-11.14996 1.04 254.0419 0 1 -7.33586e-06
-11.40396 1.04 254.0419 0 1 -7.33586e-06
-11.40396 0.78 253.59158 0 0.499996 -0.866028
-11.40396 0.52 253.52191 0 0 -1
-11.40396 0.26 253.59158 0 -0.499995 -0.866028
-11.40396 -4.32316e-07 254.0419 0 -1 -7.16206e-06
-11.40396 0.0696664 254.30191 0 -0.866031 0.499991
-11.40396 0.26 254.49225 0 -0.499989 0.866032
-11.40396 0.519999 254.5619 0 -4.58439e-07 1
-11.40396 0.779999 254.49225 0 0.499989 0.866032
-11.40396 0.970333 254.30191 0 0.86603 0.499991
-11.14996 0.970333 253.78191 0 0.866017 -0.500014
-11.40396 0.970333 253.78191 0 0.866017 -0.500014
-11.14996 0.78 253.59158 0 0.499996 -0.866028
-11.14996 1.04 247.41481 0 1 -7.33586e-06
-11.40396 0.519999 247.93481 0 -4.58526e-07 1
-11.40396 0.26 247.86514 0 -0.499996 0.866028
-11.40396 0.0696663 247.15482 0 -0.866027 -0.499997
-11.14996 0.52 246.89482 0 2.73783e-05 -1
-11.14996 0.78 248.65585 0 0.500013 -0.866018
-11.40396 0.970333 248.84619 0 0.866027 -0.499997
-11.14996 0.970333 248.84619 0 0.866027 -0.499997
-11.14996 1.04 249.10619 0 1 2.74396e-17
-11.40396 0.970333 249.36618 0 0.866027 0.499998
-11.14996 0.970333 249.36618 0 0.866027 0.499998
-11.40396 0.779999 249.55652 0 0.500012 0.866018
-11.14996 0.779999 249.55652 0 0.500012 0.866018
-11.14996 0.519999 249.62619 0 -4.58526e-07 1
-11.14996 0.0696664 249.36618 0 -0.866027 0.499997
-11.40396 0.26 248.65585 0 -0.499995 -0.866028
-11.40396 0.78 248.65585 0 0.500013 -0.866018
-11.40396 1.04 249.10619 0 1 -2.74396e-17
-11.40396 0.519999 249.62619 0 -4.58526e-07 1
-11.40396 0.26 249.55652 0 -0.500013 0.866018
-11.14996 0.26 249.55652 0 -0.500013 0.866018
-11.40396 0.0696664 249.36618 0 -0.866027 0.499997
-11.40396 -4.32316e-07 249.10619 0 -1 7.50963e-06
-11.14996 -4.32316e-07 249.10619 0 -1 7.50963e-06
-11.40396 0.0696663 248.84618 0 -0.866021 -0.500008
-11.14996 0.0696663 248.84618 0 -0.866021 -0.500008
-11.14996 0.26 248.65585 0 -0.499995 -0.866028
-11.40396 0.52 248.58618 0 0 -1
-11.14996 0.52 248.58618 0 0 -1
-11.40396 0.78 245.86533 0 0.499996 -0.866028
-11.40396 0.970333 246.05565 0 0.866021 -0.500008
-11.14996 0.970333 246.05565 0 0.866021 -0.500008
-11.40396 1.04 246.31566 0 1 7.33586e-06
-11.14996 0.779999 246.76599 0 0.500012 0.866018
-11.40396 0.519999 246.83566 0 -4.58526e-07 1
-11.40396 0.26 246.76599 0 -0.500013 0.866018
-11.14996 0.26 246.76599 0 -0.500013 0.866018
-11.14996 0.0696664 246.57565 0 -0.866027 0.499997
-11.40396 -4.32316e-07 246.31566 0 -1 7.50963e-06
-11.40396 0.0696663 246.05565 0 -0.866021 -0.500008
-11.14996 0.0696663 246.05565 0 -0.866021 -0.500008
-11.40396 0.26 245.86533 0 -0.499995 -0.866028
-11.14996 0.78 245.86533 0 0.499996 -0.866028
-11.14996 1.04 246.31566 0 1 7.33586e-06
-11.40396 0.970333 246.57565 0 0.866027 0.499998
-11.14996 0.970333 246.57565 0 0.866027 0.499998
-11.40396 0.779999 246.76599 0 0.500012 0.866018
-11.14996 0.519999 246.83566 0 -4.58526e-07 1
-11.40396 0.0696664 246.57565 0 -0.866027 0.499997
-11.14996 -4.32316e-07 246.31566 0 -1 7.50963e-06
-11.14996 0.26 245.86533 0 -0.499995 -0.866028
-11.40396 0.52 245.79565 0 0 -1
-11.14996 0.52 245.79565 0 0 -1
-11.40396 1.04 250.20535 0 1 7.33586e-06
-11.14996 1.04 250.20535 0 1 7.33586e-06
-11.14996 0.970333 250.46535 0 0.866017 0.500015
-11.14996 0.779999 250.65567 0 0.499995 0.866028
-11.40396 0.519999 250.72534 0 -4.58526e-07 1
-11.40396 0.0696664 250.46535 0 -0.866017 0.500015
-11.14996 -4.32316e-07 250.20535 0 -1 7.50963e-06
-11.14996 0.26 249.755 0 -0.499989 -0.866032
-11.40396 0.52 249.68535 0 2.73783e-05 -1
-11.40396 0.78 249.75502 0 0.499996 -0.866028
-11.14996 0.78 249.75502 0 0.499996 -0.866028
-11.40396 0.970333 249.94534 0 0.866021 -0.500008
-11.14996 0.970333 249.94534 0 0.866021 -0.500008
-11.40396 0.970333 250.46535 0 0.866017 0.500015
-11.40396 0.779999 250.65567 0 0.499995 0.866028
-11.14996 0.519999 250.72534 0 -4.58526e-07 1
-11.40396 0.26 250.65567 0 -0.499996 0.866028
-11.14996 0.26 250.65567 0 -0.499996 0.866028
-11.14996 0.0696664 250.46535 0 -0.866017 0.500015
-11.40396 -4.32316e-07 250.20535 0 -1 7.50963e-06
-11.40396 0.0696663 249.94534 0 -0.866031 -0.499991
-11.14996 0.0696663 249.94534 0 -0.866031 -0.499991
-11.40396 0.26 249.755 0 -0.499989 -0.866032
-11.14996 0.52 249.68535 0 2.73783e-05 -1
-8.86527 0.52 249.68535 0 2.73783e-05 -1
-9.11927 0.52 249.68535 0 2.73783e-05 -1
-8.86527 0.26 249.755 0 -0.499989 -0.866032
-9.11927 0.0696663 249.94534 0 -0.866031 -0.499991
-9.11927 -4.32316e-07 250.20535 0 -1 7.50963e-06
-8.86527 0.0696664 250.46535 0 -0.866017 0.500015
-9.11927 0.26 250.65567 0 -0.499996 0.866028
-9.11927 0.519999 250.72534 0 -4.58526e-07 1
-8.86527 0.779999 250.65567 0 0.499995 0.866028
-9.11927 0.970333 250.46535 0 0.866017 0.500015
-9.11927 1.04 250.20535 0 1 7.33586e-06
-9.11927 0.970333 249.94534 0 0.866021 -0.500008
-8.86527 0.78 249.75502 0 0.499996 -0.866028
-9.11927 0.26 249.755 0 -0.499989 -0.866032
-8.86527 0.0696663 249.94534 0 -0.866031 -0.499991
-8.86527 -4.32316e-07 250.20535 0 -1 7.50963e-06
-9.11927 0.0696664 250.46535 0 -0.866017 0.500015
-8.86527 0.26 250.65567 0 -0.499996 0.866028
-8.86527 0.519999 250.72534 0 -4.58526e-07 1
-9.11927 0.779999 250.65567 0 0.499995 0.866028
-8.86527 0.970333 250.46535 0 0.866017 0.500015
-8.86527 1.04 250.20535 0 1 7.33586e-06
-8.86527 0.970333 249.94534 0 0.866021 -0.500008
-9.11927 0.78 249.75502 0 0.499996 -0.866028
-8.86527 0.0696663 246.05565 0 -0.866021 -0.500008
-8.86527 0.26 246.76599 0 -0.500013 0.866018
-9.11927 0.26 246.76599 0 -0.500013 0.866018
-8.86527 0.519999 246.83566 0 -4.58526e-07 1
-9.11927 0.970333 246.05565 0 0.866021 -0.500008
-8.86527 0.78 245.86533 0 0.499996 -0.866028
-8.86527 0.52 245.79565 0 0 -1
-9.11927 0.52 245.79565 0 0 -1
-8.86527 0.26 245.86533 0 -0.499995 -0.866028
-9.11927 0.26 245.86533 0 -0.499995 -0.866028
-9.11927 0.0696663 246.05565 0 -0.866021 -0.500008
-8.86527 -4.32316e-07 246.31566 0 -1 7.50963e-06
-9.11927 -4.32316e-07 246.31566 0 -1 7.50963e-06
-8.86527 0.0696664 246.57565 0 -0.866027 0.499997
-9.11927 0.0696664 246.57565 0 -0.866027 0.499997
-9.11927 0.519999 246.83566 0 -4.58526e-07 1
-8.86527 0.779999 246.76599 0 0.500012 0.866018
-9.11927 0.779999 246.76599 0 0.500012 0.866018
-8.86527 0.970333 246.57565 0 0.866027 0.499998
-9.11927 0.970333 246.57565 0 0.866027 0.499998
-8.86527 1.04 246.31566 0 1 7.33586e-06
-9.11927 1.04 246.31566 0 1 7.33586e-06
-8.86527 0.970333 246.05565 0 0.866021 -0.500008
-9.11927 0.78 245.86533 0 0.499996 -0.866028
-8.86527 0.52 248.58618 0 0 -1
-9.11927 0.52 248.58618 0 0 -1
-8.86527 0.26 248.65585 0 -0.499995 -0.866028
-9.11927 0.26 248.65585 0 -0.499995 -0.866028
-9.11927 0.0696663 248.84618 0 -0.866021 -0.500008
-8.86527 -4.32316e-07 249.10619 0 -1 7.50963e-06
-9.11927 0.0696664 249.36618 0 -0.866027 0.499997
-8.86527 0.26 249.55652 0 -0.500013 0.866018
-9.11927 0.779999 249.55652 0 0.500012 0.866018
-8.86527 0.970333 249.36618 0 0.866027 0.499998
-8.86527 1.04 249.10619 0 1 1.82931e-17
-8.86527 0.970333 248.84619 0 0.866027 -0.499997
-9.11927 0.78 248.65585 0 0.500013 -0.866018
-8.86527 0.0696663 248.84618 0 -0.866021 -0.500008
-9.11927 -4.32316e-07 249.10619 0 -1 7.50963e-06
-8.86527 0.0696664 249.36618 0 -0.866027 0.499997
-9.11927 0.26 249.55652 0 -0.500013 0.866018
-8.86527 0.519999 249.62619 0 -4.58526e-07 1
-9.11927 0.519999 249.62619 0 -4.58526e-07 1
-8.86527 0.779999 249.55652 0 0.500012 0.866018
-9.11927 0.970333 249.36618 0 0.866027 0.499998
-9.11927 1.04 249.10619 0 1 -2.74396e-17
-9.11927 0.970333 248.84619 0 0.866027 -0.499997
-8.86527 0.78 248.65585 0 0.500013 -0.866018
-8.86527 0.52 246.89482 0 2.73783e-05 -1
-9.11927 0.52 246.89482 0 2.73783e-05 -1
-8.86527 0.26 246.96448 0 -0.499989 -0.866032
-8.86527 0.0696663 247.15482 0 -0.866027 -0.499997
-9.11927 0.0696663 247.15482 0 -0.866027 -0.499997
-9.11927 0.26 247.86514 0 -0.499996 0.866028
-9.11927 0.519999 247.93481 0 -4.58526e-07 1
-9.11927 0.779999 247.86514 0 0.499995 0.866028
-9.11927 0.970333 247.67482 0 0.86602 0.500009
-8.86527 1.04 247.41481 0 1 -7.33586e-06
-9.11927 1.04 247.41481 0 1 -7.33586e-06
-9.11927 0.970333 247.15482 0 0.866017 -0.500014
-9.11927 0.26 246.96448 0 -0.499989 -0.866032
-8.86527 -4.32316e-07 247.41481 0 -1 -7.16206e-06
-9.11927 -4.32316e-07 247.41481 0 -1 -7.16206e-06
-8.86527 0.0696664 247.67482 0 -0.866021 0.500008
-9.11927 0.0696664 247.67482 0 -0.866021 0.500008
-8.86527 0.26 247.86514 0 -0.499996 0.866028
-8.86527 0.519999 247.93481 0 -4.58526e-07 1
-8.86527 0.779999 247.86514 0 0.499995 0.866028
-8.86527 0.970333 247.67482 0 0.86602 0.500009
-8.86527 0.970333 247.15482 0 0.866017 -0.500014
-8.86527 0.78 246.96449 0 0.499996 -0.866028
-9.11927 0.78 246.96449 0 0.499996 -0.866028
11.40396 0.52 256.31244 0 9.14685e-18 -1
11.40396 -4.32316e-07 256.83243 0 -1 1.73782e-07
11.14996 0.0696664 257.09244 0 -0.865991 0.50006
11.40396 0.26 257.28271 0 -0.499991 0.866031
11.40396 0.970333 257.09244 0 0.86599 0.500061
11.14996 0.52 256.31244 0 0 -1
11.40396 0.26 256.38214 0 -0.499991 -0.866031
11.14996 0.26 256.38214 0 -0.499991 -0.866031
11.40396 0.0696663 256.57242 0 -0.865991 -0.50006
11.14996 0.0696663 256.57242 0 -0.865991 -0.50006
11.14996 -4.32316e-07 256.83243 0 -1 1.73782e-07
11.40396 0.0696664 257.09244 0 -0.865991 0.50006
11.14996 0.26 257.28271 0 -0.499991 0.866031
11.40396 0.519999 257.35242 0 -4.587e-07 1
11.14996 0.519999 257.35242 0 -4.587e-07 1
11.40396 0.779999 257.28271 0 0.49999 0.866031
11.14996 0.779999 257.28271 0 0.49999 0.866031
11.14996 0.970333 257.09244 0 0.86599 0.500061
11.40396 1.04 256.83243 0 1 1.8293e-17
11.14996 1.04 256.83243 0 1 -1.8293e-17
11.40396 0.970333 256.57242 0 0.865991 -0.50006
11.14996 0.970333 256.57242 0 0.865991 -0.50006
11.40396 0.78 256.38214 0 0.499991 -0.86603
11.14996 0.78 256.38214 0 0.499991 -0.86603
11.14996 0.52 252.42276 0 -1.82929e-17 -1
11.40396 0.26 252.49242 0 -0.499989 -0.866032
11.40396 0.0696663 252.68275 0 -0.866027 -0.499997
11.14996 -4.32316e-07 252.94275 0 -1 -7.16206e-06
11.40396 0.0696664 253.20276 0 -0.866021 0.500008
11.14996 0.0696664 253.20276 0 -0.866021 0.500008
11.40396 0.26 253.39308 0 -0.499996 0.866028
11.14996 0.519999 253.46275 0 -4.58526e-07 1
11.40396 0.779999 253.39308 0 0.499995 0.866028
11.14996 0.779999 253.39308 0 0.499995 0.866028
11.14996 0.970333 253.20276 0 0.86602 0.500009
11.40396 0.970333 252.68275 0 0.866027 -0.499997
11.14996 0.970333 252.68275 0 0.866027 -0.499997
11.40396 0.52 252.42276 0 1.82929e-17 -1
11.14996 0.26 252.49242 0 -0.499989 -0.866032
11.14996 0.0696663 252.68275 0 -0.866027 -0.499997
11.40396 -4.32316e-07 252.94275 0 -1 -7.16206e-06
11.14996 0.26 253.39308 0 -0.499996 0.866028
11.40396 0.519999 253.46275 0 -4.58526e-07 1
11.40396 0.970333 253.20276 0 0.86602 0.500009
11.40396 1.04 252.94275 0 1 -7.33586e-06
11.14996 1.04 252.94275 0 1 -7.33586e-06
11.40396 0.78 252.49242 0 0.49999 -0.866031
11.14996 0.78 252.49242 0 0.49999 -0.866031
11.40396 0.52 255.21333 0 0 -1
11.14996 0.26 255.28293 0 -0.499963 -0.866047
11.40396 0.0696663 255.47333 0 -0.866067 -0.499928
11.40396 -4.32316e-07 255.73332 0 -1 -7.16206e-06
11.14996 0.0696664 255.99333 0 -0.866001 0.500043
11.14996 0.519999 256.25333 0 -4.587e-07 1
11.14996 0.78 255.28293 0 0.499964 -0.866046
11.14996 0.52 255.21333 0 0 -1
11.40396 0.26 255.28293 0 -0.499963 -0.866047
11.14996 0.0696663 255.47333 0 -0.866067 -0.499928
11.14996 -4.32316e-07 255.73332 0 -1 -7.16206e-06
11.40396 0.0696664 255.99333 0 -0.866001 0.500043
11.40396 0.26 256.18362 0 -0.500008 0.866021
11.14996 0.26 256.18362 0 -0.500008 0.866021
11.40396 0.519999 256.25333 0 -4.587e-07 1
11.40396 0.779999 256.18362 0 0.500008 0.866021
11.14996 0.779999 256.18362 0 0.500008 0.866021
11.40396 0.970333 255.99333 0 0.866 0.500044
11.14996 0.970333 255.99333 0 0.866 0.500044
11.40396 1.04 255.73332 0 1 -7.33586e-06
11.14996 1.04 255.73332 0 1 -7.33586e-06
11.40396 0.970333 255.47333 0 0.866067 -0.499927
11.14996 0.970333 255.47333 0 0.866067 -0.499927
11.40396 0.78 255.28293 0 0.499964 -0.866046
11.40396 0.52 253.52191 0 0 -1
11.14996 0.52 253.52191 0 0 -1
11.40396 0.26 253.59158 0 -0.499995 -0.866028
11.40396 0.0696663 253.78191 0 -0.866017 -0.500015
11.40396 -4.32316e-07 254.0419 0 -1 -7.16206e-06
11.14996 0.26 254.49225 0 -0.499989 0.866032
11.40396 0.519999 254.5619 0 -4.58439e-07 1
11.40396 0.779999 254.49225 0 0.499989 0.866032
11.40396 0.970333 254.30191 0 0.86603 0.499991
11.14996 1.04 254.0419 0 1 -7.33586e-06
11.14996 0.970333 253.78191 0 0.866017 -0.500014
11.14996 0.26 253.59158 0 -0.499995 -0.866028
11.14996 0.0696663 253.78191 0 -0.866017 -0.500015
11.14996 -4.32316e-07 254.0419 0 -1 -7.16206e-06
11.40396 0.0696664 254.30191 0 -0.866031 0.499991
11.14996 0.0696664 254.30191 0 -0.866031 0.499991
11.40396 0.26 254.49225 0 -0.499989 0.866032
11.14996 0.519999 254.5619 0 -4.58439e-07 1
11.14996 0.779999 254.49225 0 0.499989 0.866032
11.14996 0.970333 254.30191 0 0.86603 0.499991
11.40396 1.04 254.0419 0 1 -7.33586e-06
11.40396 0.970333 253.78191 0 0.866017 -0.500014
11.40396 0.78 253.59158 0 0.499996 -0.866028
11.14996 0.78 253.59158 0 0.499996 -0.866028
11.40396 0.78 241.18823 0 0.500013 -0.866018
11.14996 0.970333 241.37857 0 0.866027 -0.499997
11.40396 0.970333 241.37857 0 0.866027 -0.499997
11.14996 1.04 241.63857 0 1 -7.33586e-06
11.40396 1.04 241.63857 0 1 -7.33586e-06
11.14996 0.970333 241.89857 0 0.86603 0.499991
11.14996 0.779999 242.08891 0 0.499989 0.866032
11.40396 0.779999 242.08891 0 0.499989 0.866032
11.14996 0.0696664 241.89857 0 -0.866031 0.499991
11.14996 -4.32316e-07 241.63857 0 -1 -7.16206e-06
11.40396 -4.32316e-07 241.63857 0 -1 -7.16206e-06
11.14996 0.0696663 241.37857 0 -0.866027 -0.499997
11.40396 0.26 241.18823 0 -0.500013 -0.866018
11.14996 0.52 241.11856 0 0 -1
11.40396 0.52 241.11856 0 0 -1
11.14996 0.78 241.18823 0 0.500013 -0.866018
11.40396 0.970333 241.89857 0 0.86603 0.499991
11.14996 0.519999 242.15857 0 -4.58439e-07 1
11.40396 0.519999 242.15857 0 -4.58439e-07 1
11.14996 0.26 242.08891 0 -0.499989 0.866032
11.40396 0.26 242.08891 0 -0.499989 0.866032
11.40396 0.0696664 241.89857 0 -0.866031 0.499991
11.40396 0.0696663 241.37857 0 -0.866027 -0.499997
11.14996 0.26 241.18823 0 -0.500013 -0.866018
11.14996 0.78 242.87961 0 0.500013 -0.866018
11.14996 0.970333 243.06995 0 0.866027 -0.499997
11.14996 1.04 243.32994 0 1 -2.74396e-17
11.14996 0.970333 243.58994 0 0.866027 0.499998
11.40396 0.970333 243.58994 0 0.866027 0.499998
11.14996 0.26 243.78027 0 -0.499989 0.866032
11.14996 -4.32316e-07 243.32994 0 -1 7.50963e-06
11.40396 -4.32316e-07 243.32994 0 -1 7.50963e-06
11.14996 0.0696663 243.06993 0 -0.866021 -0.500008
11.40396 0.26 242.87961 0 -0.499995 -0.866028
11.40396 0.78 242.87961 0 0.500013 -0.866018
11.40396 0.970333 243.06995 0 0.866027 -0.499997
11.40396 1.04 243.32994 0 1 2.74396e-17
11.14996 0.779999 243.78027 0 0.499989 0.866032
11.40396 0.779999 243.78027 0 0.499989 0.866032
11.14996 0.519999 243.84993 0 -4.58439e-07 1
11.40396 0.519999 243.84993 0 -4.58439e-07 1
11.40396 0.26 243.78027 0 -0.499989 0.866032
11.14996 0.0696664 243.58994 0 -0.866027 0.499997
11.40396 0.0696664 243.58994 0 -0.866027 0.499997
11.40396 0.0696663 243.06993 0 -0.866021 -0.500008
11.14996 0.26 242.87961 0 -0.499995 -0.866028
11.14996 0.52 242.80994 0 0 -1
11.40396 0.52 242.80994 0 0 -1
11.40396 0.78 240.08908 0 0.500013 -0.866018
11.14996 0.970333 240.27942 0 0.866027 -0.499997
11.14996 0.970333 240.79942 0 0.86602 0.500009
11.14996 0.519999 241.0594 0 -4.58439e-07 1
11.14996 0.0696664 240.79942 0 -0.866021 0.500008
11.40396 0.0696664 240.79942 0 -0.866021 0.500008
11.14996 -4.32316e-07 240.53941 0 -1 1.73782e-07
11.14996 0.0696663 240.2794 0 -0.866021 -0.500008
11.40396 0.26 240.08908 0 -0.499995 -0.866028
11.14996 0.78 240.08908 0 0.500013 -0.866018
11.40396 0.970333 240.27942 0 0.866027 -0.499997
11.14996 1.04 240.53941 0 1 -7.33586e-06
11.40396 1.04 240.53941 0 1 -7.33586e-06
11.40396 0.970333 240.79942 0 0.86602 0.500009
11.14996 0.779999 240.98975 0 0.499971 0.866042
11.40396 0.779999 240.98975 0 0.499971 0.866042
11.40396 0.519999 241.0594 0 -4.58439e-07 1
11.14996 0.26 240.98975 0 -0.499972 0.866042
11.40396 0.26 240.98975 0 -0.499972 0.866042
11.40396 -4.32316e-07 240.53941 0 -1 1.73782e-07
11.40396 0.0696663 240.2794 0 -0.866021 -0.500008
11.14996 0.26 240.08908 0 -0.499995 -0.866028
11.14996 0.52 240.01941 0 0 -1
11.40396 0.52 240.01941 0 0 -1
11.14996 0.78 243.97876 0 0.500007 -0.866021
11.40396 0.970333 244.16911 0 0.866034 -0.499986
11.40396 1.04 244.42909 0 1 -1.46725e-05
11.40396 0.970333 244.6891 0 0.86603 0.499991
11.40396 0.779999 244.87944 0 0.499989 0.866032
11.14996 0.519999 244.9491 0 -4.58439e-07 1
11.40396 0.26 244.87944 0 -0.499989 0.866032
11.14996 0.0696664 244.6891 0 -0.866031 0.499991
11.40396 0.0696664 244.6891 0 -0.866031 0.499991
11.14996 -4.32316e-07 244.42909 0 -1 -7.16206e-06
11.14996 0.0696663 244.1691 0 -0.866027 -0.499997
11.40396 0.0696663 244.1691 0 -0.866027 -0.499997
11.14996 0.26 243.97876 0 -0.499989 -0.866032
11.40396 0.26 243.97876 0 -0.499989 -0.866032
11.14996 0.52 243.9091 0 -1.82929e-17 -1
11.40396 0.52 243.9091 0 1.82929e-17 -1
11.40396 0.78 243.97876 0 0.500007 -0.866021
11.14996 0.970333 244.16911 0 0.866034 -0.499986
11.14996 1.04 244.42909 0 1 -1.46725e-05
11.14996 0.970333 244.6891 0 0.86603 0.499991
11.14996 0.779999 244.87944 0 0.499989 0.866032
11.40396 0.519999 244.9491 0 -4.58439e-07 1
11.14996 0.26 244.87944 0 -0.499989 0.866032
11.40396 -4.32316e-07 244.42909 0 -1 -7.16206e-06
9.11927 0.52 243.9091 0 1.82929e-17 -1
8.86527 0.52 243.9091 0 -1.82929e-17 -1
9.11927 0.0696663 244.1691 0 -0.866027 -0.499997
8.86527 0.0696663 244.1691 0 -0.866027 -0.499997
9.11927 0.0696664 244.6891 0 -0.866031 0.499991
9.11927 0.26 244.87944 0 -0.499989 0.866032
9.11927 0.970333 244.6891 0 0.86603 0.499991
8.86527 0.970333 244.6891 0 0.86603 0.499991
9.11927 1.04 244.42909 0 1 -1.46725e-05
9.11927 0.970333 244.16911 0 0.866034 -0.499986
8.86527 0.78 243.97876 0 0.500007 -0.866021
9.11927 0.26 243.97876 0 -0.499989 -0.866032
8.86527 0.26 243.97876 0 -0.499989 -0.866032
9.11927 -4.32316e-07 244.42909 0 -1 -7.16206e-06
8.86527 -4.32316e-07 244.42909 0 -1 -7.16206e-06
8.86527 0.0696664 244.6891 0 -0.866031 0.499991
8.86527 0.26 244.87944 0 -0.499989 0.866032
9.11927 0.519999 244.9491 0 -4.58439e-07 1
8.86527 0.519999 244.9491 0 -4.58439e-07 1
9.11927 0.779999 244.87944 0 0.499989 0.866032
8.86527 0.779999 244.87944 0 0.499989 0.866032
8.86527 1.04 244.42909 0 1 -1.46725e-05
8.86527 0.970333 244.16911 0 0.866034 -0.499986
9.11927 0.78 243.97876 0 0.500007 -0.866021
9.11927 0.26 240.08908 0 -0.499995 -0.866028
8.86527 0.0696663 240.2794 0 -0.866021 -0.500008
9.11927 -4.32316e-07 240.53941 0 -1 1.73782e-07
9.11927 0.0696664 240.79942 0 -0.866021 0.500008
9.11927 0.26 240.98975 0 -0.499972 0.866042
8.86527 0.26 240.98975 0 -0.499972 0.866042
8.86527 0.519999 241.0594 0 -4.58439e-07 1
8.86527 0.779999 240.98975 0 0.499971 0.866042
8.86527 0.970333 240.79942 0 0.86602 0.500009
9.11927 1.04 240.53941 0 1 -7.33586e-06
8.86527 0.78 240.08908 0 0.500013 -0.866018
9.11927 0.52 240.01941 0 0 -1
8.86527 0.52 240.01941 0 0 -1
8.86527 0.26 240.08908 0 -0.499995 -0.866028
9.11927 0.0696663 240.2794 0 -0.866021 -0.500008
8.86527 -4.32316e-07 240.53941 0 -1 1.73782e-07
8.86527 0.0696664 240.79942 0 -0.866021 0.500008
9.11927 0.519999 241.0594 0 -4.58439e-07 1
9.11927 0.779999 240.98975 0 0.499971 0.866042
9.11927 0.970333 240.79942 0 0.86602 0.500009
8.86527 1.04 240.53941 0 1 -7.33586e-06
9.11927 0.970333 240.27942 0 0.866027 -0.499997
8.86527 0.970333 240.27942 0 0.866027 -0.499997
9.11927 0.78 240.08908 0 0.500013 -0.866018
9.11927 0.52 242.80994 0 0 -1
9.11927 0.26 242.87961 0 -0.499995 -0.866028
8.86527 0.26 242.87961 0 -0.499995 -0.866028
8.86527 0.0696663 243.06993 0 -0.866021 -0.500008
9.11927 -4.32316e-07 243.32994 0 -1 7.50963e-06
8.86527 -4.32316e-07 243.32994 0 -1 7.50963e-06
9.11927 0.0696664 243.58994 0 -0.866027 0.499997
9.11927 0.26 243.78027 0 -0.499989 0.866032
9.11927 0.519999 243.84993 0 -4.58439e-07 1
9.11927 0.970333 243.58994 0 0.866027 0.499998
8.86527 0.970333 243.58994 0 0.866027 0.499998
8.86527 1.04 243.32994 0 1 -2.74396e-17
9.11927 0.970333 243.06995 0 0.866027 -0.499997
8.86527 0.52 242.80994 0 0 -1
9.11927 0.0696663 243.06993 0 -0.866021 -0.500008
8.86527 0.0696664 243.58994 0 -0.866027 0.499997
8.86527 0.26 243.78027 0 -0.499989 0.866032
8.86527 0.519999 243.84993 0 -4.58439e-07 1
9.11927 0.779999 243.78027 0 0.499989 0.866032
8.86527 0.779999 243.78027 0 0.499989 0.866032
9.11927 1.04 243.32994 0 1 1.82931e-17
8.86527 0.970333 243.06995 0 0.866027 -0.499997
9.11927 0.78 242.87961 0 0.500013 -0.866018
8.86527 0.78 242.87961 0 0.500013 -0.866018
9.11927 0.0696663 241.37857 0 -0.866027 -0.499997
9.11927 -4.32316e-07 241.63857 0 -1 -7.16206e-06
8.86527 0.0696664 241.89857 0 -0.866031 0.499991
9.11927 0.519999 242.15857 0 -4.58439e-07 1
8.86527 0.519999 242.15857 0 -4.58439e-07 1
9.11927 0.779999 242.08891 0 0.499989 0.866032
8.86527 0.779999 242.08891 0 0.499989 0.866032
9.11927 1.04 241.63857 0 1 -7.33586e-06
8.86527 1.04 241.63857 0 1 -7.33586e-06
8.86527 0.970333 241.37857 0 0.866027 -0.499997
9.11927 0.78 241.18823 0 0.500013 -0.866018
9.11927 0.52 241.11856 0 0 -1
8.86527 0.52 241.11856 0 0 -1
9.11927 0.26 241.18823 0 -0.500013 -0.866018
8.86527 0.26 241.18823 0 -0.500013 -0.866018
8.86527 0.0696663 241.37857 0 -0.866027 -0.499997
8.86527 -4.32316e-07 241.63857 0 -1 -7.16206e-06
9.11927 0.0696664 241.89857 0 -0.866031 0.499991
9.11927 0.26 242.08891 0 -0.499989 0.866032
8.86527 0.26 242.08891 0 -0.499989 0.866032
9.11927 0.970333 241.89857 0 0.86603 0.499991
8.86527 0.970333 241.89857 0 0.86603 0.499991
9.11927 0.970333 241.37857 0 0.866027 -0.499997
8.86527 0.78 241.18823 0 0.500013 -0.866018
8.32336 0.78 246.96449 0 0.499996 -0.866028
8.06936 0.970333 247.15482 0 0.866017 -0.500014
8.32336 0.970333 247.15482 0 0.866017 -0.500014
8.06936 0.970333 247.67482 0 0.86602 0.500009
8.06936 0.519999 247.93481 0 -4.58526e-07 1
8.32336 0.519999 247.93481 0 -4.58526e-07 1
8.06936 0.26 247.86514 0 -0.499996 0.866028
8.32336 0.26 247.86514 0 -0.499996 0.866028
8.06936 0.0696664 247.67482 0 -0.866021 0.500008
8.32336 0.0696664 247.67482 0 -0.866021 0.500008
8.06936 -4.32316e-07 247.41481 0 -1 -7.16206e-06
8.32336 -4.32316e-07 247.41481 0 -1 -7.16206e-06
8.06936 0.0696663 247.15482 0 -0.866027 -0.499997
8.06936 0.26 246.96448 0 -0.499989 -0.866032
8.32336 0.52 246.89482 0 2.73783e-05 -1
8.06936 0.78 246.96449 0 0.499996 -0.866028
8.06936 1.04 247.41481 0 1 -7.33586e-06
8.32336 1.04 247.41481 0 1 -7.33586e-06
8.32336 0.970333 247.67482 0 0.86602 0.500009
8.06936 0.779999 247.86514 0 0.499995 0.866028
8.32336 0.779999 247.86514 0 0.499995 0.866028
8.32336 0.0696663 247.15482 0 -0.866027 -0.499997
8.32336 0.26 246.96448 0 -0.499989 -0.866032
8.06936 0.52 246.89482 0 2.73783e-05 -1
8.06936 0.970333 248.84619 0 0.866027 -0.499997
8.32336 0.970333 249.36618 0 0.866027 0.499998
8.32336 0.779999 249.55652 0 0.500012 0.866018
8.32336 0.26 249.55652 0 -0.500013 0.866018
8.06936 0.0696664 249.36618 0 -0.866027 0.499997
8.32336 0.0696664 249.36618 0 -0.866027 0.499997
8.06936 0.0696663 248.84618 0 -0.866021 -0.500008
8.32336 0.0696663 248.84618 0 -0.866021 -0.500008
8.06936 0.78 248.65585 0 0.500013 -0.866018
8.32336 0.78 248.65585 0 0.500013 -0.866018
8.32336 0.970333 248.84619 0 0.866027 -0.499997
8.06936 1.04 249.10619 0 1 -9.14655e-18
8.32336 1.04 249.10619 0 1 9.14655e-18
8.06936 0.970333 249.36618 0 0.866027 0.499998
8.06936 0.779999 249.55652 0 0.500012 0.866018
8.06936 0.519999 249.62619 0 -4.58526e-07 1
8.32336 0.519999 249.62619 0 -4.58526e-07 1
8.06936 0.26 249.55652 0 -0.500013 0.866018
8.06936 -4.32316e-07 249.10619 0 -1 7.50963e-06
8.32336 -4.32316e-07 249.10619 0 -1 7.50963e-06
8.06936 0.26 248.65585 0 -0.499995 -0.866028
8.32336 0.26 248.65585 0 -0.499995 -0.866028
8.06936 0.52 248.58618 0 -9.14658e-18 -1
8.32336 0.52 248.58618 0 0 -1
8.06936 0.78 245.86533 0 0.499996 -0.866028
8.32336 0.78 245.86533 0 0.499996 -0.866028
8.06936 0.970333 246.05565 0 0.866021 -0.500008
8.32336 0.970333 246.05565 0 0.866021 -0.500008
8.06936 0.970333 246.57565 0 0.866027 0.499998
8.32336 0.779999 246.76599 0 0.500012 0.866018
8.06936 0.519999 246.83566 0 -4.58526e-07 1
8.06936 0.26 246.76599 0 -0.500013 0.866018
8.32336 0.26 246.76599 0 -0.500013 0.866018
8.06936 0.0696664 246.57565 0 -0.866027 0.499997
8.32336 0.0696664 246.57565 0 -0.866027 0.499997
8.06936 -4.32316e-07 246.31566 0 -1 7.50963e-06
8.32336 0.0696663 246.05565 0 -0.866021 -0.500008
8.06936 0.26 245.86533 0 -0.499995 -0.866028
8.06936 1.04 246.31566 0 1 7.33586e-06
8.32336 1.04 246.31566 0 1 7.33586e-06
8.32336 0.970333 246.57565 0 0.866027 0.499998
8.06936 0.779999 246.76599 0 0.500012 0.866018
8.32336 0.519999 246.83566 0 -4.58526e-07 1
8.32336 -4.32316e-07 246.31566 0 -1 7.50963e-06
8.06936 0.0696663 246.05565 0 -0.866021 -0.500008
8.32336 0.26 245.86533 0 -0.499995 -0.866028
8.06936 0.52 245.79565 0 -9.14658e-18 -1
8.32336 0.52 245.79565 0 0 -1
8.06936 0.970333 249.94534 0 0.866021 -0.500008
8.32336 0.970333 249.94534 0 0.866021 -0.500008
8.32336 0.970333 250.46535 0 0.866017 0.500015
8.32336 0.519999 250.72534 0 -4.58526e-07 1
8.06936 0.26 250.65567 0 -0.499996 0.866028
8.32336 0.26 250.65567 0 -0.499996 0.866028
8.06936 0.0696664 250.46535 0 -0.866017 0.500015
8.06936 -4.32316e-07 250.20535 0 -1 7.50963e-06
8.32336 -4.32316e-07 250.20535 0 -1 7.50963e-06
8.32336 0.0696663 249.94534 0 -0.866031 -0.499991
8.06936 0.26 249.755 0 -0.499989 -0.866032
8.32336 0.26 249.755 0 -0.499989 -0.866032
8.06936 0.52 249.68535 0 2.73783e-05 -1
8.06936 0.78 249.75502 0 0.499996 -0.866028
8.32336 0.78 249.75502 0 0.499996 -0.866028
8.06936 1.04 250.20535 0 1 7.33586e-06
8.32336 1.04 250.20535 0 1 7.33586e-06
8.06936 0.970333 250.46535 0 0.866017 0.500015
8.06936 0.779999 250.65567 0 0.499995 0.866028
8.32336 0.779999 250.65567 0 0.499995 0.866028
8.06936 0.519999 250.72534 0 -4.58526e-07 1
8.32336 0.0696664 250.46535 0 -0.866017 0.500015
8.06936 0.0696663 249.94534 0 -0.866031 -0.499991
8.32336 0.52 249.68535 0 2.73783e-05 -1
6.28469 -4.32316e-07 250.20535 0 -1 7.50963e-06
6.53869 0.0696664 250.46535 0 -0.866017 0.500015
6.53869 0.26 250.65567 0 -0.499996 0.866028
6.28469 0.26 250.65567 0 -0.499996 0.866028
6.53869 0.519999 250.72534 0 -4.58526e-07 1
6.53869 0.779999 250.65567 0 0.499995 0.866028
6.53869 0.970333 250.46535 0 0.866017 0.500015
6.28469 1.04 250.20535 0 1 7.33586e-06
6.53869 0.970333 249.94534 0 0.866021 -0.500008
6.28469 0.970333 249.94534 0 0.866021 -0.500008
6.53869 0.78 249.75502 0 0.499996 -0.866028
6.28469 0.78 249.75502 0 0.499996 -0.866028
6.53869 0.52 249.68535 0 2.73783e-05 -1
6.28469 0.52 249.68535 0 2.73783e-05 -1
6.53869 0.26 249.755 0 -0.499989 -0.866032
6.28469 0.26 249.755 0 -0.499989 -0.866032
6.53869 0.0696663 249.94534 0 -0.866031 -0.499991
6.28469 0.0696663 249.94534 0 -0.866031 -0.499991
6.53869 -4.32316e-07 250.20535 0 -1 7.50963e-06
6.28469 0.0696664 250.46535 0 -0.866017 0.500015
6.28469 0.519999 250.72534 0 -4.58526e-07 1
6.28469 0.779999 250.65567 0 0.499995 0.866028
6.28469 0.970333 250.46535 0 0.866017 0.500015
6.53869 1.04 250.20535 0 1 7.33586e-06
6.28469 0.26 245.86533 0 -0.499995 -0.866028
6.53869 0.0696663 246.05565 0 -0.866021 -0.500008
6.28469 0.0696663 246.05565 0 -0.866021 -0.500008
6.28469 -4.32316e-07 246.31566 0 -1 7.50963e-06
6.53869 0.0696664 246.57565 0 -0.866027 0.499997
6.53869 0.26 246.76599 0 -0.500013 0.866018
6.28469 0.26 246.76599 0 -0.500013 0.866018
6.53869 0.519999 246.83566 0 -4.58526e-07 1
6.28469 0.779999 246.76599 0 0.500012 0.866018
6.53869 0.970333 246.57565 0 0.866027 0.499998
6.53869 1.04 246.31566 0 1 7.33586e-06
6.53869 0.970333 246.05565 0 0.866021 -0.500008
6.28469 0.78 245.86533 0 0.499996 -0.866028
6.53869 0.52 245.79565 0 0 -1
6.28469 0.52 245.79565 0 0 -1
6.53869 0.26 245.86533 0 -0.499995 -0.866028
6.53869 -4.32316e-07 246.31566 0 -1 7.50963e-06
6.28469 0.0696664 246.57565 0 -0.866027 0.499997
6.28469 0.519999 246.83566 0 -4.58526e-07 1
6.53869 0.779999 246.76599 0 0.500012 0.866018
6.28469 0.970333 246.57565 0 0.866027 0.499998
6.28469 1.04 246.31566 0 1 7.33586e-06
6.28469 0.970333 246.05565 0 0.866021 -0.500008
6.53869 0.78 245.86533 0 0.499996 -0.866028
6.28469 0.52 248.58618 0 0 -1
6.53869 0.26 248.65585 0 -0.499995 -0.866028
6.28469 -4.32316e-07 249.10619 0 -1 7.50963e-06
6.53869 0.0696664 249.36618 0 -0.866027 0.499997
6.28469 0.0696664 249.36618 0 -0.866027 0.499997
6.53869 0.26 249.55652 0 -0.500013 0.866018
6.28469 0.26 249.55652 0 -0.500013 0.866018
6.28469 0.519999 249.62619 0 -4.58526e-07 1
6.28469 0.779999 249.55652 0 0.500012 0.866018
6.28469 1.04 249.10619 0 1 -2.74396e-17
6.53869 0.78 248.65585 0 0.500013 -0.866018
6.28469 0.78 248.65585 0 0.500013 -0.866018
6.53869 0.52 248.58618 0 0 -1
6.28469 0.26 248.65585 0 -0.499995 -0.866028
6.53869 0.0696663 248.84618 0 -0.866021 -0.500008
6.28469 0.0696663 248.84618 0 -0.866021 -0.500008
6.53869 -4.32316e-07 249.10619 0 -1 7.50963e-06
6.53869 0.519999 249.62619 0 -4.58526e-07 1
6.53869 0.779999 249.55652 0 0.500012 0.866018
6.53869 0.970333 249.36618 0 0.866027 0.499998
6.28469 0.970333 249.36618 0 0.866027 0.499998
6.53869 1.04 249.10619 0 1 1.82931e-17
6.53869 0.970333 248.84619 0 0.866027 -0.499997
6.28469 0.970333 248.84619 0 0.866027 -0.499997
6.28469 0.0696663 247.15482 0 -0.866027 -0.499997
6.28469 -4.32316e-07 247.41481 0 -1 -7.16206e-06
6.53869 0.0696664 247.67482 0 -0.866021 0.500008
6.53869 0.26 247.86514 0 -0.499996 0.866028
6.53869 0.519999 247.93481 0 -4.58526e-07 1
6.53869 0.779999 247.86514 0 0.499995 0.866028
6.28469 0.779999 247.86514 0 0.499995 0.866028
6.53869 0.78 253.03766 0 0.49999 -0.866031
6.53869 0.970333 253.228 0 0.866027 -0.499997
6.53869 1.04 253.48799 0 1 -7.33586e-06
6.28469 0.779999 253.93834 0 0.499989 0.866032
6.53869 0.519999 254.008 0 -4.58439e-07 1
6.53869 0.26 253.93834 0 -0.499989 0.866032
6.53869 0.0696664 253.748 0 -0.866031 0.499991
6.53869 -4.32316e-07 253.48799 0 -1 -7.16206e-06
6.28469 0.0696663 253.228 0 -0.866027 -0.499997
6.53869 0.26 253.03766 0 -0.499989 -0.866032
6.28469 0.78 253.03766 0 0.49999 -0.866031
6.28469 0.970333 253.228 0 0.866027 -0.499997
6.28469 1.04 253.48799 0 1 -7.33586e-06
6.28469 0.970333 253.748 0 0.86603 0.499991
6.53869 0.970333 253.748 0 0.86603 0.499991
6.53869 0.779999 253.93834 0 0.499989 0.866032
6.28469 0.519999 254.008 0 -4.58439e-07 1
6.28469 0.26 253.93834 0 -0.499989 0.866032
6.28469 0.0696664 253.748 0 -0.866031 0.499991
6.28469 -4.32316e-07 253.48799 0 -1 -7.16206e-06
6.53869 0.0696663 253.228 0 -0.866027 -0.499997
6.28469 0.26 253.03766 0 -0.499989 -0.866032
6.28469 0.52 252.968 0 -1.82929e-17 -1
6.53869 0.52 252.968 0 1.82929e-17 -1
6.28469 0.78 254.72902 0 0.499964 -0.866046
6.53869 0.78 254.72902 0 0.499964 -0.866046
6.28469 1.04 255.17941 0 1 -7.33586e-06
6.53869 0.779999 255.62971 0 0.500008 0.866021
6.28469 0.519999 255.69942 0 -4.587e-07 1
6.28469 0.26 255.62971 0 -0.500008 0.866021
6.53869 0.26 255.62971 0 -0.500008 0.866021
6.28469 0.0696664 255.43942 0 -0.866001 0.500043
6.28469 -4.32316e-07 255.17941 0 -1 -7.16206e-06
6.28469 0.0696663 254.91942 0 -0.866067 -0.499928
6.53869 0.26 254.72902 0 -0.499963 -0.866047
6.28469 0.970333 254.91942 0 0.866067 -0.499927
6.53869 0.970333 254.91942 0 0.866067 -0.499927
6.53869 1.04 255.17941 0 1 -7.33586e-06
6.28469 0.970333 255.43942 0 0.866 0.500044
6.53869 0.970333 255.43942 0 0.866 0.500044
6.28469 0.779999 255.62971 0 0.500008 0.866021
6.53869 0.519999 255.69942 0 -4.587e-07 1
6.53869 0.0696664 255.43942 0 -0.866001 0.500043
6.53869 -4.32316e-07 255.17941 0 -1 -7.16206e-06
6.53869 0.0696663 254.91942 0 -0.866067 -0.499928
6.28469 0.26 254.72902 0 -0.499963 -0.866047
6.28469 0.52 254.65942 0 0 -1
6.53869 0.52 254.65942 0 0 -1
6.53869 0.970333 252.64885 0 0.86602 0.500009
6.28469 0.779999 252.83917 0 0.499971 0.866042
6.53869 0.779999 252.83917 0 0.499971 0.866042
6.28469 0.519999 252.90883 0 -4.58439e-07 1
6.28469 0.26 252.83917 0 -0.499972 0.866042
6.53869 0.26 252.83917 0 -0.499972 0.866042
6.28469 0.0696664 252.64885 0 -0.866021 0.500008
6.28469 -4.32316e-07 252.38884 0 -1 -7.16206e-06
6.53869 0.0696663 252.12885 0 -0.866027 -0.499997
6.53869 0.52 251.86885 0 1.82929e-17 -1
6.28469 0.78 251.93851 0 0.49999 -0.866031
6.53869 0.78 251.93851 0 0.49999 -0.866031
6.28469 0.970333 252.12885 0 0.866027 -0.499997
6.53869 0.970333 252.12885 0 0.866027 -0.499997
6.28469 1.04 252.38884 0 1 -7.33586e-06
6.53869 1.04 252.38884 0 1 -7.33586e-06
6.28469 0.970333 252.64885 0 0.86602 0.500009
6.53869 0.519999 252.90883 0 -4.58439e-07 1
6.53869 0.0696664 252.64885 0 -0.866021 0.500008
6.53869 -4.32316e-07 252.38884 0 -1 -7.16206e-06
6.28469 0.0696663 252.12885 0 -0.866027 -0.499997
6.28469 0.26 251.93851 0 -0.499989 -0.866032
6.53869 0.26 251.93851 0 -0.499989 -0.866032
6.28469 0.52 251.86885 0 -1.82929e-17 -1
6.28469 0.970333 256.01852 0 0.866004 -0.500038
6.53869 0.970333 256.01852 0 0.866004 -0.500038
6.28469 0.970333 256.53851 0 0.86601 0.500026
6.28469 0.519999 256.79852 0 -4.587e-07 1
6.53869 0.519999 256.79852 0 -4.587e-07 1
6.53869 0.0696664 256.53851 0 -0.866011 0.500026
6.28469 0.0696663 256.01852 0 -0.866003 -0.500038
6.53869 0.0696663 256.01852 0 -0.866003 -0.500038
6.28469 0.52 255.75851 0 -9.14685e-18 -1
6.53869 0.52 255.75851 0 0 -1
6.28469 0.78 255.82822 0 0.500026 -0.86601
6.53869 0.78 255.82822 0 0.500026 -0.86601
6.28469 1.04 256.2785 0 1 -1.46725e-05
6.53869 1.04 256.2785 0 1 -1.46725e-05
6.53869 0.970333 256.53851 0 0.86601 0.500026
6.28469 0.779999 256.72882 0 0.500025 0.866011
6.53869 0.779999 256.72882 0 0.500025 0.866011
6.28469 0.26 256.72882 0 -0.500026 0.866011
6.53869 0.26 256.72882 0 -0.500026 0.866011
6.28469 0.0696664 256.53851 0 -0.866011 0.500026
6.28469 -4.32316e-07 256.2785 0 -1 -1.44987e-05
6.53869 -4.32316e-07 256.2785 0 -1 -1.44987e-05
6.28469 0.26 255.82822 0 -0.500025 -0.866011
6.53869 0.26 255.82822 0 -0.500025 -0.866011
6.53869 0.970333 247.15482 0 0.866017 -0.500014
6.28469 0.78 246.96449 0 0.499996 -0.866028
6.53869 0.52 246.89482 0 2.73783e-05 -1
6.28469 0.52 246.89482 0 2.73783e-05 -1
6.53869 0.26 246.96448 0 -0.499989 -0.866032
6.28469 0.26 246.96448 0 -0.499989 -0.866032
6.53869 0.0696663 247.15482 0 -0.866027 -0.499997
6.53869 -4.32316e-07 247.41481 0 -1 -7.16206e-06
6.28469 0.0696664 247.67482 0 -0.866021 0.500008
6.28469 0.26 247.86514 0 -0.499996 0.866028
6.28469 0.519999 247.93481 0 -4.58526e-07 1
6.53869 0.970333 247.67482 0 0.86602 0.500009
6.28469 0.970333 247.67482 0 0.86602 0.500009
6.53869 1.04 247.41481 0 1 -7.33586e-06
6.28469 1.04 247.41481 0 1 -7.33586e-06
6.28469 0.970333 247.15482 0 0.866017 -0.500014
6.53869 0.78 246.96449 0 0.499996 -0.866028
8.32336 0.26 255.82822 0 -0.500025 -0.866011
8.06936 0.26 255.82822 0 -0.500025 -0.866011
8.32336 0.0696663 256.01852 0 -0.866003 -0.500038
8.32336 -4.32316e-07 256.2785 0 -1 -1.44987e-05
8.32336 0.0696664 256.53851 0 -0.866011 0.500026
8.06936 0.26 256.72882 0 -0.500026 0.866011
8.32336 0.519999 256.79852 0 -4.587e-07 1
8.06936 0.779999 256.72882 0 0.500025 0.866011
8.32336 0.970333 256.53851 0 0.86601 0.500026
8.32336 0.970333 256.01852 0 0.866004 -0.500038
8.06936 0.970333 256.01852 0 0.866004 -0.500038
8.32336 0.78 255.82822 0 0.500026 -0.86601
8.06936 0.78 255.82822 0 0.500026 -0.86601
8.32336 0.52 255.75851 0 8.23216e-17 -1
8.06936 0.52 255.75851 0 -7.31748e-17 -1
8.06936 0.0696663 256.01852 0 -0.866003 -0.500038
8.06936 -4.32316e-07 256.2785 0 -1 -1.44987e-05
8.06936 0.0696664 256.53851 0 -0.866011 0.500026
8.32336 0.26 256.72882 0 -0.500026 0.866011
8.06936 0.519999 256.79852 0 -4.587e-07 1
8.32336 0.779999 256.72882 0 0.500025 0.866011
8.06936 0.970333 256.53851 0 0.86601 0.500026
8.32336 1.04 256.2785 0 1 -1.46725e-05
8.06936 1.04 256.2785 0 1 -1.46725e-05
8.32336 0.26 251.93851 0 -0.499989 -0.866032
8.06936 0.26 251.93851 0 -0.499989 -0.866032
8.32336 0.0696663 252.12885 0 -0.866027 -0.499997
8.32336 -4.32316e-07 252.38884 0 -1 -7.16206e-06
8.06936 -4.32316e-07 252.38884 0 -1 -7.16206e-06
8.32336 0.0696664 252.64885 0 -0.866021 0.500008
8.06936 0.0696664 252.64885 0 -0.866021 0.500008
8.06936 0.26 252.83917 0 -0.499972 0.866042
8.32336 0.519999 252.90883 0 -4.58439e-07 1
8.06936 0.519999 252.90883 0 -4.58439e-07 1
8.32336 0.779999 252.83917 0 0.499971 0.866042
8.06936 0.779999 252.83917 0 0.499971 0.866042
8.32336 0.970333 252.64885 0 0.86602 0.500009
8.06936 0.970333 252.64885 0 0.86602 0.500009
8.32336 1.04 252.38884 0 1 -7.33586e-06
8.32336 0.970333 252.12885 0 0.866027 -0.499997
8.06936 0.970333 252.12885 0 0.866027 -0.499997
8.06936 0.78 251.93851 0 0.49999 -0.866031
8.32336 0.52 251.86885 0 9.14644e-18 -1
8.06936 0.52 251.86885 0 0 -1
8.06936 0.0696663 252.12885 0 -0.866027 -0.499997
8.32336 0.26 252.83917 0 -0.499972 0.866042
8.06936 1.04 252.38884 0 1 -7.33586e-06
8.32336 0.78 251.93851 0 0.49999 -0.866031
8.06936 0.26 254.72902 0 -0.499963 -0.866047
8.32336 0.0696663 254.91942 0 -0.866067 -0.499928
8.32336 -4.32316e-07 255.17941 0 -1 -7.16206e-06
8.06936 0.0696664 255.43942 0 -0.866001 0.500043
8.06936 0.519999 255.69942 0 -4.587e-07 1
8.32336 0.779999 255.62971 0 0.500008 0.866021
8.06936 0.779999 255.62971 0 0.500008 0.866021
8.06936 0.970333 255.43942 0 0.866 0.500044
8.32336 1.04 255.17941 0 1 -7.33586e-06
8.32336 0.970333 254.91942 0 0.866067 -0.499927
8.06936 0.78 254.72902 0 0.499964 -0.866046
8.32336 0.52 254.65942 0 0 -1
8.06936 0.52 254.65942 0 0 -1
8.32336 0.26 254.72902 0 -0.499963 -0.866047
8.06936 0.0696663 254.91942 0 -0.866067 -0.499928
8.06936 -4.32316e-07 255.17941 0 -1 -7.16206e-06
8.32336 0.0696664 255.43942 0 -0.866001 0.500043
8.32336 0.26 255.62971 0 -0.500008 0.866021
8.06936 0.26 255.62971 0 -0.500008 0.866021
8.32336 0.519999 255.69942 0 -4.587e-07 1
8.32336 0.970333 255.43942 0 0.866 0.500044
8.06936 1.04 255.17941 0 1 -7.33586e-06
8.06936 0.970333 254.91942 0 0.866067 -0.499927
8.32336 0.78 254.72902 0 0.499964 -0.866046
8.32336 0.52 252.968 0 9.14644e-18 -1
8.06936 0.26 253.03766 0 -0.499989 -0.866032
8.06936 0.0696664 253.748 0 -0.866031 0.499991
8.32336 0.26 253.93834 0 -0.499989 0.866032
8.32336 0.519999 254.008 0 -4.58439e-07 1
8.32336 0.779999 253.93834 0 0.499989 0.866032
8.06936 0.779999 253.93834 0 0.499989 0.866032
8.32336 1.04 253.48799 0 1 -7.33586e-06
8.32336 0.970333 253.228 0 0.866027 -0.499997
8.32336 0.78 253.03766 0 0.49999 -0.866031
8.06936 0.78 253.03766 0 0.49999 -0.866031
8.06936 0.52 252.968 0 0 -1
8.32336 0.26 253.03766 0 -0.499989 -0.866032
8.32336 0.0696663 253.228 0 -0.866027 -0.499997
8.06936 0.0696663 253.228 0 -0.866027 -0.499997
8.32336 -4.32316e-07 253.48799 0 -1 -7.16206e-06
8.06936 -4.32316e-07 253.48799 0 -1 -7.16206e-06
8.32336 0.0696664 253.748 0 -0.866031 0.499991
8.06936 0.26 253.93834 0 -0.499989 0.866032
8.06936 0.519999 254.008 0 -4.58439e-07 1
8.32336 0.970333 253.748 0 0.86603 0.499991
8.06936 0.970333 253.748 0 0.86603 0.499991
8.06936 1.04 253.48799 0 1 -7.33586e-06
8.06936 0.970333 253.228 0 0.866027 -0.499997
8.06936 0.78 241.18823 0 0.500013 -0.866018
8.32336 0.78 241.18823 0 0.500013 -0.866018
8.06936 0.970333 241.89857 0 0.86603 0.499991
8.32336 0.779999 242.08891 0 0.499989 0.866032
8.06936 0.519999 242.15857 0 -4.58439e-07 1
8.32336 0.519999 242.15857 0 -4.58439e-07 1
8.32336 0.26 242.08891 0 -0.499989 0.866032
8.32336 0.0696664 241.89857 0 -0.866031 0.499991
8.06936 -4.32316e-07 241.63857 0 -1 -7.16206e-06
8.32336 0.26 241.18823 0 -0.500013 -0.866018
8.06936 0.52 241.11856 0 -9.14658e-18 -1
8.32336 0.52 241.11856 0 0 -1
8.06936 0.970333 241.37857 0 0.866027 -0.499997
8.32336 0.970333 241.37857 0 0.866027 -0.499997
8.06936 1.04 241.63857 0 1 -7.33586e-06
8.32336 1.04 241.63857 0 1 -7.33586e-06
8.32336 0.970333 241.89857 0 0.86603 0.499991
8.06936 0.779999 242.08891 0 0.499989 0.866032
8.06936 0.26 242.08891 0 -0.499989 0.866032
8.06936 0.0696664 241.89857 0 -0.866031 0.499991
8.32336 -4.32316e-07 241.63857 0 -1 -7.16206e-06
8.06936 0.0696663 241.37857 0 -0.866027 -0.499997
8.32336 0.0696663 241.37857 0 -0.866027 -0.499997
8.06936 0.26 241.18823 0 -0.500013 -0.866018
8.32336 0.78 242.87961 0 0.500013 -0.866018
8.06936 0.970333 243.06995 0 0.866027 -0.499997
8.32336 0.970333 243.06995 0 0.866027 -0.499997
8.32336 0.970333 243.58994 0 0.866027 0.499998
8.06936 0.779999 243.78027 0 0.499989 0.866032
8.32336 0.519999 243.84993 0 -4.58439e-07 1
8.06936 0.26 243.78027 0 -0.499989 0.866032
8.06936 0.0696664 243.58994 0 -0.866027 0.499997
8.32336 0.0696664 243.58994 0 -0.866027 0.499997
8.06936 0.0696663 243.06993 0 -0.866021 -0.500008
8.32336 0.0696663 243.06993 0 -0.866021 -0.500008
8.06936 0.26 242.87961 0 -0.499995 -0.866028
8.32336 0.26 242.87961 0 -0.499995 -0.866028
8.06936 0.52 242.80994 0 -9.14658e-18 -1
8.32336 0.52 242.80994 0 0 -1
8.06936 0.78 242.87961 0 0.500013 -0.866018
8.06936 1.04 243.32994 0 1 -9.14655e-18
8.32336 1.04 243.32994 0 1 9.14655e-18
8.06936 0.970333 243.58994 0 0.866027 0.499998
8.32336 0.779999 243.78027 0 0.499989 0.866032
8.06936 0.519999 243.84993 0 -4.58439e-07 1
8.32336 0.26 243.78027 0 -0.499989 0.866032
8.06936 -4.32316e-07 243.32994 0 -1 7.50963e-06
8.32336 -4.32316e-07 243.32994 0 -1 7.50963e-06
8.06936 0.78 240.08908 0 0.500013 -0.866018
8.32336 0.970333 240.27942 0 0.866027 -0.499997
8.06936 1.04 240.53941 0 1 -7.33586e-06
8.06936 0.970333 240.79942 0 0.86602 0.500009
8.06936 0.779999 240.98975 0 0.499971 0.866042
8.06936 0.519999 241.0594 0 -4.58439e-07 1
8.32336 0.519999 241.0594 0 -4.58439e-07 1
8.32336 0.26 240.98975 0 -0.499972 0.866042
8.06936 0.0696664 240.79942 0 -0.866021 0.500008
8.32336 -4.32316e-07 240.53941 0 -1 1.73782e-07
8.06936 0.0696663 240.2794 0 -0.866021 -0.500008
8.32336 0.26 240.08908 0 -0.499995 -0.866028
8.06936 0.52 240.01941 0 -9.14658e-18 -1
8.32336 0.52 240.01941 0 0 -1
8.32336 0.78 240.08908 0 0.500013 -0.866018
8.06936 0.970333 240.27942 0 0.866027 -0.499997
8.32336 1.04 240.53941 0 1 -7.33586e-06
8.32336 0.970333 240.79942 0 0.86602 0.500009
8.32336 0.779999 240.98975 0 0.499971 0.866042
8.06936 0.26 240.98975 0 -0.499972 0.866042
8.32336 0.0696664 240.79942 0 -0.866021 0.500008
8.06936 -4.32316e-07 240.53941 0 -1 1.73782e-07
8.32336 0.0696663 240.2794 0 -0.866021 -0.500008
8.06936 0.26 240.08908 0 -0.499995 -0.866028
8.32336 0.970333 244.16911 0 0.866034 -0.499986
8.32336 0.970333 244.6891 0 0.86603 0.499991
8.06936 0.779999 244.87944 0 0.499989 0.866032
8.06936 0.519999 244.9491 0 -4.58439e-07 1
8.32336 0.519999 244.9491 0 -4.58439e-07 1
8.06936 0.26 244.87944 0 -0.499989 0.866032
8.06936 0.0696664 244.6891 0 -0.866031 0.499991
8.32336 0.0696664 244.6891 0 -0.866031 0.499991
8.06936 -4.32316e-07 244.42909 0 -1 -7.16206e-06
8.32336 0.0696663 244.1691 0 -0.866027 -0.499997
8.06936 0.26 243.97876 0 -0.499989 -0.866032
8.32336 0.26 243.97876 0 -0.499989 -0.866032
8.06936 0.52 243.9091 0 -9.14644e-18 -1
8.32336 0.52 243.9091 0 0 -1
8.06936 0.78 243.97876 0 0.500007 -0.866021
8.32336 0.78 243.97876 0 0.500007 -0.866021
8.06936 0.970333 244.16911 0 0.866034 -0.499986
8.06936 1.04 244.42909 0 1 -1.46725e-05
8.32336 1.04 244.42909 0 1 -1.46725e-05
8.06936 0.970333 244.6891 0 0.86603 0.499991
8.32336 0.779999 244.87944 0 0.499989 0.866032
8.32336 0.26 244.87944 0 -0.499989 0.866032
8.32336 -4.32316e-07 244.42909 0 -1 -7.16206e-06
8.06936 0.0696663 244.1691 0 -0.866027 -0.499997
6.28469 0.26 243.97876 0 -0.499989 -0.866032
6.53869 0.0696663 244.1691 0 -0.866027 -0.499997
6.53869 -4.32316e-07 244.42909 0 -1 -7.16206e-06
6.28469 -4.32316e-07 244.42909 0 -1 -7.16206e-06
6.53869 0.0696664 244.6891 0 -0.866031 0.499991
6.28469 0.0696664 244.6891 0 -0.866031 0.499991
6.53869 0.26 244.87944 0 -0.499989 0.866032
6.28469 0.26 244.87944 0 -0.499989 0.866032
6.53869 0.779999 244.87944 0 0.499989 0.866032
6.28469 0.779999 244.87944 0 0.499989 0.866032
6.53869 0.970333 244.6891 0 0.86603 0.499991
6.53869 1.04 244.42909 0 1 -1.46725e-05
6.28469 1.04 244.42909 0 1 -1.46725e-05
6.28469 0.78 243.97876 0 0.500007 -0.866021
6.53869 0.52 243.9091 0 1.82929e-17 -1
6.28469 0.52 243.9091 0 -1.82929e-17 -1
6.53869 0.26 243.97876 0 -0.499989 -0.866032
6.28469 0.0696663 244.1691 0 -0.866027 -0.499997
6.53869 0.519999 244.9491 0 -4.58439e-07 1
6.28469 0.519999 244.9491 0 -4.58439e-07 1
6.28469 0.970333 244.6891 0 0.86603 0.499991
6.53869 0.970333 244.16911 0 0.866034 -0.499986
6.28469 0.970333 244.16911 0 0.866034 -0.499986
6.53869 0.78 243.97876 0 0.500007 -0.866021
6.53869 0.52 240.01941 0 0 -1
6.53869 0.26 240.08908 0 -0.499995 -0.866028
6.28469 0.26 240.08908 0 -0.499995 -0.866028
6.53869 0.0696663 240.2794 0 -0.866021 -0.500008
6.28469 0.0696663 240.2794 0 -0.866021 -0.500008
6.53869 -4.32316e-07 240.53941 0 -1 1.73782e-07
6.28469 -4.32316e-07 240.53941 0 -1 1.73782e-07
6.53869 0.0696664 240.79942 0 -0.866021 0.500008
6.28469 0.0696664 240.79942 0 -0.866021 0.500008
6.53869 0.26 240.98975 0 -0.499972 0.866042
6.28469 0.26 240.98975 0 -0.499972 0.866042
6.53869 0.519999 241.0594 0 -4.58439e-07 1
6.28469 0.519999 241.0594 0 -4.58439e-07 1
6.28469 0.779999 240.98975 0 0.499971 0.866042
6.53869 1.04 240.53941 0 1 -7.33586e-06
6.28469 1.04 240.53941 0 1 -7.33586e-06
6.53869 0.970333 240.27942 0 0.866027 -0.499997
6.53869 0.78 240.08908 0 0.500013 -0.866018
6.28469 0.78 240.08908 0 0.500013 -0.866018
6.28469 0.52 240.01941 0 0 -1
6.53869 0.779999 240.98975 0 0.499971 0.866042
6.53869 0.970333 240.79942 0 0.86602 0.500009
6.28469 0.970333 240.79942 0 0.86602 0.500009
6.28469 0.970333 240.27942 0 0.866027 -0.499997
6.28469 0.52 242.80994 0 0 -1
6.53869 0.26 242.87961 0 -0.499995 -0.866028
6.53869 0.0696663 243.06993 0 -0.866021 -0.500008
6.28469 0.0696663 243.06993 0 -0.866021 -0.500008
6.53869 -4.32316e-07 243.32994 0 -1 7.50963e-06
6.28469 -4.32316e-07 243.32994 0 -1 7.50963e-06
6.53869 0.0696664 243.58994 0 -0.866027 0.499997
6.28469 0.0696664 243.58994 0 -0.866027 0.499997
6.28469 0.519999 243.84993 0 -4.58439e-07 1
6.53869 0.779999 243.78027 0 0.499989 0.866032
6.53869 0.970333 243.58994 0 0.866027 0.499998
6.28469 0.970333 243.58994 0 0.866027 0.499998
6.28469 1.04 243.32994 0 1 -2.74396e-17
6.28469 0.970333 243.06995 0 0.866027 -0.499997
6.53869 0.52 242.80994 0 0 -1
6.28469 0.26 242.87961 0 -0.499995 -0.866028
6.53869 0.26 243.78027 0 -0.499989 0.866032
6.28469 0.26 243.78027 0 -0.499989 0.866032
6.53869 0.519999 243.84993 0 -4.58439e-07 1
6.28469 0.779999 243.78027 0 0.499989 0.866032
6.53869 1.04 243.32994 0 1 1.82931e-17
6.53869 0.970333 243.06995 0 0.866027 -0.499997
6.53869 0.78 242.87961 0 0.500013 -0.866018
6.28469 0.78 242.87961 0 0.500013 -0.866018
6.28469 0.26 241.18823 0 -0.500013 -0.866018
6.53869 0.0696663 241.37857 0 -0.866027 -0.499997
6.28469 0.0696663 241.37857 0 -0.866027 -0.499997
6.53869 -4.32316e-07 241.63857 0 -1 -7.16206e-06
6.53869 0.0696664 241.89857 0 -0.866031 0.499991
6.53869 0.519999 242.15857 0 -4.58439e-07 1
6.28469 0.519999 242.15857 0 -4.58439e-07 1
6.28469 0.779999 242.08891 0 0.499989 0.866032
6.28469 0.970333 241.89857 0 0.86603 0.499991
6.28469 0.970333 241.37857 0 0.866027 -0.499997
6.53869 0.78 241.18823 0 0.500013 -0.866018
6.53869 0.52 241.11856 0 0 -1
6.28469 0.52 241.11856 0 0 -1
6.53869 0.26 241.18823 0 -0.500013 -0.866018
6.28469 -4.32316e-07 241.63857 0 -1 -7.16206e-06
6.28469 0.0696664 241.89857 0 -0.866031 0.499991
6.53869 0.26 242.08891 0 -0.499989 0.866032
6.28469 0.26 242.08891 0 -0.499989 0.866032
6.53869 0.779999 242.08891 0 0.499989 0.866032
6.53869 0.970333 241.89857 0 0.86603 0.499991
6.53869 1.04 241.63857 0 1 -7.33586e-06
6.28469 1.04 241.63857 0 1 -7.33586e-06
6.53869 0.970333 241.37857 0 0.866027 -0.499997
6.28469 0.78 241.18823 0 0.500013 -0.866018
-6.2847 0.970333 255.43942 0 0.866 0.500044
-6.53869 0.970333 255.43942 0 0.866 0.500044
-6.2847 1.04 255.17941 0 1 -7.33586e-06
-6.53869 1.04 255.17941 0 1 -7.33586e-06
-6.53869 0.970333 254.91942 0 0.866067 -0.499927
-6.53869 0.78 254.72902 0 0.499964 -0.866046
-6.53869 0.52 254.65942 0 1.82918e-17 -1
-6.2847 0.26 254.72902 0 -0.499963 -0.866047
-6.53869 0.26 254.72902 0 -0.499963 -0.866047
-6.53869 -4.32316e-07 255.17941 0 -1 -7.16206e-06
-6.2847 0.0696664 255.43942 0 -0.866001 0.500043
-6.53869 0.0696664 255.43942 0 -0.866001 0.500043
-6.2847 0.26 255.62971 0 -0.500008 0.866021
-6.2847 0.519999 255.69942 0 -4.587e-07 1
-6.53869 0.519999 255.69942 0 -4.587e-07 1
-6.2847 0.779999 255.62971 0 0.500008 0.866021
-6.53869 0.779999 255.62971 0 0.500008 0.866021
-6.2847 0.970333 254.91942 0 0.866067 -0.499927
-6.2847 0.78 254.72902 0 0.499964 -0.866046
-6.2847 0.52 252.968 0 9.14644e-18 -1
-6.53869 0.52 252.968 0 0 -1
-6.2847 0.26 253.03766 0 -0.499989 -0.866032
-6.53869 0.26 253.03766 0 -0.499989 -0.866032
-6.2847 0.0696663 253.228 0 -0.866027 -0.499997
-6.53869 0.0696663 253.228 0 -0.866027 -0.499997
-6.2847 0.26 253.93834 0 -0.499989 0.866032
-6.2847 0.519999 254.008 0 -4.58439e-07 1
-6.53869 0.779999 253.93834 0 0.499989 0.866032
-6.2847 0.970333 253.748 0 0.86603 0.499991
-6.53869 0.970333 253.748 0 0.86603 0.499991
-6.2847 0.970333 253.228 0 0.866027 -0.499997
-6.53869 0.970333 253.228 0 0.866027 -0.499997
-6.2847 -4.32316e-07 253.48799 0 -1 -7.16206e-06
-6.53869 -4.32316e-07 253.48799 0 -1 -7.16206e-06
-6.2847 0.0696664 253.748 0 -0.866031 0.499991
-6.53869 0.0696664 253.748 0 -0.866031 0.499991
-6.53869 0.26 253.93834 0 -0.499989 0.866032
-6.53869 0.519999 254.008 0 -4.58439e-07 1
-6.2847 0.779999 253.93834 0 0.499989 0.866032
-6.2847 1.04 253.48799 0 1 -7.33586e-06
-6.53869 1.04 253.48799 0 1 -7.33586e-06
-6.2847 0.78 253.03766 0 0.49999 -0.866031
-6.53869 0.78 253.03766 0 0.49999 -0.866031
-6.53869 0.78 241.18823 0 0.500013 -0.866018
-6.53869 0.970333 241.37857 0 0.866027 -0.499997
-6.53869 1.04 241.63857 0 1 -7.33586e-06
-6.2847 1.04 241.63857 0 1 -7.33586e-06
-6.53869 0.970333 241.89857 0 0.86603 0.499991
-6.2847 0.519999 242.15857 0 -4.58439e-07 1
-6.2847 0.0696664 241.89857 0 -0.866031 0.499991
-6.53869 -4.32316e-07 241.63857 0 -1 -7.16206e-06
-6.2847 0.0696663 241.37857 0 -0.866027 -0.499997
-6.53869 0.26 241.18823 0 -0.500013 -0.866018
-6.2847 0.26 241.18823 0 -0.500013 -0.866018
-6.53869 0.52 241.11856 0 9.14658e-18 -1
-6.2847 0.78 241.18823 0 0.500013 -0.866018
-6.2847 0.970333 241.37857 0 0.866027 -0.499997
-6.2847 0.970333 241.89857 0 0.86603 0.499991
-6.53869 0.779999 242.08891 0 0.499989 0.866032
-6.2847 0.779999 242.08891 0 0.499989 0.866032
-6.53869 0.519999 242.15857 0 -4.58439e-07 1
-6.53869 0.26 242.08891 0 -0.499989 0.866032
-6.2847 0.26 242.08891 0 -0.499989 0.866032
-6.53869 0.0696664 241.89857 0 -0.866031 0.499991
-6.2847 -4.32316e-07 241.63857 0 -1 -7.16206e-06
-6.53869 0.0696663 241.37857 0 -0.866027 -0.499997
-6.2847 0.52 241.11856 0 0 -1
-6.53869 0.78 242.87961 0 0.500013 -0.866018
-6.2847 0.78 242.87961 0 0.500013 -0.866018
-6.2847 0.970333 243.06995 0 0.866027 -0.499997
-6.2847 0.970333 243.58994 0 0.866027 0.499998
-6.2847 0.779999 243.78027 0 0.499989 0.866032
-6.53869 0.519999 243.84993 0 -4.58439e-07 1
-6.2847 0.519999 243.84993 0 -4.58439e-07 1
-6.2847 0.26 243.78027 0 -0.499989 0.866032
-6.53869 0.0696664 243.58994 0 -0.866027 0.499997
-6.2847 0.0696664 243.58994 0 -0.866027 0.499997
-6.53869 0.0696663 243.06993 0 -0.866021 -0.500008
-6.2847 0.0696663 243.06993 0 -0.866021 -0.500008
-6.53869 0.52 242.80994 0 9.14658e-18 -1
-6.2847 0.52 242.80994 0 0 -1
-6.53869 0.970333 243.06995 0 0.866027 -0.499997
-6.53869 1.04 243.32994 0 1 -1.82931e-17
-6.2847 1.04 243.32994 0 1 1.82931e-17
-6.53869 0.970333 243.58994 0 0.866027 0.499998
-6.53869 0.779999 243.78027 0 0.499989 0.866032
-6.53869 0.26 243.78027 0 -0.499989 0.866032
-6.53869 -4.32316e-07 243.32994 0 -1 7.50963e-06
-6.2847 -4.32316e-07 243.32994 0 -1 7.50963e-06
-6.53869 0.26 242.87961 0 -0.499995 -0.866028
-6.2847 0.26 242.87961 0 -0.499995 -0.866028
-6.53869 0.78 240.08908 0 0.500013 -0.866018
-6.2847 0.970333 240.27942 0 0.866027 -0.499997
-6.53869 1.04 240.53941 0 1 -7.33586e-06
-6.2847 1.04 240.53941 0 1 -7.33586e-06
-6.53869 0.970333 240.79942 0 0.86602 0.500009
-6.2847 0.779999 240.98975 0 0.499971 0.866042
-6.53869 0.519999 241.0594 0 -4.58439e-07 1
-6.53869 0.0696664 240.79942 0 -0.866021 0.500008
-6.2847 0.0696664 240.79942 0 -0.866021 0.500008
-6.53869 -4.32316e-07 240.53941 0 -1 1.73782e-07
-6.2847 -4.32316e-07 240.53941 0 -1 1.73782e-07
-6.53869 0.0696663 240.2794 0 -0.866021 -0.500008
-6.2847 0.26 240.08908 0 -0.499995 -0.866028
-6.2847 0.78 240.08908 0 0.500013 -0.866018
-6.53869 0.970333 240.27942 0 0.866027 -0.499997
-6.2847 0.970333 240.79942 0 0.86602 0.500009
-6.53869 0.779999 240.98975 0 0.499971 0.866042
-6.2847 0.519999 241.0594 0 -4.58439e-07 1
-6.53869 0.26 240.98975 0 -0.499972 0.866042
-6.2847 0.26 240.98975 0 -0.499972 0.866042
-6.2847 0.0696663 240.2794 0 -0.866021 -0.500008
-6.53869 0.26 240.08908 0 -0.499995 -0.866028
-6.53869 0.52 240.01941 0 9.14658e-18 -1
-6.2847 0.52 240.01941 0 0 -1
-6.53869 0.78 243.97876 0 0.500007 -0.866021
-6.2847 0.78 243.97876 0 0.500007 -0.866021
-6.53869 0.970333 244.16911 0 0.866034 -0.499986
-6.53869 0.779999 244.87944 0 0.499989 0.866032
-6.2847 0.779999 244.87944 0 0.499989 0.866032
-6.53869 0.519999 244.9491 0 -4.58439e-07 1
-6.2847 0.519999 244.9491 0 -4.58439e-07 1
-6.53869 0.26 244.87944 0 -0.499989 0.866032
-6.53869 0.0696664 244.6891 0 -0.866031 0.499991
-6.53869 0.26 243.97876 0 -0.499989 -0.866032
-6.2847 0.26 243.97876 0 -0.499989 -0.866032
-6.53869 0.52 243.9091 0 -9.14644e-18 -1
-6.2847 0.52 243.9091 0 0 -1
-6.2847 0.970333 244.16911 0 0.866034 -0.499986
-6.53869 1.04 244.42909 0 1 -1.46725e-05
-6.2847 1.04 244.42909 0 1 -1.46725e-05
-6.53869 0.970333 244.6891 0 0.86603 0.499991
-6.2847 0.970333 244.6891 0 0.86603 0.499991
-6.2847 0.26 244.87944 0 -0.499989 0.866032
-6.2847 0.0696664 244.6891 0 -0.866031 0.499991
-6.53869 -4.32316e-07 244.42909 0 -1 -7.16206e-06
-6.2847 -4.32316e-07 244.42909 0 -1 -7.16206e-06
-6.53869 0.0696663 244.1691 0 -0.866027 -0.499997
-6.2847 0.0696663 244.1691 0 -0.866027 -0.499997
-8.32337 0.52 243.9091 0 -1.82929e-17 -1
-8.06936 0.0696663 244.1691 0 -0.866027 -0.499997
-8.32337 0.0696663 244.1691 0 -0.866027 -0.499997
-8.32337 0.0696664 244.6891 0 -0.866031 0.499991
-8.32337 0.26 244.87944 0 -0.499989 0.866032
-8.06936 0.519999 244.9491 0 -4.58439e-07 1
-8.32337 0.519999 244.9491 0 -4.58439e-07 1
-8.06936 0.779999 244.87944 0 0.499989 0.866032
-8.06936 0.970333 244.6891 0 0.86603 0.499991
-8.32337 0.970333 244.6891 0 0.86603 0.499991
-8.06936 0.78 243.97876 0 0.500007 -0.866021
-8.32337 0.78 243.97876 0 0.500007 -0.866021
-8.06936 0.52 243.9091 0 1.82929e-17 -1
-8.06936 0.26 243.97876 0 -0.499989 -0.866032
-8.32337 0.26 243.97876 0 -0.499989 -0.866032
-8.06936 -4.32316e-07 244.42909 0 -1 -7.16206e-06
-8.32337 -4.32316e-07 244.42909 0 -1 -7.16206e-06
-8.06936 0.0696664 244.6891 0 -0.866031 0.499991
-8.06936 0.26 244.87944 0 -0.499989 0.866032
-8.32337 0.779999 244.87944 0 0.499989 0.866032
-8.06936 1.04 244.42909 0 1 -1.46725e-05
-8.32337 1.04 244.42909 0 1 -1.46725e-05
-8.06936 0.970333 244.16911 0 0.866034 -0.499986
-8.32337 0.970333 244.16911 0 0.866034 -0.499986
-8.32337 0.26 240.08908 0 -0.499995 -0.866028
-8.06936 0.0696663 240.2794 0 -0.866021 -0.500008
-8.32337 0.0696663 240.2794 0 -0.866021 -0.500008
-8.06936 0.0696664 240.79942 0 -0.866021 0.500008
-8.32337 0.0696664 240.79942 0 -0.866021 0.500008
-8.06936 0.519999 241.0594 0 -4.58439e-07 1
-8.06936 0.970333 240.79942 0 0.86602 0.500009
-8.32337 1.04 240.53941 0 1 -7.33586e-06
-8.06936 0.970333 240.27942 0 0.866027 -0.499997
-8.06936 0.78 240.08908 0 0.500013 -0.866018
-8.32337 0.78 240.08908 0 0.500013 -0.866018
-8.06936 0.52 240.01941 0 0 -1
-8.32337 0.52 240.01941 0 0 -1
-8.06936 0.26 240.08908 0 -0.499995 -0.866028
-8.06936 -4.32316e-07 240.53941 0 -1 1.73782e-07
-8.32337 -4.32316e-07 240.53941 0 -1 1.73782e-07
-8.06936 0.26 240.98975 0 -0.499972 0.866042
-8.32337 0.26 240.98975 0 -0.499972 0.866042
-8.32337 0.519999 241.0594 0 -4.58439e-07 1
-8.06936 0.779999 240.98975 0 0.499971 0.866042
-8.32337 0.779999 240.98975 0 0.499971 0.866042
-8.32337 0.970333 240.79942 0 0.86602 0.500009
-8.06936 1.04 240.53941 0 1 -7.33586e-06
-8.32337 0.970333 240.27942 0 0.866027 -0.499997
-8.32337 0.0696663 243.06993 0 -0.866021 -0.500008
-8.06936 -4.32316e-07 243.32994 0 -1 7.50963e-06
-8.32337 -4.32316e-07 243.32994 0 -1 7.50963e-06
-8.06936 0.0696664 243.58994 0 -0.866027 0.499997
-8.06936 0.26 243.78027 0 -0.499989 0.866032
-8.06936 0.519999 243.84993 0 -4.58439e-07 1
-8.32337 0.519999 243.84993 0 -4.58439e-07 1
-8.32337 0.779999 243.78027 0 0.499989 0.866032
-8.06936 1.04 243.32994 0 1 -3.65862e-17
-8.32337 0.970333 243.06995 0 0.866027 -0.499997
-8.06936 0.78 242.87961 0 0.500013 -0.866018
-8.32337 0.78 242.87961 0 0.500013 -0.866018
-8.06936 0.52 242.80994 0 0 -1
-8.32337 0.52 242.80994 0 0 -1
-8.06936 0.26 242.87961 0 -0.499995 -0.866028
-8.32337 0.26 242.87961 0 -0.499995 -0.866028
-8.06936 0.0696663 243.06993 0 -0.866021 -0.500008
-8.32337 0.0696664 243.58994 0 -0.866027 0.499997
-8.32337 0.26 243.78027 0 -0.499989 0.866032
-8.06936 0.779999 243.78027 0 0.499989 0.866032
-8.06936 0.970333 243.58994 0 0.866027 0.499998
-8.32337 0.970333 243.58994 0 0.866027 0.499998
-8.32337 1.04 243.32994 0 1 3.65862e-17
-8.06936 0.970333 243.06995 0 0.866027 -0.499997
-8.32337 0.52 241.11856 0 0 -1
-8.32337 -4.32316e-07 241.63857 0 -1 -7.16206e-06
-8.06936 0.0696664 241.89857 0 -0.866031 0.499991
-8.32337 0.0696664 241.89857 0 -0.866031 0.499991
-8.06936 0.26 242.08891 0 -0.499989 0.866032
-8.06936 0.519999 242.15857 0 -4.58439e-07 1
-8.32337 0.519999 242.15857 0 -4.58439e-07 1
-8.06936 0.779999 242.08891 0 0.499989 0.866032
-8.32337 0.779999 242.08891 0 0.499989 0.866032
-8.06936 0.970333 241.89857 0 0.86603 0.499991
-8.32337 0.970333 241.89857 0 0.86603 0.499991
-8.06936 1.04 241.63857 0 1 -7.33586e-06
-8.06936 0.78 241.18823 0 0.500013 -0.866018
-8.32337 0.78 241.18823 0 0.500013 -0.866018
-8.06936 0.52 241.11856 0 0 -1
-8.06936 0.26 241.18823 0 -0.500013 -0.866018
-8.32337 0.26 241.18823 0 -0.500013 -0.866018
-8.06936 0.0696663 241.37857 0 -0.866027 -0.499997
-8.32337 0.0696663 241.37857 0 -0.866027 -0.499997
-8.06936 -4.32316e-07 241.63857 0 -1 -7.16206e-06
-8.32337 0.26 242.08891 0 -0.499989 0.866032
-8.32337 1.04 241.63857 0 1 -7.33586e-06
-8.06936 0.970333 241.37857 0 0.866027 -0.499997
-8.32337 0.970333 241.37857 0 0.866027 -0.499997
15 13 22
25 13 15
26 13 25
28 32 26
18 32 28
32 18 30
33 32 20
32 13 26
34 14 12
14 27 24
14 24 23
24 27 16
27 29 17
29 27 31
31 27 19
19 27 34
34 27 14
35 32 33
19 34 21
13 32 35
39 36 52
41 36 39
42 36 41
44 57 42
55 57 44
57 55 45
59 57 48
57 36 42
49 37 51
37 43 40
37 40 38
40 43 53
43 56 54
56 43 46
46 43 47
47 43 49
49 43 37
50 57 59
47 49 58
36 57 50
61 70 72
62 70 61
75 70 62
64 80 75
76 80 64
80 76 78
83 80 82
80 70 75
67 71 69
71 63 73
71 73 60
73 63 74
63 77 65
77 63 79
79 63 81
81 63 67
67 63 71
68 80 83
81 67 66
70 80 68
99 84 86
88 84 99
101 84 88
90 103 101
91 103 90
103 91 93
95 103 105
103 84 101
96 85 97
85 89 87
85 87 98
87 89 100
89 92 102
92 89 94
94 89 104
104 89 96
96 89 85
107 103 95
104 96 106
84 103 107
3198 3185 3199
3198 3199 3200
3197 3196 3185
3200 3186 3187
3195 3194 3196
3187 3188 3201
3184 3183 3194
3201 3202 3189
3191 3203 3192
3193 3182 3183
124 131 123
125 124 123
126 124 125
127 126 125
128 126 127
113 128 127
115 128 113
114 115 113
112 115 114
116 112 114
111 112 116
117 111 116
119 111 117
118 119 117
120 119 118
121 120 118
110 120 121
122 110 121
109 110 122
129 109 122
108 109 129
130 108 129
131 108 130
123 131 130
141 134 132
146 133 144
132 134 143
133 136 140
146 136 133
147 136 146
149 136 147
136 149 135
138 136 137
140 138 154
140 136 138
133 140 142
134 141 152
143 134 145
134 150 148
150 134 151
151 134 152
152 141 153
153 141 139
139 141 155
169 173 156
172 170 158
156 173 157
170 164 178
172 164 170
159 164 172
161 164 159
164 161 163
176 164 165
178 176 167
178 164 176
170 178 179
173 169 175
157 173 171
173 162 160
162 173 174
174 173 175
175 169 166
166 169 177
177 169 168
203 194 180
184 181 193
180 194 182
181 200 191
184 200 181
195 200 184
197 200 195
200 197 198
201 200 187
191 201 189
191 200 201
181 191 192
194 203 186
182 194 183
194 185 196
185 194 199
199 194 186
186 203 188
188 203 202
202 203 190
3189 3190 3191
3181 3180 3182
3179 3169 3156
3179 3156 3170
332 337 338
333 332 338
334 335 336
339 334 336
3080 3079 3078
3067 3068 3066
3070 3069 3080
3077 3066 3065
331 207 317
319 204 205
317 207 318
204 210 330
319 210 204
320 210 319
321 210 320
210 321 323
326 210 324
330 326 328
229 221 222
230 221 229
231 221 230
233 237 231
227 237 233
237 227 235
241 237 239
237 221 231
242 228 220
228 232 224
228 224 223
224 232 225
232 234 226
234 232 236
236 232 238
238 232 242
242 232 228
243 237 241
238 242 240
221 237 243
3071 3081 3070
3064 3065 3063
3082 3072 3071
3062 3063 3076
212 218 215
218 216 215
217 213 219
213 214 219
3178 3168 3169
3170 3157 3158
3167 3177 3168
3158 3171 3172
249 245 247
258 245 249
250 245 258
251 254 250
262 254 251
254 262 252
256 254 264
254 245 250
266 246 244
246 260 257
246 257 248
257 260 259
260 263 261
263 260 253
253 260 255
255 260 266
266 260 246
267 254 256
255 266 265
245 254 267
269 279 281
270 279 269
271 279 270
272 287 271
273 287 272
287 273 274
277 287 289
287 279 271
290 280 278
280 284 282
280 282 268
282 284 283
284 286 285
286 284 275
275 284 288
288 284 290
290 284 280
291 287 277
288 290 276
279 287 291
301 298 299
294 298 301
304 298 294
306 311 304
295 311 306
311 295 309
314 311 296
311 298 304
315 293 292
293 305 302
293 302 300
302 305 303
305 308 307
308 305 310
310 305 312
312 305 315
315 305 293
297 311 314
312 315 313
298 311 297
330 210 326
204 330 316
207 331 211
318 207 206
207 322 208
322 207 209
209 207 211
211 331 325
325 331 327
327 331 329
345 363 340
363 341 340
340 341 342
341 346 342
342 346 347
346 348 347
347 348 349
348 362 349
349 362 351
362 350 351
351 350 352
350 361 352
352 361 353
361 360 353
353 360 354
360 355 354
354 355 356
355 359 356
356 359 343
359 358 343
343 358 344
358 357 344
344 357 345
357 363 345
3176 3166 3177
3172 3173 3159
3165 3175 3166
3159 3160 3161
3164 3174 3175
3161 3162 3163
3163 3162 3174
3163 3174 3164
3161 3160 3162
3164 3175 3165
780 777 778
767 777 780
768 777 767
770 785 768
771 785 770
785 771 784
774 785 787
785 777 768
775 766 765
766 769 781
766 781 779
781 769 782
769 772 783
772 769 773
773 769 786
786 769 775
775 769 766
776 785 774
786 775 788
777 785 776
3073 3083 3082
3061 3076 3060
3075 3074 3073
3075 3060 3074
758 761 757
761 762 757
763 759 760
759 764 760
3159 3173 3160
3165 3166 3176
3172 3171 3173
3176 3177 3167
791 803 790
806 803 791
794 803 806
808 811 794
809 811 808
811 809 796
812 811 799
811 803 794
801 804 789
804 807 792
804 792 805
792 807 793
807 810 795
810 807 797
797 807 798
798 807 801
801 807 804
802 811 812
798 801 800
803 811 802
827 814 825
817 814 827
828 814 817
829 832 828
830 832 829
832 830 822
824 832 834
832 814 828
835 815 813
815 819 816
815 816 826
816 819 818
819 821 820
821 819 831
831 819 833
833 819 835
835 819 815
836 832 824
833 835 823
814 832 836
839 837 854
841 837 839
842 837 841
843 848 842
845 848 843
848 845 858
859 848 850
848 837 842
852 838 853
838 857 840
838 840 855
840 857 856
857 846 844
846 857 847
847 857 849
849 857 852
852 857 838
860 848 859
849 852 851
837 848 860
868 867 861
867 862 861
861 862 863
862 884 863
863 884 869
884 883 869
869 883 870
883 871 870
870 871 872
871 882 872
872 882 874
882 873 874
874 873 875
873 881 875
875 881 876
881 880 876
876 880 877
880 864 877
877 864 865
864 879 865
865 879 866
879 878 866
866 878 868
878 867 868
3178 3169 3179
3158 3157 3171
3167 3168 3178
3170 3156 3157
3142 3141 3132
3142 3132 3133
3140 3155 3141
3133 3143 3144
3154 3139 3155
3144 3145 3146
908 902 885
889 901 887
885 902 886
901 906 899
889 906 901
903 906 889
890 906 903
906 890 905
895 906 907
899 895 897
899 906 895
901 899 900
902 908 893
886 902 888
902 891 904
891 902 892
892 902 893
893 908 894
894 908 896
896 908 898
917 924 919
923 920 921
919 924 909
920 913 932
923 913 920
910 913 923
911 913 910
913 911 927
915 913 928
932 915 916
932 913 915
920 932 918
924 917 914
909 924 922
924 926 925
926 924 912
912 924 914
914 917 929
929 917 930
930 917 931
942 935 933
946 943 934
933 935 944
943 949 955
946 949 943
936 949 946
948 949 936
949 948 938
952 949 951
955 952 953
955 949 952
943 955 956
935 942 950
944 935 945
935 937 947
937 935 939
939 935 950
950 942 940
940 942 941
941 942 954
979 961 957
960 958 968
957 961 959
958 973 978
960 973 958
962 973 960
963 973 962
973 963 964
966 973 965
978 966 977
978 973 966
958 978 980
961 979 974
959 961 969
961 971 970
971 961 972
972 961 974
974 979 975
975 979 976
976 979 967
993 991 983
984 991 993
995 991 984
986 1001 995
998 1001 986
1001 998 1000
1003 1001 1002
1001 991 995
1004 982 981
982 996 994
982 994 992
994 996 985
996 999 997
999 996 987
987 996 988
988 996 1004
1004 996 982
990 1001 1003
988 1004 989
991 1001 990
1020 1018 1006
1008 1018 1020
1010 1018 1008
1012 1014 1010
1022 1014 1012
1014 1022 1023
1015 1014 1026
1014 1018 1010
1016 1005 1017
1005 1011 1007
1005 1007 1019
1007 1011 1009
1011 1013 1021
1013 1011 1024
1024 1011 1025
1025 1011 1016
1016 1011 1005
1028 1014 1015
1025 1016 1027
1018 1014 1028
1031 1043 1045
1033 1043 1031
1035 1043 1033
1047 1038 1035
1048 1038 1047
1038 1048 1050
1051 1038 1040
1038 1043 1035
1052 1044 1029
1044 1046 1032
1044 1032 1030
1032 1046 1034
1046 1049 1036
1049 1046 1037
1037 1046 1039
1039 1046 1052
1052 1046 1044
1042 1038 1051
1039 1052 1041
1043 1038 1042
1070 1066 1068
1054 1066 1070
1071 1066 1054
1057 1061 1071
1073 1061 1057
1061 1073 1059
1063 1061 1074
1061 1066 1071
1064 1067 1065
1067 1056 1053
1067 1053 1069
1053 1056 1055
1056 1058 1072
1058 1056 1060
1060 1056 1062
1062 1056 1064
1064 1056 1067
1076 1061 1063
1062 1064 1075
1066 1061 1076
3138 3153 3139
3146 3134 3147
3137 3152 3153
3147 3148 3149
3136 3151 3152
3149 3150 3135
3135 3150 3151
3135 3151 3136
3149 3148 3150
3136 3152 3137
1094 1077 1093
1095 1094 1093
1080 1094 1095
1096 1080 1095
1097 1080 1096
1081 1097 1096
1082 1097 1081
1083 1082 1081
1084 1082 1083
1085 1084 1083
1079 1084 1085
1086 1079 1085
1078 1079 1086
1087 1078 1086
1088 1078 1087
1089 1088 1087
1090 1088 1089
1091 1090 1089
1092 1090 1091
1098 1092 1091
1099 1092 1098
1100 1099 1098
1077 1099 1100
1093 1077 1100
1232 1125 1127
1111 1125 1232
1113 1125 1111
1114 1119 1113
1115 1119 1114
1119 1115 1117
1122 1119 1120
1119 1125 1113
1123 1126 1124
1126 1233 1110
1140 1145 1128
1130 1142 1129
1128 1145 1143
1142 1149 1139
1130 1149 1142
1146 1149 1130
1132 1149 1146
1149 1132 1147
1135 1149 1151
1139 1135 1137
1139 1149 1135
1142 1139 1141
1145 1140 1150
1143 1145 1144
1145 1133 1131
1133 1145 1148
1148 1145 1150
1150 1140 1134
1134 1140 1136
1136 1140 1138
1160 1156 1152
1155 1162 1163
1152 1156 1153
1162 1169 1159
1155 1169 1162
1164 1169 1155
1166 1169 1164
1169 1166 1167
1173 1169 1171
1159 1173 1174
1159 1169 1173
1162 1159 1161
1156 1160 1170
1153 1156 1154
1156 1157 1165
1157 1156 1168
1168 1156 1170
1170 1160 1172
1172 1160 1158
1158 1160 1175
1185 1179 1176
1188 1177 1178
1176 1179 1186
1177 1193 1198
1188 1193 1177
1189 1193 1188
1191 1193 1189
1193 1191 1180
1195 1193 1182
1198 1195 1196
1198 1193 1195
1177 1198 1199
1179 1185 1194
1186 1179 1187
1179 1192 1190
1192 1179 1181
1181 1179 1194
1194 1185 1183
1183 1185 1184
1184 1185 1197
3147 3134 3148
3137 3153 3138
3146 3145 3134
3138 3139 3154
1230 1224 1225
1231 1230 1225
1227 1228 1226
1229 1227 1226
3058 3059 3057
3047 3046 3038
3045 3057 3044
3038 3037 3036
1223 1204 1200
1203 1213 1214
1200 1204 1201
1213 1218 1222
1203 1218 1213
1215 1218 1203
1216 1218 1215
1218 1216 1217
1220 1218 1219
1222 1220 1211
1222 1218 1220
1213 1222 1212
1204 1223 1208
1201 1204 1202
1204 1206 1205
1206 1204 1207
1207 1204 1208
1208 1223 1209
1209 1223 1210
1210 1223 1221
1126 1110 1109
1110 1233 1112
1233 1116 1234
1116 1233 1118
1118 1233 1235
1235 1233 1123
1123 1233 1126
1236 1119 1122
1235 1123 1121
1125 1119 1236
3048 3039 3047
3043 3044 3056
3040 3049 3048
3055 3056 3054
1104 1107 1103
1107 1108 1103
1101 1105 1106
1105 1102 1106
3140 3141 3142
3144 3143 3145
3154 3155 3140
3133 3132 3143
1240 1237 1239
1242 1237 1240
1244 1237 1242
1245 1255 1244
1252 1255 1245
1255 1252 1246
1258 1255 1257
1255 1237 1244
1259 1238 1248
1238 1250 1241
1238 1241 1249
1241 1250 1243
1250 1253 1251
1253 1250 1254
1254 1250 1256
1256 1250 1259
1259 1250 1238
1260 1255 1258
1256 1259 1247
1237 1255 1260
1275 1274 1263
1277 1274 1275
1265 1274 1277
1279 1281 1265
1268 1281 1279
1281 1268 1269
1282 1281 1272
1281 1274 1265
1283 1262 1261
1262 1266 1276
1262 1276 1264
1276 1266 1278
1266 1280 1267
1280 1266 1270
1270 1266 1271
1271 1266 1283
1283 1266 1262
1284 1281 1282
1271 1283 1273
1274 1281 1284
1286 1295 1297
1287 1295 1286
1288 1295 1287
1300 1291 1288
1302 1291 1300
1291 1302 1303
1292 1291 1306
1291 1295 1288
1293 1296 1294
1296 1289 1298
1296 1298 1285
1298 1289 1299
1289 1290 1301
1290 1289 1304
1304 1289 1305
1305 1289 1293
1293 1289 1296
1308 1291 1292
1305 1293 1307
1295 1291 1308
1316 1309 1310
1309 1332 1310
1310 1332 1311
1332 1317 1311
1311 1317 1318
1317 1319 1318
1318 1319 1320
1319 1321 1320
1320 1321 1322
1321 1323 1322
1322 1323 1324
1323 1331 1324
1324 1331 1325
1331 1330 1325
1325 1330 1326
1330 1329 1326
1326 1329 1327
1329 1328 1327
1327 1328 1312
1328 1313 1312
1312 1313 1314
1313 1315 1314
1314 1315 1316
1315 1309 1316
3120 3131 3119
3122 3110 3109
3130 3119 3129
3109 3108 3121
3111 3123 3122
3128 3129 3127
3124 3112 3111
3118 3127 3117
3113 3125 3124
3116 3117 3115
1345 1348 1333
1336 1334 1346
1333 1348 1335
1334 1340 1344
1336 1340 1334
1337 1340 1336
1349 1340 1337
1340 1349 1339
1342 1340 1352
1344 1342 1343
1344 1340 1342
1334 1344 1356
1348 1345 1341
1335 1348 1347
1348 1350 1338
1350 1348 1351
1351 1348 1341
1341 1345 1353
1353 1345 1354
1354 1345 1355
1362 1368 1363
1367 1364 1366
1363 1368 1365
1364 1372 1361
1367 1372 1364
1369 1372 1367
1371 1372 1369
1372 1371 1359
1376 1372 1374
1361 1376 1378
1361 1372 1376
1364 1361 1380
1368 1362 1373
1365 1368 1357
1368 1358 1370
1358 1368 1360
1360 1368 1373
1373 1362 1375
1375 1362 1377
1377 1362 1379
1404 1386 1381
1385 1382 1384
1381 1386 1383
1382 1399 1403
1385 1399 1382
1395 1399 1385
1387 1399 1395
1399 1387 1397
1401 1399 1389
1403 1401 1402
1403 1399 1401
1382 1403 1393
1386 1404 1400
1383 1386 1394
1386 1388 1396
1388 1386 1398
1398 1386 1400
1400 1404 1390
1390 1404 1391
1391 1404 1392
1427 1418 1405
1409 1406 1417
1405 1418 1407
1406 1411 1416
1409 1411 1406
1419 1411 1409
1421 1411 1419
1411 1421 1410
1413 1411 1412
1416 1413 1415
1416 1411 1413
1406 1416 1428
1418 1427 1424
1407 1418 1408
1418 1422 1420
1422 1418 1423
1423 1418 1424
1424 1427 1425
1425 1427 1414
1414 1427 1426
1451 1430 1429
1438 1434 1436
1429 1430 1435
1434 1443 1450
1438 1443 1434
1439 1443 1438
1431 1443 1439
1443 1431 1441
1446 1443 1445
1450 1446 1448
1450 1443 1446
1434 1450 1452
1430 1451 1444
1435 1430 1437
1430 1432 1440
1432 1430 1442
1442 1430 1444
1444 1451 1433
1433 1451 1447
1447 1451 1449
1475 1469 1466
1468 1453 1467
1466 1469 1454
1453 1460 1465
1468 1460 1453
1456 1460 1468
1458 1460 1456
1460 1458 1470
1463 1460 1462
1465 1463 1474
1465 1460 1463
1453 1465 1476
1469 1475 1461
1454 1469 1455
1469 1459 1457
1459 1469 1471
1471 1469 1461
1461 1475 1472
1472 1475 1473
1473 1475 1464
1500 1480 1477
1486 1484 1478
1477 1480 1485
1484 1482 1499
1486 1482 1484
1487 1482 1486
1481 1482 1487
1482 1481 1490
1495 1482 1493
1499 1495 1497
1499 1482 1495
1484 1499 1483
1480 1500 1492
1485 1480 1479
1480 1489 1488
1489 1480 1491
1491 1480 1492
1492 1500 1494
1494 1500 1496
1496 1500 1498
1523 1505 1501
1513 1502 1512
1501 1505 1503
1502 1518 1511
1513 1518 1502
1514 1518 1513
1516 1518 1514
1518 1516 1506
1520 1518 1519
1511 1520 1510
1511 1518 1520
1502 1511 1524
1505 1523 1508
1503 1505 1504
1505 1517 1515
1517 1505 1507
1507 1505 1508
1508 1523 1509
1509 1523 1521
1521 1523 1522
1529 1525 1527
1541 1525 1529
1532 1525 1541
1543 1535 1532
1545 1535 1543
1535 1545 1546
1537 1535 1547
1535 1525 1532
1538 1526 1540
1526 1542 1530
1526 1530 1528
1530 1542 1531
1542 1533 1544
1533 1542 1534
1534 1542 1536
1536 1542 1538
1538 1542 1526
1539 1535 1537
1536 1538 1548
1525 1535 1539
1561 1559 1560
1553 1559 1561
1563 1559 1553
1565 1556 1563
1566 1556 1565
1556 1566 1568
1558 1556 1569
1556 1559 1563
1571 1550 1549
1550 1564 1552
1550 1552 1551
1552 1564 1562
1564 1567 1554
1567 1564 1555
1555 1564 1557
1557 1564 1571
1571 1564 1550
1572 1556 1558
1557 1571 1570
1559 1556 1572
1585 1573 1583
1586 1573 1585
1588 1573 1586
1589 1592 1588
1591 1592 1589
1592 1591 1578
1581 1592 1593
1592 1573 1588
1595 1574 1582
1574 1576 1575
1574 1575 1584
1575 1576 1587
1576 1577 1590
1577 1576 1579
1579 1576 1580
1580 1576 1595
1595 1576 1574
1596 1592 1581
1580 1595 1594
1573 1592 1596
1599 1613 1598
1600 1613 1599
1601 1613 1600
1618 1620 1601
1603 1620 1618
1620 1603 1605
1610 1620 1608
1620 1613 1601
1611 1614 1597
1614 1602 1616
1614 1616 1615
1616 1602 1617
1602 1604 1619
1604 1602 1606
1606 1602 1607
1607 1602 1611
1611 1602 1614
1612 1620 1610
1607 1611 1609
1613 1620 1612
3126 3114 3113
3126 3115 3114
3116 3115 3126
3113 3114 3125
3118 3117 3116
3124 3125 3112
3128 3127 3118
3111 3112 3123
3130 3129 3128
3122 3123 3110
1627 1621 1639
1640 1627 1639
1626 1627 1640
1641 1626 1640
1625 1626 1641
1628 1625 1641
1624 1625 1628
1629 1624 1628
1623 1624 1629
1630 1623 1629
1631 1623 1630
1632 1631 1630
1633 1631 1632
1634 1633 1632
1622 1633 1634
1635 1622 1634
1636 1622 1635
1637 1636 1635
1638 1636 1637
1642 1638 1637
1643 1638 1642
1644 1643 1642
1621 1643 1644
1639 1621 1644
1668 1658 1645
1648 1646 1657
1645 1658 1656
1646 1663 1667
1648 1663 1646
1659 1663 1648
1660 1663 1659
1663 1660 1661
1652 1663 1665
1667 1652 1666
1667 1663 1652
1646 1667 1655
1658 1668 1664
1656 1658 1647
1658 1650 1649
1650 1658 1662
1662 1658 1664
1664 1668 1651
1651 1668 1653
1653 1668 1654
1692 1671 1680
1670 1681 1682
1680 1671 1669
1681 1675 1691
1670 1675 1681
1684 1675 1670
1685 1675 1684
1675 1685 1674
1677 1675 1676
1691 1677 1689
1691 1675 1677
1681 1691 1679
1671 1692 1687
1669 1671 1683
1671 1673 1672
1673 1671 1686
1686 1671 1687
1687 1692 1688
1688 1692 1678
1678 1692 1690
1715 1697 1693
1696 1706 1695
1693 1697 1694
1706 1710 1714
1696 1710 1706
1698 1710 1696
1708 1710 1698
1710 1708 1709
1703 1710 1712
1714 1703 1704
1714 1710 1703
1706 1714 1716
1697 1715 1711
1694 1697 1707
1697 1700 1699
1700 1697 1701
1701 1697 1711
1711 1715 1702
1702 1715 1713
1713 1715 1705
3120 3119 3130
3109 3110 3108
3121 3131 3120
3121 3108 3131
1742 1741 1747
1743 1742 1747
1745 1746 1744
1748 1745 1744
3051 3050 3040
3053 3054 3042
3041 3052 3051
3041 3042 3052
1727 1718 1728
1732 1729 1731
1728 1718 1730
1729 1721 1726
1732 1721 1729
1733 1721 1732
1719 1721 1733
1721 1719 1736
1738 1721 1723
1726 1738 1725
1726 1721 1738
1729 1726 1740
1718 1727 1722
1730 1718 1717
1718 1735 1734
1735 1718 1720
1720 1718 1722
1722 1727 1737
1737 1727 1724
1724 1727 1739
1766 1749 1751
1767 1749 1766
1769 1749 1767
1754 1760 1769
1756 1760 1754
1760 1756 1758
1771 1760 1770
1760 1749 1769
1772 1750 1764
1750 1753 1752
1750 1752 1765
1752 1753 1768
1753 1757 1755
1757 1753 1759
1759 1753 1761
1761 1753 1772
1772 1753 1750
1763 1760 1771
1761 1772 1762
1749 1760 1763
1785 1782 1783
1774 1782 1785
1775 1782 1774
1789 1792 1775
1776 1792 1789
1792 1776 1778
1794 1792 1780
1792 1782 1775
1795 1773 1781
1773 1788 1786
1773 1786 1784
1786 1788 1787
1788 1777 1790
1777 1788 1791
1791 1788 1779
1779 1788 1795
1795 1788 1773
1796 1792 1794
1779 1795 1793
1782 1792 1796
1812 1798 1800
1813 1798 1812
1802 1798 1813
1815 1816 1802
1805 1816 1815
1816 1805 1807
1818 1816 1809
1816 1798 1802
1819 1799 1797
1799 1803 1801
1799 1801 1811
1801 1803 1814
1803 1806 1804
1806 1803 1808
1808 1803 1817
1817 1803 1819
1819 1803 1799
1820 1816 1818
1817 1819 1810
1798 1816 1820
1837 1835 1822
1823 1835 1837
1840 1835 1823
1824 1829 1840
1826 1829 1824
1829 1826 1842
1832 1829 1830
1829 1835 1840
1833 1821 1834
1821 1841 1838
1821 1838 1836
1838 1841 1839
1841 1827 1825
1827 1841 1828
1828 1841 1843
1843 1841 1833
1833 1841 1821
1844 1829 1832
1843 1833 1831
1835 1829 1844
3091 3092 3107
3084 3096 3095
3090 3107 3106
3095 3094 3093
3097 3085 3084
3105 3106 3104
3098 3086 3097
3103 3104 3102
3087 3099 3098
3101 3102 3100
1846 1860 1861
1862 1846 1861
1863 1846 1862
1864 1863 1862
1865 1863 1864
1847 1865 1864
1848 1865 1847
1849 1848 1847
1850 1848 1849
1851 1850 1849
1852 1850 1851
1853 1852 1851
1854 1852 1853
1855 1854 1853
1845 1854 1855
1856 1845 1855
1857 1845 1856
1858 1857 1856
1859 1857 1858
1866 1859 1858
1867 1859 1866
1868 1867 1866
1860 1867 1868
1861 1860 1868
1879 1887 1881
1886 1882 1884
1881 1887 1883
1882 1889 1878
1886 1889 1882
1869 1889 1886
1888 1889 1869
1889 1888 1872
1891 1889 1890
1878 1891 1876
1878 1889 1891
1882 1878 1880
1887 1879 1874
1883 1887 1885
1887 1871 1870
1871 1887 1873
1873 1887 1874
1874 1879 1875
1875 1879 1892
1892 1879 1877
1916 1909 1906
1895 1907 1893
1906 1909 1908
1907 1911 1915
1895 1911 1907
1896 1911 1895
1910 1911 1896
1911 1910 1899
1913 1911 1901
1915 1913 1914
1915 1911 1913
1907 1915 1905
1909 1916 1912
1908 1909 1894
1909 1898 1897
1898 1909 1900
1900 1909 1912
1912 1916 1902
1902 1916 1903
1903 1916 1904
1927 1933 1929
1932 1917 1930
1929 1933 1918
1917 1924 1940
1932 1924 1917
1919 1924 1932
1921 1924 1919
1924 1921 1923
1937 1924 1925
1940 1937 1926
1940 1924 1937
1917 1940 1928
1933 1927 1935
1918 1933 1931
1933 1922 1920
1922 1933 1934
1934 1933 1935
1935 1927 1936
1936 1927 1938
1938 1927 1939
3089 3088 3087
3089 3100 3088
3101 3100 3089
3087 3088 3099
2073 2071 2069
2074 2073 2069
2070 2072 2076
2075 2070 2076
3053 3042 3041
3051 3052 3050
3055 3054 3053
3040 3050 3049
2068 2059 2054
1941 2055 2057
2054 2059 2056
2055 2062 2067
1941 2062 2055
1942 2062 1941
2060 2062 1942
2062 2060 2061
2064 2062 1947
2067 2064 2066
1958 1956 1957
1970 1956 1958
1971 1956 1970
1960 1963 1971
1961 1963 1960
1963 1961 1962
1965 1963 1976
1963 1956 1971
1978 1967 1966
1967 1972 1969
1967 1969 1968
1969 1972 1959
1972 1974 1973
1974 1972 1975
1975 1972 1964
1964 1972 1978
1978 1972 1967
1979 1963 1965
1964 1978 1977
1956 1963 1979
3043 3056 3055
3048 3049 3039
3045 3044 3043
3047 3039 3046
1948 1951 1950
1951 1953 1950
1952 1954 1955
1954 1949 1955
3103 3102 3101
3098 3099 3086
3105 3104 3103
3097 3086 3085
1993 1981 1992
1995 1981 1993
1983 1981 1995
1997 1999 1983
1986 1999 1997
1999 1986 1998
1990 1999 2000
1999 1981 1983
2002 1991 1980
1991 1984 1994
1991 1994 1982
1994 1984 1996
1984 1987 1985
1987 1984 1988
1988 1984 1989
1989 1984 2002
2002 1984 1991
2003 1999 1990
1989 2002 2001
1981 1999 2003
2019 2015 2017
2004 2015 2019
2006 2015 2004
2021 2023 2006
2009 2023 2021
2023 2009 2022
2026 2023 2012
2023 2015 2006
2027 2016 2014
2016 2007 2020
2016 2020 2018
2020 2007 2005
2007 2010 2008
2010 2007 2011
2011 2007 2024
2024 2007 2027
2027 2007 2016
2013 2023 2026
2024 2027 2025
2015 2023 2013
2041 2039 2029
2042 2039 2041
2044 2039 2042
2032 2049 2044
2046 2049 2032
2049 2046 2033
2051 2049 2035
2049 2039 2044
2036 2028 2038
2028 2031 2030
2028 2030 2040
2030 2031 2043
2031 2047 2045
2047 2031 2048
2048 2031 2034
2034 2031 2036
2036 2031 2028
2037 2049 2051
2034 2036 2050
2039 2049 2037
2067 2062 2064
2055 2067 2053
2059 2068 1946
2056 2059 2058
2059 1944 1943
1944 2059 1945
1945 2059 1946
1946 2068 2063
2063 2068 2065
2065 2068 2052
2084 2083 2077
2083 2100 2077
2077 2100 2078
2100 2085 2078
2078 2085 2086
2085 2087 2086
2086 2087 2088
2087 2099 2088
2088 2099 2089
2099 2090 2089
2089 2090 2091
2090 2098 2091
2091 2098 2092
2098 2093 2092
2092 2093 2094
2093 2097 2094
2094 2097 2095
2097 2079 2095
2095 2079 2080
2079 2081 2080
2080 2081 2082
2081 2096 2082
2082 2096 2084
2096 2083 2084
3090 3106 3105
3084 3085 3096
3091 3107 3090
3095 3096 3094
3093 3092 3091
3093 3094 3092
3073 3074 3083
3062 3076 3061
3082 3083 3072
3061 3060 3075
2112 2104 2114
2116 2115 2102
2114 2104 2101
2115 2120 2111
2116 2120 2115
2117 2120 2116
2118 2120 2117
2120 2118 2106
2122 2120 2108
2111 2122 2124
2111 2120 2122
2115 2111 2113
2104 2112 2121
2101 2104 2103
2104 2119 2105
2119 2104 2107
2107 2104 2121
2121 2112 2109
2109 2112 2123
2123 2112 2110
2148 2128 2143
2145 2144 2126
2143 2128 2125
2144 2134 2141
2145 2134 2144
2129 2134 2145
2131 2134 2129
2134 2131 2132
2138 2134 2136
2141 2138 2147
2141 2134 2138
2144 2141 2142
2128 2148 2135
2125 2128 2127
2128 2146 2130
2146 2128 2133
2133 2128 2135
2135 2148 2137
2137 2148 2139
2139 2148 2140
2172 2151 2160
2163 2161 2149
2160 2151 2162
2161 2153 2171
2163 2153 2161
2164 2153 2163
2152 2153 2164
2153 2152 2167
2156 2153 2155
2171 2156 2170
2171 2153 2156
2161 2171 2159
2151 2172 2154
2162 2151 2150
2151 2166 2165
2166 2151 2168
2168 2151 2154
2154 2172 2169
2169 2172 2157
2157 2172 2158
2182 2188 2173
2187 2184 2174
2173 2188 2185
2184 2192 2196
2187 2192 2184
2189 2192 2187
2175 2192 2189
2192 2175 2191
2194 2192 2179
2196 2194 2195
2196 2192 2194
2184 2196 2183
2188 2182 2178
2185 2188 2186
2188 2176 2190
2176 2188 2177
2177 2188 2178
2178 2182 2193
2193 2182 2180
2180 2182 2181
2212 2198 2210
2213 2198 2212
2200 2198 2213
2202 2217 2200
2203 2217 2202
2217 2203 2204
2206 2217 2219
2217 2198 2200
2207 2209 2197
2209 2201 2199
2209 2199 2211
2199 2201 2214
2201 2216 2215
2216 2201 2205
2205 2201 2218
2218 2201 2207
2207 2201 2209
2208 2217 2206
2218 2207 2220
2198 2217 2208
2238 2221 2223
2224 2221 2238
2240 2221 2224
2226 2244 2240
2242 2244 2226
2244 2242 2229
2233 2244 2231
2244 2221 2240
2234 2222 2236
2222 2241 2239
2222 2239 2237
2239 2241 2225
2241 2228 2227
2228 2241 2243
2243 2241 2230
2230 2241 2234
2234 2241 2222
2235 2244 2233
2230 2234 2232
2221 2244 2235
2261 2259 2246
2262 2259 2261
2263 2259 2262
2251 2254 2263
2252 2254 2251
2254 2252 2265
2256 2254 2267
2254 2259 2263
2257 2260 2245
2260 2250 2248
2260 2248 2247
2248 2250 2249
2250 2253 2264
2253 2250 2266
2266 2250 2255
2255 2250 2257
2257 2250 2260
2258 2254 2256
2255 2257 2268
2259 2254 2258
2287 2284 2269
2270 2284 2287
2289 2284 2270
2273 2291 2289
2290 2291 2273
2291 2290 2276
2280 2291 2278
2291 2284 2289
2281 2285 2283
2285 2272 2288
2285 2288 2286
2288 2272 2271
2272 2275 2274
2275 2272 2277
2277 2272 2292
2292 2272 2281
2281 2272 2285
2282 2291 2280
2292 2281 2279
2284 2291 2282
3064 3063 3062
3071 3072 3081
3077 3065 3064
3070 3081 3069
3067 3066 3077
3080 3069 3079
3078 3068 3067
3078 3079 3068
3017 3016 3019
3016 3023 3019
2295 2316 2309
2310 2295 2309
2311 2295 2310
2312 2311 2310
2294 2311 2312
2296 2294 2312
2297 2294 2296
2298 2297 2296
2299 2297 2298
2300 2299 2298
2293 2299 2300
2301 2293 2300
2302 2293 2301
2303 2302 2301
2305 2302 2303
2304 2305 2303
2307 2305 2304
2306 2307 2304
2308 2307 2306
2313 2308 2306
2314 2308 2313
2315 2314 2313
2316 2314 2315
2309 2316 2315
2340 2319 2331
2334 2332 2317
2331 2319 2333
2332 2336 2339
2334 2336 2332
2320 2336 2334
2322 2336 2320
2336 2322 2324
2337 2336 2326
2339 2337 2329
2339 2336 2337
2332 2339 2330
2319 2340 2325
2333 2319 2318
2319 2323 2321
2323 2319 2335
2335 2319 2325
2325 2340 2327
2327 2340 2328
2328 2340 2338
2358 2346 2341
2345 2360 2343
2341 2346 2342
2360 2353 2364
2345 2353 2360
2347 2353 2345
2349 2353 2347
2353 2349 2351
2363 2353 2354
2364 2363 2356
2364 2353 2363
2360 2364 2359
2346 2358 2361
2342 2346 2344
2346 2350 2348
2350 2346 2352
2352 2346 2361
2361 2358 2362
2362 2358 2355
2355 2358 2357
2387 2369 2379
2368 2365 2380
2379 2369 2366
2365 2373 2378
2368 2373 2365
2370 2373 2368
2372 2373 2370
2373 2372 2382
2376 2373 2384
2378 2376 2377
2378 2373 2376
2365 2378 2388
2369 2387 2374
2366 2369 2367
2369 2381 2371
2381 2369 2383
2383 2369 2374
2374 2387 2375
2375 2387 2385
2385 2387 2386
3022 3021 3020
3021 3018 3020
2953 2959 2954
2955 2953 2954
2417 2418 2419
2420 2417 2419
2415 2413 2414
2416 2415 2414
3058 3057 3045
3038 3046 3037
3036 3059 3058
3036 3037 3059
2399 2392 2400
2391 2401 2389
2400 2392 2402
2401 2395 2398
2391 2395 2401
2403 2395 2391
2404 2395 2403
2395 2404 2406
2397 2395 2396
2398 2397 2410
2398 2395 2397
2401 2398 2412
2392 2399 2407
2402 2392 2390
2392 2405 2393
2405 2392 2394
2394 2392 2407
2407 2399 2408
2408 2399 2409
2409 2399 2411
745 747 755
743 747 745
741 747 743
739 735 741
737 735 739
735 737 754
750 735 751
735 747 741
749 756 748
756 740 744
756 744 746
744 740 742
740 736 738
736 740 753
753 740 752
752 740 749
749 740 756
733 735 750
752 749 734
747 735 733
729 732 717
716 732 729
715 732 716
725 711 715
714 711 725
711 714 713
710 711 721
711 732 715
719 731 718
731 726 728
731 728 730
728 726 727
726 723 724
723 726 712
712 726 722
722 726 719
719 726 731
709 711 710
722 719 720
732 711 709
707 698 697
695 698 707
705 698 695
692 689 705
690 689 692
689 690 703
687 689 688
689 698 705
686 708 699
708 693 706
708 706 696
706 693 694
693 704 691
704 693 702
702 693 701
701 693 686
686 693 708
685 689 687
701 686 700
698 689 685
681 684 682
671 684 681
670 684 671
668 664 670
666 664 668
664 666 678
676 664 677
664 684 670
675 683 674
683 669 672
683 672 673
672 669 680
669 679 667
679 669 665
665 669 663
663 669 675
675 669 683
661 664 676
663 675 662
684 664 661
2952 2956 2957
2958 2952 2957
2950 2951 2948
2951 2947 2948
2945 2944 2946
2944 2949 2946
3014 3013 3009
3013 3011 3009
3010 3012 3008
3012 3015 3008
656 637 644
643 656 644
642 656 643
641 642 643
640 642 641
655 640 641
654 640 655
653 654 655
657 654 653
652 657 653
658 657 652
651 658 652
650 658 651
649 650 651
647 650 649
648 647 649
646 647 648
645 646 648
659 646 645
639 659 645
660 659 639
638 660 639
637 660 638
644 637 638
614 633 636
620 635 634
636 633 622
635 628 623
620 628 635
632 628 620
631 628 632
628 631 629
625 628 617
623 625 615
623 628 625
635 623 613
633 614 627
622 633 621
633 630 619
630 633 618
618 633 627
627 614 626
626 614 616
616 614 624
600 612 599
594 598 596
599 612 597
598 607 601
594 607 598
593 607 594
592 607 593
607 592 609
604 607 606
601 604 602
601 607 604
598 601 589
612 600 591
597 612 595
612 610 611
610 612 608
608 612 591
591 600 605
605 600 603
603 600 590
566 585 578
586 577 576
578 585 588
577 572 579
586 572 577
575 572 586
584 572 575
572 584 582
569 572 571
579 569 580
579 572 569
577 579 565
585 566 581
588 585 587
585 583 574
583 585 573
573 585 581
581 566 570
570 566 568
568 566 567
2998 2996 2997
2995 2998 2997
2993 2992 2994
2999 2993 2994
429 436 435
434 429 435
430 431 433
432 430 433
3660 3659 3671
3657 3658 3656
3661 3672 3660
3670 3656 3655
451 446 564
562 449 563
564 446 448
449 442 452
562 442 449
445 442 562
560 442 445
442 560 559
438 442 440
452 438 454
549 539 537
548 539 549
546 539 548
535 531 546
533 531 535
531 533 532
528 531 542
531 539 546
541 538 540
538 545 536
538 536 550
536 545 547
545 544 534
544 545 543
543 545 530
530 545 541
541 545 538
527 531 528
530 541 529
539 531 527
3674 3673 3661
3669 3655 3668
3676 3675 3674
3667 3668 3666
555 554 556
554 553 556
558 552 557
552 551 557
3000 3002 3007
3002 3006 3007
3001 3004 3003
3004 3005 3003
513 526 524
512 526 513
510 526 512
509 519 510
507 519 509
519 507 506
504 519 517
519 526 510
515 525 514
525 521 522
525 522 523
522 521 511
521 520 508
520 521 505
505 521 518
518 521 515
515 521 525
503 519 504
518 515 516
526 519 503
500 490 489
498 490 500
487 490 498
496 482 487
486 482 496
482 486 484
493 482 480
482 490 487
492 502 491
502 497 499
502 499 501
499 497 488
497 485 495
485 497 483
483 497 481
481 497 492
492 497 502
479 482 493
481 492 494
490 482 479
460 478 477
475 478 460
473 478 475
471 455 473
458 455 471
455 458 456
465 455 467
455 478 473
464 461 462
461 472 459
461 459 476
459 472 474
472 457 470
457 472 469
469 472 468
468 472 464
464 472 461
463 455 465
468 464 466
478 455 463
452 442 438
449 452 450
446 451 441
448 446 447
446 444 561
444 446 443
443 446 441
441 451 439
439 451 437
437 451 453
421 428 427
428 426 427
427 426 425
426 420 425
425 420 419
420 405 419
419 405 417
405 418 417
417 418 416
418 415 416
416 415 414
415 413 414
414 413 411
413 412 411
411 412 410
412 409 410
410 409 408
409 424 408
408 424 423
424 406 423
423 406 422
406 407 422
422 407 421
407 428 421
2990 2984 2987
2984 2991 2987
2988 2985 2989
2985 2986 2989
2972 2968 2975
2974 2972 2975
2969 2971 2970
2973 2969 2970
2977 2976 2978
2976 2981 2978
381 400 390
389 404 402
390 400 403
404 385 392
389 385 404
399 385 389
398 385 399
385 398 386
382 385 384
392 382 394
392 385 382
404 392 391
400 381 396
403 400 401
400 387 388
387 400 397
397 400 396
396 381 383
383 381 395
395 381 393
370 366 380
377 368 367
380 366 379
368 9 5
377 9 368
365 9 377
364 9 365
9 364 11
7 9 374
5 7 371
5 9 7
368 5 369
366 370 8
379 366 378
366 375 376
375 366 10
10 366 8
8 370 373
373 370 372
372 370 6
2439 1 4
2 2427 2429
4 1 2428
2427 2435 2425
2 2435 2427
2430 2435 2
2432 2435 2430
2435 2432 0
2422 2435 2437
2425 2422 2424
2425 2435 2422
2427 2425 2426
1 2439 2436
2428 1 3
1 2433 2431
2433 1 2434
2434 1 2436
2436 2439 2421
2421 2439 2423
2423 2439 2438
2462 2453 2440
2445 2441 2443
2440 2453 2442
2441 2458 2452
2445 2458 2441
2454 2458 2445
2456 2458 2454
2458 2456 2457
2450 2458 2448
2452 2450 2461
2452 2458 2450
2441 2452 2463
2453 2462 2459
2442 2453 2444
2453 2446 2455
2446 2453 2447
2447 2453 2459
2459 2462 2449
2449 2462 2460
2460 2462 2451
2467 2476 2477
2478 2476 2467
2480 2476 2478
2469 2485 2480
2483 2485 2469
2485 2483 2470
2474 2485 2472
2485 2476 2480
2475 2465 2464
2465 2481 2468
2465 2468 2466
2468 2481 2479
2481 2484 2482
2484 2481 2471
2471 2481 2486
2486 2481 2475
2475 2481 2465
2487 2485 2474
2486 2475 2473
2476 2485 2487
2504 2489 2490
2491 2489 2504
2492 2489 2491
2494 2509 2492
2495 2509 2494
2509 2495 2497
2511 2509 2499
2509 2489 2492
2500 2502 2488
2502 2493 2505
2502 2505 2503
2505 2493 2506
2493 2496 2507
2496 2493 2508
2508 2493 2498
2498 2493 2500
2500 2493 2502
2501 2509 2511
2498 2500 2510
2489 2509 2501
2515 2525 2513
2527 2525 2515
2517 2525 2527
2529 2522 2517
2531 2522 2529
2522 2531 2520
2524 2522 2532
2522 2525 2517
2534 2526 2512
2526 2518 2516
2526 2516 2514
2516 2518 2528
2518 2519 2530
2519 2518 2521
2521 2518 2523
2523 2518 2534
2534 2518 2526
2535 2522 2524
2523 2534 2533
2525 2522 2535
2551 2537 2549
2553 2537 2551
2540 2537 2553
2542 2557 2540
2554 2557 2542
2557 2554 2555
2546 2557 2559
2557 2537 2540
2547 2538 2536
2538 2541 2552
2538 2552 2550
2552 2541 2539
2541 2544 2543
2544 2541 2556
2556 2541 2558
2558 2541 2547
2547 2541 2538
2548 2557 2546
2558 2547 2545
2537 2557 2548
2979 2982 2980
2982 2983 2980
2962 2966 2965
2964 2962 2965
2967 2961 2960
2963 2967 2960
2929 2933 2932
2934 2929 2932
2930 2928 2931
2935 2930 2931
2563 2577 2576
2578 2563 2576
2562 2563 2578
2579 2562 2578
2580 2562 2579
2564 2580 2579
2565 2580 2564
2566 2565 2564
2567 2565 2566
2568 2567 2566
2561 2567 2568
2569 2561 2568
2570 2561 2569
2571 2570 2569
2572 2570 2571
2573 2572 2571
2575 2572 2573
2574 2575 2573
2560 2575 2574
2581 2560 2574
2582 2560 2581
2583 2582 2581
2577 2582 2583
2576 2577 2583
2594 2599 2596
2586 2584 2598
2596 2599 2597
2584 2590 2607
2586 2590 2584
2600 2590 2586
2587 2590 2600
2590 2587 2588
2593 2590 2603
2607 2593 2605
2607 2590 2593
2584 2607 2595
2599 2594 2591
2597 2599 2585
2599 2602 2601
2602 2599 2589
2589 2599 2591
2591 2594 2592
2592 2594 2604
2604 2594 2606
2617 2622 2619
2610 2620 2608
2619 2622 2621
2620 2626 2631
2610 2626 2620
2623 2626 2610
2612 2626 2623
2626 2612 2625
2629 2626 2628
2631 2629 2615
2631 2626 2629
2620 2631 2618
2622 2617 2627
2621 2622 2609
2622 2624 2611
2624 2622 2613
2613 2622 2627
2627 2617 2614
2614 2617 2630
2630 2617 2616
2642 2633 2644
2632 2645 2647
2644 2633 2646
2645 2638 2641
2632 2638 2645
2634 2638 2632
2649 2638 2634
2638 2649 2650
2653 2638 2639
2641 2653 2654
2641 2638 2653
2645 2641 2643
2633 2642 2651
2646 2633 2648
2633 2636 2635
2636 2633 2637
2637 2633 2651
2651 2642 2652
2652 2642 2640
2640 2642 2655
2942 2941 2940
2941 2943 2940
2938 2936 2939
2936 2937 2939
2685 2680 2681
2682 2685 2681
2686 2684 2683
2687 2686 2683
3663 3662 3676
3654 3666 3665
3653 3664 3663
3653 3665 3664
2668 2675 2670
2674 2656 2672
2670 2675 2671
2656 2662 2679
2674 2662 2656
2657 2662 2674
2659 2662 2657
2662 2659 2676
2666 2662 2664
2679 2666 2677
2679 2662 2666
2656 2679 2669
2675 2668 2663
2671 2675 2673
2675 2660 2658
2660 2675 2661
2661 2675 2663
2663 2668 2665
2665 2668 2667
2667 2668 2678
2688 2699 2696
2689 2688 2696
2690 2689 2696
2695 2690 2696
2694 2695 2696
2691 2694 2696
2692 2691 2696
2693 2692 2696
2698 2693 2696
2697 2698 2696
2709 2714 2712
2711 2709 2712
2708 2710 2715
2713 2708 2715
2702 2701 2700
2701 2706 2700
2704 2705 2703
2705 2707 2703
2722 2723 2721
2723 2720 2721
2720 2724 2721
2724 2725 2721
2725 2719 2721
2719 2726 2721
2726 2718 2721
2718 2717 2721
2717 2716 2721
2716 2727 2721
2775 2770 2769
2770 2772 2769
2773 2774 2768
2774 2771 2768
2782 2777 2781
2777 2783 2781
2783 2784 2781
2784 2780 2781
2780 2785 2781
2785 2779 2781
2779 2786 2781
2786 2787 2781
2787 2776 2781
2776 2778 2781
2799 2788 2797
2796 2799 2797
2795 2796 2797
2794 2795 2797
2789 2794 2797
2790 2789 2797
2793 2790 2797
2792 2793 2797
2798 2792 2797
2791 2798 2797
2815 2809 2810
2812 2815 2810
2814 2811 2813
2808 2814 2813
2801 2804 2803
2804 2806 2803
2807 2800 2802
2800 2805 2802
2817 2823 2818
2823 2824 2818
2824 2825 2818
2825 2826 2818
2826 2822 2818
2822 2821 2818
2821 2820 2818
2820 2819 2818
2819 2827 2818
2827 2816 2818
2839 2828 2834
2838 2839 2834
2837 2838 2834
2829 2837 2834
2836 2829 2834
2835 2836 2834
2830 2835 2834
2831 2830 2834
2832 2831 2834
2833 2832 2834
2842 2846 2843
2845 2842 2843
2841 2844 2847
2840 2841 2847
2859 2856 2849
2855 2859 2849
2854 2855 2849
2848 2854 2849
2853 2848 2849
2852 2853 2849
2851 2852 2849
2850 2851 2849
2858 2850 2849
2857 2858 2849
2873 2868 2875
2871 2873 2875
2872 2869 2874
2870 2872 2874
2861 2866 2860
2866 2863 2860
2865 2864 2862
2864 2867 2862
2877 2876 2883
2876 2884 2883
2884 2882 2883
2882 2885 2883
2885 2881 2883
2881 2886 2883
2886 2880 2883
2880 2879 2883
2879 2887 2883
2887 2878 2883
2898 2899 2890
2896 2898 2890
2895 2896 2890
2894 2895 2890
2893 2894 2890
2888 2893 2890
2892 2888 2890
2891 2892 2890
2889 2891 2890
2897 2889 2890
2907 2906 2901
2900 2907 2901
2904 2902 2903
2905 2904 2903
2767 2756 2763
2766 2767 2763
2759 2766 2763
2760 2759 2763
2761 2760 2763
2765 2761 2763
2764 2765 2763
2762 2764 2763
2757 2762 2763
2758 2757 2763
2745 2746 2744
2742 2745 2744
2740 2741 2743
2747 2740 2743
2748 2749 2752
2749 2751 2752
2750 2755 2753
2755 2754 2753
2729 2737 2730
2737 2731 2730
2731 2732 2730
2732 2733 2730
2733 2734 2730
2734 2735 2730
2735 2728 2730
2728 2736 2730
2736 2738 2730
2738 2739 2730
2919 2917 2911
2908 2919 2911
2916 2908 2911
2915 2916 2911
2914 2915 2911
2909 2914 2911
2913 2909 2911
2912 2913 2911
2918 2912 2911
2910 2918 2911
2922 2921 2923
2924 2922 2923
2925 2926 2927
2920 2925 2927
3197 3185 3198
3200 3199 3186
3195 3196 3197
3187 3186 3188
3184 3194 3195
3201 3188 3202
3193 3183 3184
3189 3202 3190
3181 3182 3193
3191 3190 3203
3192 3180 3181
3192 3203 3180
3212 3213 3235
3212 3235 3234
3220 3214 3213
3234 3233 3232
3215 3221 3214
3232 3231 3230
3216 3222 3221
3230 3229 3228
3217 3223 3222
3228 3227 3226
3224 3225 3223
3226 3219 3218
3218 3219 3225
3218 3225 3224
3226 3227 3219
3224 3223 3217
3228 3229 3227
3217 3222 3216
3230 3231 3229
3216 3221 3215
3220 3213 3212
3232 3233 3231
3215 3214 3220
3234 3235 3233
3236 3237 3259
3236 3259 3258
3238 3239 3237
3258 3248 3257
3240 3241 3239
3257 3256 3247
3249 3250 3241
3247 3246 3245
3251 3242 3250
3245 3244 3255
3252 3243 3242
3255 3254 3253
3253 3254 3243
3253 3243 3252
3255 3244 3254
3252 3242 3251
3245 3246 3244
3251 3250 3249
3247 3256 3246
3249 3241 3240
3238 3237 3236
3257 3248 3256
3240 3239 3238
3258 3259 3248
3270 3271 3283
3270 3283 3282
3272 3273 3271
3282 3269 3268
3260 3261 3273
3268 3281 3280
3274 3262 3261
3280 3279 3267
3275 3263 3262
3267 3266 3278
3276 3264 3263
3278 3265 3277
3277 3265 3264
3277 3264 3276
3278 3266 3265
3276 3263 3275
3267 3279 3266
3275 3262 3274
3280 3281 3279
3274 3261 3260
3272 3271 3270
3268 3269 3281
3260 3273 3272
3282 3283 3269
3284 3290 3289
3284 3289 3307
3285 3291 3290
3307 3306 3305
3292 3293 3291
3305 3288 3304
3294 3286 3293
3304 3303 3302
3295 3296 3286
3302 3301 3300
3297 3298 3296
3300 3287 3299
3299 3287 3298
3299 3298 3297
3300 3301 3287
3297 3296 3295
3302 3303 3301
3295 3286 3294
3304 3288 3303
3294 3293 3292
3285 3290 3284
3305 3306 3288
3292 3291 3285
3307 3289 3306
3204 3309 3310
3320 3321 3322
3205 3310 3206
3322 3323 3308
3318 3319 3320
3311 3206 3207
3316 3317 3318
3312 3207 3208
3210 3211 3316
3313 3208 3314
3315 3209 3210
3315 3314 3209
3313 3314 3315
3210 3209 3211
3312 3208 3313
3316 3211 3317
3311 3207 3312
3318 3317 3319
3205 3206 3311
3320 3319 3321
3204 3310 3205
3322 3321 3323
3308 3309 3204
3308 3323 3309
3671 3659 3658
3671 3658 3657
3660 3672 3659
3657 3656 3670
3661 3673 3672
3670 3655 3669
3674 3675 3673
3669 3668 3667
3654 3665 3653
3676 3662 3675
3667 3666 3654
3663 3664 3662
3677 3691 3690
3677 3690 3689
3692 3678 3691
3689 3700 3688
3693 3679 3678
3688 3687 3686
3680 3694 3679
3686 3699 3685
3681 3682 3694
3685 3684 3698
3695 3696 3682
3698 3697 3683
3683 3697 3696
3683 3696 3695
3698 3684 3697
3695 3682 3681
3685 3699 3684
3681 3694 3680
3686 3687 3699
3680 3679 3693
3692 3691 3677
3688 3700 3687
3693 3678 3692
3689 3690 3700
3701 3702 3724
3701 3724 3723
3703 3713 3702
3723 3712 3711
3714 3715 3713
3711 3722 3721
3704 3705 3715
3721 3720 3719
3706 3716 3705
3719 3710 3709
3707 3717 3716
3709 3718 3708
3708 3718 3717
3708 3717 3707
3709 3710 3718
3707 3716 3706
3719 3720 3710
3706 3705 3704
3721 3722 3720
3704 3715 3714
3703 3702 3701
3711 3712 3722
3714 3713 3703
3723 3724 3712
3741 3725 3748
3741 3748 3740
3726 3742 3725
3740 3747 3739
3743 3727 3742
3739 3738 3737
3728 3729 3727
3737 3736 3735
3744 3730 3729
3735 3746 3734
3745 3731 3730
3734 3733 3732
3732 3733 3731
3732 3731 3745
3734 3746 3733
3745 3730 3744
3735 3736 3746
3744 3729 3728
3737 3738 3736
3728 3727 3743
3726 3725 3741
3739 3747 3738
3743 3742 3726
3740 3748 3747
3765 3749 3750
3761 3762 3763
3751 3750 3752
3763 3772 3764
3759 3760 3761
3753 3752 3766
3771 3758 3759
3767 3766 3768
3770 3757 3771
3754 3768 3755
3769 3756 3770
3769 3755 3756
3754 3755 3769
3770 3756 3757
3767 3768 3754
3771 3757 3758
3753 3766 3767
3759 3758 3760
3751 3752 3753
3761 3760 3762
3765 3750 3751
3763 3762 3772
3764 3749 3765
3764 3772 3749
3784 3783 3773
3780 3795 3796
3785 3773 3786
3796 3781 3782
3779 3794 3780
3787 3786 3788
3792 3793 3779
3774 3788 3789
3777 3778 3792
3775 3789 3790
3791 3776 3777
3791 3790 3776
3775 3790 3791
3777 3776 3778
3774 3789 3775
3792 3778 3793
3787 3788 3774
3779 3793 3794
3785 3786 3787
3780 3794 3795
3784 3773 3785
3796 3795 3781
3782 3783 3784
3782 3781 3783
3807 3797 3808
3817 3818 3819
3798 3808 3809
3819 3806 3820
3816 3805 3817
3810 3809 3799
3815 3804 3816
3800 3799 3811
3813 3814 3815
3812 3811 3801
3802 3803 3813
3802 3801 3803
3812 3801 3802
3813 3803 3814
3800 3811 3812
3815 3814 3804
3810 3799 3800
3816 3804 3805
3798 3809 3810
3817 3805 3818
3807 3808 3798
3819 3818 3806
3820 3797 3807
3820 3806 3797
3822 3821 3823
3841 3831 3842
3832 3823 3833
3842 3843 3844
3830 3840 3841
3824 3833 3825
3829 3839 3830
3826 3825 3834
3837 3838 3829
3827 3834 3835
3828 3836 3837
3828 3835 3836
3827 3835 3828
3837 3836 3838
3826 3834 3827
3829 3838 3839
3824 3825 3826
3830 3839 3840
3832 3833 3824
3841 3840 3831
3822 3823 3832
3842 3831 3843
3844 3821 3822
3844 3843 3821
3845 3855 3854
3845 3854 3868
3846 3847 3855
3868 3867 3853
3856 3857 3847
3853 3866 3852
3858 3848 3857
3852 3865 3851
3849 3859 3848
3851 3864 3863
3860 3850 3859
3863 3862 3861
3861 3862 3850
3861 3850 3860
3863 3864 3862
3860 3859 3849
3851 3865 3864
3849 3848 3858
3852 3866 3865
3858 3857 3856
3846 3855 3845
3853 3867 3866
3856 3847 3846
3868 3854 3867
3881 3882 3892
3881 3892 3880
3869 3870 3882
3880 3879 3891
3883 3884 3870
3891 3890 3889
3871 3872 3884
3889 3878 3888
3873 3874 3872
3888 3887 3877
3875 3876 3874
3877 3886 3885
3885 3886 3876
3885 3876 3875
3877 3887 3886
3875 3874 3873
3888 3878 3887
3873 3872 3871
3889 3890 3878
3871 3884 3883
3869 3882 3881
3891 3879 3890
3883 3870 3869
3880 3892 3879
3893 3907 3906
3893 3906 3916
3908 3909 3907
3916 3915 3905
3894 3895 3909
3905 3904 3903
3896 3897 3895
3903 3902 3901
3898 3899 3897
3901 3914 3913
3910 3911 3899
3913 3912 3900
3900 3912 3911
3900 3911 3910
3913 3914 3912
3910 3899 3898
3901 3902 3914
3898 3897 3896
3903 3904 3902
3896 3895 3894
3908 3907 3893
3905 3915 3904
3894 3909 3908
3916 3906 3915
3929 3930 3940
3929 3940 3928
3931 3932 3930
3928 3927 3939
3933 3934 3932
3939 3938 3926
3917 3918 3934
3926 3925 3924
3919 3935 3918
3924 3923 3922
3920 3921 3935
3922 3937 3936
3936 3937 3921
3936 3921 3920
3922 3923 3937
3920 3935 3919
3924 3925 3923
3919 3918 3917
3926 3938 3925
3917 3934 3933
3931 3930 3929
3939 3927 3938
3933 3932 3931
3928 3940 3927
3956 3957 4060
3956 4060 3955
3958 3959 3957
3955 3954 3953
3941 4056 3959
3953 3952 4059
3942 3943 4056
4059 3951 3950
3944 3945 3943
3950 3949 3948
4057 3946 3945
3948 3947 4058
4058 3947 3946
4058 3946 4057
3948 3949 3947
4057 3945 3944
3950 3951 3949
3944 3943 3942
4059 3952 3951
3942 4056 3941
3958 3957 3956
3953 3954 3952
3941 3959 3958
3955 4060 3954
3974 3960 3975
3969 3970 3971
3961 3975 3976
3971 3972 3973
3967 3968 3969
3962 3976 3977
3983 3966 3967
3978 3977 3963
3981 3982 3983
3964 3963 3965
3979 3980 3981
3979 3965 3980
3964 3965 3979
3981 3980 3982
3978 3963 3964
3983 3982 3966
3962 3977 3978
3967 3966 3968
3961 3976 3962
3969 3968 3970
3974 3975 3961
3971 3970 3972
3973 3960 3974
3973 3972 3960
3994 3984 3985
4006 4007 3991
3995 3985 3986
3991 3992 3993
4005 3990 4006
3987 3986 3988
4003 4004 4005
3996 3988 3997
4001 4002 4003
3998 3997 3989
3999 4000 4001
3999 3989 4000
3998 3989 3999
4001 4000 4002
3996 3997 3998
4003 4002 4004
3987 3988 3996
4005 4004 3990
3995 3986 3987
4006 3990 4007
3994 3985 3995
3991 4007 3992
3993 3984 3994
3993 3992 3984
4009 4008 4018
4028 4029 4030
4010 4018 4019
4030 4017 4031
4027 4016 4028
4020 4019 4011
4014 4015 4027
4021 4011 4022
4025 4026 4014
4023 4022 4024
4012 4013 4025
4012 4024 4013
4023 4024 4012
4025 4013 4026
4021 4022 4023
4014 4026 4015
4020 4011 4021
4027 4015 4016
4010 4019 4020
4028 4016 4029
4009 4018 4010
4030 4029 4017
4031 4008 4009
4031 4017 4008
4045 4032 4033
4043 4053 4054
4046 4033 4034
4054 4055 4044
4052 4042 4043
4035 4034 4036
4051 4041 4052
4047 4036 4037
4050 4040 4051
4048 4037 4038
4049 4039 4050
4049 4038 4039
4048 4038 4049
4050 4039 4040
4047 4037 4048
4051 4040 4041
4035 4036 4047
4052 4041 4042
4046 4034 4035
4043 4042 4053
4045 4033 4046
4054 4053 4055
4044 4032 4045
4044 4055 4032
4072 4061 4084
4072 4084 4083
4062 4063 4061
4083 4082 4071
4073 4064 4063
4071 4081 4080
4065 4066 4064
4080 4079 4078
4067 4068 4066
4078 4070 4077
4074 4069 4068
4077 4076 4075
4075 4076 4069
4075 4069 4074
4077 4070 4076
4074 4068 4067
4078 4079 4070
4067 4066 4065
4080 4081 4079
4065 4064 4073
4062 4061 4072
4071 4082 4081
4073 4063 4062
4083 4084 4082
4085 4098 4108
4085 4108 4107
4086 4087 4098
4107 4106 4097
4088 4099 4087
4097 4096 4095
4100 4101 4099
4095 4105 4094
4102 4089 4101
4094 4093 4104
4090 4103 4089
4104 4092 4091
4091 4092 4103
4091 4103 4090
4104 4093 4092
4090 4089 4102
4094 4105 4093
4102 4101 4100
4095 4096 4105
4100 4099 4088
4086 4098 4085
4097 4106 4096
4088 4087 4086
4107 4108 4106
4118 4119 4132
4118 4132 4117
4120 4121 4119
4117 4116 4131
4109 4110 4121
4131 4130 4129
4122 4111 4110
4129 4115 4128
4123 4112 4111
4128 4127 4114
4113 4124 4112
4114 4126 4125
4125 4126 4124
4125 4124 4113
4114 4127 4126
4113 4112 4123
4128 4115 4127
4123 4111 4122
4129 4130 4115
4122 4110 4109
4120 4119 4118
4131 4116 4130
4109 4121 4120
4117 4132 4116
4134 4133 4135
4143 4155 4144
4146 4135 4147
4144 4145 4156
4142 4154 4143
4136 4147 4148
4152 4153 4142
4137 4148 4138
4140 4141 4152
4149 4138 4150
4139 4151 4140
4139 4150 4151
4149 4150 4139
4140 4151 4141
4137 4138 4149
4152 4141 4153
4136 4148 4137
4142 4153 4154
4146 4147 4136
4143 4154 4155
4134 4135 4146
4144 4155 4145
4156 4133 4134
4156 4145 4133
4164 4163 4165
4178 4179 4161
4166 4165 4157
4161 4162 4180
4176 4177 4178
4167 4157 4168
4174 4175 4176
4169 4168 4170
4172 4173 4174
4171 4170 4158
4159 4160 4172
4159 4158 4160
4171 4158 4159
4172 4160 4173
4169 4170 4171
4174 4173 4175
4167 4168 4169
4176 4175 4177
4166 4157 4167
4178 4177 4179
4164 4165 4166
4161 4179 4162
4180 4163 4164
4180 4162 4163
4182 4181 4183
4202 4192 4203
4184 4183 4194
4203 4204 4193
4201 4191 4202
4185 4194 4186
4189 4190 4201
4195 4186 4196
4199 4200 4189
4187 4196 4188
4197 4198 4199
4197 4188 4198
4187 4188 4197
4199 4198 4200
4195 4196 4187
4189 4200 4190
4185 4186 4195
4201 4190 4191
4184 4194 4185
4202 4191 4192
4182 4183 4184
4203 4192 4204
4193 4181 4182
4193 4204 4181
4206 4205 4207
4215 4226 4216
4217 4207 4208
4216 4227 4228
4213 4214 4215
4209 4208 4218
4212 4225 4213
4219 4218 4220
4211 4224 4212
4221 4220 4222
4210 4223 4211
4210 4222 4223
4221 4222 4210
4211 4223 4224
4219 4220 4221
4212 4224 4225
4209 4218 4219
4213 4225 4214
4217 4208 4209
4215 4214 4226
4206 4207 4217
4216 4226 4227
4228 4205 4206
4228 4227 4205
4234 4229 4235
4248 4249 4250
4236 4235 4237
4250 4251 4252
4246 4247 4248
4238 4237 4230
4245 4233 4246
4239 4230 4240
4243 4244 4245
4231 4240 4232
4241 4242 4243
4241 4232 4242
4231 4232 4241
4243 4242 4244
4239 4240 4231
4245 4244 4233
4238 4230 4239
4246 4233 4247
4236 4237 4238
4248 4247 4249
4234 4235 4236
4250 4249 4251
4252 4229 4234
4252 4251 4229
4253 4266 4254
4274 4264 4265
4267 4254 4255
4265 4275 4276
4263 4273 4274
4268 4255 4269
4262 4272 4263
4256 4269 4257
4260 4261 4262
4258 4257 4259
4270 4271 4260
4270 4259 4271
4258 4259 4270
4260 4271 4261
4256 4257 4258
4262 4261 4272
4268 4269 4256
4263 4272 4273
4267 4255 4268
4274 4273 4264
4253 4254 4267
4265 4264 4275
4276 4266 4253
4276 4275 4266
4284 4277 4285
4297 4298 4299
4278 4285 4279
4299 4300 4283
4295 4296 4297
4286 4279 4280
4293 4294 4295
4287 4280 4288
4282 4292 4293
4281 4288 4289
4290 4291 4282
4290 4289 4291
4281 4289 4290
4282 4291 4292
4287 4288 4281
4293 4292 4294
4286 4280 4287
4295 4294 4296
4278 4279 4286
4297 4296 4298
4284 4285 4278
4299 4298 4300
4283 4277 4284
4283 4300 4277
4302 4301 4303
4310 4322 4311
4312 4303 4304
4311 4323 4324
4320 4321 4310
4313 4304 4305
4319 4309 4320
4314 4305 4315
4318 4308 4319
4316 4315 4317
4306 4307 4318
4306 4317 4307
4316 4317 4306
4318 4307 4308
4314 4315 4316
4319 4308 4309
4313 4305 4314
4320 4309 4321
4312 4304 4313
4310 4321 4322
4302 4303 4312
4311 4322 4323
4324 4301 4302
4324 4323 4301
4340 4325 4339
4340 4339 4338
4326 4327 4325
4338 4337 4348
4328 4329 4327
4348 4347 4336
4330 4341 4329
4336 4335 4334
4331 4332 4341
4334 4346 4333
4342 4343 4332
4333 4345 4344
4344 4345 4343
4344 4343 4342
4333 4346 4345
4342 4332 4331
4334 4335 4346
4331 4341 4330
4336 4347 4335
4330 4329 4328
4326 4325 4340
4348 4337 4347
4328 4327 4326
4338 4339 4337
4349 4359 4372
4349 4372 4371
4350 4360 4359
4371 4358 4370
4351 4361 4360
4370 4369 4357
4352 4353 4361
4357 4356 4355
4362 4363 4353
4355 4368 4367
4364 4365 4363
4367 4366 4354
4354 4366 4365
4354 4365 4364
4367 4368 4366
4364 4363 4362
4355 4356 4368
4362 4353 4352
4357 4369 4356
4352 4361 4351
4350 4359 4349
4370 4358 4369
4351 4360 4350
4371 4372 4358
4382 4373 4396
4382 4396 4395
4374 4383 4373
4395 4381 4394
4384 4385 4383
4394 4393 4380
4375 4386 4385
4380 4392 4379
4387 4388 4386
4379 4378 4377
4376 4389 4388
4377 4391 4390
4390 4391 4389
4390 4389 4376
4377 4378 4391
4376 4388 4387
4379 4392 4378
4387 4386 4375
4380 4393 4392
4375 4385 4384
4374 4373 4382
4394 4381 4393
4384 4383 4374
4395 4396 4381
4397 4413 4412
4397 4412 4411
4414 4398 4413
4411 4410 4409
4415 4399 4398
4409 4408 4407
4416 4400 4399
4407 4420 4406
4417 4401 4400
4406 4405 4404
4402 4418 4401
4404 4403 4419
4419 4403 4418
4419 4418 4402
4404 4405 4403
4402 4401 4417
4406 4420 4405
4417 4400 4416
4407 4408 4420
4416 4399 4415
4414 4413 4397
4409 4410 4408
4415 4398 4414
4411 4412 4410
4422 4421 4432
4442 4430 4443
4433 4432 4423
4443 4444 4431
4428 4429 4442
4424 4423 4434
4441 4427 4428
4435 4434 4425
4439 4440 4441
4436 4425 4426
4437 4438 4439
4437 4426 4438
4436 4426 4437
4439 4438 4440
4435 4425 4436
4441 4440 4427
4424 4434 4435
4428 4427 4429
4433 4423 4424
4442 4429 4430
4422 4432 4433
4443 4430 4444
4431 4421 4422
4431 4444 4421
4457 4456 4445
4465 4466 4467
4458 4445 4459
4467 4468 4455
4453 4454 4465
4446 4459 4447
4452 4464 4453
4460 4447 4448
4451 4463 4452
4461 4448 4449
4450 4462 4451
4450 4449 4462
4461 4449 4450
4451 4462 4463
4460 4448 4461
4452 4463 4464
4446 4447 4460
4453 4464 4454
4458 4459 4446
4465 4454 4466
4457 4445 4458
4467 4466 4468
4455 4456 4457
4455 4468 4456
4482 4469 4470
4480 4481 4490
4471 4470 4483
4490 4491 4492
4479 4489 4480
4472 4483 4473
4488 4478 4479
4474 4473 4475
4486 4487 4488
4484 4475 4476
4485 4477 4486
4485 4476 4477
4484 4476 4485
4486 4477 4487
4474 4475 4484
4488 4487 4478
4472 4473 4474
4479 4478 4489
4471 4483 4472
4480 4489 4481
4482 4470 4471
4490 4481 4491
4492 4469 4482
4492 4491 4469
4505 4504 4506
4501 4515 4502
4507 4506 4493
4502 4503 4516
4514 4500 4501
4508 4493 4494
4499 4513 4514
4509 4494 4510
4497 4498 4499
4495 4510 4511
4512 4496 4497
4512 4511 4496
4495 4511 4512
4497 4496 4498
4509 4510 4495
4499 4498 4513
4508 4494 4509
4514 4513 4500
4507 4493 4508
4501 4500 4515
4505 4506 4507
4502 4515 4503
4516 4504 4505
4516 4503 4504
4532 4517 4531
4532 4531 4540
4518 4519 4517
4540 4539 4530
4533 4534 4519
4530 4538 4529
4520 4535 4534
4529 4528 4527
4536 4537 4535
4527 4526 4525
4521 4522 4537
4525 4524 4523
4523 4524 4522
4523 4522 4521
4525 4526 4524
4521 4537 4536
4527 4528 4526
4536 4535 4520
4529 4538 4528
4520 4534 4533
4518 4517 4532
4530 4539 4538
4533 4519 4518
4540 4531 4539
4549 4550 4564
4549 4564 4563
4541 4551 4550
4563 4562 4561
4552 4553 4551
4561 4548 4547
4554 4542 4553
4547 4560 4559
4555 4543 4542
4559 4546 4545
4556 4557 4543
4545 4544 4558
4558 4544 4557
4558 4557 4556
4545 4546 4544
4556 4543 4555
4559 4560 4546
4555 4542 4554
4547 4548 4560
4554 4553 4552
4541 4550 4549
4561 4562 4548
4552 4551 4541
4563 4564 4562
4565 4566 4588
4565 4588 4587
4567 4568 4566
4587 4586 4578
4579 4580 4568
4578 4577 4585
4569 4581 4580
4585 4584 4576
4582 4570 4581
4576 4575 4574
4571 4583 4570
4574 4573 4572
4572 4573 4583
4572 4583 4571
4574 4575 4573
4571 4570 4582
4576 4584 4575
4582 4581 4569
4585 4577 4584
4569 4580 4579
4567 4566 4565
4578 4586 4577
4579 4568 4567
4587 4588 4586
4602 4603 4612
4602 4612 4601
4589 4590 4603
4601 4600 4599
4604 4605 4590
4599 4598 4611
4606 4591 4605
4611 4597 4596
4607 4608 4591
4596 4610 4595
4609 4592 4608
4595 4594 4593
4593 4594 4592
4593 4592 4609
4595 4610 4594
4609 4608 4607
4596 4597 4610
4607 4591 4606
4611 4598 4597
4606 4605 4604
4589 4603 4602
4599 4600 4598
4604 4590 4589
4601 4612 4600
4626 4625 4627
4620 4621 4622
4628 4627 4629
4622 4623 4624
4635 4636 4620
4630 4629 4631
4634 4619 4635
4613 4631 4614
4633 4618 4634
4632 4614 4615
4616 4617 4633
4616 4615 4617
4632 4615 4616
4633 4617 4618
4613 4614 4632
4634 4618 4619
4630 4631 4613
4635 4619 4636
4628 4629 4630
4620 4636 4621
4626 4627 4628
4622 4621 4623
4624 4625 4626
4624 4623 4625
4651 4650 4652
4658 4648 4659
4637 4652 4638
4659 4660 4649
4657 4647 4658
4639 4638 4653
4645 4646 4657
4640 4653 4641
4655 4656 4645
4654 4641 4642
4643 4644 4655
4643 4642 4644
4654 4642 4643
4655 4644 4656
4640 4641 4654
4645 4656 4646
4639 4653 4640
4657 4646 4647
4637 4638 4639
4658 4647 4648
4651 4652 4637
4659 4648 4660
4649 4650 4651
4649 4660 4650
4661 4673 4662
4670 4683 4684
4674 4662 4675
4684 4671 4672
4681 4682 4670
4676 4675 4677
4669 4680 4681
4663 4677 4664
4668 4679 4669
4665 4664 4666
4667 4678 4668
4667 4666 4678
4665 4666 4667
4668 4678 4679
4663 4664 4665
4669 4679 4680
4676 4677 4663
4681 4680 4682
4674 4675 4676
4670 4682 4683
4661 4662 4674
4684 4683 4671
4672 4673 4661
4672 4671 4673
4702 4692 4715
4702 4715 4714
4703 4693 4692
4714 4701 4713
4704 4694 4693
4713 4712 4700
4705 4706 4694
4700 4699 4711
4695 4707 4706
4711 4698 4710
4708 4696 4707
4710 4697 4709
4709 4697 4696
4709 4696 4708
4710 4698 4697
4708 4707 4695
4711 4699 4698
4695 4706 4705
4700 4712 4699
4705 4694 4704
4703 4692 4702
4713 4701 4712
4704 4693 4703
4714 4715 4701
4716 4717 4739
4716 4739 4738
4727 4728 4717
4738 4726 4737
4718 4729 4728
4737 4736 4725
4730 4731 4729
4725 4735 4724
4732 4719 4731
4724 4734 4723
4720 4733 4719
4723 4722 4721
4721 4722 4733
4721 4733 4720
4723 4734 4722
4720 4719 4732
4724 4735 4734
4732 4731 4730
4725 4736 4735
4730 4729 4718
4727 4717 4716
4737 4726 4736
4718 4728 4727
4738 4739 4726
4750 4751 4749
4750 4749 4763
4752 4753 4751
4763 4762 4761
4754 4755 4753
4761 4748 4760
4756 4740 4755
4760 4759 4747
4741 4742 4740
4747 4758 4746
4743 4757 4742
4746 4745 4744
4744 4745 4757
4744 4757 4743
4746 4758 4745
4743 4742 4741
4747 4759 4758
4741 4740 4756
4760 4748 4759
4756 4755 4754
4752 4751 4750
4761 4762 4748
4754 4753 4752
4763 4749 4762
4774 4775 4773
4774 4773 4772
4764 4765 4775
4772 4787 4786
4776 4777 4765
4786 4771 4770
4766 4778 4777
4770 4785 4784
4779 4780 4778
4784 4769 4783
4767 4768 4780
4783 4782 4781
4781 4782 4768
4781 4768 4767
4783 4769 4782
4767 4780 4779
4784 4785 4769
4779 4778 4766
4770 4771 4785
4766 4777 4776
4764 4775 4774
4786 4787 4771
4776 4765 4764
4772 4773 4787
4791 4790 4792
4802 4788 4803
4793 4792 4794
4803 4804 4789
4800 4801 4802
4685 4794 4795
4691 4799 4800
4686 4795 4687
4798 4690 4691
4796 4687 4688
4797 4689 4798
4797 4688 4689
4796 4688 4797
4798 4689 4690
4686 4687 4796
4691 4690 4799
4685 4795 4686
4800 4799 4801
4793 4794 4685
4802 4801 4788
4791 4792 4793
4803 4788 4804
4789 4790 4791
4789 4804 4790
4819 4818 4805
4828 4814 4815
4806 4805 4807
4815 4816 4817
4826 4827 4828
4820 4807 4808
4812 4813 4826
4821 4808 4809
4824 4825 4812
4822 4809 4823
4810 4811 4824
4810 4823 4811
4822 4823 4810
4824 4811 4825
4821 4809 4822
4812 4825 4813
4820 4808 4821
4826 4813 4827
4806 4807 4820
4828 4827 4814
4819 4805 4806
4815 4814 4816
4817 4818 4819
4817 4816 4818
4848 4847 4829
4851 4844 4845
4830 4829 4831
4845 4852 4846
4842 4843 4851
4849 4831 4832
4840 4841 4842
4833 4832 4834
4838 4839 4840
4835 4834 4850
4836 4837 4838
4836 4850 4837
4835 4850 4836
4838 4837 4839
4833 4834 4835
4840 4839 4841
4849 4832 4833
4842 4841 4843
4830 4831 4849
4851 4843 4844
4848 4829 4830
4845 4844 4852
4846 4847 4848
4846 4852 4847
4865 4864 4866
4874 4862 4875
4853 4866 4854
4875 4876 4863
4860 4861 4874
4867 4854 4855
4859 4873 4860
4868 4855 4869
4857 4858 4859
4856 4869 4870
4871 4872 4857
4871 4870 4872
4856 4870 4871
4857 4872 4858
4868 4869 4856
4859 4858 4873
4867 4855 4868
4860 4873 4861
4853 4854 4867
4874 4861 4862
4865 4866 4853
4875 4862 4876
4863 4864 4865
4863 4876 4864
4888 4877 4889
4899 4885 4900
4878 4889 4890
4900 4886 4887
4898 4884 4899
4891 4890 4892
4883 4897 4898
4893 4892 4894
4896 4882 4883
4879 4894 4880
4895 4881 4896
4895 4880 4881
4879 4880 4895
4896 4881 4882
4893 4894 4879
4883 4882 4897
4891 4892 4893
4898 4897 4884
4878 4890 4891
4899 4884 4885
4888 4889 4878
4900 4885 4886
4887 4877 4888
4887 4886 4877
4901 4902 4912
4901 4912 4911
4913 4914 4902
4911 4910 4924
4915 4916 4914
4924 4923 4922
4903 4917 4916
4922 4921 4909
4918 4904 4917
4909 4908 4920
4905 4906 4904
4920 4907 4919
4919 4907 4906
4919 4906 4905
4920 4908 4907
4905 4904 4918
4909 4921 4908
4918 4917 4903
4922 4923 4921
4903 4916 4915
4913 4902 4901
4924 4910 4923
4915 4914 4913
4911 4912 4910
4940 4925 4939
4940 4939 4938
4926 4927 4925
4938 4937 4936
4941 4942 4927
4936 4935 4934
4943 4928 4942
4934 4948 4947
4929 4944 4928
4947 4933 4932
4945 4930 4944
4932 4946 4931
4931 4946 4930
4931 4930 4945
4932 4933 4946
4945 4944 4929
4947 4948 4933
4929 4928 4943
4934 4935 4948
4943 4942 4941
4926 4925 4940
4936 4937 4935
4941 4927 4926
4938 4939 4937
4949 4963 4962
4949 4962 4961
4964 4950 4963
4961 4960 4972
4951 4965 4950
4972 4971 4959
4952 4966 4965
4959 4958 4970
4953 4967 4966
4970 4969 4957
4954 4955 4967
4957 4956 4968
4968 4956 4955
4968 4955 4954
4957 4969 4956
4954 4967 4953
4970 4958 4969
4953 4966 4952
4959 4971 4958
4952 4965 4951
4964 4963 4949
4972 4960 4971
4951 4950 4964
4961 4962 4960
4987 4988 4986
4987 4986 4985
4989 4973 4988
4985 4984 4983
4990 4991 4973
4983 4982 4996
4992 4974 4991
4996 4995 4981
4975 4993 4974
4981 4980 4979
4976 4977 4993
4979 4994 4978
4978 4994 4977
4978 4977 4976
4979 4980 4994
4976 4993 4975
4981 4995 4980
4975 4974 4992
4996 4982 4995
4992 4991 4990
4989 4988 4987
4983 4984 4982
4990 4973 4989
4985 4986 4984
5012 5011 5013
5009 5018 5019
4997 5013 4998
5019 5020 5010
5017 5008 5009
5014 4998 4999
5006 5007 5017
5000 4999 5001
5016 5005 5006
5002 5001 5003
5004 5015 5016
5004 5003 5015
5002 5003 5004
5016 5015 5005
5000 5001 5002
5006 5005 5007
5014 4999 5000
5017 5007 5008
4997 4998 5014
5009 5008 5018
5012 5013 4997
5019 5018 5020
5010 5011 5012
5010 5020 5011
5040 5021 5022
5036 5037 5044
5023 5022 5024
5044 5038 5039
5043 5035 5036
5025 5024 5026
5034 5042 5043
5027 5026 5028
5033 5041 5034
5029 5028 5030
5031 5032 5033
5031 5030 5032
5029 5030 5031
5033 5032 5041
5027 5028 5029
5034 5041 5042
5025 5026 5027
5043 5042 5035
5023 5024 5025
5036 5035 5037
5040 5022 5023
5044 5037 5038
5039 5021 5040
5039 5038 5021
5045 5059 5046
5057 5066 5058
5060 5046 5047
5058 5067 5068
5056 5065 5057
5048 5047 5049
5064 5055 5056
5050 5049 5051
5053 5054 5064
5052 5051 5061
5062 5063 5053
5062 5061 5063
5052 5061 5062
5053 5063 5054
5050 5051 5052
5064 5054 5055
5048 5049 5050
5056 5055 5065
5060 5047 5048
5057 5065 5066
5045 5046 5060
5058 5066 5067
5068 5059 5045
5068 5067 5059
5081 5080 5082
5090 5091 5078
5069 5082 5070
5078 5079 5092
5077 5089 5090
5071 5070 5072
5076 5088 5077
5083 5072 5073
5075 5087 5076
5084 5073 5085
5086 5074 5075
5086 5085 5074
5084 5085 5086
5075 5074 5087
5083 5073 5084
5076 5087 5088
5071 5072 5083
5077 5088 5089
5069 5070 5071
5090 5089 5091
5081 5082 5069
5078 5091 5079
5092 5080 5081
5092 5079 5080
3644 3643 3629
3644 3629 3645
3652 3651 3643
3645 3646 3630
3642 3641 3651
3630 3647 3648
3640 3639 3641
3648 3631 3649
3638 3637 3639
3649 3650 3632
3636 3635 3637
3632 3633 3634
3634 3633 3635
3634 3635 3636
3632 3650 3633
3636 3637 3638
3649 3631 3650
3638 3639 3640
3648 3647 3631
3640 3641 3642
3652 3643 3644
3630 3646 3647
3642 3651 3652
3645 3629 3646
3614 3628 3605
3614 3605 3615
3627 3613 3628
3615 3606 3616
3626 3625 3613
3616 3617 3618
3624 3612 3625
3618 3607 3608
3623 3611 3612
3608 3609 3619
3622 3621 3611
3619 3610 3620
3620 3610 3621
3620 3621 3622
3619 3609 3610
3622 3611 3623
3608 3607 3609
3623 3612 3624
3618 3617 3607
3624 3625 3626
3627 3628 3614
3616 3606 3617
3626 3613 3627
3615 3605 3606
3595 3594 3581
3595 3581 3582
3604 3593 3594
3582 3583 3596
3592 3603 3593
3596 3584 3597
3602 3591 3603
3597 3585 3598
3590 3601 3591
3598 3599 3600
3589 3588 3601
3600 3586 3587
3587 3586 3588
3587 3588 3589
3600 3599 3586
3589 3601 3590
3598 3585 3599
3590 3591 3602
3597 3584 3585
3602 3603 3592
3604 3594 3595
3596 3583 3584
3592 3593 3604
3582 3581 3583
3570 3580 3557
3570 3557 3571
3579 3578 3580
3571 3572 3558
3569 3577 3578
3558 3573 3559
3568 3567 3577
3559 3560 3561
3576 3566 3567
3561 3574 3575
3565 3564 3566
3575 3562 3563
3563 3562 3564
3563 3564 3565
3575 3574 3562
3565 3566 3576
3561 3560 3574
3576 3567 3568
3559 3573 3560
3568 3577 3569
3579 3580 3570
3558 3572 3573
3569 3578 3579
3571 3557 3572
3555 3556 3542
3535 3544 3543
3554 3542 3541
3543 3534 3533
3545 3536 3535
3540 3541 3553
3537 3546 3545
3552 3553 3539
3548 3547 3537
3551 3539 3550
3549 3538 3548
3549 3550 3538
3551 3550 3549
3548 3538 3547
3552 3539 3551
3537 3547 3546
3540 3553 3552
3545 3546 3536
3554 3541 3540
3535 3536 3544
3555 3542 3554
3543 3544 3534
3533 3556 3555
3533 3534 3556
3518 3519 3517
3522 3510 3521
3516 3517 3515
3521 3520 3509
3524 3523 3522
3514 3515 3532
3526 3525 3524
3513 3532 3531
3527 3511 3526
3512 3531 3530
3529 3528 3527
3529 3530 3528
3512 3530 3529
3527 3528 3511
3513 3531 3512
3526 3511 3525
3514 3532 3513
3524 3525 3523
3516 3515 3514
3522 3523 3510
3518 3517 3516
3521 3510 3520
3509 3519 3518
3509 3520 3519
3497 3498 3508
3500 3487 3499
3496 3508 3507
3499 3486 3485
3489 3488 3500
3506 3507 3505
3491 3490 3489
3495 3505 3494
3492 3501 3491
3504 3494 3503
3502 3493 3492
3502 3503 3493
3504 3503 3502
3492 3493 3501
3495 3494 3504
3491 3501 3490
3506 3505 3495
3489 3490 3488
3496 3507 3506
3500 3488 3487
3497 3508 3496
3499 3487 3486
3485 3498 3497
3485 3486 3498
3468 3467 3455
3468 3455 3469
3466 3465 3467
3469 3456 3457
3478 3477 3465
3457 3470 3458
3464 3476 3477
3458 3459 3471
3475 3474 3476
3471 3460 3472
3473 3463 3474
3472 3461 3462
3462 3461 3463
3462 3463 3473
3472 3460 3461
3473 3474 3475
3471 3459 3460
3475 3476 3464
3458 3470 3459
3464 3477 3478
3466 3467 3468
3457 3456 3470
3478 3465 3466
3469 3455 3456
3442 3454 3431
3442 3431 3443
3453 3452 3454
3443 3432 3444
3451 3441 3452
3444 3445 3446
3450 3440 3441
3446 3447 3433
3439 3438 3440
3433 3434 3448
3449 3437 3438
3448 3435 3436
3436 3435 3437
3436 3437 3449
3448 3434 3435
3449 3438 3439
3433 3447 3434
3439 3440 3450
3446 3445 3447
3450 3441 3451
3453 3454 3442
3444 3432 3445
3451 3452 3453
3443 3431 3432
3419 3418 3407
3419 3407 3420
3430 3417 3418
3420 3421 3422
3429 3428 3417
3422 3408 3409
3427 3426 3428
3409 3410 3411
3416 3415 3426
3411 3412 3413
3425 3424 3415
3413 3414 3423
3423 3414 3424
3423 3424 3425
3413 3412 3414
3425 3415 3416
3411 3410 3412
3416 3426 3427
3409 3408 3410
3427 3428 3429
3430 3418 3419
3422 3421 3408
3429 3417 3430
3420 3407 3421
3390 3406 3391
3390 3391 3392
3389 3405 3406
3392 3393 3394
3404 3388 3405
3394 3395 3396
3387 3403 3388
3396 3383 3397
3402 3401 3403
3397 3384 3385
3400 3399 3401
3385 3386 3398
3398 3386 3399
3398 3399 3400
3385 3384 3386
3400 3401 3402
3397 3383 3384
3402 3403 3387
3396 3395 3383
3387 3388 3404
3389 3406 3390
3394 3393 3395
3404 3405 3389
3392 3391 3393
3377 3484 3376
3382 3381 3380
3483 3376 3375
3380 3379 3378
3366 3365 3382
3482 3375 3374
3368 3367 3366
3373 3374 3481
3370 3369 3368
3480 3481 3372
3479 3371 3370
3479 3372 3371
3480 3372 3479
3370 3371 3369
3373 3481 3480
3368 3369 3367
3482 3374 3373
3366 3367 3365
3483 3375 3482
3382 3365 3381
3377 3376 3483
3380 3381 3379
3378 3484 3377
3378 3379 3484
3364 3350 3363
3354 3353 3352
3362 3363 3361
3352 3341 3351
3342 3355 3354
3349 3361 3360
3344 3343 3342
3359 3360 3348
3345 3356 3344
3358 3348 3347
3346 3357 3345
3346 3347 3357
3358 3347 3346
3345 3357 3356
3359 3348 3358
3344 3356 3343
3349 3360 3359
3342 3343 3355
3362 3361 3349
3354 3355 3353
3364 3363 3362
3352 3353 3341
3351 3350 3364
3351 3341 3350
3328 3340 3339
3331 3030 3029
3327 3339 3338
3029 3330 3329
3031 3332 3331
3337 3338 3326
3334 3333 3031
3325 3326 3336
3033 3032 3334
3324 3336 3335
3035 3034 3033
3035 3335 3034
3324 3335 3035
3033 3034 3032
3325 3336 3324
3334 3032 3333
3337 3326 3325
3031 3333 3332
3327 3338 3337
3331 3332 3030
3328 3339 3327
3029 3030 3330
3329 3340 3328
3329 3330 3340
5099 3028 5100
5096 5110 5097
5101 5100 3027
5097 5111 5098
5094 5095 5096
3026 3027 3025
5109 5093 5094
5102 3025 5103
5107 5108 5109
5104 5103 5105
3024 5106 5107
3024 5105 5106
5104 5105 3024
5107 5106 5108
5102 5103 5104
5109 5108 5093
3026 3025 5102
5094 5093 5095
5101 3027 3026
5096 5095 5110
5099 5100 5101
5097 5110 5111
5098 3028 5099
5098 5111 3028
5113 5112 5114
5133 5123 5124
5115 5114 5116
5124 5134 5135
5122 5132 5133
5117 5116 5125
5120 5121 5122
5126 5125 5127
5130 5131 5120
5128 5127 5118
5129 5119 5130
5129 5118 5119
5128 5118 5129
5130 5119 5131
5126 5127 5128
5120 5131 5121
5117 5125 5126
5122 5121 5132
5115 5116 5117
5133 5132 5123
5113 5114 5115
5124 5123 5134
5135 5112 5113
5135 5134 5112
5136 5148 5159
5136 5159 5147
5137 5149 5148
5147 5146 5145
5138 5139 5149
5145 5144 5158
5140 5150 5139
5158 5157 5143
5151 5152 5150
5143 5142 5156
5153 5141 5152
5156 5155 5154
5154 5155 5141
5154 5141 5153
5156 5142 5155
5153 5152 5151
5143 5157 5142
5151 5150 5140
5158 5144 5157
5140 5139 5138
5137 5148 5136
5145 5146 5144
5138 5149 5137
5147 5159 5146
5160 5161 5173
5160 5173 5172
5174 5162 5161
5172 5183 5182
5175 5176 5162
5182 5171 5170
5177 5163 5176
5170 5181 5180
5178 5164 5163
5180 5169 5168
5165 5166 5164
5168 5167 5179
5179 5167 5166
5179 5166 5165
5168 5169 5167
5165 5164 5178
5180 5181 5169
5178 5163 5177
5170 5171 5181
5177 5176 5175
5174 5161 5160
5182 5183 5171
5175 5162 5174
5172 5173 5183
5184 5197 5207
5184 5207 5206
5198 5185 5197
5206 5196 5205
5186 5187 5185
5205 5204 5195
5188 5199 5187
5195 5194 5193
5200 5189 5199
5193 5192 5191
5190 5201 5189
5191 5203 5202
5202 5203 5201
5202 5201 5190
5191 5192 5203
5190 5189 5200
5193 5194 5192
5200 5199 5188
5195 5204 5194
5188 5187 5186
5198 5197 5184
5205 5196 5204
5186 5185 5198
5206 5207 5196
5208 5209 5220
5208 5220 5219
5210 5221 5209
5219 5218 5217
5222 5223 5221
5217 5231 5230
5224 5225 5223
5230 5229 5228
5211 5212 5225
5228 5227 5216
5213 5214 5212
5216 5226 5215
5215 5226 5214
5215 5214 5213
5216 5227 5226
5213 5212 5211
5228 5229 5227
5211 5225 5224
5230 5231 5229
5224 5223 5222
5210 5209 5208
5217 5218 5231
5222 5221 5210
5219 5220 5218
5232 5244 5245
5253 5254 5255
5246 5245 5233
5255 5242 5243
5241 5252 5253
5234 5233 5247
5251 5240 5241
5248 5247 5249
5238 5239 5251
5235 5249 5250
5236 5237 5238
5236 5250 5237
5235 5250 5236
5238 5237 5239
5248 5249 5235
5251 5239 5240
5234 5247 5248
5241 5240 5252
5246 5233 5234
5253 5252 5254
5232 5245 5246
5255 5254 5242
5243 5244 5232
5243 5242 5244
5268 5267 5269
5263 5264 5279
5256 5269 5257
5279 5265 5266
5277 5278 5263
5258 5257 5270
5276 5262 5277
5271 5270 5259
5274 5275 5276
5260 5259 5272
5273 5261 5274
5273 5272 5261
5260 5272 5273
5274 5261 5275
5271 5259 5260
5276 5275 5262
5258 5270 5271
5277 5262 5278
5256 5257 5258
5263 5278 5264
5268 5269 5256
5279 5264 5265
5266 5267 5268
5266 5265 5267
5293 5292 5294
5302 5303 5289
5295 5294 5296
5289 5290 5291
5301 5288 5302
5280 5296 5281
5287 5300 5301
5282 5281 5283
5286 5299 5287
5297 5283 5284
5298 5285 5286
5298 5284 5285
5297 5284 5298
5286 5285 5299
5282 5283 5297
5287 5299 5300
5280 5281 5282
5301 5300 5288
5295 5296 5280
5302 5288 5303
5293 5294 5295
5289 5303 5290
5291 5292 5293
5291 5290 5292
5304 5318 5319
5325 5326 5327
5320 5319 5321
5327 5316 5317
5314 5315 5325
5322 5321 5323
5312 5313 5314
5305 5323 5306
5310 5311 5312
5307 5306 5308
5324 5309 5310
5324 5308 5309
5307 5308 5324
5310 5309 5311
5305 5306 5307
5312 5311 5313
5322 5323 5305
5314 5313 5315
5320 5321 5322
5325 5315 5326
5304 5319 5320
5327 5326 5316
5317 5318 5304
5317 5316 5318
MATERIALS 5
white
gray_192
gray_733
red
gray_651
MATERIAL white
1 1 1 1
1 1 1 1
1 1 1 1 0
0 0 0 1
MATERIAL gray_192
0.192157 0.192157 0.192157 1
0.192157 0.192157 0.192157 1
0.9 0.9 0.9 1 5
0 0 0 1
MATERIAL gray_733
0.737255 0.737255 0.737255 1
0.737255 0.737255 0.737255 1
0.9 0.9 0.9 1 1
0 0 0 5
MATERIAL red
0.65098 0 0 1
0.65098 0 0 1
0 0 0 1 0
0 0 0 1
MATERIAL gray_651
0.651 0.651 0.651 1
0.651 0.651 0.651 1
1 1 1 1 5
0 0 0 1
TEXTURES 1
SSV\SLC6\general.dds
