MSHX1
GROUPS 7
LABEL mesh01
MATERIAL 1
TEXTURE 1
GEOM 276 138
5.1454 -9.62002 342.61383 1 0 1.43076e-05 0.678993 0.852874
5.1458 -9.62002 314.6521 1 0 1.43076e-05 0.600461 0.852874
5.1458 4.94511 314.6521 1 0 1.43076e-05 0.600461 0.773042
5.1454 4.94511 342.61383 1 0 1.43076e-05 0.678993 0.773042
-3.8739 -9.62002 342.61362 -1 0 -1.42991e-05 0.606037 0.852874
-3.8739 4.94511 342.61362 -1 0 -1.42991e-05 0.606037 0.773042
-3.8735 4.94511 314.65192 -1 0 -1.42991e-05 0.684568 0.773042
-3.8735 -9.62002 314.65192 -1 0 -1.42991e-05 0.684568 0.852874
5.1454 4.94511 342.61383 0 1 0 0.611208 0.847299
5.1458 4.94511 314.6521 0 1 0 0.611205 0.768767
-3.8735 4.94511 314.65192 0 1 0 0.673821 0.768766
-3.8739 4.94511 342.61362 0 1 0 0.673824 0.847298
6.6934 -9.60127 344.59912 1 0 0 0.684568 0.852772
6.6934 -9.60127 341.89252 1 0 0 0.676967 0.852772
6.6934 5.55688 341.89252 1 0 0 0.676967 0.769689
6.6934 5.55688 344.59912 1 0 0 0.684568 0.769689
-5.4215 -9.60127 344.59882 -1 0 0 0.600461 0.852772
-5.4215 5.55688 344.59882 -1 0 0 0.600461 0.769689
-5.4215 5.55688 341.89221 -1 0 0 0.608063 0.769689
-5.4215 -9.60127 341.89221 -1 0 0 0.608063 0.852772
6.6934 -9.60127 344.59912 -2.51901e-05 0 1 0.60046 0.852772
6.6934 5.55688 344.59912 -2.51901e-05 0 1 0.60046 0.769689
-5.4215 5.55688 344.59882 -2.51901e-05 0 1 0.684568 0.769689
-5.4215 -9.60127 344.59882 -2.51901e-05 0 1 0.684568 0.852772
6.6934 -9.60127 341.89252 2.51901e-05 0 -1 0.684568 0.852772
-5.4215 -9.60127 341.89221 2.51901e-05 0 -1 0.60046 0.852772
-5.4215 5.55688 341.89221 2.51901e-05 0 -1 0.60046 0.769689
6.6934 5.55688 341.89252 2.51901e-05 0 -1 0.684568 0.769689
6.6934 5.55688 344.59912 0 1 0 0.60046 0.852874
6.6934 5.55688 341.89252 0 1 0 0.60046 0.845273
-5.4215 5.55688 341.89221 0 1 0 0.684568 0.845272
-5.4215 5.55688 344.59882 0 1 0 0.684568 0.852874
6.1306 -9.60127 337.05292 1 0 -7.80674e-05 0.663375 0.852772
6.1305 -9.60127 335.77023 1 0 -7.80674e-05 0.659772 0.852772
6.1305 5.72525 335.77023 1 0 -7.80674e-05 0.659772 0.768766
6.1306 5.72525 337.05292 1 0 -7.80674e-05 0.663375 0.768766
-4.8587 -9.60127 337.05273 -1 0 0 0.621655 0.852772
-4.8587 5.72525 337.05273 -1 0 0 0.621655 0.768766
-4.8587 5.72525 335.76993 -1 0 0 0.625257 0.768766
-4.8587 -9.60127 335.76993 -1 0 0 0.625257 0.852772
6.1306 -9.60127 337.05292 -1.66622e-05 0 1 0.604368 0.852772
6.1306 5.72525 337.05292 -1.66622e-05 0 1 0.604368 0.768766
-4.8587 5.72525 337.05273 -1.66622e-05 0 1 0.680661 0.768766
-4.8587 -9.60127 337.05273 -1.66622e-05 0 1 0.680661 0.852772
6.1305 -9.60127 335.77023 2.77705e-05 0 -1 0.68066 0.852772
-4.8587 -9.60127 335.76993 2.77705e-05 0 -1 0.604368 0.852772
-4.8587 5.72525 335.76993 2.77705e-05 0 -1 0.604368 0.768766
6.1305 5.72525 335.77023 2.77705e-05 0 -1 0.68066 0.768766
6.1306 5.72525 337.05292 0 1 0 0.604368 0.831681
6.1305 5.72525 335.77023 0 1 0 0.604368 0.828078
-4.8587 5.72525 335.76993 0 1 0 0.680661 0.828077
-4.8587 5.72525 337.05273 0 1 0 0.680661 0.83168
6.1306 -9.60127 331.22412 1 0 -7.80599e-05 0.647004 0.852772
6.1305 -9.60127 329.94131 1 0 -7.80599e-05 0.643401 0.852772
6.1305 5.72525 329.94131 1 0 -7.80599e-05 0.643401 0.768766
6.1306 5.72525 331.22412 1 0 -7.80599e-05 0.647004 0.768766
-4.8587 -9.60127 331.22382 -1 0 0 0.638025 0.852772
-4.8587 5.72525 331.22382 -1 0 0 0.638025 0.768766
-4.8587 5.72525 329.94113 -1 0 0 0.641628 0.768766
-4.8587 -9.60127 329.94113 -1 0 0 0.641628 0.852772
6.1306 -9.60127 331.22412 -2.77703e-05 0 1 0.604368 0.852772
6.1306 5.72525 331.22412 -2.77703e-05 0 1 0.604368 0.768766
-4.8587 5.72525 331.22382 -2.77703e-05 0 1 0.680661 0.768766
-4.8587 -9.60127 331.22382 -2.77703e-05 0 1 0.680661 0.852772
6.1305 -9.60127 329.94131 1.66623e-05 0 -1 0.68066 0.852772
-4.8587 -9.60127 329.94113 1.66623e-05 0 -1 0.604368 0.852772
-4.8587 5.72525 329.94113 1.66623e-05 0 -1 0.604368 0.768766
6.1305 5.72525 329.94131 1.66623e-05 0 -1 0.68066 0.768766
6.1306 5.72525 331.22412 0 1 0 0.604368 0.81531
6.1305 5.72525 329.94131 0 1 0 0.604368 0.811707
-4.8587 5.72525 329.94113 0 1 0 0.680661 0.811707
-4.8587 5.72525 331.22382 0 1 0 0.680661 0.815309
6.1306 -9.60127 325.40033 1 0 -7.80655e-05 0.630648 0.852772
6.1305 -9.60127 324.11761 1 0 -7.80655e-05 0.627045 0.852772
6.1305 5.72525 324.11761 1 0 -7.80655e-05 0.627045 0.768766
6.1306 5.72525 325.40033 1 0 -7.80655e-05 0.630648 0.768766
-4.8587 -9.60127 325.40012 -1 0 0 0.654381 0.852772
-4.8587 5.72525 325.40012 -1 0 0 0.654381 0.768766
-4.8587 5.72525 324.11731 -1 0 0 0.657984 0.768766
-4.8587 -9.60127 324.11731 -1 0 0 0.657984 0.852772
6.1306 -9.60127 325.40033 -1.94392e-05 0 1 0.604368 0.852772
6.1306 5.72525 325.40033 -1.94392e-05 0 1 0.604368 0.768766
-4.8587 5.72525 325.40012 -1.94392e-05 0 1 0.680661 0.768766
-4.8587 -9.60127 325.40012 -1.94392e-05 0 1 0.680661 0.852772
6.1305 -9.60127 324.11761 2.77705e-05 0 -1 0.68066 0.852772
-4.8587 -9.60127 324.11731 2.77705e-05 0 -1 0.604368 0.852772
-4.8587 5.72525 324.11731 2.77705e-05 0 -1 0.604368 0.768766
6.1305 5.72525 324.11761 2.77705e-05 0 -1 0.68066 0.768766
6.1306 5.72525 325.40033 0 1 0 0.604368 0.798954
6.1305 5.72525 324.11761 0 1 0 0.604368 0.795351
-4.8587 5.72525 324.11731 0 1 0 0.680661 0.79535
-4.8587 5.72525 325.40012 0 1 0 0.680661 0.798953
6.1306 -9.60127 319.75476 1 0 -7.80618e-05 0.614792 0.852772
6.1305 -9.60127 318.47198 1 0 -7.80618e-05 0.611189 0.852772
6.1305 5.72525 318.47198 1 0 -7.80618e-05 0.611189 0.768766
6.1306 5.72525 319.75476 1 0 -7.80618e-05 0.614792 0.768766
-4.8587 -9.60127 319.75455 -1 0 0 0.670237 0.852772
-4.8587 5.72525 319.75455 -1 0 0 0.670237 0.768766
-4.8587 5.72525 318.47174 -1 0 0 0.67384 0.768766
-4.8587 -9.60127 318.47174 -1 0 0 0.67384 0.852772
6.1306 -9.60127 319.75476 -1.94392e-05 0 1 0.604368 0.852772
6.1306 5.72525 319.75476 -1.94392e-05 0 1 0.604368 0.768766
-4.8587 5.72525 319.75455 -1.94392e-05 0 1 0.680661 0.768766
-4.8587 -9.60127 319.75455 -1.94392e-05 0 1 0.680661 0.852772
6.1305 -9.60127 318.47198 2.22164e-05 0 -1 0.68066 0.852772
-4.8587 -9.60127 318.47174 2.22164e-05 0 -1 0.604368 0.852772
-4.8587 5.72525 318.47174 2.22164e-05 0 -1 0.604368 0.768766
6.1305 5.72525 318.47198 2.22164e-05 0 -1 0.68066 0.768766
6.1306 5.72525 319.75476 0 1 0 0.604368 0.783098
6.1305 5.72525 318.47198 0 1 0 0.604368 0.779495
-4.8587 5.72525 318.47174 0 1 0 0.680661 0.779495
-4.8587 5.72525 319.75455 0 1 0 0.680661 0.783097
-11.7139 -9.61005 258.97263 0 0 -1 0.679227 0.84831
-19.0679 -9.61005 258.97263 0 0 -1 0.605797 0.84831
-11.7139 14.757 258.97263 0 0 -1 0.679227 0.774879
-19.0679 14.757 258.97263 0 0 -1 0.605797 0.774879
-11.7139 -9.61005 321.56363 0 0 1 0.605797 0.84831
-19.0679 -9.61005 321.56363 0 0 1 0.679227 0.84831
-11.7139 14.757 321.56363 0 0 1 0.605797 0.774879
-19.0679 14.757 321.56363 0 0 1 0.679227 0.774879
-11.7139 -9.61005 258.97263 1 0 0 0.679227 0.84831
-19.0679 -9.61005 258.97263 -1 0 0 0.605797 0.84831
-11.7139 14.757 258.97263 0 1 0 0.679227 0.84831
-11.7139 14.757 258.97263 1 0 0 0.605797 0.84831
-19.0679 14.757 258.97263 -1 0 0 0.679227 0.84831
-19.0679 14.757 258.97263 0 1 0 0.605797 0.84831
-11.7139 -9.61005 321.56363 1 0 0 0.679227 0.774879
-19.0679 -9.61005 321.56363 -1 0 0 0.605797 0.774879
-11.7139 14.757 321.56363 0 1 0 0.679227 0.774879
-11.7139 14.757 321.56363 1 0 0 0.605797 0.774879
-19.0679 14.757 321.56363 -1 0 0 0.679227 0.774879
-19.0679 14.757 321.56363 0 1 0 0.605797 0.774879
6.3155 -9.61168 315.02237 1 0 1.963e-05 0.687947 0.860506
6.3166 -9.61155 258.98242 1 0 1.963e-05 0.601945 0.860505
6.3166 19.6532 258.98242 1 0 1.963e-05 0.601945 0.777072
6.3155 19.6532 315.02237 1 0 1.963e-05 0.687947 0.777072
-14.3434 -9.61168 315.02188 -1 0 -2.49821e-05 0.601915 0.860506
-14.3434 19.6532 315.02188 -1 0 -2.49821e-05 0.601915 0.777072
-14.342 19.6532 258.9819 -1 0 -2.49821e-05 0.687916 0.777072
-14.342 -9.61155 258.9819 -1 0 -2.49821e-05 0.687916 0.860505
6.3155 -9.61168 315.02237 -2.36354e-05 0 1 0.607199 0.860506
6.3155 19.6532 315.02237 -2.36354e-05 0 1 0.607199 0.777072
-14.3434 19.6532 315.02188 -2.36354e-05 0 1 0.682663 0.777072
-14.3434 -9.61168 315.02188 -2.36354e-05 0 1 0.682663 0.860506
6.3166 -9.61155 258.98242 2.5113e-05 0 -1 0.682666 0.860505
-14.342 -9.61155 258.9819 2.5113e-05 0 -1 0.607203 0.860505
-14.342 19.6532 258.9819 2.5113e-05 0 -1 0.607203 0.777072
6.3166 19.6532 258.98242 2.5113e-05 0 -1 0.682666 0.777072
6.3155 19.6532 315.02237 0 1 0 0.607199 0.860506
6.3166 19.6532 258.98242 0 1 0 0.607195 0.774504
-14.342 19.6532 258.9819 0 1 0 0.682658 0.774504
-14.3434 19.6532 315.02188 0 1 0 0.682663 0.860505
7.7622 -2.89238 282.76242 1 0 0 0.638439 0.841349
7.7622 -2.89238 258.96262 1 0 0 0.601915 0.841349
7.7622 20.5649 258.96262 1 0 0 0.601915 0.774473
7.7622 20.5642 282.76233 1 0 0 0.638439 0.774475
-15.7898 -2.89238 282.76181 -1 0 0 0.651423 0.841349
-15.7898 20.5649 282.76181 -1 0 0 0.651423 0.774473
-15.7898 20.5649 258.96213 -1 0 0 0.687947 0.774473
-15.7898 -2.89238 258.96213 -1 0 0 0.687947 0.841349
7.7622 -2.89238 282.76242 -2.39664e-05 1.95654e-06 1 0.601914 0.841349
7.7622 20.5642 282.76233 -2.20277e-05 3.90307e-06 1 0.601914 0.774475
-15.7898 20.5649 282.76181 -2.39764e-05 1.94649e-06 1 0.687947 0.774473
-15.7898 -2.89238 282.76181 -2.59151e-05 0 1 0.687947 0.841349
7.7622 -2.89238 258.96262 2.07321e-05 0 -1 0.687946 0.841349
-15.7898 -2.89238 258.96213 2.07321e-05 0 -1 0.601914 0.841349
-15.7898 20.5649 258.96213 2.07321e-05 0 -1 0.601914 0.774473
7.7622 20.5649 258.96262 2.07321e-05 0 -1 0.687947 0.774473
7.7622 20.5642 282.76233 1.49593e-05 1 1.46081e-05 0.601914 0.810998
7.7622 20.5649 258.96262 -6.09771e-10 1 2.9412e-05 0.601914 0.774474
-15.7898 20.5649 258.96213 1.47614e-05 1 1.48039e-05 0.687947 0.774473
-15.7898 20.5649 282.76181 2.97213e-05 1 0 0.687947 0.810997
7.7622 -2.89238 282.76242 0 -1 0 0.687947 0.810998
-15.7898 -2.89238 282.76181 0 -1 0 0.601914 0.810997
-15.7898 -2.89238 258.96213 0 -1 0 0.601914 0.774473
7.7622 -2.89238 258.96262 0 -1 0 0.687946 0.774474
7.7622 -2.89172 306.97723 1 0 0 0.6756 0.841347
7.7622 -2.89172 306.11606 1 0 0 0.674279 0.841347
7.7622 20.5649 306.11606 1 0 0 0.674279 0.774473
7.7622 20.5642 306.97723 1 0 0 0.6756 0.774475
-15.7898 -2.89172 306.97672 -1 0 0 0.614261 0.841347
-15.7898 20.5649 306.97668 -1 0 0 0.614261 0.774473
-15.7898 20.5649 306.11551 -1 0 0 0.615583 0.774473
-15.7898 -2.89172 306.11551 -1 0 0 0.615583 0.841347
7.7622 -2.89172 306.97723 -2.26774e-05 6.4883e-07 1 0.601914 0.841347
7.7622 20.5642 306.97723 -2.33236e-05 0 1 0.601914 0.774475
-15.7898 20.5649 306.97668 -2.2674e-05 6.52204e-07 1 0.687947 0.774473
-15.7898 -2.89172 306.97672 -2.20278e-05 1.30102e-06 1 0.687947 0.841347
7.7622 -2.89172 306.11606 2.33236e-05 0 -1 0.687947 0.841347
-15.7898 -2.89172 306.11551 2.33236e-05 0 -1 0.601914 0.841347
-15.7898 20.5649 306.11551 2.33236e-05 0 -1 0.601914 0.774473
7.7622 20.5649 306.11606 2.33236e-05 0 -1 0.687947 0.774473
7.7622 20.5642 306.97723 6.73035e-07 1 0.000793926 0.601914 0.848159
7.7622 20.5649 306.11606 -1.89583e-08 1 0.000812839 0.601914 0.846838
-15.7898 20.5649 306.11551 2.90293e-05 1 1.8913e-05 0.687947 0.846837
-15.7898 20.5649 306.97668 2.97213e-05 1 0 0.687947 0.848158
7.7622 -2.89172 306.97723 0 -1 0 0.687947 0.848159
-15.7898 -2.89172 306.97672 0 -1 0 0.601914 0.848158
-15.7898 -2.89172 306.11551 0 -1 0 0.601914 0.846837
7.7622 -2.89172 306.11606 0 -1 0 0.687947 0.846838
7.7622 -2.89172 290.87952 1 0 0 0.650896 0.841347
7.7622 -2.89172 290.01843 1 0 0 0.649575 0.841347
7.7622 20.5649 290.01843 1 0 0 0.649575 0.774473
7.7622 20.5642 290.87952 1 0 0 0.650896 0.774475
-15.7898 -2.89172 290.87903 -1 0 0 0.638966 0.841347
-15.7898 20.5649 290.87903 -1 0 0 0.638966 0.774473
-15.7898 20.5649 290.01782 -1 0 0 0.640287 0.774473
-15.7898 -2.89172 290.01782 -1 0 0 0.640287 0.841347
7.7622 -2.89172 290.87952 -2.07321e-05 0 1 0.601914 0.841347
7.7622 20.5642 290.87952 -2.07321e-05 0 1 0.601914 0.774475
-15.7898 20.5649 290.87903 -2.07321e-05 0 1 0.687947 0.774473
-15.7898 -2.89172 290.87903 -2.07321e-05 0 1 0.687947 0.841347
7.7622 -2.89172 290.01843 2.59151e-05 0 -1 0.687947 0.841347
-15.7898 -2.89172 290.01782 2.59151e-05 0 -1 0.601914 0.841347
-15.7898 20.5649 290.01782 2.59151e-05 0 -1 0.601914 0.774473
7.7622 20.5649 290.01843 2.59151e-05 0 -1 0.687947 0.774473
7.7622 20.5642 290.87952 6.70999e-07 1 0.000794009 0.601914 0.823455
7.7622 20.5649 290.01843 -2.1067e-08 1 0.000812925 0.601914 0.822133
-15.7898 20.5649 290.01782 2.90294e-05 1 1.89131e-05 0.687947 0.822133
-15.7898 20.5649 290.87903 2.97213e-05 1 0 0.687947 0.823454
7.7622 -2.89172 290.87952 0 -1 0 0.687947 0.823455
-15.7898 -2.89172 290.87903 0 -1 0 0.601914 0.823454
-15.7898 -2.89172 290.01782 0 -1 0 0.601914 0.822133
7.7622 -2.89172 290.01843 0 -1 0 0.687947 0.822133
7.7622 -2.89172 298.60553 1 0 0 0.662753 0.841347
7.7622 -2.89172 297.74432 1 0 0 0.661431 0.841347
7.7622 20.5649 297.74432 1 0 0 0.661431 0.774473
7.7622 20.5642 298.60553 1 0 0 0.662753 0.774475
-15.7898 -2.89172 298.60501 -1 0 0 0.627109 0.841347
-15.7898 20.5649 298.60501 -1 0 0 0.627109 0.774473
-15.7898 20.5649 297.74384 -1 0 0 0.628431 0.774473
-15.7898 -2.89172 297.74384 -1 0 0 0.628431 0.841347
7.7622 -2.89172 298.60553 -2.20278e-05 0 1 0.601914 0.841347
7.7622 20.5642 298.60553 -2.20278e-05 0 1 0.601914 0.774475
-15.7898 20.5649 298.60501 -2.20278e-05 0 1 0.687947 0.774473
-15.7898 -2.89172 298.60501 -2.20278e-05 0 1 0.687947 0.841347
7.7622 -2.89172 297.74432 2.07321e-05 0 -1 0.687947 0.841347
-15.7898 -2.89172 297.74384 2.07321e-05 0 -1 0.601914 0.841347
-15.7898 20.5649 297.74384 2.07321e-05 0 -1 0.601914 0.774473
7.7622 20.5649 297.74432 2.07321e-05 0 -1 0.687947 0.774473
7.7622 20.5642 298.60553 6.75093e-07 1 0.000793897 0.601914 0.835312
7.7622 20.5649 297.74432 -1.68512e-08 1 0.00081281 0.601914 0.83399
-15.7898 20.5649 297.74384 2.90294e-05 1 1.8913e-05 0.687947 0.833989
-15.7898 20.5649 298.60501 2.97213e-05 1 0 0.687947 0.835311
7.7622 -2.89172 298.60553 0 -1 0 0.687947 0.835312
-15.7898 -2.89172 298.60501 0 -1 0 0.601914 0.835311
-15.7898 -2.89172 297.74384 0 -1 0 0.601914 0.833989
7.7622 -2.89172 297.74432 0 -1 0 0.687947 0.83399
-18.9778 -9.61974 258.97263 0 0 -1 0.687356 0.858854
-34.8139 -9.61974 258.97263 0 0 -1 0.597668 0.858854
-18.9778 -1.08518 258.97263 0 0 -1 0.687356 0.769166
-34.8139 -1.08518 258.97263 0 0 -1 0.597668 0.769166
-18.9778 -9.61974 321.56363 0 0 1 0.597668 0.858854
-34.8139 -9.61974 321.56363 0 0 1 0.687356 0.858854
-18.9778 -1.08518 321.56363 0 0 1 0.597668 0.769166
-34.8139 -1.08518 321.56363 0 0 1 0.687356 0.769166
-34.8139 -9.61974 258.97263 -1 0 0 0.597668 0.858854
-34.8139 -1.08518 258.97263 -1 0 0 0.687356 0.858854
-34.8139 -9.61974 321.56363 -1 0 0 0.597668 0.769166
-34.8139 -1.08518 321.56363 -1 0 0 0.687356 0.769166
-7.1066 3.06235 258.97263 0 0 -1 0.688078 0.859576
-19.0433 3.06235 258.97263 0 0 -1 0.596946 0.859576
-7.1066 23.5052 258.97263 0 0 -1 0.688078 0.768444
-19.0433 23.5052 258.97263 0 0 -1 0.596946 0.768444
-7.1066 3.06235 267.91592 0 0 1 0.596946 0.859576
-19.0433 3.06235 267.91592 0 0 1 0.688078 0.859576
-7.1066 23.5052 267.91592 0 0 1 0.596946 0.768444
-19.0433 23.5052 267.91592 0 0 1 0.688078 0.768444
-19.0433 3.06235 258.97263 -1 0 0 0.596946 0.859576
-7.1066 23.5052 258.97263 0 1 0 0.688078 0.859576
-19.0433 23.5052 258.97263 -1 0 0 0.688078 0.859576
-19.0433 23.5052 258.97263 0 1 0 0.596946 0.859576
-19.0433 3.06235 267.91592 -1 0 0 0.596946 0.768444
-7.1066 23.5052 267.91592 0 1 0 0.688078 0.768444
-19.0433 23.5052 267.91592 -1 0 0 0.688078 0.768444
-19.0433 23.5052 267.91592 0 1 0 0.596946 0.768444
0 1 2
0 2 3
4 5 6
4 6 7
8 9 10
8 10 11
12 13 14
12 14 15
16 17 18
16 18 19
20 21 22
20 22 23
24 25 26
24 26 27
28 29 30
28 30 31
32 33 34
32 34 35
36 37 38
36 38 39
40 41 42
40 42 43
44 45 46
44 46 47
48 49 50
48 50 51
52 53 54
52 54 55
56 57 58
56 58 59
60 61 62
60 62 63
64 65 66
64 66 67
68 69 70
68 70 71
72 73 74
72 74 75
76 77 78
76 78 79
80 81 82
80 82 83
84 85 86
84 86 87
88 89 90
88 90 91
92 93 94
92 94 95
96 97 98
96 98 99
100 101 102
100 102 103
104 105 106
104 106 107
108 109 110
108 110 111
112 115 114
115 112 113
116 119 117
119 116 118
121 130 124
130 121 127
125 128 122
128 125 131
123 126 120
126 123 129
132 133 134
132 134 135
136 137 138
136 138 139
140 141 142
140 142 143
144 145 146
144 146 147
148 149 150
148 150 151
152 153 154
152 154 155
156 157 158
156 158 159
160 161 162
160 162 163
164 165 166
164 166 167
168 169 170
168 170 171
172 173 174
172 174 175
176 177 178
176 178 179
180 181 182
180 182 183
184 185 186
184 186 187
188 189 190
188 190 191
192 193 194
192 194 195
196 197 198
196 198 199
200 201 202
200 202 203
204 205 206
204 206 207
208 209 210
208 210 211
212 213 214
212 214 215
216 217 218
216 218 219
220 221 222
220 222 223
224 225 226
224 226 227
228 229 230
228 230 231
232 233 234
232 234 235
236 237 238
236 238 239
240 241 242
240 242 243
244 245 246
244 246 247
248 251 250
251 248 249
252 255 253
255 252 254
256 259 257
259 256 258
260 263 262
263 260 261
264 267 265
267 264 266
268 274 270
274 268 272
271 273 269
273 271 275
LABEL mesh14
MATERIAL 1
TEXTURE 1
GEOM 110 58
4.4946 36.1568 258.92392 1 0 1.50665e-05 0.276415 0.825043
4.4943 36.1569 278.83102 1 0 1.50665e-05 0.481525 0.825042
4.4943 20.5681 278.83102 1 0 1.50665e-05 0.481525 0.954709
4.4946 20.5681 258.92392 1 0 1.50665e-05 0.276415 0.954709
7.154 36.1568 258.92392 -1.45013e-11 -1 4.98225e-06 0.276416 0.825042
7.1537 36.1569 278.83112 -1.71519e-10 -1 4.98222e-06 0.481526 0.825042
4.4943 36.1569 278.83102 -1.57018e-10 -1 4.98223e-06 0.481525 0.825042
4.4946 36.1568 258.92392 0 -1 4.98225e-06 0.276415 0.825043
7.154 42.2406 258.92392 1 0 1.50664e-05 0.276416 0.774438
7.1537 42.2406 278.83112 1 0 1.50664e-05 0.481526 0.774438
7.1537 36.1569 278.83112 1 0 1.50664e-05 0.481526 0.825042
7.154 36.1568 258.92392 1 0 1.50664e-05 0.276416 0.825042
-7.1392 42.2406 258.92361 0 1 0 0.532283 0.728845
-7.1394 42.2406 278.83072 0 1 0 0.532287 0.94838
7.1537 42.2406 278.83112 0 1 0 0.31273 0.948384
7.154 42.2406 258.92392 0 1 0 0.312726 0.728848
-7.1392 36.1568 258.92361 -1 0 -1.00364e-05 0.276412 0.825042
-7.1394 36.1569 278.83072 -1 0 -1.00364e-05 0.481522 0.825042
-7.1394 42.2406 278.83072 -1 0 -1.00364e-05 0.481522 0.774438
-7.1392 42.2406 258.92361 -1 0 -1.00364e-05 0.276412 0.774438
-4.4171 36.1568 258.92371 -1.67569e-10 -1 4.98225e-06 0.276413 0.825042
-4.4174 36.1569 278.83081 -1.67575e-10 -1 4.98225e-06 0.481523 0.825042
-7.1394 36.1569 278.83072 -1.67574e-10 -1 4.98225e-06 0.481522 0.825042
-7.1392 36.1568 258.92361 -1.67569e-10 -1 4.98225e-06 0.276412 0.825042
-4.4171 20.5681 258.92371 -1 0 -1.50665e-05 0.276413 0.954709
-4.4174 20.5681 278.83081 -1 0 -1.50665e-05 0.481523 0.954709
-4.4174 36.1569 278.83081 -1 0 -1.50665e-05 0.481523 0.825042
-4.4171 36.1568 258.92371 -1 0 -1.50665e-05 0.276413 0.825042
4.4943 36.1569 278.83102 -2.77476e-05 -4.86603e-07 1 0.488408 0.80615
7.1537 36.1569 278.83112 -3.44261e-05 0 1 0.528362 0.80615
7.1537 42.2406 278.83112 -2.95064e-05 -2.15057e-06 1 0.528362 0.78807
7.154 36.1568 258.92392 0 0 -1 0.528366 0.80615
4.4946 36.1568 258.92392 1.38781e-05 -5.12246e-06 -1 0.488413 0.80615
7.154 42.2406 258.92392 1.57497e-05 -6.88462e-06 -1 0.528366 0.78807
-7.1394 36.1569 278.83072 -3.36344e-05 0 1 0.313627 0.80615
-4.4174 36.1569 278.83081 -2.63295e-05 1.8272e-06 1 0.354521 0.80615
-7.1394 42.2406 278.83072 -2.77204e-05 9.45077e-07 1 0.313627 0.78807
-4.4171 36.1568 258.92371 2.75082e-05 -2.74051e-06 -1 0.354526 0.80615
-7.1392 36.1568 258.92361 3.36331e-05 0 -1 0.313631 0.80615
-7.1392 42.2406 258.92361 2.57553e-05 -4.70203e-06 -1 0.313631 0.78807
4.4943 20.5681 278.83102 -2.39711e-05 0 1 0.488408 0.852477
-4.4174 20.5681 278.83081 -2.39711e-05 0 1 0.354521 0.852477
-7.1238 42.2315 258.92172 -1 6.66471e-05 0 0.276392 0.774513
-7.1238 42.2315 274.67853 -1 6.66471e-05 0 0.438741 0.774513
-7.1236 45.2293 258.92172 -1 6.66471e-05 0 0.276392 0.749578
-7.1236 45.2293 274.67853 -1 6.66471e-05 0 0.438741 0.749578
7.1531 42.2315 258.92172 1 0.000133453 0 0.276392 0.774513
7.1531 42.2315 274.67853 1 0.000133453 0 0.438741 0.774513
7.1527 45.2293 258.92172 1 0.000133453 0 0.276392 0.749578
7.1527 45.2293 274.67853 1 0.000133453 0 0.438741 0.749578
-7.1238 42.2315 258.92172 0 0 -1 0.313861 0.788097
-7.1238 42.2315 274.67853 0 0 1 0.313862 0.788097
-7.1236 45.2293 258.92172 0 1 0 0.532043 0.728823
-7.1236 45.2293 258.92172 0 0 -1 0.313865 0.779188
-7.1236 45.2293 274.67853 0 0 1 0.313865 0.779188
-7.1236 45.2293 274.67853 0 1 0 0.532043 0.90259
7.1531 42.2315 258.92172 0 0 -1 0.528353 0.788097
7.1531 42.2315 274.67853 0 0 1 0.528353 0.788097
7.1527 45.2293 258.92172 0 1 0 0.312746 0.728823
7.1527 45.2293 258.92172 0 0 -1 0.528347 0.779188
7.1527 45.2293 274.67853 0 0 1 0.528347 0.779188
7.1527 45.2293 274.67853 0 1 0 0.312746 0.90259
-18.9778 -1.08518 258.97263 0 0 -1 0.538873 0.961578
-34.8139 -1.08518 258.97263 0 0 -1 0.301707 0.961578
-18.9778 6.49095 258.97263 0 0 -1 0.538873 0.724412
-34.8139 6.49095 258.97263 0 0 -1 0.301707 0.724412
-18.9778 -1.08518 321.56363 0 0 1 0.301707 0.961578
-34.8139 -1.08518 321.56363 0 0 1 0.538873 0.961578
-18.9778 6.49095 321.56363 0 0 1 0.301707 0.724412
-34.8139 6.49095 321.56363 0 0 1 0.538873 0.724412
-34.8139 -1.08518 258.97263 -1 0 0 0.301707 0.961578
-18.9778 6.49095 258.97263 0 1 0 0.538873 0.961578
-34.8139 6.49095 258.97263 -1 0 0 0.538873 0.961578
-34.8139 6.49095 258.97263 0 1 0 0.301707 0.961578
-34.8139 -1.08518 321.56363 -1 0 0 0.301707 0.724412
-18.9778 6.49095 321.56363 0 1 0 0.538873 0.724412
-34.8139 6.49095 321.56363 -1 0 0 0.538873 0.724412
-34.8139 6.49095 321.56363 0 1 0 0.301707 0.724412
5.5815 41.0713 258.32242 0 0 -1 0.303806 0.96431
-5.5815 41.0713 258.32242 0 0 -1 0.536774 0.96431
5.5815 50.5979 258.32242 0 0 -1 0.303806 0.731342
-5.5815 50.5979 258.32242 0 0 -1 0.536774 0.731342
5.5815 41.0713 258.92242 0 0 1 0.536774 0.96431
-5.5815 41.0713 258.92242 0 0 1 0.303806 0.96431
5.5815 50.5979 258.92242 0 0 1 0.536774 0.731342
-5.5815 50.5979 258.92242 0 0 1 0.303806 0.731342
5.5815 41.0713 258.32242 1 0 0 0.303806 0.96431
-5.5815 41.0713 258.32242 -1 0 0 0.536774 0.96431
5.5815 50.5979 258.32242 1 0 0 0.536774 0.96431
-5.5815 50.5979 258.32242 -1 0 0 0.303806 0.96431
5.5815 41.0713 258.92242 1 0 0 0.303806 0.731342
-5.5815 41.0713 258.92242 -1 0 0 0.536774 0.731342
5.5815 50.5979 258.92242 1 0 0 0.536774 0.731342
-5.5815 50.5979 258.92242 -1 0 0 0.303806 0.731342
4.4398 10.1075 258.66702 0 0 -1 0.303806 0.96431
-4.4397 10.1075 258.66702 0 0 -1 0.536774 0.96431
4.4398 20.1854 258.66702 0 0 -1 0.303806 0.731342
-4.4397 20.1854 258.66702 0 0 -1 0.536774 0.731342
4.4398 10.1075 258.66702 0 -1 0 0.536774 0.96431
4.4398 10.1075 258.66702 1 0 0 0.303806 0.96431
-4.4397 10.1075 258.66702 0 -1 0 0.303806 0.96431
-4.4397 10.1075 258.66702 -1 0 0 0.536774 0.96431
4.4398 20.1854 258.66702 1 0 0 0.536774 0.96431
-4.4397 20.1854 258.66702 -1 0 0 0.303806 0.96431
4.4398 10.1075 258.96701 0 -1 0 0.536774 0.731342
4.4398 10.1075 258.96701 1 0 0 0.303806 0.731342
-4.4397 10.1075 258.96701 0 -1 0 0.303806 0.731342
-4.4397 10.1075 258.96701 -1 0 0 0.536774 0.731342
4.4398 20.1854 258.96701 1 0 0 0.536774 0.731342
-4.4397 20.1854 258.96701 -1 0 0 0.303806 0.731342
0 1 2
0 2 3
4 5 6
4 6 7
8 9 10
8 10 11
12 13 14
12 14 15
16 17 18
16 18 19
20 21 22
20 22 23
24 25 26
24 26 27
28 29 30
31 32 33
34 35 36
37 38 39
28 30 36
33 32 39
28 36 35
39 32 37
40 28 35
40 35 41
42 45 44
45 42 43
46 49 47
49 46 48
51 60 54
60 51 57
55 58 52
58 55 61
53 56 50
56 53 59
62 65 64
65 62 63
66 69 67
69 66 68
70 76 72
76 70 74
73 75 71
75 73 77
78 81 80
81 78 79
82 85 83
85 82 84
87 93 89
93 87 91
88 90 86
90 88 92
94 97 96
97 94 95
98 106 100
106 98 104
101 109 103
109 101 107
102 105 99
105 102 108
LABEL Box08
MATERIAL 1
TEXTURE 0
GEOM 100 50
4.4398 19.738 258.32242 0 0 -1
-4.4397 19.738 258.32242 0 0 -1
4.4398 30.0229 258.32242 0 0 -1
-4.4397 30.0229 258.32242 0 0 -1
4.4398 19.738 258.32242 0 -1 0
4.4398 19.738 258.32242 1 0 0
-4.4397 19.738 258.32242 0 -1 0
-4.4397 19.738 258.32242 -1 0 0
4.4398 30.0229 258.32242 1 0 0
-4.4397 30.0229 258.32242 -1 0 0
4.4398 19.738 258.92242 0 -1 0
4.4398 19.738 258.92242 1 0 0
-4.4397 19.738 258.92242 0 -1 0
-4.4397 19.738 258.92242 -1 0 0
4.4398 30.0229 258.92242 1 0 0
-4.4397 30.0229 258.92242 -1 0 0
5.5815 30.0229 258.32242 0 0 -1
-5.5815 30.0229 258.32242 0 0 -1
5.5815 41.0699 258.32242 0 0 -1
-5.5815 41.0699 258.32242 0 0 -1
5.5815 30.0229 258.32242 0 -1 0
5.5815 30.0229 258.32242 1 0 0
-5.5815 30.0229 258.32242 0 -1 0
-5.5815 30.0229 258.32242 -1 0 0
5.5815 41.0699 258.32242 1 0 0
-5.5815 41.0699 258.32242 -1 0 0
5.5815 30.0229 258.92242 0 -1 0
5.5815 30.0229 258.92242 1 0 0
-5.5815 30.0229 258.92242 0 -1 0
-5.5815 30.0229 258.92242 -1 0 0
5.5815 41.0699 258.92242 1 0 0
-5.5815 41.0699 258.92242 -1 0 0
-29.8186 6.49095 316.56995 0 0 -1
-34.8186 6.49095 316.56995 0 0 -1
-29.8186 9.54363 316.56995 0 0 -1
-34.8186 9.54363 316.56995 0 0 -1
-29.8186 6.49095 321.56992 0 0 1
-34.8186 6.49095 321.56992 0 0 1
-29.8186 9.54363 321.56992 0 0 1
-34.8186 9.54363 321.56992 0 0 1
-29.8186 6.49095 316.56995 1 0 0
-34.8186 6.49095 316.56995 -1 0 0
-29.8186 9.54363 316.56995 0 1 0
-29.8186 9.54363 316.56995 1 0 0
-34.8186 9.54363 316.56995 -1 0 0
-34.8186 9.54363 316.56995 0 1 0
-29.8186 6.49095 321.56992 1 0 0
-34.8186 6.49095 321.56992 -1 0 0
-29.8186 9.54363 321.56992 0 1 0
-29.8186 9.54363 321.56992 1 0 0
-34.8186 9.54363 321.56992 -1 0 0
-34.8186 9.54363 321.56992 0 1 0
7.1535 20.5779 267.89722 1 0 2.2322e-05
7.1537 20.5779 258.94662 1 0 2.2322e-05
7.1537 36.181 258.94662 1 0 2.2322e-05
7.1535 36.181 267.89722 1 0 2.2322e-05
7.1535 20.5779 267.89722 3.44922e-05 0 1
7.1535 36.181 267.89722 3.44922e-05 0 1
4.4992 36.181 267.89731 3.44922e-05 0 1
4.4992 20.5778 267.89731 3.44922e-05 0 1
7.1537 20.5779 258.94662 -3.44922e-05 0 -1
4.4994 20.5777 258.94672 -3.44922e-05 0 -1
4.4994 36.181 258.94672 -3.44922e-05 0 -1
7.1537 36.181 258.94662 -3.44922e-05 0 -1
-7.1355 20.5778 267.89731 -1 0 -2.2322e-05
-7.1355 36.181 267.89731 -1 0 -2.2322e-05
-7.1353 36.181 258.94672 -1 0 -2.2322e-05
-7.1353 20.5777 258.94672 -1 0 -2.2322e-05
-4.4316 20.5779 267.89722 3.38595e-05 0 1
-4.4316 36.181 267.89722 3.38595e-05 0 1
-7.1355 36.181 267.89731 3.38595e-05 0 1
-7.1355 20.5778 267.89731 3.38595e-05 0 1
-4.4314 20.5779 258.94662 -3.38595e-05 0 -1
-7.1353 20.5777 258.94672 -3.38595e-05 0 -1
-7.1353 36.181 258.94672 -3.38595e-05 0 -1
-4.4314 36.181 258.94662 -3.38595e-05 0 -1
5.5815 50.5974 258.32303 0 0 -1
-5.5815 50.5974 258.32303 0 0 -1
5.5815 51.5974 258.32303 0 0 -1
-5.5815 51.5974 258.32303 0 0 -1
5.5815 50.5974 259.32303 0 0 1
-5.5815 50.5974 259.32303 0 0 1
5.5815 51.5974 259.32303 0 0 1
-5.5815 51.5974 259.32303 0 0 1
5.5815 50.5974 258.32303 0 -1 0
5.5815 50.5974 258.32303 1 0 0
-5.5815 50.5974 258.32303 0 -1 0
-5.5815 50.5974 258.32303 -1 0 0
5.5815 51.5974 258.32303 0 1 0
5.5815 51.5974 258.32303 1 0 0
-5.5815 51.5974 258.32303 -1 0 0
-5.5815 51.5974 258.32303 0 1 0
5.5815 50.5974 259.32303 0 -1 0
5.5815 50.5974 259.32303 1 0 0
-5.5815 50.5974 259.32303 0 -1 0
-5.5815 50.5974 259.32303 -1 0 0
5.5815 51.5974 259.32303 0 1 0
5.5815 51.5974 259.32303 1 0 0
-5.5815 51.5974 259.32303 -1 0 0
-5.5815 51.5974 259.32303 0 1 0
0 3 2
3 0 1
4 12 6
12 4 10
7 15 9
15 7 13
8 11 5
11 8 14
16 19 18
19 16 17
20 28 22
28 20 26
23 31 25
31 23 29
24 27 21
27 24 30
32 35 34
35 32 33
36 39 37
39 36 38
41 50 44
50 41 47
45 48 42
48 45 51
43 46 40
46 43 49
52 53 54
52 54 55
56 57 58
56 58 59
60 61 62
60 62 63
64 65 66
64 66 67
68 69 70
68 70 71
72 73 74
72 74 75
76 79 78
79 76 77
80 83 81
83 80 82
84 94 86
94 84 92
87 98 90
98 87 95
91 96 88
96 91 99
89 93 85
93 89 97
LABEL vents
MATERIAL 1
TEXTURE 0
GEOM 240 234
-35.92163 -3.57824 313.82077 -0.0977132 0 -0.995215
-35.92163 9.21549 313.82077 1.80158e-16 0 -1
-36.17038 -3.82688 313.87024 -0.468772 0 -0.883319
-36.17038 9.21549 313.87024 -0.382665 0 -0.923887
-36.38125 -4.03766 314.01114 -0.761757 0 -0.647863
-36.38125 9.21549 314.01114 -0.707105 0 -0.707108
-36.52216 -4.17851 314.22202 -0.941573 0 -0.33681
-36.52216 9.21549 314.22202 -0.923878 0 -0.382686
-36.57164 -4.22797 314.47076 -1 0 1.02667e-16
-36.57164 9.21549 314.47076 -1 0 -5.40478e-17
-36.52216 -4.17851 314.71951 -0.941573 0 0.33681
-36.52216 9.21549 314.71951 -0.923878 0 0.382686
-36.38125 -4.03766 314.93039 -0.761757 0 0.647863
-36.38125 9.21549 314.93039 -0.707105 0 0.707108
-36.17038 -3.82688 315.07129 -0.468772 0 0.883319
-36.17038 9.21549 315.07129 -0.382665 0 0.923887
-35.92163 -3.57824 315.12076 -0.0977132 0 0.995215
-35.92163 9.21549 315.12076 2.52221e-16 0 1
-35.67289 -3.3296 315.07129 0.297697 0 0.95466
-35.67289 9.21549 315.07129 0.382665 0 0.923887
-35.46202 -3.11881 314.93039 0.654692 0 0.755896
-35.46202 9.21549 314.93039 0.707105 0 0.707108
-35.32111 -2.97796 314.71951 0.907735 0 0.419543
-35.32111 9.21549 314.71951 0.923878 0 0.382686
-35.27163 -2.92851 314.47076 1 0 -5.10787e-08
-35.27163 9.21549 314.47076 1 0 -2.16191e-16
-35.32111 -2.97796 314.22202 0.907735 0 -0.419543
-35.32111 9.21549 314.22202 0.923878 0 -0.382686
-35.46202 -3.11881 314.01114 0.654692 0 -0.755896
-35.46202 9.21549 314.01114 0.707105 0 -0.707108
-35.67289 -3.3296 313.87024 0.297697 0 -0.95466
-35.67289 9.21549 313.87024 0.382665 0 -0.923887
-35.92163 -3.57824 313.82077 0 -0.0978049 -0.995206
-35.92163 9.21549 313.82077 0 1 0
-36.17038 -3.82688 313.87024 0 -0.468957 -0.883221
-36.17038 9.21549 313.87024 0 1 0
-36.38125 -4.03766 314.01114 0 -0.761908 -0.647686
-36.38125 9.21549 314.01114 0 1 0
-36.52216 -4.17851 314.22202 0 -0.941624 -0.336666
-36.52216 9.21549 314.22202 0 1 0
-36.57164 -4.22797 314.47076 0 -1 4.10689e-17
-36.57164 9.21549 314.47076 0 1 0
-36.52216 -4.17851 314.71951 0 -0.941624 0.336666
-36.52216 9.21549 314.71951 0 1 0
-36.38125 -4.03766 314.93039 0 -0.761908 0.647686
-36.38125 9.21549 314.93039 0 1 0
-36.17038 -3.82688 315.07129 0 -0.468957 0.883221
-36.17038 9.21549 315.07129 0 1 0
-35.92163 -3.57824 315.12076 0 -0.0978049 0.995206
-35.92163 9.21549 315.12076 0 1 0
-35.67289 -3.3296 315.07129 0 0.297758 0.954641
-35.67289 9.21549 315.07129 0 1 0
-35.46202 -3.11881 314.93039 0 0.654811 0.755793
-35.46202 9.21549 314.93039 0 1 0
-35.32111 -2.97796 314.71951 0 0.907792 0.41942
-35.32111 9.21549 314.71951 0 1 0
-35.27163 -2.92851 314.47076 0 1 -4.59069e-07
-35.27163 9.21549 314.47076 0 1 0
-35.32111 -2.97796 314.22202 0 0.907792 -0.41942
-35.32111 9.21549 314.22202 0 1 0
-35.46202 -3.11881 314.01114 0 0.654811 -0.755793
-35.46202 9.21549 314.01114 0 1 0
-35.67289 -3.3296 313.87024 0 0.297758 -0.954641
-35.67289 9.21549 313.87024 0 1 0
-34.77848 -3.57824 313.82077 0 9.17568e-08 -1
-34.77848 -3.82688 313.87024 0 -0.382788 -0.923836
-34.77848 -4.03766 314.01114 0 -0.70724 -0.706974
-34.77848 -4.17851 314.22202 0 -0.923932 -0.382556
-34.77848 -4.22797 314.47076 0 -1 0
-34.77848 -4.17851 314.71951 0 -0.923932 0.382556
-34.77848 -4.03766 314.93039 0 -0.70724 0.706974
-34.77848 -3.82688 315.07129 0 -0.382788 0.923836
-34.77848 -3.57824 315.12076 0 5.40482e-17 1
-34.77848 -3.3296 315.07129 0 0.382788 0.923836
-34.77848 -3.11881 314.93039 0 0.70724 0.706973
-34.77848 -2.97796 314.71951 0 0.923933 0.382555
-34.77848 -2.92851 314.47076 0 1 -4.61011e-07
-34.77848 -2.97796 314.22202 0 0.923933 -0.382555
-34.77848 -3.11881 314.01114 0 0.70724 -0.706973
-34.77848 -3.3296 313.87024 0 0.382788 -0.923836
-35.92163 -3.57824 296.82077 -0.0977132 0 -0.995215
-35.92163 9.21549 296.82077 1.81284e-16 0 -1
-36.17038 -3.82688 296.87024 -0.468772 0 -0.883319
-36.17038 9.21549 296.87024 -0.382665 0 -0.923887
-36.38125 -4.03766 297.01114 -0.761757 0 -0.647863
-36.38125 9.21549 297.01114 -0.707105 0 -0.707108
-36.52216 -4.17851 297.22202 -0.941573 0 -0.33681
-36.52216 9.21549 297.22202 -0.923878 0 -0.382686
-36.57164 -4.22797 297.47076 -1 0 1.02667e-16
-36.57164 9.21549 297.47076 -1 0 -5.40478e-17
-36.52216 -4.17851 297.71951 -0.941573 0 0.33681
-36.52216 9.21549 297.71951 -0.923878 0 0.382686
-36.38125 -4.03766 297.93039 -0.761757 0 0.647863
-36.38125 9.21549 297.93039 -0.707105 0 0.707108
-36.17038 -3.82688 298.07129 -0.468772 0 0.883319
-36.17038 9.21549 298.07129 -0.382665 0 0.923887
-35.92163 -3.57824 298.12076 -0.0977132 0 0.995215
-35.92163 9.21549 298.12076 2.52221e-16 0 1
-35.67289 -3.3296 298.07129 0.297697 0 0.95466
-35.67289 9.21549 298.07129 0.382665 0 0.923887
-35.46202 -3.11881 297.93039 0.654692 0 0.755896
-35.46202 9.21549 297.93039 0.707105 0 0.707108
-35.32111 -2.97796 297.71951 0.907735 0 0.419543
-35.32111 9.21549 297.71951 0.923878 0 0.382686
-35.27163 -2.92851 297.47076 1 0 -5.10787e-08
-35.27163 9.21549 297.47076 1 0 -2.16191e-16
-35.32111 -2.97796 297.22202 0.907735 0 -0.419543
-35.32111 9.21549 297.22202 0.923878 0 -0.382686
-35.46202 -3.11881 297.01114 0.654692 0 -0.755896
-35.46202 9.21549 297.01114 0.707105 0 -0.707108
-35.67289 -3.3296 296.87024 0.297697 0 -0.95466
-35.67289 9.21549 296.87024 0.382665 0 -0.923887
-35.92163 -3.57824 296.82077 0 -0.0978049 -0.995206
-35.92163 9.21549 296.82077 0 1 0
-36.17038 -3.82688 296.87024 0 -0.468957 -0.883221
-36.17038 9.21549 296.87024 0 1 0
-36.38125 -4.03766 297.01114 0 -0.761908 -0.647686
-36.38125 9.21549 297.01114 0 1 0
-36.52216 -4.17851 297.22202 0 -0.941624 -0.336666
-36.52216 9.21549 297.22202 0 1 0
-36.57164 -4.22797 297.47076 0 -1 4.10689e-17
-36.57164 9.21549 297.47076 0 1 0
-36.52216 -4.17851 297.71951 0 -0.941624 0.336666
-36.52216 9.21549 297.71951 0 1 0
-36.38125 -4.03766 297.93039 0 -0.761908 0.647686
-36.38125 9.21549 297.93039 0 1 0
-36.17038 -3.82688 298.07129 0 -0.468957 0.883221
-36.17038 9.21549 298.07129 0 1 0
-35.92163 -3.57824 298.12076 0 -0.0978049 0.995206
-35.92163 9.21549 298.12076 0 1 0
-35.67289 -3.3296 298.07129 0 0.297758 0.954641
-35.67289 9.21549 298.07129 0 1 0
-35.46202 -3.11881 297.93039 0 0.654811 0.755793
-35.46202 9.21549 297.93039 0 1 0
-35.32111 -2.97796 297.71951 0 0.907792 0.41942
-35.32111 9.21549 297.71951 0 1 0
-35.27163 -2.92851 297.47076 0 1 -4.59069e-07
-35.27163 9.21549 297.47076 0 1 0
-35.32111 -2.97796 297.22202 0 0.907792 -0.41942
-35.32111 9.21549 297.22202 0 1 0
-35.46202 -3.11881 297.01114 0 0.654811 -0.755793
-35.46202 9.21549 297.01114 0 1 0
-35.67289 -3.3296 296.87024 0 0.297758 -0.954641
-35.67289 9.21549 296.87024 0 1 0
-34.77848 -3.57824 296.82077 0 9.17568e-08 -1
-34.77848 -3.82688 296.87024 0 -0.382788 -0.923836
-34.77848 -4.03766 297.01114 0 -0.70724 -0.706974
-34.77848 -4.17851 297.22202 0 -0.923932 -0.382556
-34.77848 -4.22797 297.47076 0 -1 0
-34.77848 -4.17851 297.71951 0 -0.923932 0.382556
-34.77848 -4.03766 297.93039 0 -0.70724 0.706974
-34.77848 -3.82688 298.07129 0 -0.382788 0.923836
-34.77848 -3.57824 298.12076 0 5.40482e-17 1
-34.77848 -3.3296 298.07129 0 0.382788 0.923836
-34.77848 -3.11881 297.93039 0 0.70724 0.706973
-34.77848 -2.97796 297.71951 0 0.923933 0.382555
-34.77848 -2.92851 297.47076 0 1 -4.61011e-07
-34.77848 -2.97796 297.22202 0 0.923933 -0.382555
-34.77848 -3.11881 297.01114 0 0.70724 -0.706973
-34.77848 -3.3296 296.87024 0 0.382788 -0.923836
-35.92163 -3.57824 279.82077 -0.0977132 0 -0.995215
-35.92163 9.21549 279.82077 1.81284e-16 0 -1
-36.17038 -3.82688 279.87024 -0.468772 0 -0.883319
-36.17038 9.21549 279.87024 -0.382665 0 -0.923887
-36.38125 -4.03766 280.01114 -0.761757 0 -0.647863
-36.38125 9.21549 280.01114 -0.707105 0 -0.707108
-36.52216 -4.17851 280.22202 -0.941573 0 -0.33681
-36.52216 9.21549 280.22202 -0.923878 0 -0.382686
-36.57164 -4.22797 280.47076 -1 0 1.02667e-16
-36.57164 9.21549 280.47076 -1 0 -5.40478e-17
-36.52216 -4.17851 280.71951 -0.941573 0 0.33681
-36.52216 9.21549 280.71951 -0.923878 0 0.382686
-36.38125 -4.03766 280.93039 -0.761757 0 0.647863
-36.38125 9.21549 280.93039 -0.707105 0 0.707108
-36.17038 -3.82688 281.07129 -0.468772 0 0.883319
-36.17038 9.21549 281.07129 -0.382665 0 0.923887
-35.92163 -3.57824 281.12076 -0.0977132 0 0.995215
-35.92163 9.21549 281.12076 2.52221e-16 0 1
-35.67289 -3.3296 281.07129 0.297697 0 0.95466
-35.67289 9.21549 281.07129 0.382665 0 0.923887
-35.46202 -3.11881 280.93039 0.654692 0 0.755896
-35.46202 9.21549 280.93039 0.707105 0 0.707108
-35.32111 -2.97796 280.71951 0.907735 0 0.419543
-35.32111 9.21549 280.71951 0.923878 0 0.382686
-35.27163 -2.92851 280.47076 1 0 -5.10787e-08
-35.27163 9.21549 280.47076 1 0 -2.16191e-16
-35.32111 -2.97796 280.22202 0.907735 0 -0.419543
-35.32111 9.21549 280.22202 0.923878 0 -0.382686
-35.46202 -3.11881 280.01114 0.654692 0 -0.755896
-35.46202 9.21549 280.01114 0.707105 0 -0.707108
-35.67289 -3.3296 279.87024 0.297697 0 -0.95466
-35.67289 9.21549 279.87024 0.382665 0 -0.923887
-35.92163 -3.57824 279.82077 0 -0.0978049 -0.995206
-35.92163 9.21549 279.82077 0 1 0
-36.17038 -3.82688 279.87024 0 -0.468957 -0.883221
-36.17038 9.21549 279.87024 0 1 0
-36.38125 -4.03766 280.01114 0 -0.761908 -0.647686
-36.38125 9.21549 280.01114 0 1 0
-36.52216 -4.17851 280.22202 0 -0.941624 -0.336666
-36.52216 9.21549 280.22202 0 1 0
-36.57164 -4.22797 280.47076 0 -1 4.10689e-17
-36.57164 9.21549 280.47076 0 1 0
-36.52216 -4.17851 280.71951 0 -0.941624 0.336666
-36.52216 9.21549 280.71951 0 1 0
-36.38125 -4.03766 280.93039 0 -0.761908 0.647686
-36.38125 9.21549 280.93039 0 1 0
-36.17038 -3.82688 281.07129 0 -0.468957 0.883221
-36.17038 9.21549 281.07129 0 1 0
-35.92163 -3.57824 281.12076 0 -0.0978049 0.995206
-35.92163 9.21549 281.12076 0 1 0
-35.67289 -3.3296 281.07129 0 0.297758 0.954641
-35.67289 9.21549 281.07129 0 1 0
-35.46202 -3.11881 280.93039 0 0.654811 0.755793
-35.46202 9.21549 280.93039 0 1 0
-35.32111 -2.97796 280.71951 0 0.907792 0.41942
-35.32111 9.21549 280.71951 0 1 0
-35.27163 -2.92851 280.47076 0 1 -4.59069e-07
-35.27163 9.21549 280.47076 0 1 0
-35.32111 -2.97796 280.22202 0 0.907792 -0.41942
-35.32111 9.21549 280.22202 0 1 0
-35.46202 -3.11881 280.01114 0 0.654811 -0.755793
-35.46202 9.21549 280.01114 0 1 0
-35.67289 -3.3296 279.87024 0 0.297758 -0.954641
-35.67289 9.21549 279.87024 0 1 0
-34.77848 -3.57824 279.82077 0 9.17568e-08 -1
-34.77848 -3.82688 279.87024 0 -0.382788 -0.923836
-34.77848 -4.03766 280.01114 0 -0.70724 -0.706974
-34.77848 -4.17851 280.22202 0 -0.923932 -0.382556
-34.77848 -4.22797 280.47076 0 -1 0
-34.77848 -4.17851 280.71951 0 -0.923932 0.382556
-34.77848 -4.03766 280.93039 0 -0.70724 0.706974
-34.77848 -3.82688 281.07129 0 -0.382788 0.923836
-34.77848 -3.57824 281.12076 0 5.40482e-17 1
-34.77848 -3.3296 281.07129 0 0.382788 0.923836
-34.77848 -3.11881 280.93039 0 0.70724 0.706973
-34.77848 -2.97796 280.71951 0 0.923933 0.382555
-34.77848 -2.92851 280.47076 0 1 -4.61011e-07
-34.77848 -2.97796 280.22202 0 0.923933 -0.382555
-34.77848 -3.11881 280.01114 0 0.70724 -0.706973
-34.77848 -3.3296 279.87024 0 0.382788 -0.923836
0 3 1
3 0 2
2 5 3
5 2 4
4 7 5
7 4 6
6 9 7
9 6 8
8 11 9
11 8 10
10 13 11
13 10 12
12 15 13
15 12 14
14 17 15
17 14 16
16 19 17
19 16 18
18 21 19
21 18 20
20 23 21
23 20 22
22 25 23
25 22 24
24 27 25
27 24 26
26 29 27
29 26 28
28 31 29
31 28 30
1 30 0
30 1 31
37 33 35
33 61 63
61 57 59
57 53 55
53 49 51
49 45 47
45 41 43
41 37 39
37 61 33
61 53 57
53 45 49
45 37 41
37 53 61
53 37 45
34 66 36
66 34 65
44 71 46
71 44 70
54 76 56
76 54 75
40 69 42
69 40 68
50 74 52
74 50 73
60 79 62
79 60 78
36 67 38
67 36 66
46 72 48
72 46 71
32 65 34
65 32 64
56 77 58
77 56 76
42 70 44
70 42 69
52 75 54
75 52 74
62 64 32
64 62 79
38 68 40
68 38 67
48 73 50
73 48 72
58 78 60
78 58 77
80 83 81
83 80 82
82 85 83
85 82 84
84 87 85
87 84 86
86 89 87
89 86 88
88 91 89
91 88 90
90 93 91
93 90 92
92 95 93
95 92 94
94 97 95
97 94 96
96 99 97
99 96 98
98 101 99
101 98 100
100 103 101
103 100 102
102 105 103
105 102 104
104 107 105
107 104 106
106 109 107
109 106 108
108 111 109
111 108 110
110 81 111
81 110 80
117 113 115
113 141 143
141 137 139
137 133 135
133 129 131
129 125 127
125 121 123
121 117 119
117 141 113
141 133 137
133 125 129
125 117 121
117 133 141
133 117 125
114 146 116
146 114 145
124 151 126
151 124 150
134 156 136
156 134 155
120 149 122
149 120 148
130 154 132
154 130 153
140 159 142
159 140 158
116 147 118
147 116 146
126 152 128
152 126 151
112 145 114
145 112 144
136 157 138
157 136 156
122 150 124
150 122 149
132 155 134
155 132 154
142 144 112
144 142 159
118 148 120
148 118 147
128 153 130
153 128 152
138 158 140
158 138 157
160 163 161
163 160 162
162 165 163
165 162 164
164 167 165
167 164 166
166 169 167
169 166 168
168 171 169
171 168 170
170 173 171
173 170 172
172 175 173
175 172 174
174 177 175
177 174 176
176 179 177
179 176 178
178 181 179
181 178 180
180 183 181
183 180 182
182 185 183
185 182 184
184 187 185
187 184 186
186 189 187
189 186 188
188 191 189
191 188 190
190 161 191
161 190 160
197 193 195
193 221 223
221 217 219
217 213 215
213 209 211
209 205 207
205 201 203
201 197 199
197 221 193
221 213 217
213 205 209
205 197 201
197 213 221
213 197 205
194 226 196
226 194 225
204 231 206
231 204 230
214 236 216
236 214 235
200 229 202
229 200 228
210 234 212
234 210 233
220 239 222
239 220 238
196 227 198
227 196 226
206 232 208
232 206 231
192 225 194
225 192 224
216 237 218
237 216 236
202 230 204
230 202 229
212 235 214
235 212 234
222 224 192
224 222 239
198 228 200
228 198 227
208 233 210
233 208 232
218 238 220
238 218 237
LABEL airlock_access
MATERIAL 2
TEXTURE 0
GEOM 20 10
4.0848 -9.64041 345.23502 1 0 0
4.0848 -9.64041 344.64713 1 0 0
4.0848 10.1901 344.64713 1 0 0
4.0848 10.1901 345.23502 1 0 0
-2.9432 -9.64041 345.23483 -1 0 0
-2.9432 10.1901 345.23483 -1 0 0
-2.9432 10.1901 344.64691 -1 0 0
-2.9432 -9.64041 344.64691 -1 0 0
4.0848 -9.64041 345.23502 -2.60537e-05 0 1
4.0848 10.1901 345.23502 -2.60537e-05 0 1
-2.9432 10.1901 345.23483 -2.60537e-05 0 1
-2.9432 -9.64041 345.23483 -2.60537e-05 0 1
4.0848 -9.64041 344.64713 3.0396e-05 0 -1
-2.9432 -9.64041 344.64691 3.0396e-05 0 -1
-2.9432 10.1901 344.64691 3.0396e-05 0 -1
4.0848 10.1901 344.64713 3.0396e-05 0 -1
4.0848 10.1901 345.23502 0 1 0
4.0848 10.1901 344.64713 0 1 0
-2.9432 10.1901 344.64691 0 1 0
-2.9432 10.1901 345.23483 0 1 0
0 1 2
0 2 3
4 5 6
4 6 7
8 9 10
8 10 11
12 13 14
12 14 15
16 17 18
16 18 19
LABEL red_structure
MATERIAL 2
TEXTURE 0
GEOM 2920 1460
-4.6704 45.1702 259.31662 0 0 1
-5.0704 45.1702 259.31662 0 0 1
-4.6704 50.619 259.31662 0 0 1
-5.0704 50.619 259.31662 0 0 1
-4.6704 45.1702 258.91663 1 0 0
-5.0704 45.1702 258.91663 -1 0 0
-4.6704 50.619 258.91663 1 0 0
-5.0704 50.619 258.91663 -1 0 0
-4.6704 45.1702 259.31662 1 0 0
-5.0704 45.1702 259.31662 -1 0 0
-4.6704 50.619 259.31662 1 0 0
-5.0704 50.619 259.31662 -1 0 0
5.1122 45.1702 259.31662 0 0 1
4.7122 45.1702 259.31662 0 0 1
5.1122 50.619 259.31662 0 0 1
4.7122 50.619 259.31662 0 0 1
5.1122 45.1702 258.91663 1 0 0
4.7122 45.1702 258.91663 -1 0 0
5.1122 50.619 258.91663 1 0 0
4.7122 50.619 258.91663 -1 0 0
5.1122 45.1702 259.31662 1 0 0
4.7122 45.1702 259.31662 -1 0 0
5.1122 50.619 259.31662 1 0 0
4.7122 50.619 259.31662 -1 0 0
-4.7854 45.02 266.1864 0 -0.800025 -0.599967
-4.9554 45.02 266.1864 0 -0.800025 -0.599967
-4.7854 50.5183 258.85471 0 -0.800025 -0.599967
-4.9554 50.5183 258.85471 0 -0.800025 -0.599967
-4.7854 45.1536 266.27451 0 0.80003 0.59996
-4.9554 45.1536 266.27451 0 0.80003 0.59996
-4.7854 50.6518 258.94281 0 0.80003 0.59996
-4.9554 50.6518 258.94281 0 0.80003 0.59996
-4.7854 45.02 266.1864 1 0 0
-4.9554 45.02 266.1864 -1 0 0
-4.7854 50.5183 258.85471 1 0 0
-4.9554 50.5183 258.85471 -1 0 0
-4.7854 45.1535 266.27451 1 0 0
-4.9554 45.1535 266.27451 -1 0 0
-4.7854 50.6518 258.94281 1 0 0
-4.9554 50.6518 258.94281 -1 0 0
4.9972 45.02 266.1864 0 -0.800025 -0.599967
4.8272 45.02 266.1864 0 -0.800025 -0.599967
4.9972 50.5183 258.85471 0 -0.800025 -0.599967
4.8272 50.5183 258.85471 0 -0.800025 -0.599967
4.9972 45.1536 266.27451 0 0.80003 0.59996
4.8272 45.1536 266.27451 0 0.80003 0.59996
4.9972 50.6518 258.94281 0 0.80003 0.59996
4.8272 50.6518 258.94281 0 0.80003 0.59996
4.9972 45.02 266.1864 1 0 0
4.8272 45.02 266.1864 -1 0 0
4.9972 50.5183 258.85471 1 0 0
4.8272 50.5183 258.85471 -1 0 0
4.9972 45.1535 266.27451 1 0 0
4.8272 45.1535 266.27451 -1 0 0
4.9972 50.6518 258.94281 1 0 0
4.8272 50.6518 258.94281 -1 0 0
-7.04668 32.8462 278.63132 0 -1 0
-7.04668 32.8462 278.63132 -1 0 0
-6.74678 32.8462 278.63132 0 -1 0
-6.74678 32.8462 278.63132 1 0 0
-7.04668 33.1461 278.63132 0 1 0
-7.04668 33.1461 278.63132 -1 0 0
-6.74678 33.1461 278.63132 1 0 0
-6.74678 33.1461 278.63132 0 1 0
-7.04668 32.8462 267.82602 0 -1 0
-7.04668 32.8462 267.82602 -1 0 0
-6.74678 32.8462 267.82602 0 -1 0
-6.74678 32.8462 267.82602 1 0 0
-7.04668 33.1461 267.82602 0 1 0
-7.04668 33.1461 267.82602 -1 0 0
-6.74678 33.1461 267.82602 1 0 0
-6.74678 33.1461 267.82602 0 1 0
-7.04668 36.0701 278.73111 0 -0.746645 0.665222
-7.04668 36.0701 278.73111 -1 0 0
-6.74678 36.0701 278.73111 0 -0.746645 0.665222
-6.74678 36.0701 278.73111 1 0 0
-7.04668 36.294 278.53162 0 0.746645 -0.665222
-7.04668 36.294 278.53162 -1 0 0
-6.74678 36.294 278.53162 1 0 0
-6.74678 36.294 278.53162 0 0.746645 -0.665222
-7.04668 32.8266 275.09061 0 -0.746645 0.665222
-7.04668 32.8266 275.09061 -1 0 0
-6.74678 32.8266 275.09061 0 -0.746645 0.665222
-6.74678 32.8266 275.09061 1 0 0
-7.04668 33.0505 274.89111 0 0.746645 -0.665222
-7.04668 33.0505 274.89111 -1 0 0
-6.74678 33.0505 274.89111 1 0 0
-6.74678 33.0505 274.89111 0 0.746645 -0.665222
-7.04668 36.294 275.13272 0 0.746637 0.665232
-7.04668 36.294 275.13272 -1 0 0
-6.74678 36.294 275.13272 0 0.746637 0.665232
-6.74678 36.294 275.13272 1 0 0
-7.04668 36.0701 274.93323 0 -0.746637 -0.665232
-7.04668 36.0701 274.93323 -1 0 0
-6.74678 36.0701 274.93323 1 0 0
-6.74678 36.0701 274.93323 0 -0.746637 -0.665232
-7.04668 33.0505 278.77313 0 0.746637 0.665232
-7.04668 33.0505 278.77313 -1 0 0
-6.74678 33.0505 278.77313 0 0.746637 0.665232
-6.74678 33.0505 278.77313 1 0 0
-7.04668 32.8266 278.57364 0 -0.746637 -0.665232
-7.04668 32.8266 278.57364 -1 0 0
-6.74678 32.8266 278.57364 1 0 0
-6.74678 32.8266 278.57364 0 -0.746637 -0.665232
-7.04668 36.2257 275.21811 0 0 1
-7.04668 36.2257 275.21811 -1 0 0
-6.74678 36.2257 275.21811 0 0 1
-6.74678 36.2257 275.21811 1 0 0
-7.04668 36.2257 274.91821 0 0 -1
-7.04668 36.2257 274.91821 -1 0 0
-6.74678 36.2257 274.91821 1 0 0
-6.74678 36.2257 274.91821 0 0 -1
-7.04668 20.3601 275.21811 0 0 1
-7.04668 20.3601 275.21811 -1 0 0
-6.74678 20.3601 275.21811 0 0 1
-6.74678 20.3601 275.21811 1 0 0
-7.04668 20.3601 274.91821 0 0 -1
-7.04668 20.3601 274.91821 -1 0 0
-6.74678 20.3601 274.91821 1 0 0
-6.74678 20.3601 274.91821 0 0 -1
-7.04668 36.0701 275.10583 0 -0.77474 0.632279
-7.04668 36.0701 275.10583 -1 0 0
-6.74678 36.0701 275.10583 0 -0.77474 0.632279
-6.74678 36.0701 275.10583 1 0 0
-7.04668 36.294 274.90631 0 0.774738 -0.632282
-7.04668 36.294 274.90631 -1 0 0
-6.74678 36.294 274.90631 1 0 0
-6.74678 36.294 274.90631 0 0.774738 -0.632282
-7.04668 32.8266 271.13153 0 -0.77474 0.632279
-7.04668 32.8266 271.13153 -1 0 0
-6.74678 32.8266 271.13153 0 -0.77474 0.632279
-6.74678 32.8266 271.13153 1 0 0
-7.04668 33.0505 270.93204 0 0.774738 -0.632282
-7.04668 33.0505 270.93204 -1 0 0
-6.74678 33.0505 270.93204 1 0 0
-6.74678 33.0505 270.93204 0 0.774738 -0.632282
-7.04668 36.294 271.17352 0 0.77474 0.632279
-7.04668 36.294 271.17352 -1 0 0
-6.74678 36.294 271.17352 0 0.77474 0.632279
-6.74678 36.294 271.17352 1 0 0
-7.04668 36.0701 270.97403 0 -0.77474 -0.632279
-7.04668 36.0701 270.97403 -1 0 0
-6.74678 36.0701 270.97403 1 0 0
-6.74678 36.0701 270.97403 0 -0.77474 -0.632279
-7.04668 33.0505 275.14783 0 0.77474 0.632279
-7.04668 33.0505 275.14783 -1 0 0
-6.74678 33.0505 275.14783 0 0.77474 0.632279
-6.74678 33.0505 275.14783 1 0 0
-7.04668 32.8266 274.94833 0 -0.77474 -0.632279
-7.04668 32.8266 274.94833 -1 0 0
-6.74678 32.8266 274.94833 1 0 0
-6.74678 32.8266 274.94833 0 -0.77474 -0.632279
-7.04668 36.2257 271.15283 0 0 1
-7.04668 36.2257 271.15283 -1 0 0
-6.74678 36.2257 271.15283 0 0 1
-6.74678 36.2257 271.15283 1 0 0
-7.04668 36.2257 270.85294 0 0 -1
-7.04668 36.2257 270.85294 -1 0 0
-6.74678 36.2257 270.85294 1 0 0
-6.74678 36.2257 270.85294 0 0 -1
-7.04668 20.3601 271.15283 0 0 1
-7.04668 20.3601 271.15283 -1 0 0
-6.74678 20.3601 271.15283 0 0 1
-6.74678 20.3601 271.15283 1 0 0
-7.04668 20.3601 270.85294 0 0 -1
-7.04668 20.3601 270.85294 -1 0 0
-6.74678 20.3601 270.85294 1 0 0
-6.74678 20.3601 270.85294 0 0 -1
-7.04668 33.16 271.17352 0 0.77474 0.632279
-7.04668 33.16 271.17352 -1 0 0
-6.74678 33.16 271.17352 0 0.77474 0.632279
-6.74678 33.16 271.17352 1 0 0
-7.04668 32.9361 270.97403 0 -0.77474 -0.632279
-7.04668 32.9361 270.97403 -1 0 0
-6.74678 32.9361 270.97403 1 0 0
-6.74678 32.9361 270.97403 0 -0.77474 -0.632279
-7.04668 29.9165 275.14783 0 0.77474 0.632279
-7.04668 29.9165 275.14783 -1 0 0
-6.74678 29.9165 275.14783 0 0.77474 0.632279
-6.74678 29.9165 275.14783 1 0 0
-7.04668 29.6926 274.94833 0 -0.77474 -0.632279
-7.04668 29.6926 274.94833 -1 0 0
-6.74678 29.6926 274.94833 1 0 0
-6.74678 29.6926 274.94833 0 -0.77474 -0.632279
-7.04668 32.9361 275.10583 0 -0.77474 0.632279
-7.04668 32.9361 275.10583 -1 0 0
-6.74678 32.9361 275.10583 0 -0.77474 0.632279
-6.74678 32.9361 275.10583 1 0 0
-7.04668 33.16 274.90631 0 0.774738 -0.632282
-7.04668 33.16 274.90631 -1 0 0
-6.74678 33.16 274.90631 1 0 0
-6.74678 33.16 274.90631 0 0.774738 -0.632282
-7.04668 29.6926 271.13153 0 -0.77474 0.632279
-7.04668 29.6926 271.13153 -1 0 0
-6.74678 29.6926 271.13153 0 -0.77474 0.632279
-6.74678 29.6926 271.13153 1 0 0
-7.04668 29.9165 270.93204 0 0.774738 -0.632282
-7.04668 29.9165 270.93204 -1 0 0
-6.74678 29.9165 270.93204 1 0 0
-6.74678 29.9165 270.93204 0 0.774738 -0.632282
-7.04668 29.6883 275.11041 0 -0.747854 0.663863
-7.04668 29.6883 275.11041 -1 0 0
-6.74678 29.6883 275.11041 0 -0.747854 0.663863
-6.74678 29.6883 275.11041 1 0 0
-7.04668 29.9037 274.90173 0 0.747856 -0.663861
-7.04668 29.9037 274.90173 -1 0 0
-6.74678 29.9037 274.90173 1 0 0
-6.74678 29.9037 274.90173 0 0.747856 -0.663861
-7.04668 26.1585 271.13403 0 -0.747854 0.663863
-7.04668 26.1585 271.13403 -1 0 0
-6.74678 26.1585 271.13403 0 -0.747854 0.663863
-6.74678 26.1585 271.13403 1 0 0
-7.04668 26.3739 270.92532 0 0.747856 -0.663861
-7.04668 26.3739 270.92532 -1 0 0
-6.74678 26.3739 270.92532 1 0 0
-6.74678 26.3739 270.92532 0 0.747856 -0.663861
-7.04668 29.9061 271.17563 0 0.762549 0.646931
-7.04668 29.9061 271.17563 -1 0 0
-6.74678 29.9061 271.17563 0 0.762549 0.646931
-6.74678 29.9061 271.17563 1 0 0
-7.04668 29.686 270.97192 0 -0.76255 -0.646929
-7.04668 29.686 270.97192 -1 0 0
-6.74678 29.686 270.97192 1 0 0
-6.74678 29.686 270.97192 0 -0.76255 -0.646929
-7.04668 26.527 275.15863 0 0.762549 0.646931
-7.04668 26.527 275.15863 -1 0 0
-6.74678 26.527 275.15863 0 0.762549 0.646931
-6.74678 26.527 275.15863 1 0 0
-7.04668 26.307 274.95483 0 -0.76255 -0.646929
-7.04668 26.307 274.95483 -1 0 0
-6.74678 26.307 274.95483 1 0 0
-6.74678 26.307 274.95483 0 -0.76255 -0.646929
-7.04668 26.2322 278.63132 0 -1 0
-7.04668 26.2322 278.63132 -1 0 0
-6.74678 26.2322 278.63132 0 -1 0
-6.74678 26.2322 278.63132 1 0 0
-7.04668 26.5321 278.63132 0 1 0
-7.04668 26.5321 278.63132 -1 0 0
-6.74678 26.5321 278.63132 1 0 0
-6.74678 26.5321 278.63132 0 1 0
-7.04668 26.2322 267.82602 0 -1 0
-7.04668 26.2322 267.82602 -1 0 0
-6.74678 26.2322 267.82602 0 -1 0
-6.74678 26.2322 267.82602 1 0 0
-7.04668 26.5321 267.82602 0 1 0
-7.04668 26.5321 267.82602 -1 0 0
-6.74678 26.5321 267.82602 1 0 0
-6.74678 26.5321 267.82602 0 1 0
-7.04668 29.7342 278.63132 0 -1 0
-7.04668 29.7342 278.63132 -1 0 0
-6.74678 29.7342 278.63132 0 -1 0
-6.74678 29.7342 278.63132 1 0 0
-7.04668 30.0341 278.63132 0 1 0
-7.04668 30.0341 278.63132 -1 0 0
-6.74678 30.0341 278.63132 1 0 0
-6.74678 30.0341 278.63132 0 1 0
-7.04668 29.7342 267.82602 0 -1 0
-7.04668 29.7342 267.82602 -1 0 0
-6.74678 29.7342 267.82602 0 -1 0
-6.74678 29.7342 267.82602 1 0 0
-7.04668 30.0341 267.82602 0 1 0
-7.04668 30.0341 267.82602 -1 0 0
-6.74678 30.0341 267.82602 1 0 0
-6.74678 30.0341 267.82602 0 1 0
-7.04668 32.9361 278.73111 0 -0.746645 0.665222
-7.04668 32.9361 278.73111 -1 0 0
-6.74678 32.9361 278.73111 0 -0.746645 0.665222
-6.74678 32.9361 278.73111 1 0 0
-7.04668 33.16 278.53162 0 0.746645 -0.665222
-7.04668 33.16 278.53162 -1 0 0
-6.74678 33.16 278.53162 1 0 0
-6.74678 33.16 278.53162 0 0.746645 -0.665222
-7.04668 29.6926 275.09061 0 -0.746645 0.665222
-7.04668 29.6926 275.09061 -1 0 0
-6.74678 29.6926 275.09061 0 -0.746645 0.665222
-6.74678 29.6926 275.09061 1 0 0
-7.04668 29.9165 274.89111 0 0.746645 -0.665222
-7.04668 29.9165 274.89111 -1 0 0
-6.74678 29.9165 274.89111 1 0 0
-6.74678 29.9165 274.89111 0 0.746645 -0.665222
-7.04668 33.16 275.13272 0 0.746637 0.665232
-7.04668 33.16 275.13272 -1 0 0
-6.74678 33.16 275.13272 0 0.746637 0.665232
-6.74678 33.16 275.13272 1 0 0
-7.04668 32.9361 274.93323 0 -0.746637 -0.665232
-7.04668 32.9361 274.93323 -1 0 0
-6.74678 32.9361 274.93323 1 0 0
-6.74678 32.9361 274.93323 0 -0.746637 -0.665232
-7.04668 29.9165 278.77313 0 0.746637 0.665232
-7.04668 29.9165 278.77313 -1 0 0
-6.74678 29.9165 278.77313 0 0.746637 0.665232
-6.74678 29.9165 278.77313 1 0 0
-7.04668 29.6926 278.57364 0 -0.746637 -0.665232
-7.04668 29.6926 278.57364 -1 0 0
-6.74678 29.6926 278.57364 1 0 0
-6.74678 29.6926 278.57364 0 -0.746637 -0.665232
-7.04668 29.6883 278.73572 0 -0.718128 0.695911
-7.04668 29.6883 278.73572 -1 0 0
-6.74678 29.6883 278.73572 0 -0.718128 0.695911
-6.74678 29.6883 278.73572 1 0 0
-7.04668 29.9037 278.52701 0 0.718128 -0.695911
-7.04668 29.9037 278.52701 -1 0 0
-6.74678 29.9037 278.52701 1 0 0
-6.74678 29.9037 278.52701 0 0.718128 -0.695911
-7.04668 26.1585 275.09323 0 -0.718128 0.695911
-7.04668 26.1585 275.09323 -1 0 0
-6.74678 26.1585 275.09323 0 -0.718128 0.695911
-6.74678 26.1585 275.09323 1 0 0
-7.04668 26.3739 274.88452 0 0.718128 -0.695911
-7.04668 26.3739 274.88452 -1 0 0
-6.74678 26.3739 274.88452 1 0 0
-6.74678 26.3739 274.88452 0 0.718128 -0.695911
-7.04668 29.9061 275.13483 0 0.73372 0.679452
-7.04668 29.9061 275.13483 -1 0 0
-6.74678 29.9061 275.13483 0 0.73372 0.679452
-6.74678 29.9061 275.13483 1 0 0
-7.04668 29.686 274.93103 0 -0.73373 -0.679442
-7.04668 29.686 274.93103 -1 0 0
-6.74678 29.686 274.93103 1 0 0
-6.74678 29.686 274.93103 0 -0.73373 -0.679442
-7.04668 26.527 278.78381 0 0.73372 0.679452
-7.04668 26.527 278.78381 -1 0 0
-6.74678 26.527 278.78381 0 0.73372 0.679452
-6.74678 26.527 278.78381 1 0 0
-7.04668 26.307 278.58002 0 -0.73373 -0.679442
-7.04668 26.307 278.58002 -1 0 0
-6.74678 26.307 278.58002 1 0 0
-6.74678 26.307 278.58002 0 -0.73373 -0.679442
-7.04668 26.3424 278.73111 0 -0.746645 0.665222
-7.04668 26.3424 278.73111 -1 0 0
-6.74678 26.3424 278.73111 0 -0.746645 0.665222
-6.74678 26.3424 278.73111 1 0 0
-7.04668 26.5664 278.53162 0 0.746645 -0.665222
-7.04668 26.5664 278.53162 -1 0 0
-6.74678 26.5664 278.53162 1 0 0
-6.74678 26.5664 278.53162 0 0.746645 -0.665222
-7.04668 23.0989 275.09061 0 -0.746645 0.665222
-7.04668 23.0989 275.09061 -1 0 0
-6.74678 23.0989 275.09061 0 -0.746645 0.665222
-6.74678 23.0989 275.09061 1 0 0
-7.04668 23.3229 274.89111 0 0.746645 -0.665222
-7.04668 23.3229 274.89111 -1 0 0
-6.74678 23.3229 274.89111 1 0 0
-6.74678 23.3229 274.89111 0 0.746645 -0.665222
-7.04668 26.5664 275.13272 0 0.746637 0.665232
-7.04668 26.5664 275.13272 -1 0 0
-6.74678 26.5664 275.13272 0 0.746637 0.665232
-6.74678 26.5664 275.13272 1 0 0
-7.04668 26.3424 274.93323 0 -0.746637 -0.665232
-7.04668 26.3424 274.93323 -1 0 0
-6.74678 26.3424 274.93323 1 0 0
-6.74678 26.3424 274.93323 0 -0.746637 -0.665232
-7.04668 23.3229 278.77313 0 0.746637 0.665232
-7.04668 23.3229 278.77313 -1 0 0
-6.74678 23.3229 278.77313 0 0.746637 0.665232
-6.74678 23.3229 278.77313 1 0 0
-7.04668 23.0989 278.57364 0 -0.746637 -0.665232
-7.04668 23.0989 278.57364 -1 0 0
-6.74678 23.0989 278.57364 1 0 0
-6.74678 23.0989 278.57364 0 -0.746637 -0.665232
-7.04668 23.1031 278.72073 0 -0.802817 0.596226
-7.04668 23.1031 278.72073 -1 0 0
-6.74678 23.1031 278.72073 0 -0.802817 0.596226
-6.74678 23.1031 278.72073 1 0 0
-7.04668 23.3439 278.54193 0 0.802817 -0.596226
-7.04668 23.3439 278.54193 -1 0 0
-6.74678 23.3439 278.54193 1 0 0
-6.74678 23.3439 278.54193 0 0.802817 -0.596226
-7.04668 20.4185 275.10593 0 -0.802817 0.596226
-7.04668 20.4185 275.10593 -1 0 0
-6.74678 20.4185 275.10593 0 -0.802817 0.596226
-6.74678 20.4185 275.10593 1 0 0
-7.04668 20.6593 274.92712 0 0.802817 -0.596226
-7.04668 20.6593 274.92712 -1 0 0
-6.74678 20.6593 274.92712 1 0 0
-6.74678 20.6593 274.92712 0 0.802817 -0.596226
-7.04668 23.3439 275.12201 0 0.802817 0.596226
-7.04668 23.3439 275.12201 -1 0 0
-6.74678 23.3439 275.12201 0 0.802817 0.596226
-6.74678 23.3439 275.12201 1 0 0
-7.04668 23.1031 274.94321 0 -0.802817 -0.596226
-7.04668 23.1031 274.94321 -1 0 0
-6.74678 23.1031 274.94321 1 0 0
-6.74678 23.1031 274.94321 0 -0.802817 -0.596226
-7.04668 20.6593 278.73682 0 0.802817 0.596226
-7.04668 20.6593 278.73682 -1 0 0
-6.74678 20.6593 278.73682 0 0.802817 0.596226
-6.74678 20.6593 278.73682 1 0 0
-7.04668 20.4185 278.55801 0 -0.802817 -0.596226
-7.04668 20.4185 278.55801 -1 0 0
-6.74678 20.4185 278.55801 1 0 0
-6.74678 20.4185 278.55801 0 -0.802817 -0.596226
-7.04668 23.1031 275.06693 0 -0.826983 0.562227
-7.04668 23.1031 275.06693 -1 0 0
-6.74678 23.1031 275.06693 0 -0.826983 0.562227
-6.74678 23.1031 275.06693 1 0 0
-7.04668 23.3439 274.88803 0 0.826977 -0.562236
-7.04668 23.3439 274.88803 -1 0 0
-6.74678 23.3439 274.88803 1 0 0
-6.74678 23.3439 274.88803 0 0.826977 -0.562236
-7.04668 20.4185 271.11813 0 -0.826983 0.562227
-7.04668 20.4185 271.11813 -1 0 0
-6.74678 20.4185 271.11813 0 -0.826983 0.562227
-6.74678 20.4185 271.11813 1 0 0
-7.04668 20.6593 270.93933 0 0.826977 -0.562236
-7.04668 20.6593 270.93933 -1 0 0
-6.74678 20.6593 270.93933 1 0 0
-6.74678 20.6593 270.93933 0 0.826977 -0.562236
-7.04668 23.0736 278.63132 0 -1 0
-7.04668 23.0736 278.63132 -1 0 0
-6.74678 23.0736 278.63132 0 -1 0
-6.74678 23.0736 278.63132 1 0 0
-7.04668 23.3735 278.63132 0 1 0
-7.04668 23.3735 278.63132 -1 0 0
-6.74678 23.3735 278.63132 1 0 0
-6.74678 23.3735 278.63132 0 1 0
-7.04668 23.0736 267.82602 0 -1 0
-7.04668 23.0736 267.82602 -1 0 0
-6.74678 23.0736 267.82602 0 -1 0
-6.74678 23.0736 267.82602 1 0 0
-7.04668 23.3735 267.82602 0 1 0
-7.04668 23.3735 267.82602 -1 0 0
-6.74678 23.3735 267.82602 1 0 0
-6.74678 23.3735 267.82602 0 1 0
-7.04668 23.3439 271.13422 0 0.826977 0.562236
-7.04668 23.3439 271.13422 -1 0 0
-6.74678 23.3439 271.13422 0 0.826977 0.562236
-6.74678 23.3439 271.13422 1 0 0
-7.04668 23.1031 270.95541 0 -0.826977 -0.562236
-7.04668 23.1031 270.95541 -1 0 0
-6.74678 23.1031 270.95541 1 0 0
-6.74678 23.1031 270.95541 0 -0.826977 -0.562236
-7.04668 20.6593 275.08292 0 0.826977 0.562236
-7.04668 20.6593 275.08292 -1 0 0
-6.74678 20.6593 275.08292 0 0.826977 0.562236
-6.74678 20.6593 275.08292 1 0 0
-7.04668 20.4185 274.90411 0 -0.826977 -0.562236
-7.04668 20.4185 274.90411 -1 0 0
-6.74678 20.4185 274.90411 1 0 0
-6.74678 20.4185 274.90411 0 -0.826977 -0.562236
-7.04668 26.3424 275.10583 0 -0.77474 0.632279
-7.04668 26.3424 275.10583 -1 0 0
-6.74678 26.3424 275.10583 0 -0.77474 0.632279
-6.74678 26.3424 275.10583 1 0 0
-7.04668 26.5664 274.90631 0 0.774738 -0.632282
-7.04668 26.5664 274.90631 -1 0 0
-6.74678 26.5664 274.90631 1 0 0
-6.74678 26.5664 274.90631 0 0.774738 -0.632282
-7.04668 23.0989 271.13153 0 -0.77474 0.632279
-7.04668 23.0989 271.13153 -1 0 0
-6.74678 23.0989 271.13153 0 -0.77474 0.632279
-6.74678 23.0989 271.13153 1 0 0
-7.04668 23.3229 270.93204 0 0.774738 -0.632282
-7.04668 23.3229 270.93204 -1 0 0
-6.74678 23.3229 270.93204 1 0 0
-6.74678 23.3229 270.93204 0 0.774738 -0.632282
-7.04668 26.5664 271.17352 0 0.77474 0.632279
-7.04668 26.5664 271.17352 -1 0 0
-6.74678 26.5664 271.17352 0 0.77474 0.632279
-6.74678 26.5664 271.17352 1 0 0
-7.04668 26.3424 270.97403 0 -0.77474 -0.632279
-7.04668 26.3424 270.97403 -1 0 0
-6.74678 26.3424 270.97403 1 0 0
-6.74678 26.3424 270.97403 0 -0.77474 -0.632279
-7.04668 23.3229 275.14783 0 0.77474 0.632279
-7.04668 23.3229 275.14783 -1 0 0
-6.74678 23.3229 275.14783 0 0.77474 0.632279
-6.74678 23.3229 275.14783 1 0 0
-7.04668 23.0989 274.94833 0 -0.77474 -0.632279
-7.04668 23.0989 274.94833 -1 0 0
-6.74678 23.0989 274.94833 1 0 0
-6.74678 23.0989 274.94833 0 -0.77474 -0.632279
-7.04668 36.2257 278.78131 0 0 1
-7.04668 36.2257 278.78131 -1 0 0
-6.74678 36.2257 278.78131 0 0 1
-6.74678 36.2257 278.78131 1 0 0
-7.04668 36.2257 278.48141 0 0 -1
-7.04668 36.2257 278.48141 -1 0 0
-6.74678 36.2257 278.48141 1 0 0
-6.74678 36.2257 278.48141 0 0 -1
-7.04668 20.3601 278.78131 0 0 1
-7.04668 20.3601 278.78131 -1 0 0
-6.74678 20.3601 278.78131 0 0 1
-6.74678 20.3601 278.78131 1 0 0
-7.04668 20.3601 278.48141 0 0 -1
-7.04668 20.3601 278.48141 -1 0 0
-6.74678 20.3601 278.48141 1 0 0
-6.74678 20.3601 278.48141 0 0 -1
-6.74618 26.2322 278.48141 0 -1 0
-6.74618 26.2322 278.48141 0 0 -1
-6.74618 26.2322 278.78131 0 -1 0
-6.74618 26.2322 278.78131 0 0 1
-6.74618 26.5321 278.48141 0 1 0
-6.74618 26.5321 278.48141 0 0 -1
-6.74618 26.5321 278.78131 0 0 1
-6.74618 26.5321 278.78131 0 1 0
-4.43868 26.2322 278.48141 0 -1 0
-4.43868 26.2322 278.48141 0 0 -1
-4.43868 26.2322 278.78131 0 -1 0
-4.43868 26.2322 278.78131 0 0 1
-4.43868 26.5321 278.48141 0 1 0
-4.43868 26.5321 278.48141 0 0 -1
-4.43868 26.5321 278.78131 0 0 1
-4.43868 26.5321 278.78131 0 1 0
-7.01058 23.2244 278.78131 0 0 1
-7.01058 23.2244 278.78131 -0.759262 -0.650785 0
-6.78288 23.4196 278.78131 0 0 1
-6.78288 23.4196 278.78131 0.759273 0.650772 0
-7.01058 23.2244 278.48141 0 0 -1
-7.01058 23.2244 278.48141 -0.759262 -0.650785 0
-6.78288 23.4196 278.48141 0.759273 0.650772 0
-6.78288 23.4196 278.48141 0 0 -1
-4.58448 20.3939 278.78131 0 0 1
-4.58448 20.3939 278.78131 -0.759262 -0.650785 0
-4.35678 20.589 278.78131 0 0 1
-4.35678 20.589 278.78131 0.759273 0.650772 0
-4.58448 20.3939 278.48141 0 0 -1
-4.58448 20.3939 278.48141 -0.759262 -0.650785 0
-4.35678 20.589 278.48141 0.759273 0.650772 0
-4.35678 20.589 278.48141 0 0 -1
-4.61928 23.4196 278.78131 0 0 1
-4.61928 23.4196 278.78131 -0.759274 0.650772 0
-4.39158 23.2244 278.78131 0 0 1
-4.39158 23.2244 278.78131 0.759262 -0.650785 0
-4.61928 23.4196 278.48141 0 0 -1
-4.61928 23.4196 278.48141 -0.759274 0.650772 0
-4.39158 23.2244 278.48141 0.759262 -0.650785 0
-4.39158 23.2244 278.48141 0 0 -1
-7.04538 20.589 278.78131 0 0 1
-7.04538 20.589 278.78131 -0.759274 0.650772 0
-6.81768 20.3939 278.78131 0 0 1
-6.81768 20.3939 278.78131 0.759262 -0.650785 0
-7.04538 20.589 278.48141 0 0 -1
-7.04538 20.589 278.48141 -0.759274 0.650772 0
-6.81768 20.3939 278.48141 0.759262 -0.650785 0
-6.81768 20.3939 278.48141 0 0 -1
-6.74618 23.0736 278.48141 0 -1 0
-6.74618 23.0736 278.48141 0 0 -1
-6.74618 23.0736 278.78131 0 -1 0
-6.74618 23.0736 278.78131 0 0 1
-6.74618 23.3735 278.48141 0 1 0
-6.74618 23.3735 278.48141 0 0 -1
-6.74618 23.3735 278.78131 0 0 1
-6.74618 23.3735 278.78131 0 1 0
-4.43868 23.0736 278.48141 0 -1 0
-4.43868 23.0736 278.48141 0 0 -1
-4.43868 23.0736 278.78131 0 -1 0
-4.43868 23.0736 278.78131 0 0 1
-4.43868 23.3735 278.48141 0 1 0
-4.43868 23.3735 278.48141 0 0 -1
-4.43868 23.3735 278.78131 0 0 1
-4.43868 23.3735 278.78131 0 1 0
-7.01818 26.3035 278.78131 0 0 1
-7.01818 26.3035 278.78131 -0.810036 -0.58638 0
-6.77528 26.4794 278.78131 0 0 1
-6.77528 26.4794 278.78131 0.810045 0.586368 0
-7.01818 26.3035 278.48141 0 0 -1
-7.01818 26.3035 278.48141 -0.810036 -0.58638 0
-6.77528 26.4794 278.48141 0.810045 0.586368 0
-6.77528 26.4794 278.48141 0 0 -1
-4.69238 23.0906 278.78131 0 0 1
-4.69238 23.0906 278.78131 -0.810036 -0.58638 0
-4.44948 23.2664 278.78131 0 0 1
-4.44948 23.2664 278.78131 0.810045 0.586368 0
-4.69238 23.0906 278.48141 0 0 -1
-4.69238 23.0906 278.48141 -0.810036 -0.58638 0
-4.44948 23.2664 278.48141 0.810045 0.586368 0
-4.44948 23.2664 278.48141 0 0 -1
-4.62688 26.4794 278.78131 0 0 1
-4.62688 26.4794 278.78131 -0.810045 0.586368 0
-4.38398 26.3035 278.78131 0 0 1
-4.38398 26.3035 278.78131 0.810036 -0.58638 0
-4.62688 26.4794 278.48141 0 0 -1
-4.62688 26.4794 278.48141 -0.810045 0.586368 0
-4.38398 26.3035 278.48141 0.810036 -0.58638 0
-4.38398 26.3035 278.48141 0 0 -1
-6.95268 23.2664 278.78131 0 0 1
-6.95268 23.2664 278.78131 -0.810045 0.586368 0
-6.70978 23.0906 278.78131 0 0 1
-6.70978 23.0906 278.78131 0.810036 -0.58638 0
-6.95268 23.2664 278.48141 0 0 -1
-6.95268 23.2664 278.48141 -0.810045 0.586368 0
-6.70978 23.0906 278.48141 0.810036 -0.58638 0
-6.70978 23.0906 278.48141 0 0 -1
-7.02238 29.8774 278.78131 0 0 1
-7.02238 29.8774 278.78131 -0.837709 -0.546116 0
-6.77108 30.0412 278.78131 0 0 1
-6.77108 30.0412 278.78131 0.83772 0.5461 0
-7.02238 29.8774 278.48141 0 0 -1
-7.02238 29.8774 278.48141 -0.837709 -0.546116 0
-6.77108 30.0412 278.48141 0.83772 0.5461 0
-6.77108 30.0412 278.48141 0 0 -1
-4.60638 26.1714 278.78131 0 0 1
-4.60638 26.1714 278.78131 -0.837709 -0.546116 0
-4.35518 26.3352 278.78131 0 0 1
-4.35518 26.3352 278.78131 0.83772 0.5461 0
-4.60638 26.1714 278.48141 0 0 -1
-4.60638 26.1714 278.48141 -0.837709 -0.546116 0
-4.35518 26.3352 278.48141 0.83772 0.5461 0
-4.35518 26.3352 278.48141 0 0 -1
-4.63108 30.0412 278.78131 0 0 1
-4.63108 30.0412 278.78131 -0.83772 0.5461 0
-4.37978 29.8774 278.78131 0 0 1
-4.37978 29.8774 278.78131 0.837709 -0.546116 0
-4.63108 30.0412 278.48141 0 0 -1
-4.63108 30.0412 278.48141 -0.83772 0.5461 0
-4.37978 29.8774 278.48141 0.837709 -0.546116 0
-4.37978 29.8774 278.48141 0 0 -1
-7.04698 26.3352 278.78131 0 0 1
-7.04698 26.3352 278.78131 -0.83772 0.5461 0
-6.79578 26.1714 278.78131 0 0 1
-6.79578 26.1714 278.78131 0.837709 -0.546116 0
-7.04698 26.3352 278.48141 0 0 -1
-7.04698 26.3352 278.48141 -0.83772 0.5461 0
-6.79578 26.1714 278.48141 0.837709 -0.546116 0
-6.79578 26.1714 278.48141 0 0 -1
-6.74618 29.7342 278.48141 0 -1 0
-6.74618 29.7342 278.48141 0 0 -1
-6.74618 29.7342 278.78131 0 -1 0
-6.74618 29.7342 278.78131 0 0 1
-6.74618 30.0341 278.48141 0 1 0
-6.74618 30.0341 278.48141 0 0 -1
-6.74618 30.0341 278.78131 0 0 1
-6.74618 30.0341 278.78131 0 1 0
-4.43868 29.7342 278.48141 0 -1 0
-4.43868 29.7342 278.48141 0 0 -1
-4.43868 29.7342 278.78131 0 -1 0
-4.43868 29.7342 278.78131 0 0 1
-4.43868 30.0341 278.48141 0 1 0
-4.43868 30.0341 278.48141 0 0 -1
-4.43868 30.0341 278.78131 0 0 1
-4.43868 30.0341 278.78131 0 1 0
-4.62688 33.1145 278.78131 0 0 1
-4.62688 33.1145 278.78131 -0.810036 0.586381 0
-4.38398 32.9387 278.78131 0 0 1
-4.38398 32.9387 278.78131 0.810045 -0.586368 0
-4.62688 33.1145 278.48141 0 0 -1
-4.62688 33.1145 278.48141 -0.810036 0.586381 0
-4.38398 32.9387 278.48141 0.810045 -0.586368 0
-4.38398 32.9387 278.48141 0 0 -1
-6.95268 29.9016 278.78131 0 0 1
-6.95268 29.9016 278.78131 -0.810036 0.586381 0
-6.70978 29.7257 278.78131 0 0 1
-6.70978 29.7257 278.78131 0.810045 -0.586368 0
-6.95268 29.9016 278.48141 0 0 -1
-6.95268 29.9016 278.48141 -0.810036 0.586381 0
-6.70978 29.7257 278.48141 0.810045 -0.586368 0
-6.70978 29.7257 278.48141 0 0 -1
-7.01818 32.9387 278.78131 0 0 1
-7.01818 32.9387 278.78131 -0.810045 -0.586368 0
-6.77528 33.1145 278.78131 0 0 1
-6.77528 33.1145 278.78131 0.810036 0.586381 0
-7.01818 32.9387 278.48141 0 0 -1
-7.01818 32.9387 278.48141 -0.810045 -0.586368 0
-6.77528 33.1145 278.48141 0.810036 0.586381 0
-6.77528 33.1145 278.48141 0 0 -1
-4.69238 29.7257 278.78131 0 0 1
-4.69238 29.7257 278.78131 -0.810045 -0.586368 0
-4.44948 29.9016 278.78131 0 0 1
-4.44948 29.9016 278.78131 0.810036 0.586381 0
-4.69238 29.7257 278.48141 0 0 -1
-4.69238 29.7257 278.48141 -0.810045 -0.586368 0
-4.44948 29.9016 278.48141 0.810036 0.586381 0
-4.44948 29.9016 278.48141 0 0 -1
-6.74618 32.8462 278.48141 0 -1 0
-6.74618 32.8462 278.48141 0 0 -1
-6.74618 32.8462 278.78131 0 -1 0
-6.74618 32.8462 278.78131 0 0 1
-6.74618 33.1461 278.48141 0 1 0
-6.74618 33.1461 278.48141 0 0 -1
-6.74618 33.1461 278.78131 0 0 1
-6.74618 33.1461 278.78131 0 1 0
-4.43868 32.8462 278.48141 0 -1 0
-4.43868 32.8462 278.48141 0 0 -1
-4.43868 32.8462 278.78131 0 -1 0
-4.43868 32.8462 278.78131 0 0 1
-4.43868 33.1461 278.48141 0 1 0
-4.43868 33.1461 278.48141 0 0 -1
-4.43868 33.1461 278.78131 0 0 1
-4.43868 33.1461 278.78131 0 1 0
-4.62688 36.3136 278.78131 0 0 1
-4.62688 36.3136 278.78131 -0.810036 0.586381 0
-4.38398 36.1378 278.78131 0 0 1
-4.38398 36.1378 278.78131 0.810044 -0.586369 0
-4.62688 36.3136 278.48141 0 0 -1
-4.62688 36.3136 278.48141 -0.810036 0.586381 0
-4.38398 36.1378 278.48141 0.810044 -0.586369 0
-4.38398 36.1378 278.48141 0 0 -1
-6.95268 33.1007 278.78131 0 0 1
-6.95268 33.1007 278.78131 -0.810036 0.586381 0
-6.70978 32.9248 278.78131 0 0 1
-6.70978 32.9248 278.78131 0.810044 -0.586369 0
-6.95268 33.1007 278.48141 0 0 -1
-6.95268 33.1007 278.48141 -0.810036 0.586381 0
-6.70978 32.9248 278.48141 0.810044 -0.586369 0
-6.70978 32.9248 278.48141 0 0 -1
-7.01818 36.1378 278.78131 0 0 1
-7.01818 36.1378 278.78131 -0.810044 -0.586369 0
-6.77528 36.3136 278.78131 0 0 1
-6.77528 36.3136 278.78131 0.810036 0.586381 0
-7.01818 36.1378 278.48141 0 0 -1
-7.01818 36.1378 278.48141 -0.810044 -0.586369 0
-6.77528 36.3136 278.48141 0.810036 0.586381 0
-6.77528 36.3136 278.48141 0 0 -1
-4.69238 32.9248 278.78131 0 0 1
-4.69238 32.9248 278.78131 -0.810044 -0.586369 0
-4.44948 33.1007 278.78131 0 0 1
-4.44948 33.1007 278.78131 0.810036 0.586381 0
-4.69238 32.9248 278.48141 0 0 -1
-4.69238 32.9248 278.48141 -0.810044 -0.586369 0
-4.44948 33.1007 278.48141 0.810036 0.586381 0
-4.44948 33.1007 278.48141 0 0 -1
-4.73748 32.8462 278.63132 0 -1 0
-4.73748 32.8462 278.63132 -1 0 0
-4.43758 32.8462 278.63132 0 -1 0
-4.73748 33.1461 278.63132 0 1 0
-4.73748 33.1461 278.63132 -1 0 0
-4.43758 33.1461 278.63132 0 1 0
-4.73748 32.8462 267.82602 0 -1 0
-4.73748 32.8462 267.82602 -1 0 0
-4.43758 32.8462 267.82602 0 -1 0
-4.73748 33.1461 267.82602 0 1 0
-4.73748 33.1461 267.82602 -1 0 0
-4.43758 33.1461 267.82602 0 1 0
-4.73748 36.0701 278.73111 0 -0.746645 0.665222
-4.73748 36.0701 278.73111 -1 0 0
-4.43758 36.0701 278.73111 0 -0.746645 0.665222
-4.73748 36.294 278.53162 0 0.746645 -0.665222
-4.73748 36.294 278.53162 -1 0 0
-4.43758 36.294 278.53162 0 0.746645 -0.665222
-4.73748 32.8266 275.09061 0 -0.746645 0.665222
-4.73748 32.8266 275.09061 -1 0 0
-4.43758 32.8266 275.09061 0 -0.746645 0.665222
-4.73748 33.0505 274.89111 0 0.746645 -0.665222
-4.73748 33.0505 274.89111 -1 0 0
-4.43758 33.0505 274.89111 0 0.746645 -0.665222
-4.73748 36.294 275.13272 0 0.746637 0.665232
-4.73748 36.294 275.13272 -1 0 0
-4.43758 36.294 275.13272 0 0.746637 0.665232
-4.73748 36.0701 274.93323 0 -0.746637 -0.665232
-4.73748 36.0701 274.93323 -1 0 0
-4.43758 36.0701 274.93323 0 -0.746637 -0.665232
-4.73748 33.0505 278.77313 0 0.746637 0.665232
-4.73748 33.0505 278.77313 -1 0 0
-4.43758 33.0505 278.77313 0 0.746637 0.665232
-4.73748 32.8266 278.57364 0 -0.746637 -0.665232
-4.73748 32.8266 278.57364 -1 0 0
-4.43758 32.8266 278.57364 0 -0.746637 -0.665232
-4.73748 36.2257 275.21811 0 0 1
-4.73748 36.2257 275.21811 -1 0 0
-4.43758 36.2257 275.21811 0 0 1
-4.73748 36.2257 274.91821 0 0 -1
-4.73748 36.2257 274.91821 -1 0 0
-4.43758 36.2257 274.91821 0 0 -1
-4.73748 20.3601 275.21811 0 0 1
-4.73748 20.3601 275.21811 -1 0 0
-4.43758 20.3601 275.21811 0 0 1
-4.73748 20.3601 274.91821 0 0 -1
-4.73748 20.3601 274.91821 -1 0 0
-4.43758 20.3601 274.91821 0 0 -1
-4.73748 36.0701 275.10583 0 -0.77474 0.632279
-4.73748 36.0701 275.10583 -1 0 0
-4.43758 36.0701 275.10583 0 -0.77474 0.632279
-4.73748 36.294 274.90631 0 0.774738 -0.632282
-4.73748 36.294 274.90631 -1 0 0
-4.43758 36.294 274.90631 0 0.774738 -0.632282
-4.73748 32.8266 271.13153 0 -0.77474 0.632279
-4.73748 32.8266 271.13153 -1 0 0
-4.43758 32.8266 271.13153 0 -0.77474 0.632279
-4.73748 33.0505 270.93204 0 0.774738 -0.632282
-4.73748 33.0505 270.93204 -1 0 0
-4.43758 33.0505 270.93204 0 0.774738 -0.632282
-4.73748 36.294 271.17352 0 0.77474 0.632279
-4.73748 36.294 271.17352 -1 0 0
-4.43758 36.294 271.17352 0 0.77474 0.632279
-4.73748 36.0701 270.97403 0 -0.77474 -0.632279
-4.73748 36.0701 270.97403 -1 0 0
-4.43758 36.0701 270.97403 0 -0.77474 -0.632279
-4.73748 33.0505 275.14783 0 0.77474 0.632279
-4.73748 33.0505 275.14783 -1 0 0
-4.43758 33.0505 275.14783 0 0.77474 0.632279
-4.73748 32.8266 274.94833 0 -0.77474 -0.632279
-4.73748 32.8266 274.94833 -1 0 0
-4.43758 32.8266 274.94833 0 -0.77474 -0.632279
-4.73748 36.2257 271.15283 0 0 1
-4.73748 36.2257 271.15283 -1 0 0
-4.43758 36.2257 271.15283 0 0 1
-4.73748 36.2257 270.85294 0 0 -1
-4.73748 36.2257 270.85294 -1 0 0
-4.43758 36.2257 270.85294 0 0 -1
-4.73748 20.3601 271.15283 0 0 1
-4.73748 20.3601 271.15283 -1 0 0
-4.43758 20.3601 271.15283 0 0 1
-4.73748 20.3601 270.85294 0 0 -1
-4.73748 20.3601 270.85294 -1 0 0
-4.43758 20.3601 270.85294 0 0 -1
-4.73748 33.16 271.17352 0 0.77474 0.632279
-4.73748 33.16 271.17352 -1 0 0
-4.43758 33.16 271.17352 0 0.77474 0.632279
-4.73748 32.9361 270.97403 0 -0.77474 -0.632279
-4.73748 32.9361 270.97403 -1 0 0
-4.43758 32.9361 270.97403 0 -0.77474 -0.632279
-4.73748 29.9165 275.14783 0 0.77474 0.632279
-4.73748 29.9165 275.14783 -1 0 0
-4.43758 29.9165 275.14783 0 0.77474 0.632279
-4.73748 29.6926 274.94833 0 -0.77474 -0.632279
-4.73748 29.6926 274.94833 -1 0 0
-4.43758 29.6926 274.94833 0 -0.77474 -0.632279
-4.73748 32.9361 275.10583 0 -0.77474 0.632279
-4.73748 32.9361 275.10583 -1 0 0
-4.43758 32.9361 275.10583 0 -0.77474 0.632279
-4.73748 33.16 274.90631 0 0.774738 -0.632282
-4.73748 33.16 274.90631 -1 0 0
-4.43758 33.16 274.90631 0 0.774738 -0.632282
-4.73748 29.6926 271.13153 0 -0.77474 0.632279
-4.73748 29.6926 271.13153 -1 0 0
-4.43758 29.6926 271.13153 0 -0.77474 0.632279
-4.73748 29.9165 270.93204 0 0.774738 -0.632282
-4.73748 29.9165 270.93204 -1 0 0
-4.43758 29.9165 270.93204 0 0.774738 -0.632282
-4.73748 29.6883 275.11041 0 -0.747854 0.663863
-4.73748 29.6883 275.11041 -1 0 0
-4.43758 29.6883 275.11041 0 -0.747854 0.663863
-4.73748 29.9037 274.90173 0 0.747856 -0.663861
-4.73748 29.9037 274.90173 -1 0 0
-4.43758 29.9037 274.90173 0 0.747856 -0.663861
-4.73748 26.1585 271.13403 0 -0.747854 0.663863
-4.73748 26.1585 271.13403 -1 0 0
-4.43758 26.1585 271.13403 0 -0.747854 0.663863
-4.73748 26.3739 270.92532 0 0.747856 -0.663861
-4.73748 26.3739 270.92532 -1 0 0
-4.43758 26.3739 270.92532 0 0.747856 -0.663861
-4.73748 29.9061 271.17563 0 0.762549 0.646931
-4.73748 29.9061 271.17563 -1 0 0
-4.43758 29.9061 271.17563 0 0.762549 0.646931
-4.73748 29.686 270.97192 0 -0.76255 -0.646929
-4.73748 29.686 270.97192 -1 0 0
-4.43758 29.686 270.97192 0 -0.76255 -0.646929
-4.73748 26.527 275.15863 0 0.762549 0.646931
-4.73748 26.527 275.15863 -1 0 0
-4.43758 26.527 275.15863 0 0.762549 0.646931
-4.73748 26.307 274.95483 0 -0.76255 -0.646929
-4.73748 26.307 274.95483 -1 0 0
-4.43758 26.307 274.95483 0 -0.76255 -0.646929
-4.73748 26.2322 278.63132 0 -1 0
-4.73748 26.2322 278.63132 -1 0 0
-4.43758 26.2322 278.63132 0 -1 0
-4.73748 26.5321 278.63132 0 1 0
-4.73748 26.5321 278.63132 -1 0 0
-4.43758 26.5321 278.63132 0 1 0
-4.73748 26.2322 267.82602 0 -1 0
-4.73748 26.2322 267.82602 -1 0 0
-4.43758 26.2322 267.82602 0 -1 0
-4.73748 26.5321 267.82602 0 1 0
-4.73748 26.5321 267.82602 -1 0 0
-4.43758 26.5321 267.82602 0 1 0
-4.73748 29.7342 278.63132 0 -1 0
-4.73748 29.7342 278.63132 -1 0 0
-4.43758 29.7342 278.63132 0 -1 0
-4.73748 30.0341 278.63132 0 1 0
-4.73748 30.0341 278.63132 -1 0 0
-4.43758 30.0341 278.63132 0 1 0
-4.73748 29.7342 267.82602 0 -1 0
-4.73748 29.7342 267.82602 -1 0 0
-4.43758 29.7342 267.82602 0 -1 0
-4.73748 30.0341 267.82602 0 1 0
-4.73748 30.0341 267.82602 -1 0 0
-4.43758 30.0341 267.82602 0 1 0
-4.73748 32.9361 278.73111 0 -0.746645 0.665222
-4.73748 32.9361 278.73111 -1 0 0
-4.43758 32.9361 278.73111 0 -0.746645 0.665222
-4.73748 33.16 278.53162 0 0.746645 -0.665222
-4.73748 33.16 278.53162 -1 0 0
-4.43758 33.16 278.53162 0 0.746645 -0.665222
-4.73748 29.6926 275.09061 0 -0.746645 0.665222
-4.73748 29.6926 275.09061 -1 0 0
-4.43758 29.6926 275.09061 0 -0.746645 0.665222
-4.73748 29.9165 274.89111 0 0.746645 -0.665222
-4.73748 29.9165 274.89111 -1 0 0
-4.43758 29.9165 274.89111 0 0.746645 -0.665222
-4.73748 33.16 275.13272 0 0.746637 0.665232
-4.73748 33.16 275.13272 -1 0 0
-4.43758 33.16 275.13272 0 0.746637 0.665232
-4.73748 32.9361 274.93323 0 -0.746637 -0.665232
-4.73748 32.9361 274.93323 -1 0 0
-4.43758 32.9361 274.93323 0 -0.746637 -0.665232
-4.73748 29.9165 278.77313 0 0.746637 0.665232
-4.73748 29.9165 278.77313 -1 0 0
-4.43758 29.9165 278.77313 0 0.746637 0.665232
-4.73748 29.6926 278.57364 0 -0.746637 -0.665232
-4.73748 29.6926 278.57364 -1 0 0
-4.43758 29.6926 278.57364 0 -0.746637 -0.665232
-4.73748 29.6883 278.73572 0 -0.718128 0.695911
-4.73748 29.6883 278.73572 -1 0 0
-4.43758 29.6883 278.73572 0 -0.718128 0.695911
-4.73748 29.9037 278.52701 0 0.718128 -0.695911
-4.73748 29.9037 278.52701 -1 0 0
-4.43758 29.9037 278.52701 0 0.718128 -0.695911
-4.73748 26.1585 275.09323 0 -0.718128 0.695911
-4.73748 26.1585 275.09323 -1 0 0
-4.43758 26.1585 275.09323 0 -0.718128 0.695911
-4.73748 26.3739 274.88452 0 0.718128 -0.695911
-4.73748 26.3739 274.88452 -1 0 0
-4.43758 26.3739 274.88452 0 0.718128 -0.695911
-4.73748 29.9061 275.13483 0 0.73372 0.679452
-4.73748 29.9061 275.13483 -1 0 0
-4.43758 29.9061 275.13483 0 0.73372 0.679452
-4.73748 29.686 274.93103 0 -0.73373 -0.679442
-4.73748 29.686 274.93103 -1 0 0
-4.43758 29.686 274.93103 0 -0.73373 -0.679442
-4.73748 26.527 278.78381 0 0.73372 0.679452
-4.73748 26.527 278.78381 -1 0 0
-4.43758 26.527 278.78381 0 0.73372 0.679452
-4.73748 26.307 278.58002 0 -0.73373 -0.679442
-4.73748 26.307 278.58002 -1 0 0
-4.43758 26.307 278.58002 0 -0.73373 -0.679442
-4.73748 26.3424 278.73111 0 -0.746645 0.665222
-4.73748 26.3424 278.73111 -1 0 0
-4.43758 26.3424 278.73111 0 -0.746645 0.665222
-4.73748 26.5664 278.53162 0 0.746645 -0.665222
-4.73748 26.5664 278.53162 -1 0 0
-4.43758 26.5664 278.53162 0 0.746645 -0.665222
-4.73748 23.0989 275.09061 0 -0.746645 0.665222
-4.73748 23.0989 275.09061 -1 0 0
-4.43758 23.0989 275.09061 0 -0.746645 0.665222
-4.73748 23.3229 274.89111 0 0.746645 -0.665222
-4.73748 23.3229 274.89111 -1 0 0
-4.43758 23.3229 274.89111 0 0.746645 -0.665222
-4.73748 26.5664 275.13272 0 0.746637 0.665232
-4.73748 26.5664 275.13272 -1 0 0
-4.43758 26.5664 275.13272 0 0.746637 0.665232
-4.73748 26.3424 274.93323 0 -0.746637 -0.665232
-4.73748 26.3424 274.93323 -1 0 0
-4.43758 26.3424 274.93323 0 -0.746637 -0.665232
-4.73748 23.3229 278.77313 0 0.746637 0.665232
-4.73748 23.3229 278.77313 -1 0 0
-4.43758 23.3229 278.77313 0 0.746637 0.665232
-4.73748 23.0989 278.57364 0 -0.746637 -0.665232
-4.73748 23.0989 278.57364 -1 0 0
-4.43758 23.0989 278.57364 0 -0.746637 -0.665232
-4.73748 23.1031 278.72073 0 -0.802817 0.596226
-4.73748 23.1031 278.72073 -1 0 0
-4.43758 23.1031 278.72073 0 -0.802817 0.596226
-4.73748 23.3439 278.54193 0 0.802817 -0.596226
-4.73748 23.3439 278.54193 -1 0 0
-4.43758 23.3439 278.54193 0 0.802817 -0.596226
-4.73748 20.4185 275.10593 0 -0.802817 0.596226
-4.73748 20.4185 275.10593 -1 0 0
-4.43758 20.4185 275.10593 0 -0.802817 0.596226
-4.73748 20.6593 274.92712 0 0.802817 -0.596226
-4.73748 20.6593 274.92712 -1 0 0
-4.43758 20.6593 274.92712 0 0.802817 -0.596226
-4.73748 23.3439 275.12201 0 0.802817 0.596226
-4.73748 23.3439 275.12201 -1 0 0
-4.43758 23.3439 275.12201 0 0.802817 0.596226
-4.73748 23.1031 274.94321 0 -0.802817 -0.596226
-4.73748 23.1031 274.94321 -1 0 0
-4.43758 23.1031 274.94321 0 -0.802817 -0.596226
-4.73748 20.6593 278.73682 0 0.802817 0.596226
-4.73748 20.6593 278.73682 -1 0 0
-4.43758 20.6593 278.73682 0 0.802817 0.596226
-4.73748 20.4185 278.55801 0 -0.802817 -0.596226
-4.73748 20.4185 278.55801 -1 0 0
-4.43758 20.4185 278.55801 0 -0.802817 -0.596226
-4.73748 23.1031 275.06693 0 -0.826983 0.562227
-4.73748 23.1031 275.06693 -1 0 0
-4.43758 23.1031 275.06693 0 -0.826983 0.562227
-4.73748 23.3439 274.88803 0 0.826977 -0.562236
-4.73748 23.3439 274.88803 -1 0 0
-4.43758 23.3439 274.88803 0 0.826977 -0.562236
-4.73748 20.4185 271.11813 0 -0.826983 0.562227
-4.73748 20.4185 271.11813 -1 0 0
-4.43758 20.4185 271.11813 0 -0.826983 0.562227
-4.73748 20.6593 270.93933 0 0.826977 -0.562236
-4.73748 20.6593 270.93933 -1 0 0
-4.43758 20.6593 270.93933 0 0.826977 -0.562236
-4.73748 23.0736 278.63132 0 -1 0
-4.73748 23.0736 278.63132 -1 0 0
-4.43758 23.0736 278.63132 0 -1 0
-4.73748 23.3735 278.63132 0 1 0
-4.73748 23.3735 278.63132 -1 0 0
-4.43758 23.3735 278.63132 0 1 0
-4.73748 23.0736 267.82602 0 -1 0
-4.73748 23.0736 267.82602 -1 0 0
-4.43758 23.0736 267.82602 0 -1 0
-4.73748 23.3735 267.82602 0 1 0
-4.73748 23.3735 267.82602 -1 0 0
-4.43758 23.3735 267.82602 0 1 0
-4.73748 23.3439 271.13422 0 0.826977 0.562236
-4.73748 23.3439 271.13422 -1 0 0
-4.43758 23.3439 271.13422 0 0.826977 0.562236
-4.73748 23.1031 270.95541 0 -0.826977 -0.562236
-4.73748 23.1031 270.95541 -1 0 0
-4.43758 23.1031 270.95541 0 -0.826977 -0.562236
-4.73748 20.6593 275.08292 0 0.826977 0.562236
-4.73748 20.6593 275.08292 -1 0 0
-4.43758 20.6593 275.08292 0 0.826977 0.562236
-4.73748 20.4185 274.90411 0 -0.826977 -0.562236
-4.73748 20.4185 274.90411 -1 0 0
-4.43758 20.4185 274.90411 0 -0.826977 -0.562236
-4.73748 26.3424 275.10583 0 -0.77474 0.632279
-4.73748 26.3424 275.10583 -1 0 0
-4.43758 26.3424 275.10583 0 -0.77474 0.632279
-4.73748 26.5664 274.90631 0 0.774738 -0.632282
-4.73748 26.5664 274.90631 -1 0 0
-4.43758 26.5664 274.90631 0 0.774738 -0.632282
-4.73748 23.0989 271.13153 0 -0.77474 0.632279
-4.73748 23.0989 271.13153 -1 0 0
-4.43758 23.0989 271.13153 0 -0.77474 0.632279
-4.73748 23.3229 270.93204 0 0.774738 -0.632282
-4.73748 23.3229 270.93204 -1 0 0
-4.43758 23.3229 270.93204 0 0.774738 -0.632282
-4.73748 26.5664 271.17352 0 0.77474 0.632279
-4.73748 26.5664 271.17352 -1 0 0
-4.43758 26.5664 271.17352 0 0.77474 0.632279
-4.73748 26.3424 270.97403 0 -0.77474 -0.632279
-4.73748 26.3424 270.97403 -1 0 0
-4.43758 26.3424 270.97403 0 -0.77474 -0.632279
-4.73748 23.3229 275.14783 0 0.77474 0.632279
-4.73748 23.3229 275.14783 -1 0 0
-4.43758 23.3229 275.14783 0 0.77474 0.632279
-4.73748 23.0989 274.94833 0 -0.77474 -0.632279
-4.73748 23.0989 274.94833 -1 0 0
-4.43758 23.0989 274.94833 0 -0.77474 -0.632279
-4.73748 36.2257 278.78131 0 0 1
-4.73748 36.2257 278.78131 -1 0 0
-4.43758 36.2257 278.78131 0 0 1
-4.73748 36.2257 278.48141 0 0 -1
-4.73748 36.2257 278.48141 -1 0 0
-4.43758 36.2257 278.48141 0 0 -1
-4.73748 20.3601 278.78131 0 0 1
-4.73748 20.3601 278.78131 -1 0 0
-4.43758 20.3601 278.78131 0 0 1
-4.73748 20.3601 278.48141 0 0 -1
-4.73748 20.3601 278.48141 -1 0 0
-4.43758 20.3601 278.48141 0 0 -1
-6.74618 26.2322 274.93951 0 -1 0
-6.74618 26.2322 274.93951 0 0 -1
-6.74618 26.2322 275.23941 0 -1 0
-6.74618 26.2322 275.23941 0 0 1
-6.74618 26.5321 274.93951 0 1 0
-6.74618 26.5321 274.93951 0 0 -1
-6.74618 26.5321 275.23941 0 0 1
-6.74618 26.5321 275.23941 0 1 0
-4.43868 26.2322 274.93951 0 -1 0
-4.43868 26.2322 274.93951 0 0 -1
-4.43868 26.2322 275.23941 0 -1 0
-4.43868 26.2322 275.23941 0 0 1
-4.43868 26.5321 274.93951 0 1 0
-4.43868 26.5321 274.93951 0 0 -1
-4.43868 26.5321 275.23941 0 0 1
-4.43868 26.5321 275.23941 0 1 0
-7.01058 23.2244 275.23941 0 0 1
-7.01058 23.2244 275.23941 -0.759262 -0.650785 0
-6.78288 23.4196 275.23941 0 0 1
-6.78288 23.4196 275.23941 0.759273 0.650772 0
-7.01058 23.2244 274.93951 0 0 -1
-7.01058 23.2244 274.93951 -0.759262 -0.650785 0
-6.78288 23.4196 274.93951 0.759273 0.650772 0
-6.78288 23.4196 274.93951 0 0 -1
-4.58448 20.3939 275.23941 0 0 1
-4.58448 20.3939 275.23941 -0.759262 -0.650785 0
-4.35678 20.589 275.23941 0 0 1
-4.35678 20.589 275.23941 0.759273 0.650772 0
-4.58448 20.3939 274.93951 0 0 -1
-4.58448 20.3939 274.93951 -0.759262 -0.650785 0
-4.35678 20.589 274.93951 0.759273 0.650772 0
-4.35678 20.589 274.93951 0 0 -1
-4.61928 23.4196 275.23941 0 0 1
-4.61928 23.4196 275.23941 -0.759274 0.650772 0
-4.39158 23.2244 275.23941 0 0 1
-4.39158 23.2244 275.23941 0.759262 -0.650785 0
-4.61928 23.4196 274.93951 0 0 -1
-4.61928 23.4196 274.93951 -0.759274 0.650772 0
-4.39158 23.2244 274.93951 0.759262 -0.650785 0
-4.39158 23.2244 274.93951 0 0 -1
-7.04538 20.589 275.23941 0 0 1
-7.04538 20.589 275.23941 -0.759274 0.650772 0
-6.81768 20.3939 275.23941 0 0 1
-6.81768 20.3939 275.23941 0.759262 -0.650785 0
-7.04538 20.589 274.93951 0 0 -1
-7.04538 20.589 274.93951 -0.759274 0.650772 0
-6.81768 20.3939 274.93951 0.759262 -0.650785 0
-6.81768 20.3939 274.93951 0 0 -1
-6.74618 23.0736 274.93951 0 -1 0
-6.74618 23.0736 274.93951 0 0 -1
-6.74618 23.0736 275.23941 0 -1 0
-6.74618 23.0736 275.23941 0 0 1
-6.74618 23.3735 274.93951 0 1 0
-6.74618 23.3735 274.93951 0 0 -1
-6.74618 23.3735 275.23941 0 0 1
-6.74618 23.3735 275.23941 0 1 0
-4.43868 23.0736 274.93951 0 -1 0
-4.43868 23.0736 274.93951 0 0 -1
-4.43868 23.0736 275.23941 0 -1 0
-4.43868 23.0736 275.23941 0 0 1
-4.43868 23.3735 274.93951 0 1 0
-4.43868 23.3735 274.93951 0 0 -1
-4.43868 23.3735 275.23941 0 0 1
-4.43868 23.3735 275.23941 0 1 0
-7.01818 26.3035 275.23941 0 0 1
-7.01818 26.3035 275.23941 -0.810036 -0.58638 0
-6.77528 26.4794 275.23941 0 0 1
-6.77528 26.4794 275.23941 0.810045 0.586368 0
-7.01818 26.3035 274.93951 0 0 -1
-7.01818 26.3035 274.93951 -0.810036 -0.58638 0
-6.77528 26.4794 274.93951 0.810045 0.586368 0
-6.77528 26.4794 274.93951 0 0 -1
-4.69238 23.0906 275.23941 0 0 1
-4.69238 23.0906 275.23941 -0.810036 -0.58638 0
-4.44948 23.2664 275.23941 0 0 1
-4.44948 23.2664 275.23941 0.810045 0.586368 0
-4.69238 23.0906 274.93951 0 0 -1
-4.69238 23.0906 274.93951 -0.810036 -0.58638 0
-4.44948 23.2664 274.93951 0.810045 0.586368 0
-4.44948 23.2664 274.93951 0 0 -1
-4.62688 26.4794 275.23941 0 0 1
-4.62688 26.4794 275.23941 -0.810045 0.586368 0
-4.38398 26.3035 275.23941 0 0 1
-4.38398 26.3035 275.23941 0.810036 -0.58638 0
-4.62688 26.4794 274.93951 0 0 -1
-4.62688 26.4794 274.93951 -0.810045 0.586368 0
-4.38398 26.3035 274.93951 0.810036 -0.58638 0
-4.38398 26.3035 274.93951 0 0 -1
-6.95268 23.2664 275.23941 0 0 1
-6.95268 23.2664 275.23941 -0.810045 0.586368 0
-6.70978 23.0906 275.23941 0 0 1
-6.70978 23.0906 275.23941 0.810036 -0.58638 0
-6.95268 23.2664 274.93951 0 0 -1
-6.95268 23.2664 274.93951 -0.810045 0.586368 0
-6.70978 23.0906 274.93951 0.810036 -0.58638 0
-6.70978 23.0906 274.93951 0 0 -1
-7.02238 29.8774 275.23941 0 0 1
-7.02238 29.8774 275.23941 -0.837709 -0.546116 0
-6.77108 30.0412 275.23941 0 0 1
-6.77108 30.0412 275.23941 0.83772 0.5461 0
-7.02238 29.8774 274.93951 0 0 -1
-7.02238 29.8774 274.93951 -0.837709 -0.546116 0
-6.77108 30.0412 274.93951 0.83772 0.5461 0
-6.77108 30.0412 274.93951 0 0 -1
-4.60638 26.1714 275.23941 0 0 1
-4.60638 26.1714 275.23941 -0.837709 -0.546116 0
-4.35518 26.3352 275.23941 0 0 1
-4.35518 26.3352 275.23941 0.83772 0.5461 0
-4.60638 26.1714 274.93951 0 0 -1
-4.60638 26.1714 274.93951 -0.837709 -0.546116 0
-4.35518 26.3352 274.93951 0.83772 0.5461 0
-4.35518 26.3352 274.93951 0 0 -1
-4.63108 30.0412 275.23941 0 0 1
-4.63108 30.0412 275.23941 -0.83772 0.5461 0
-4.37978 29.8774 275.23941 0 0 1
-4.37978 29.8774 275.23941 0.837709 -0.546116 0
-4.63108 30.0412 274.93951 0 0 -1
-4.63108 30.0412 274.93951 -0.83772 0.5461 0
-4.37978 29.8774 274.93951 0.837709 -0.546116 0
-4.37978 29.8774 274.93951 0 0 -1
-7.04698 26.3352 275.23941 0 0 1
-7.04698 26.3352 275.23941 -0.83772 0.5461 0
-6.79578 26.1714 275.23941 0 0 1
-6.79578 26.1714 275.23941 0.837709 -0.546116 0
-7.04698 26.3352 274.93951 0 0 -1
-7.04698 26.3352 274.93951 -0.83772 0.5461 0
-6.79578 26.1714 274.93951 0.837709 -0.546116 0
-6.79578 26.1714 274.93951 0 0 -1
-6.74618 29.7342 274.93951 0 -1 0
-6.74618 29.7342 274.93951 0 0 -1
-6.74618 29.7342 275.23941 0 -1 0
-6.74618 29.7342 275.23941 0 0 1
-6.74618 30.0341 274.93951 0 1 0
-6.74618 30.0341 274.93951 0 0 -1
-6.74618 30.0341 275.23941 0 0 1
-6.74618 30.0341 275.23941 0 1 0
-4.43868 29.7342 274.93951 0 -1 0
-4.43868 29.7342 274.93951 0 0 -1
-4.43868 29.7342 275.23941 0 -1 0
-4.43868 29.7342 275.23941 0 0 1
-4.43868 30.0341 274.93951 0 1 0
-4.43868 30.0341 274.93951 0 0 -1
-4.43868 30.0341 275.23941 0 0 1
-4.43868 30.0341 275.23941 0 1 0
-4.62688 33.1145 275.23941 0 0 1
-4.62688 33.1145 275.23941 -0.810036 0.586381 0
-4.38398 32.9387 275.23941 0 0 1
-4.38398 32.9387 275.23941 0.810045 -0.586368 0
-4.62688 33.1145 274.93951 0 0 -1
-4.62688 33.1145 274.93951 -0.810036 0.586381 0
-4.38398 32.9387 274.93951 0.810045 -0.586368 0
-4.38398 32.9387 274.93951 0 0 -1
-6.95268 29.9016 275.23941 0 0 1
-6.95268 29.9016 275.23941 -0.810036 0.586381 0
-6.70978 29.7257 275.23941 0 0 1
-6.70978 29.7257 275.23941 0.810045 -0.586368 0
-6.95268 29.9016 274.93951 0 0 -1
-6.95268 29.9016 274.93951 -0.810036 0.586381 0
-6.70978 29.7257 274.93951 0.810045 -0.586368 0
-6.70978 29.7257 274.93951 0 0 -1
-7.01818 32.9387 275.23941 0 0 1
-7.01818 32.9387 275.23941 -0.810045 -0.586368 0
-6.77528 33.1145 275.23941 0 0 1
-6.77528 33.1145 275.23941 0.810036 0.586381 0
-7.01818 32.9387 274.93951 0 0 -1
-7.01818 32.9387 274.93951 -0.810045 -0.586368 0
-6.77528 33.1145 274.93951 0.810036 0.586381 0
-6.77528 33.1145 274.93951 0 0 -1
-4.69238 29.7257 275.23941 0 0 1
-4.69238 29.7257 275.23941 -0.810045 -0.586368 0
-4.44948 29.9016 275.23941 0 0 1
-4.44948 29.9016 275.23941 0.810036 0.586381 0
-4.69238 29.7257 274.93951 0 0 -1
-4.69238 29.7257 274.93951 -0.810045 -0.586368 0
-4.44948 29.9016 274.93951 0.810036 0.586381 0
-4.44948 29.9016 274.93951 0 0 -1
-6.74618 32.8462 274.93951 0 -1 0
-6.74618 32.8462 274.93951 0 0 -1
-6.74618 32.8462 275.23941 0 -1 0
-6.74618 32.8462 275.23941 0 0 1
-6.74618 33.1461 274.93951 0 1 0
-6.74618 33.1461 274.93951 0 0 -1
-6.74618 33.1461 275.23941 0 0 1
-6.74618 33.1461 275.23941 0 1 0
-4.43868 32.8462 274.93951 0 -1 0
-4.43868 32.8462 274.93951 0 0 -1
-4.43868 32.8462 275.23941 0 -1 0
-4.43868 32.8462 275.23941 0 0 1
-4.43868 33.1461 274.93951 0 1 0
-4.43868 33.1461 274.93951 0 0 -1
-4.43868 33.1461 275.23941 0 0 1
-4.43868 33.1461 275.23941 0 1 0
-4.62688 36.3136 275.23941 0 0 1
-4.62688 36.3136 275.23941 -0.810036 0.586381 0
-4.38398 36.1378 275.23941 0 0 1
-4.38398 36.1378 275.23941 0.810044 -0.586369 0
-4.62688 36.3136 274.93951 0 0 -1
-4.62688 36.3136 274.93951 -0.810036 0.586381 0
-4.38398 36.1378 274.93951 0.810044 -0.586369 0
-4.38398 36.1378 274.93951 0 0 -1
-6.95268 33.1007 275.23941 0 0 1
-6.95268 33.1007 275.23941 -0.810036 0.586381 0
-6.70978 32.9248 275.23941 0 0 1
-6.70978 32.9248 275.23941 0.810044 -0.586369 0
-6.95268 33.1007 274.93951 0 0 -1
-6.95268 33.1007 274.93951 -0.810036 0.586381 0
-6.70978 32.9248 274.93951 0.810044 -0.586369 0
-6.70978 32.9248 274.93951 0 0 -1
-7.01818 36.1378 275.23941 0 0 1
-7.01818 36.1378 275.23941 -0.810044 -0.586369 0
-6.77528 36.3136 275.23941 0 0 1
-6.77528 36.3136 275.23941 0.810036 0.586381 0
-7.01818 36.1378 274.93951 0 0 -1
-7.01818 36.1378 274.93951 -0.810044 -0.586369 0
-6.77528 36.3136 274.93951 0.810036 0.586381 0
-6.77528 36.3136 274.93951 0 0 -1
-4.69238 32.9248 275.23941 0 0 1
-4.69238 32.9248 275.23941 -0.810044 -0.586369 0
-4.44948 33.1007 275.23941 0 0 1
-4.44948 33.1007 275.23941 0.810036 0.586381 0
-4.69238 32.9248 274.93951 0 0 -1
-4.69238 32.9248 274.93951 -0.810044 -0.586369 0
-4.44948 33.1007 274.93951 0.810036 0.586381 0
-4.44948 33.1007 274.93951 0 0 -1
-6.74618 26.2322 270.86862 0 -1 0
-6.74618 26.2322 270.86862 0 0 -1
-6.74618 26.2322 271.16852 0 -1 0
-6.74618 26.2322 271.16852 0 0 1
-6.74618 26.5321 270.86862 0 1 0
-6.74618 26.5321 270.86862 0 0 -1
-6.74618 26.5321 271.16852 0 0 1
-6.74618 26.5321 271.16852 0 1 0
-4.43868 26.2322 270.86862 0 -1 0
-4.43868 26.2322 270.86862 0 0 -1
-4.43868 26.2322 271.16852 0 -1 0
-4.43868 26.2322 271.16852 0 0 1
-4.43868 26.5321 270.86862 0 1 0
-4.43868 26.5321 270.86862 0 0 -1
-4.43868 26.5321 271.16852 0 0 1
-4.43868 26.5321 271.16852 0 1 0
-7.01058 23.2244 271.16852 0 0 1
-7.01058 23.2244 271.16852 -0.759262 -0.650785 0
-6.78288 23.4196 271.16852 0 0 1
-6.78288 23.4196 271.16852 0.759273 0.650772 0
-7.01058 23.2244 270.86862 0 0 -1
-7.01058 23.2244 270.86862 -0.759262 -0.650785 0
-6.78288 23.4196 270.86862 0.759273 0.650772 0
-6.78288 23.4196 270.86862 0 0 -1
-4.58448 20.3939 271.16852 0 0 1
-4.58448 20.3939 271.16852 -0.759262 -0.650785 0
-4.35678 20.589 271.16852 0 0 1
-4.35678 20.589 271.16852 0.759273 0.650772 0
-4.58448 20.3939 270.86862 0 0 -1
-4.58448 20.3939 270.86862 -0.759262 -0.650785 0
-4.35678 20.589 270.86862 0.759273 0.650772 0
-4.35678 20.589 270.86862 0 0 -1
-4.61928 23.4196 271.16852 0 0 1
-4.61928 23.4196 271.16852 -0.759274 0.650772 0
-4.39158 23.2244 271.16852 0 0 1
-4.39158 23.2244 271.16852 0.759262 -0.650785 0
-4.61928 23.4196 270.86862 0 0 -1
-4.61928 23.4196 270.86862 -0.759274 0.650772 0
-4.39158 23.2244 270.86862 0.759262 -0.650785 0
-4.39158 23.2244 270.86862 0 0 -1
-7.04538 20.589 271.16852 0 0 1
-7.04538 20.589 271.16852 -0.759274 0.650772 0
-6.81768 20.3939 271.16852 0 0 1
-6.81768 20.3939 271.16852 0.759262 -0.650785 0
-7.04538 20.589 270.86862 0 0 -1
-7.04538 20.589 270.86862 -0.759274 0.650772 0
-6.81768 20.3939 270.86862 0.759262 -0.650785 0
-6.81768 20.3939 270.86862 0 0 -1
-6.74618 23.0736 270.86862 0 -1 0
-6.74618 23.0736 270.86862 0 0 -1
-6.74618 23.0736 271.16852 0 -1 0
-6.74618 23.0736 271.16852 0 0 1
-6.74618 23.3735 270.86862 0 1 0
-6.74618 23.3735 270.86862 0 0 -1
-6.74618 23.3735 271.16852 0 0 1
-6.74618 23.3735 271.16852 0 1 0
-4.43868 23.0736 270.86862 0 -1 0
-4.43868 23.0736 270.86862 0 0 -1
-4.43868 23.0736 271.16852 0 -1 0
-4.43868 23.0736 271.16852 0 0 1
-4.43868 23.3735 270.86862 0 1 0
-4.43868 23.3735 270.86862 0 0 -1
-4.43868 23.3735 271.16852 0 0 1
-4.43868 23.3735 271.16852 0 1 0
-7.01818 26.3035 271.16852 0 0 1
-7.01818 26.3035 271.16852 -0.810036 -0.58638 0
-6.77528 26.4794 271.16852 0 0 1
-6.77528 26.4794 271.16852 0.810045 0.586368 0
-7.01818 26.3035 270.86862 0 0 -1
-7.01818 26.3035 270.86862 -0.810036 -0.58638 0
-6.77528 26.4794 270.86862 0.810045 0.586368 0
-6.77528 26.4794 270.86862 0 0 -1
-4.69238 23.0906 271.16852 0 0 1
-4.69238 23.0906 271.16852 -0.810036 -0.58638 0
-4.44948 23.2664 271.16852 0 0 1
-4.44948 23.2664 271.16852 0.810045 0.586368 0
-4.69238 23.0906 270.86862 0 0 -1
-4.69238 23.0906 270.86862 -0.810036 -0.58638 0
-4.44948 23.2664 270.86862 0.810045 0.586368 0
-4.44948 23.2664 270.86862 0 0 -1
-4.62688 26.4794 271.16852 0 0 1
-4.62688 26.4794 271.16852 -0.810045 0.586368 0
-4.38398 26.3035 271.16852 0 0 1
-4.38398 26.3035 271.16852 0.810036 -0.58638 0
-4.62688 26.4794 270.86862 0 0 -1
-4.62688 26.4794 270.86862 -0.810045 0.586368 0
-4.38398 26.3035 270.86862 0.810036 -0.58638 0
-4.38398 26.3035 270.86862 0 0 -1
-6.95268 23.2664 271.16852 0 0 1
-6.95268 23.2664 271.16852 -0.810045 0.586368 0
-6.70978 23.0906 271.16852 0 0 1
-6.70978 23.0906 271.16852 0.810036 -0.58638 0
-6.95268 23.2664 270.86862 0 0 -1
-6.95268 23.2664 270.86862 -0.810045 0.586368 0
-6.70978 23.0906 270.86862 0.810036 -0.58638 0
-6.70978 23.0906 270.86862 0 0 -1
-7.02238 29.8774 271.16852 0 0 1
-7.02238 29.8774 271.16852 -0.837709 -0.546116 0
-6.77108 30.0412 271.16852 0 0 1
-6.77108 30.0412 271.16852 0.83772 0.5461 0
-7.02238 29.8774 270.86862 0 0 -1
-7.02238 29.8774 270.86862 -0.837709 -0.546116 0
-6.77108 30.0412 270.86862 0.83772 0.5461 0
-6.77108 30.0412 270.86862 0 0 -1
-4.60638 26.1714 271.16852 0 0 1
-4.60638 26.1714 271.16852 -0.837709 -0.546116 0
-4.35518 26.3352 271.16852 0 0 1
-4.35518 26.3352 271.16852 0.83772 0.5461 0
-4.60638 26.1714 270.86862 0 0 -1
-4.60638 26.1714 270.86862 -0.837709 -0.546116 0
-4.35518 26.3352 270.86862 0.83772 0.5461 0
-4.35518 26.3352 270.86862 0 0 -1
-4.63108 30.0412 271.16852 0 0 1
-4.63108 30.0412 271.16852 -0.83772 0.5461 0
-4.37978 29.8774 271.16852 0 0 1
-4.37978 29.8774 271.16852 0.837709 -0.546116 0
-4.63108 30.0412 270.86862 0 0 -1
-4.63108 30.0412 270.86862 -0.83772 0.5461 0
-4.37978 29.8774 270.86862 0.837709 -0.546116 0
-4.37978 29.8774 270.86862 0 0 -1
-7.04698 26.3352 271.16852 0 0 1
-7.04698 26.3352 271.16852 -0.83772 0.5461 0
-6.79578 26.1714 271.16852 0 0 1
-6.79578 26.1714 271.16852 0.837709 -0.546116 0
-7.04698 26.3352 270.86862 0 0 -1
-7.04698 26.3352 270.86862 -0.83772 0.5461 0
-6.79578 26.1714 270.86862 0.837709 -0.546116 0
-6.79578 26.1714 270.86862 0 0 -1
-6.74618 29.7342 270.86862 0 -1 0
-6.74618 29.7342 270.86862 0 0 -1
-6.74618 29.7342 271.16852 0 -1 0
-6.74618 29.7342 271.16852 0 0 1
-6.74618 30.0341 270.86862 0 1 0
-6.74618 30.0341 270.86862 0 0 -1
-6.74618 30.0341 271.16852 0 0 1
-6.74618 30.0341 271.16852 0 1 0
-4.43868 29.7342 270.86862 0 -1 0
-4.43868 29.7342 270.86862 0 0 -1
-4.43868 29.7342 271.16852 0 -1 0
-4.43868 29.7342 271.16852 0 0 1
-4.43868 30.0341 270.86862 0 1 0
-4.43868 30.0341 270.86862 0 0 -1
-4.43868 30.0341 271.16852 0 0 1
-4.43868 30.0341 271.16852 0 1 0
-4.62688 33.1145 271.16852 0 0 1
-4.62688 33.1145 271.16852 -0.810036 0.586381 0
-4.38398 32.9387 271.16852 0 0 1
-4.38398 32.9387 271.16852 0.810045 -0.586368 0
-4.62688 33.1145 270.86862 0 0 -1
-4.62688 33.1145 270.86862 -0.810036 0.586381 0
-4.38398 32.9387 270.86862 0.810045 -0.586368 0
-4.38398 32.9387 270.86862 0 0 -1
-6.95268 29.9016 271.16852 0 0 1
-6.95268 29.9016 271.16852 -0.810036 0.586381 0
-6.70978 29.7257 271.16852 0 0 1
-6.70978 29.7257 271.16852 0.810045 -0.586368 0
-6.95268 29.9016 270.86862 0 0 -1
-6.95268 29.9016 270.86862 -0.810036 0.586381 0
-6.70978 29.7257 270.86862 0.810045 -0.586368 0
-6.70978 29.7257 270.86862 0 0 -1
-7.01818 32.9387 271.16852 0 0 1
-7.01818 32.9387 271.16852 -0.810045 -0.586368 0
-6.77528 33.1145 271.16852 0 0 1
-6.77528 33.1145 271.16852 0.810036 0.586381 0
-7.01818 32.9387 270.86862 0 0 -1
-7.01818 32.9387 270.86862 -0.810045 -0.586368 0
-6.77528 33.1145 270.86862 0.810036 0.586381 0
-6.77528 33.1145 270.86862 0 0 -1
-4.69238 29.7257 271.16852 0 0 1
-4.69238 29.7257 271.16852 -0.810045 -0.586368 0
-4.44948 29.9016 271.16852 0 0 1
-4.44948 29.9016 271.16852 0.810036 0.586381 0
-4.69238 29.7257 270.86862 0 0 -1
-4.69238 29.7257 270.86862 -0.810045 -0.586368 0
-4.44948 29.9016 270.86862 0.810036 0.586381 0
-4.44948 29.9016 270.86862 0 0 -1
-6.74618 32.8462 270.86862 0 -1 0
-6.74618 32.8462 270.86862 0 0 -1
-6.74618 32.8462 271.16852 0 -1 0
-6.74618 32.8462 271.16852 0 0 1
-6.74618 33.1461 270.86862 0 1 0
-6.74618 33.1461 270.86862 0 0 -1
-6.74618 33.1461 271.16852 0 0 1
-6.74618 33.1461 271.16852 0 1 0
-4.43868 32.8462 270.86862 0 -1 0
-4.43868 32.8462 270.86862 0 0 -1
-4.43868 32.8462 271.16852 0 -1 0
-4.43868 32.8462 271.16852 0 0 1
-4.43868 33.1461 270.86862 0 1 0
-4.43868 33.1461 270.86862 0 0 -1
-4.43868 33.1461 271.16852 0 0 1
-4.43868 33.1461 271.16852 0 1 0
-4.62688 36.3136 271.16852 0 0 1
-4.62688 36.3136 271.16852 -0.810036 0.586381 0
-4.38398 36.1378 271.16852 0 0 1
-4.38398 36.1378 271.16852 0.810044 -0.586369 0
-4.62688 36.3136 270.86862 0 0 -1
-4.62688 36.3136 270.86862 -0.810036 0.586381 0
-4.38398 36.1378 270.86862 0.810044 -0.586369 0
-4.38398 36.1378 270.86862 0 0 -1
-6.95268 33.1007 271.16852 0 0 1
-6.95268 33.1007 271.16852 -0.810036 0.586381 0
-6.70978 32.9248 271.16852 0 0 1
-6.70978 32.9248 271.16852 0.810044 -0.586369 0
-6.95268 33.1007 270.86862 0 0 -1
-6.95268 33.1007 270.86862 -0.810036 0.586381 0
-6.70978 32.9248 270.86862 0.810044 -0.586369 0
-6.70978 32.9248 270.86862 0 0 -1
-7.01818 36.1378 271.16852 0 0 1
-7.01818 36.1378 271.16852 -0.810044 -0.586369 0
-6.77528 36.3136 271.16852 0 0 1
-6.77528 36.3136 271.16852 0.810036 0.586381 0
-7.01818 36.1378 270.86862 0 0 -1
-7.01818 36.1378 270.86862 -0.810044 -0.586369 0
-6.77528 36.3136 270.86862 0.810036 0.586381 0
-6.77528 36.3136 270.86862 0 0 -1
-4.69238 32.9248 271.16852 0 0 1
-4.69238 32.9248 271.16852 -0.810044 -0.586369 0
-4.44948 33.1007 271.16852 0 0 1
-4.44948 33.1007 271.16852 0.810036 0.586381 0
-4.69238 32.9248 270.86862 0 0 -1
-4.69238 32.9248 270.86862 -0.810044 -0.586369 0
-4.44948 33.1007 270.86862 0.810036 0.586381 0
-4.44948 33.1007 270.86862 0 0 -1
7.04682 23.8788 278.63132 0 1 0
7.04682 23.8788 278.63132 1 0 0
6.74692 23.8788 278.63132 0 1 0
6.74692 23.8788 278.63132 -1 0 0
7.04682 23.5789 278.63132 0 -1 0
7.04682 23.5789 278.63132 1 0 0
6.74692 23.5789 278.63132 -1 0 0
6.74692 23.5789 278.63132 0 -1 0
7.04682 23.8788 267.82602 0 1 0
7.04682 23.8788 267.82602 1 0 0
6.74692 23.8788 267.82602 0 1 0
6.74692 23.8788 267.82602 -1 0 0
7.04682 23.5789 267.82602 0 -1 0
7.04682 23.5789 267.82602 1 0 0
6.74692 23.5789 267.82602 -1 0 0
6.74692 23.5789 267.82602 0 -1 0
7.04682 20.6549 278.73111 0 0.746645 0.665222
7.04682 20.6549 278.73111 1 0 0
6.74692 20.6549 278.73111 0 0.746645 0.665222
6.74692 20.6549 278.73111 -1 0 0
7.04682 20.431 278.53162 0 -0.746645 -0.665222
7.04682 20.431 278.53162 1 0 0
6.74692 20.431 278.53162 -1 0 0
6.74692 20.431 278.53162 0 -0.746645 -0.665222
7.04682 23.8984 275.09061 0 0.746645 0.665222
7.04682 23.8984 275.09061 1 0 0
6.74692 23.8984 275.09061 0 0.746645 0.665222
6.74692 23.8984 275.09061 -1 0 0
7.04682 23.6745 274.89111 0 -0.746645 -0.665222
7.04682 23.6745 274.89111 1 0 0
6.74692 23.6745 274.89111 -1 0 0
6.74692 23.6745 274.89111 0 -0.746645 -0.665222
7.04682 20.431 275.13272 0 -0.746637 0.665232
7.04682 20.431 275.13272 1 0 0
6.74692 20.431 275.13272 0 -0.746637 0.665232
6.74692 20.431 275.13272 -1 0 0
7.04682 20.6549 274.93323 0 0.746637 -0.665232
7.04682 20.6549 274.93323 1 0 0
6.74692 20.6549 274.93323 -1 0 0
6.74692 20.6549 274.93323 0 0.746637 -0.665232
7.04682 23.6745 278.77313 0 -0.746637 0.665232
7.04682 23.6745 278.77313 1 0 0
6.74692 23.6745 278.77313 0 -0.746637 0.665232
6.74692 23.6745 278.77313 -1 0 0
7.04682 23.8984 278.57364 0 0.746637 -0.665232
7.04682 23.8984 278.57364 1 0 0
6.74692 23.8984 278.57364 -1 0 0
6.74692 23.8984 278.57364 0 0.746637 -0.665232
7.04682 20.4993 275.21811 0 0 1
7.04682 20.4993 275.21811 1 0 0
6.74692 20.4993 275.21811 0 0 1
6.74692 20.4993 275.21811 -1 0 0
7.04682 20.4993 274.91821 0 0 -1
7.04682 20.4993 274.91821 1 0 0
6.74692 20.4993 274.91821 -1 0 0
6.74692 20.4993 274.91821 0 0 -1
7.04682 36.3649 275.21811 0 0 1
7.04682 36.3649 275.21811 1 0 0
6.74692 36.3649 275.21811 0 0 1
6.74692 36.3649 275.21811 -1 0 0
7.04682 36.3649 274.91821 0 0 -1
7.04682 36.3649 274.91821 1 0 0
6.74692 36.3649 274.91821 -1 0 0
6.74692 36.3649 274.91821 0 0 -1
7.04682 20.6549 275.10583 0 0.77474 0.632279
7.04682 20.6549 275.10583 1 0 0
6.74692 20.6549 275.10583 0 0.77474 0.632279
6.74692 20.6549 275.10583 -1 0 0
7.04682 20.431 274.90631 0 -0.774738 -0.632282
7.04682 20.431 274.90631 1 0 0
6.74692 20.431 274.90631 -1 0 0
6.74692 20.431 274.90631 0 -0.774738 -0.632282
7.04682 23.8984 271.13153 0 0.77474 0.632279
7.04682 23.8984 271.13153 1 0 0
6.74692 23.8984 271.13153 0 0.77474 0.632279
6.74692 23.8984 271.13153 -1 0 0
7.04682 23.6745 270.93204 0 -0.774738 -0.632282
7.04682 23.6745 270.93204 1 0 0
6.74692 23.6745 270.93204 -1 0 0
6.74692 23.6745 270.93204 0 -0.774738 -0.632282
7.04682 20.431 271.17352 0 -0.77474 0.632279
7.04682 20.431 271.17352 1 0 0
6.74692 20.431 271.17352 0 -0.77474 0.632279
6.74692 20.431 271.17352 -1 0 0
7.04682 20.6549 270.97403 0 0.77474 -0.632279
7.04682 20.6549 270.97403 1 0 0
6.74692 20.6549 270.97403 -1 0 0
6.74692 20.6549 270.97403 0 0.77474 -0.632279
7.04682 23.6745 275.14783 0 -0.77474 0.632279
7.04682 23.6745 275.14783 1 0 0
6.74692 23.6745 275.14783 0 -0.77474 0.632279
6.74692 23.6745 275.14783 -1 0 0
7.04682 23.8984 274.94833 0 0.77474 -0.632279
7.04682 23.8984 274.94833 1 0 0
6.74692 23.8984 274.94833 -1 0 0
6.74692 23.8984 274.94833 0 0.77474 -0.632279
7.04682 20.4993 271.15283 0 0 1
7.04682 20.4993 271.15283 1 0 0
6.74692 20.4993 271.15283 0 0 1
6.74692 20.4993 271.15283 -1 0 0
7.04682 20.4993 270.85294 0 0 -1
7.04682 20.4993 270.85294 1 0 0
6.74692 20.4993 270.85294 -1 0 0
6.74692 20.4993 270.85294 0 0 -1
7.04682 36.3649 271.15283 0 0 1
7.04682 36.3649 271.15283 1 0 0
6.74692 36.3649 271.15283 0 0 1
6.74692 36.3649 271.15283 -1 0 0
7.04682 36.3649 270.85294 0 0 -1
7.04682 36.3649 270.85294 1 0 0
6.74692 36.3649 270.85294 -1 0 0
6.74692 36.3649 270.85294 0 0 -1
7.04682 23.565 271.17352 0 -0.77474 0.632279
7.04682 23.565 271.17352 1 0 0
6.74692 23.565 271.17352 0 -0.77474 0.632279
6.74692 23.565 271.17352 -1 0 0
7.04682 23.7889 270.97403 0 0.77474 -0.632279
7.04682 23.7889 270.97403 1 0 0
6.74692 23.7889 270.97403 -1 0 0
6.74692 23.7889 270.97403 0 0.77474 -0.632279
7.04682 26.8085 275.14783 0 -0.77474 0.632279
7.04682 26.8085 275.14783 1 0 0
6.74692 26.8085 275.14783 0 -0.77474 0.632279
6.74692 26.8085 275.14783 -1 0 0
7.04682 27.0324 274.94833 0 0.77474 -0.632279
7.04682 27.0324 274.94833 1 0 0
6.74692 27.0324 274.94833 -1 0 0
6.74692 27.0324 274.94833 0 0.77474 -0.632279
7.04682 23.7889 275.10583 0 0.77474 0.632279
7.04682 23.7889 275.10583 1 0 0
6.74692 23.7889 275.10583 0 0.77474 0.632279
6.74692 23.7889 275.10583 -1 0 0
7.04682 23.565 274.90631 0 -0.774738 -0.632282
7.04682 23.565 274.90631 1 0 0
6.74692 23.565 274.90631 -1 0 0
6.74692 23.565 274.90631 0 -0.774738 -0.632282
7.04682 27.0324 271.13153 0 0.77474 0.632279
7.04682 27.0324 271.13153 1 0 0
6.74692 27.0324 271.13153 0 0.77474 0.632279
6.74692 27.0324 271.13153 -1 0 0
7.04682 26.8085 270.93204 0 -0.774738 -0.632282
7.04682 26.8085 270.93204 1 0 0
6.74692 26.8085 270.93204 -1 0 0
6.74692 26.8085 270.93204 0 -0.774738 -0.632282
7.04682 27.0367 275.11041 0 0.747854 0.663864
7.04682 27.0367 275.11041 1 0 0
6.74692 27.0367 275.11041 0 0.747854 0.663864
6.74692 27.0367 275.11041 -1 0 0
7.04682 26.8213 274.90173 0 -0.747856 -0.663861
7.04682 26.8213 274.90173 1 0 0
6.74692 26.8213 274.90173 -1 0 0
6.74692 26.8213 274.90173 0 -0.747856 -0.663861
7.04682 30.5665 271.13403 0 0.747854 0.663864
7.04682 30.5665 271.13403 1 0 0
6.74692 30.5665 271.13403 0 0.747854 0.663864
6.74692 30.5665 271.13403 -1 0 0
7.04682 30.3511 270.92532 0 -0.747856 -0.663861
7.04682 30.3511 270.92532 1 0 0
6.74692 30.3511 270.92532 -1 0 0
6.74692 30.3511 270.92532 0 -0.747856 -0.663861
7.04682 26.8189 271.17563 0 -0.762548 0.646931
7.04682 26.8189 271.17563 1 0 0
6.74692 26.8189 271.17563 0 -0.762548 0.646931
6.74692 26.8189 271.17563 -1 0 0
7.04682 27.039 270.97192 0 0.762551 -0.646929
7.04682 27.039 270.97192 1 0 0
6.74692 27.039 270.97192 -1 0 0
6.74692 27.039 270.97192 0 0.762551 -0.646929
7.04682 30.198 275.15863 0 -0.762548 0.646931
7.04682 30.198 275.15863 1 0 0
6.74692 30.198 275.15863 0 -0.762548 0.646931
6.74692 30.198 275.15863 -1 0 0
7.04682 30.418 274.95483 0 0.762551 -0.646929
7.04682 30.418 274.95483 1 0 0
6.74692 30.418 274.95483 -1 0 0
6.74692 30.418 274.95483 0 0.762551 -0.646929
7.04682 30.4928 278.63132 0 1 0
7.04682 30.4928 278.63132 1 0 0
6.74692 30.4928 278.63132 0 1 0
6.74692 30.4928 278.63132 -1 0 0
7.04682 30.1929 278.63132 0 -1 0
7.04682 30.1929 278.63132 1 0 0
6.74692 30.1929 278.63132 -1 0 0
6.74692 30.1929 278.63132 0 -1 0
7.04682 30.4928 267.82602 0 1 0
7.04682 30.4928 267.82602 1 0 0
6.74692 30.4928 267.82602 0 1 0
6.74692 30.4928 267.82602 -1 0 0
7.04682 30.1929 267.82602 0 -1 0
7.04682 30.1929 267.82602 1 0 0
6.74692 30.1929 267.82602 -1 0 0
6.74692 30.1929 267.82602 0 -1 0
7.04682 26.9908 278.63132 0 1 0
7.04682 26.9908 278.63132 1 0 0
6.74692 26.9908 278.63132 0 1 0
6.74692 26.9908 278.63132 -1 0 0
7.04682 26.6909 278.63132 0 -1 0
7.04682 26.6909 278.63132 1 0 0
6.74692 26.6909 278.63132 -1 0 0
6.74692 26.6909 278.63132 0 -1 0
7.04682 26.9908 267.82602 0 1 0
7.04682 26.9908 267.82602 1 0 0
6.74692 26.9908 267.82602 0 1 0
6.74692 26.9908 267.82602 -1 0 0
7.04682 26.6909 267.82602 0 -1 0
7.04682 26.6909 267.82602 1 0 0
6.74692 26.6909 267.82602 -1 0 0
6.74692 26.6909 267.82602 0 -1 0
7.04682 23.7889 278.73111 0 0.746645 0.665222
7.04682 23.7889 278.73111 1 0 0
6.74692 23.7889 278.73111 0 0.746645 0.665222
6.74692 23.7889 278.73111 -1 0 0
7.04682 23.565 278.53162 0 -0.746645 -0.665222
7.04682 23.565 278.53162 1 0 0
6.74692 23.565 278.53162 -1 0 0
6.74692 23.565 278.53162 0 -0.746645 -0.665222
7.04682 27.0324 275.09061 0 0.746645 0.665222
7.04682 27.0324 275.09061 1 0 0
6.74692 27.0324 275.09061 0 0.746645 0.665222
6.74692 27.0324 275.09061 -1 0 0
7.04682 26.8085 274.89111 0 -0.746645 -0.665222
7.04682 26.8085 274.89111 1 0 0
6.74692 26.8085 274.89111 -1 0 0
6.74692 26.8085 274.89111 0 -0.746645 -0.665222
7.04682 23.565 275.13272 0 -0.746637 0.665232
7.04682 23.565 275.13272 1 0 0
6.74692 23.565 275.13272 0 -0.746637 0.665232
6.74692 23.565 275.13272 -1 0 0
7.04682 23.7889 274.93323 0 0.746637 -0.665232
7.04682 23.7889 274.93323 1 0 0
6.74692 23.7889 274.93323 -1 0 0
6.74692 23.7889 274.93323 0 0.746637 -0.665232
7.04682 26.8085 278.77313 0 -0.746637 0.665232
7.04682 26.8085 278.77313 1 0 0
6.74692 26.8085 278.77313 0 -0.746637 0.665232
6.74692 26.8085 278.77313 -1 0 0
7.04682 27.0324 278.57364 0 0.746637 -0.665232
7.04682 27.0324 278.57364 1 0 0
6.74692 27.0324 278.57364 -1 0 0
6.74692 27.0324 278.57364 0 0.746637 -0.665232
7.04682 27.0367 278.73572 0 0.718128 0.695911
7.04682 27.0367 278.73572 1 0 0
6.74692 27.0367 278.73572 0 0.718128 0.695911
6.74692 27.0367 278.73572 -1 0 0
7.04682 26.8213 278.52701 0 -0.718128 -0.695911
7.04682 26.8213 278.52701 1 0 0
6.74692 26.8213 278.52701 -1 0 0
6.74692 26.8213 278.52701 0 -0.718128 -0.695911
7.04682 30.5665 275.09323 0 0.718128 0.695911
7.04682 30.5665 275.09323 1 0 0
6.74692 30.5665 275.09323 0 0.718128 0.695911
6.74692 30.5665 275.09323 -1 0 0
7.04682 30.3511 274.88452 0 -0.718128 -0.695911
7.04682 30.3511 274.88452 1 0 0
6.74692 30.3511 274.88452 -1 0 0
6.74692 30.3511 274.88452 0 -0.718128 -0.695911
7.04682 26.8189 275.13483 0 -0.73372 0.679452
7.04682 26.8189 275.13483 1 0 0
6.74692 26.8189 275.13483 0 -0.73372 0.679452
6.74692 26.8189 275.13483 -1 0 0
7.04682 27.039 274.93103 0 0.73373 -0.679441
7.04682 27.039 274.93103 1 0 0
6.74692 27.039 274.93103 -1 0 0
6.74692 27.039 274.93103 0 0.73373 -0.679441
7.04682 30.198 278.78381 0 -0.73372 0.679452
7.04682 30.198 278.78381 1 0 0
6.74692 30.198 278.78381 0 -0.73372 0.679452
6.74692 30.198 278.78381 -1 0 0
7.04682 30.418 278.58002 0 0.73373 -0.679441
7.04682 30.418 278.58002 1 0 0
6.74692 30.418 278.58002 -1 0 0
6.74692 30.418 278.58002 0 0.73373 -0.679441
7.04682 30.3826 278.73111 0 0.746646 0.665222
7.04682 30.3826 278.73111 1 0 0
6.74692 30.3826 278.73111 0 0.746646 0.665222
6.74692 30.3826 278.73111 -1 0 0
7.04682 30.1586 278.53162 0 -0.746645 -0.665222
7.04682 30.1586 278.53162 1 0 0
6.74692 30.1586 278.53162 -1 0 0
6.74692 30.1586 278.53162 0 -0.746645 -0.665222
7.04682 33.6261 275.09061 0 0.746646 0.665222
7.04682 33.6261 275.09061 1 0 0
6.74692 33.6261 275.09061 0 0.746646 0.665222
6.74692 33.6261 275.09061 -1 0 0
7.04682 33.4021 274.89111 0 -0.746645 -0.665222
7.04682 33.4021 274.89111 1 0 0
6.74692 33.4021 274.89111 -1 0 0
6.74692 33.4021 274.89111 0 -0.746645 -0.665222
7.04682 30.1586 275.13272 0 -0.746637 0.665232
7.04682 30.1586 275.13272 1 0 0
6.74692 30.1586 275.13272 0 -0.746637 0.665232
6.74692 30.1586 275.13272 -1 0 0
7.04682 30.3826 274.93323 0 0.746637 -0.665231
7.04682 30.3826 274.93323 1 0 0
6.74692 30.3826 274.93323 -1 0 0
6.74692 30.3826 274.93323 0 0.746637 -0.665231
7.04682 33.4021 278.77313 0 -0.746637 0.665232
7.04682 33.4021 278.77313 1 0 0
6.74692 33.4021 278.77313 0 -0.746637 0.665232
6.74692 33.4021 278.77313 -1 0 0
7.04682 33.6261 278.57364 0 0.746637 -0.665231
7.04682 33.6261 278.57364 1 0 0
6.74692 33.6261 278.57364 -1 0 0
6.74692 33.6261 278.57364 0 0.746637 -0.665231
7.04682 33.6219 278.72073 0 0.802817 0.596226
7.04682 33.6219 278.72073 1 0 0
6.74692 33.6219 278.72073 0 0.802817 0.596226
6.74692 33.6219 278.72073 -1 0 0
7.04682 33.3811 278.54193 0 -0.802817 -0.596226
7.04682 33.3811 278.54193 1 0 0
6.74692 33.3811 278.54193 -1 0 0
6.74692 33.3811 278.54193 0 -0.802817 -0.596226
7.04682 36.3065 275.10593 0 0.802817 0.596226
7.04682 36.3065 275.10593 1 0 0
6.74692 36.3065 275.10593 0 0.802817 0.596226
6.74692 36.3065 275.10593 -1 0 0
7.04682 36.0657 274.92712 0 -0.802817 -0.596226
7.04682 36.0657 274.92712 1 0 0
6.74692 36.0657 274.92712 -1 0 0
6.74692 36.0657 274.92712 0 -0.802817 -0.596226
7.04682 33.3811 275.12201 0 -0.802817 0.596226
7.04682 33.3811 275.12201 1 0 0
6.74692 33.3811 275.12201 0 -0.802817 0.596226
6.74692 33.3811 275.12201 -1 0 0
7.04682 33.6219 274.94321 0 0.802817 -0.596226
7.04682 33.6219 274.94321 1 0 0
6.74692 33.6219 274.94321 -1 0 0
6.74692 33.6219 274.94321 0 0.802817 -0.596226
7.04682 36.0657 278.73682 0 -0.802817 0.596226
7.04682 36.0657 278.73682 1 0 0
6.74692 36.0657 278.73682 0 -0.802817 0.596226
6.74692 36.0657 278.73682 -1 0 0
7.04682 36.3065 278.55801 0 0.802817 -0.596226
7.04682 36.3065 278.55801 1 0 0
6.74692 36.3065 278.55801 -1 0 0
6.74692 36.3065 278.55801 0 0.802817 -0.596226
7.04682 33.6219 275.06693 0 0.826983 0.562227
7.04682 33.6219 275.06693 1 0 0
6.74692 33.6219 275.06693 0 0.826983 0.562227
6.74692 33.6219 275.06693 -1 0 0
7.04682 33.3811 274.88803 0 -0.826977 -0.562236
7.04682 33.3811 274.88803 1 0 0
6.74692 33.3811 274.88803 -1 0 0
6.74692 33.3811 274.88803 0 -0.826977 -0.562236
7.04682 36.3065 271.11813 0 0.826983 0.562227
7.04682 36.3065 271.11813 1 0 0
6.74692 36.3065 271.11813 0 0.826983 0.562227
6.74692 36.3065 271.11813 -1 0 0
7.04682 36.0657 270.93933 0 -0.826977 -0.562236
7.04682 36.0657 270.93933 1 0 0
6.74692 36.0657 270.93933 -1 0 0
6.74692 36.0657 270.93933 0 -0.826977 -0.562236
7.04682 33.6514 278.63132 0 1 0
7.04682 33.6514 278.63132 1 0 0
6.74692 33.6514 278.63132 0 1 0
6.74692 33.6514 278.63132 -1 0 0
7.04682 33.3515 278.63132 0 -1 0
7.04682 33.3515 278.63132 1 0 0
6.74692 33.3515 278.63132 -1 0 0
6.74692 33.3515 278.63132 0 -1 0
7.04682 33.6514 267.82602 0 1 0
7.04682 33.6514 267.82602 1 0 0
6.74692 33.6514 267.82602 0 1 0
6.74692 33.6514 267.82602 -1 0 0
7.04682 33.3515 267.82602 0 -1 0
7.04682 33.3515 267.82602 1 0 0
6.74692 33.3515 267.82602 -1 0 0
6.74692 33.3515 267.82602 0 -1 0
7.04682 33.3811 271.13422 0 -0.826977 0.562236
7.04682 33.3811 271.13422 1 0 0
6.74692 33.3811 271.13422 0 -0.826977 0.562236
6.74692 33.3811 271.13422 -1 0 0
7.04682 33.6219 270.95541 0 0.826977 -0.562236
7.04682 33.6219 270.95541 1 0 0
6.74692 33.6219 270.95541 -1 0 0
6.74692 33.6219 270.95541 0 0.826977 -0.562236
7.04682 36.0657 275.08292 0 -0.826977 0.562236
7.04682 36.0657 275.08292 1 0 0
6.74692 36.0657 275.08292 0 -0.826977 0.562236
6.74692 36.0657 275.08292 -1 0 0
7.04682 36.3065 274.90411 0 0.826977 -0.562236
7.04682 36.3065 274.90411 1 0 0
6.74692 36.3065 274.90411 -1 0 0
6.74692 36.3065 274.90411 0 0.826977 -0.562236
7.04682 30.3826 275.10583 0 0.774741 0.632279
7.04682 30.3826 275.10583 1 0 0
6.74692 30.3826 275.10583 0 0.774741 0.632279
6.74692 30.3826 275.10583 -1 0 0
7.04682 30.1586 274.90631 0 -0.774738 -0.632282
7.04682 30.1586 274.90631 1 0 0
6.74692 30.1586 274.90631 -1 0 0
6.74692 30.1586 274.90631 0 -0.774738 -0.632282
7.04682 33.6261 271.13153 0 0.774741 0.632279
7.04682 33.6261 271.13153 1 0 0
6.74692 33.6261 271.13153 0 0.774741 0.632279
6.74692 33.6261 271.13153 -1 0 0
7.04682 33.4021 270.93204 0 -0.774738 -0.632282
7.04682 33.4021 270.93204 1 0 0
6.74692 33.4021 270.93204 -1 0 0
6.74692 33.4021 270.93204 0 -0.774738 -0.632282
7.04682 30.1586 271.17352 0 -0.77474 0.632279
7.04682 30.1586 271.17352 1 0 0
6.74692 30.1586 271.17352 0 -0.77474 0.632279
6.74692 30.1586 271.17352 -1 0 0
7.04682 30.3826 270.97403 0 0.774741 -0.632279
7.04682 30.3826 270.97403 1 0 0
6.74692 30.3826 270.97403 -1 0 0
6.74692 30.3826 270.97403 0 0.774741 -0.632279
7.04682 33.4021 275.14783 0 -0.77474 0.632279
7.04682 33.4021 275.14783 1 0 0
6.74692 33.4021 275.14783 0 -0.77474 0.632279
6.74692 33.4021 275.14783 -1 0 0
7.04682 33.6261 274.94833 0 0.774741 -0.632279
7.04682 33.6261 274.94833 1 0 0
6.74692 33.6261 274.94833 -1 0 0
6.74692 33.6261 274.94833 0 0.774741 -0.632279
7.04682 20.4993 278.78131 0 0 1
7.04682 20.4993 278.78131 1 0 0
6.74692 20.4993 278.78131 0 0 1
6.74692 20.4993 278.78131 -1 0 0
7.04682 20.4993 278.48141 0 0 -1
7.04682 20.4993 278.48141 1 0 0
6.74692 20.4993 278.48141 -1 0 0
6.74692 20.4993 278.48141 0 0 -1
7.04682 36.3649 278.78131 0 0 1
7.04682 36.3649 278.78131 1 0 0
6.74692 36.3649 278.78131 0 0 1
6.74692 36.3649 278.78131 -1 0 0
7.04682 36.3649 278.48141 0 0 -1
7.04682 36.3649 278.48141 1 0 0
6.74692 36.3649 278.48141 -1 0 0
6.74692 36.3649 278.48141 0 0 -1
6.74632 30.4928 278.48141 0 1 0
6.74632 30.4928 278.48141 0 0 -1
6.74632 30.4928 278.78131 0 1 0
6.74632 30.4928 278.78131 0 0 1
6.74632 30.1929 278.48141 0 -1 0
6.74632 30.1929 278.48141 0 0 -1
6.74632 30.1929 278.78131 0 0 1
6.74632 30.1929 278.78131 0 -1 0
4.43882 30.4928 278.48141 0 1 0
4.43882 30.4928 278.48141 0 0 -1
4.43882 30.4928 278.78131 0 1 0
4.43882 30.4928 278.78131 0 0 1
4.43882 30.1929 278.48141 0 -1 0
4.43882 30.1929 278.48141 0 0 -1
4.43882 30.1929 278.78131 0 0 1
4.43882 30.1929 278.78131 0 -1 0
7.01072 33.5006 278.78131 0 0 1
7.01072 33.5006 278.78131 0.759262 0.650785 0
6.78302 33.3054 278.78131 0 0 1
6.78302 33.3054 278.78131 -0.759274 -0.650771 0
7.01072 33.5006 278.48141 0 0 -1
7.01072 33.5006 278.48141 0.759262 0.650785 0
6.78302 33.3054 278.48141 -0.759274 -0.650771 0
6.78302 33.3054 278.48141 0 0 -1
4.58462 36.3311 278.78131 0 0 1
4.58462 36.3311 278.78131 0.759262 0.650785 0
4.35692 36.136 278.78131 0 0 1
4.35692 36.136 278.78131 -0.759274 -0.650771 0
4.58462 36.3311 278.48141 0 0 -1
4.58462 36.3311 278.48141 0.759262 0.650785 0
4.35692 36.136 278.48141 -0.759274 -0.650771 0
4.35692 36.136 278.48141 0 0 -1
4.61942 33.3054 278.78131 0 0 1
4.61942 33.3054 278.78131 0.759274 -0.650771 0
4.39172 33.5006 278.78131 0 0 1
4.39172 33.5006 278.78131 -0.759262 0.650785 0
4.61942 33.3054 278.48141 0 0 -1
4.61942 33.3054 278.48141 0.759274 -0.650771 0
4.39172 33.5006 278.48141 -0.759262 0.650785 0
4.39172 33.5006 278.48141 0 0 -1
7.04552 36.136 278.78131 0 0 1
7.04552 36.136 278.78131 0.759274 -0.650771 0
6.81782 36.3311 278.78131 0 0 1
6.81782 36.3311 278.78131 -0.759262 0.650785 0
7.04552 36.136 278.48141 0 0 -1
7.04552 36.136 278.48141 0.759274 -0.650771 0
6.81782 36.3311 278.48141 -0.759262 0.650785 0
6.81782 36.3311 278.48141 0 0 -1
6.74632 33.6514 278.48141 0 1 0
6.74632 33.6514 278.48141 0 0 -1
6.74632 33.6514 278.78131 0 1 0
6.74632 33.6514 278.78131 0 0 1
6.74632 33.3515 278.48141 0 -1 0
6.74632 33.3515 278.48141 0 0 -1
6.74632 33.3515 278.78131 0 0 1
6.74632 33.3515 278.78131 0 -1 0
4.43882 33.6514 278.48141 0 1 0
4.43882 33.6514 278.48141 0 0 -1
4.43882 33.6514 278.78131 0 1 0
4.43882 33.6514 278.78131 0 0 1
4.43882 33.3515 278.48141 0 -1 0
4.43882 33.3515 278.48141 0 0 -1
4.43882 33.3515 278.78131 0 0 1
4.43882 33.3515 278.78131 0 -1 0
7.01832 30.4215 278.78131 0 0 1
7.01832 30.4215 278.78131 0.810036 0.58638 0
6.77542 30.2456 278.78131 0 0 1
6.77542 30.2456 278.78131 -0.810044 -0.586368 0
7.01832 30.4215 278.48141 0 0 -1
7.01832 30.4215 278.48141 0.810036 0.58638 0
6.77542 30.2456 278.48141 -0.810044 -0.586368 0
6.77542 30.2456 278.48141 0 0 -1
4.69252 33.6344 278.78131 0 0 1
4.69252 33.6344 278.78131 0.810036 0.58638 0
4.44962 33.4586 278.78131 0 0 1
4.44962 33.4586 278.78131 -0.810044 -0.586368 0
4.69252 33.6344 278.48141 0 0 -1
4.69252 33.6344 278.48141 0.810036 0.58638 0
4.44962 33.4586 278.48141 -0.810044 -0.586368 0
4.44962 33.4586 278.48141 0 0 -1
4.62702 30.2456 278.78131 0 0 1
4.62702 30.2456 278.78131 0.810044 -0.586368 0
4.38412 30.4215 278.78131 0 0 1
4.38412 30.4215 278.78131 -0.810036 0.58638 0
4.62702 30.2456 278.48141 0 0 -1
4.62702 30.2456 278.48141 0.810044 -0.586368 0
4.38412 30.4215 278.48141 -0.810036 0.58638 0
4.38412 30.4215 278.48141 0 0 -1
6.95282 33.4586 278.78131 0 0 1
6.95282 33.4586 278.78131 0.810044 -0.586368 0
6.70992 33.6344 278.78131 0 0 1
6.70992 33.6344 278.78131 -0.810036 0.58638 0
6.95282 33.4586 278.48141 0 0 -1
6.95282 33.4586 278.48141 0.810044 -0.586368 0
6.70992 33.6344 278.48141 -0.810036 0.58638 0
6.70992 33.6344 278.48141 0 0 -1
7.02252 26.8476 278.78131 0 0 1
7.02252 26.8476 278.78131 0.837709 0.546116 0
6.77122 26.6838 278.78131 0 0 1
6.77122 26.6838 278.78131 -0.83772 -0.5461 0
7.02252 26.8476 278.48141 0 0 -1
7.02252 26.8476 278.48141 0.837709 0.546116 0
6.77122 26.6838 278.48141 -0.83772 -0.5461 0
6.77122 26.6838 278.48141 0 0 -1
4.60652 30.5536 278.78131 0 0 1
4.60652 30.5536 278.78131 0.837709 0.546116 0
4.35532 30.3898 278.78131 0 0 1
4.35532 30.3898 278.78131 -0.83772 -0.5461 0
4.60652 30.5536 278.48141 0 0 -1
4.60652 30.5536 278.48141 0.837709 0.546116 0
4.35532 30.3898 278.48141 -0.83772 -0.5461 0
4.35532 30.3898 278.48141 0 0 -1
4.63122 26.6838 278.78131 0 0 1
4.63122 26.6838 278.78131 0.83772 -0.5461 0
4.37992 26.8476 278.78131 0 0 1
4.37992 26.8476 278.78131 -0.837709 0.546116 0
4.63122 26.6838 278.48141 0 0 -1
4.63122 26.6838 278.48141 0.83772 -0.5461 0
4.37992 26.8476 278.48141 -0.837709 0.546116 0
4.37992 26.8476 278.48141 0 0 -1
7.04712 30.3898 278.78131 0 0 1
7.04712 30.3898 278.78131 0.83772 -0.5461 0
6.79592 30.5536 278.78131 0 0 1
6.79592 30.5536 278.78131 -0.837709 0.546116 0
7.04712 30.3898 278.48141 0 0 -1
7.04712 30.3898 278.48141 0.83772 -0.5461 0
6.79592 30.5536 278.48141 -0.837709 0.546116 0
6.79592 30.5536 278.48141 0 0 -1
6.74632 26.9908 278.48141 0 1 0
6.74632 26.9908 278.48141 0 0 -1
6.74632 26.9908 278.78131 0 1 0
6.74632 26.9908 278.78131 0 0 1
6.74632 26.6909 278.48141 0 -1 0
6.74632 26.6909 278.48141 0 0 -1
6.74632 26.6909 278.78131 0 0 1
6.74632 26.6909 278.78131 0 -1 0
4.43882 26.9908 278.48141 0 1 0
4.43882 26.9908 278.48141 0 0 -1
4.43882 26.9908 278.78131 0 1 0
4.43882 26.9908 278.78131 0 0 1
4.43882 26.6909 278.48141 0 -1 0
4.43882 26.6909 278.48141 0 0 -1
4.43882 26.6909 278.78131 0 0 1
4.43882 26.6909 278.78131 0 -1 0
4.62702 23.6105 278.78131 0 0 1
4.62702 23.6105 278.78131 0.810036 -0.58638 0
4.38412 23.7863 278.78131 0 0 1
4.38412 23.7863 278.78131 -0.810044 0.586368 0
4.62702 23.6105 278.48141 0 0 -1
4.62702 23.6105 278.48141 0.810036 -0.58638 0
4.38412 23.7863 278.48141 -0.810044 0.586368 0
4.38412 23.7863 278.48141 0 0 -1
6.95282 26.8234 278.78131 0 0 1
6.95282 26.8234 278.78131 0.810036 -0.58638 0
6.70992 26.9993 278.78131 0 0 1
6.70992 26.9993 278.78131 -0.810044 0.586368 0
6.95282 26.8234 278.48141 0 0 -1
6.95282 26.8234 278.48141 0.810036 -0.58638 0
6.70992 26.9993 278.48141 -0.810044 0.586368 0
6.70992 26.9993 278.48141 0 0 -1
7.01832 23.7863 278.78131 0 0 1
7.01832 23.7863 278.78131 0.810044 0.586369 0
6.77542 23.6105 278.78131 0 0 1
6.77542 23.6105 278.78131 -0.810036 -0.58638 0
7.01832 23.7863 278.48141 0 0 -1
7.01832 23.7863 278.48141 0.810044 0.586369 0
6.77542 23.6105 278.48141 -0.810036 -0.58638 0
6.77542 23.6105 278.48141 0 0 -1
4.69252 26.9993 278.78131 0 0 1
4.69252 26.9993 278.78131 0.810044 0.586369 0
4.44962 26.8234 278.78131 0 0 1
4.44962 26.8234 278.78131 -0.810036 -0.58638 0
4.69252 26.9993 278.48141 0 0 -1
4.69252 26.9993 278.48141 0.810044 0.586369 0
4.44962 26.8234 278.48141 -0.810036 -0.58638 0
4.44962 26.8234 278.48141 0 0 -1
6.74632 23.8788 278.48141 0 1 0
6.74632 23.8788 278.48141 0 0 -1
6.74632 23.8788 278.78131 0 1 0
6.74632 23.8788 278.78131 0 0 1
6.74632 23.5789 278.48141 0 -1 0
6.74632 23.5789 278.48141 0 0 -1
6.74632 23.5789 278.78131 0 0 1
6.74632 23.5789 278.78131 0 -1 0
4.43882 23.8788 278.48141 0 1 0
4.43882 23.8788 278.48141 0 0 -1
4.43882 23.8788 278.78131 0 1 0
4.43882 23.8788 278.78131 0 0 1
4.43882 23.5789 278.48141 0 -1 0
4.43882 23.5789 278.48141 0 0 -1
4.43882 23.5789 278.78131 0 0 1
4.43882 23.5789 278.78131 0 -1 0
4.62702 20.4114 278.78131 0 0 1
4.62702 20.4114 278.78131 0.810036 -0.58638 0
4.38412 20.5872 278.78131 0 0 1
4.38412 20.5872 278.78131 -0.810044 0.586368 0
4.62702 20.4114 278.48141 0 0 -1
4.62702 20.4114 278.48141 0.810036 -0.58638 0
4.38412 20.5872 278.48141 -0.810044 0.586368 0
4.38412 20.5872 278.48141 0 0 -1
6.95282 23.6243 278.78131 0 0 1
6.95282 23.6243 278.78131 0.810036 -0.58638 0
6.70992 23.8002 278.78131 0 0 1
6.70992 23.8002 278.78131 -0.810044 0.586368 0
6.95282 23.6243 278.48141 0 0 -1
6.95282 23.6243 278.48141 0.810036 -0.58638 0
6.70992 23.8002 278.48141 -0.810044 0.586368 0
6.70992 23.8002 278.48141 0 0 -1
7.01832 20.5872 278.78131 0 0 1
7.01832 20.5872 278.78131 0.810044 0.586369 0
6.77542 20.4114 278.78131 0 0 1
6.77542 20.4114 278.78131 -0.810036 -0.58638 0
7.01832 20.5872 278.48141 0 0 -1
7.01832 20.5872 278.48141 0.810044 0.586369 0
6.77542 20.4114 278.48141 -0.810036 -0.58638 0
6.77542 20.4114 278.48141 0 0 -1
4.69252 23.8002 278.78131 0 0 1
4.69252 23.8002 278.78131 0.810044 0.586369 0
4.44962 23.6243 278.78131 0 0 1
4.44962 23.6243 278.78131 -0.810036 -0.58638 0
4.69252 23.8002 278.48141 0 0 -1
4.69252 23.8002 278.48141 0.810044 0.586369 0
4.44962 23.6243 278.48141 -0.810036 -0.58638 0
4.44962 23.6243 278.48141 0 0 -1
4.73762 23.8788 278.63132 0 1 0
4.73762 23.8788 278.63132 1 0 0
4.43772 23.8788 278.63132 0 1 0
4.73762 23.5789 278.63132 0 -1 0
4.73762 23.5789 278.63132 1 0 0
4.43772 23.5789 278.63132 0 -1 0
4.73762 23.8788 267.82602 0 1 0
4.73762 23.8788 267.82602 1 0 0
4.43772 23.8788 267.82602 0 1 0
4.73762 23.5789 267.82602 0 -1 0
4.73762 23.5789 267.82602 1 0 0
4.43772 23.5789 267.82602 0 -1 0
4.73762 20.6549 278.73111 0 0.746645 0.665222
4.73762 20.6549 278.73111 1 0 0
4.43772 20.6549 278.73111 0 0.746645 0.665222
4.73762 20.431 278.53162 0 -0.746645 -0.665222
4.73762 20.431 278.53162 1 0 0
4.43772 20.431 278.53162 0 -0.746645 -0.665222
4.73762 23.8984 275.09061 0 0.746645 0.665222
4.73762 23.8984 275.09061 1 0 0
4.43772 23.8984 275.09061 0 0.746645 0.665222
4.73762 23.6745 274.89111 0 -0.746645 -0.665222
4.73762 23.6745 274.89111 1 0 0
4.43772 23.6745 274.89111 0 -0.746645 -0.665222
4.73762 20.431 275.13272 0 -0.746637 0.665232
4.73762 20.431 275.13272 1 0 0
4.43772 20.431 275.13272 0 -0.746637 0.665232
4.73762 20.6549 274.93323 0 0.746637 -0.665232
4.73762 20.6549 274.93323 1 0 0
4.43772 20.6549 274.93323 0 0.746637 -0.665232
4.73762 23.6745 278.77313 0 -0.746637 0.665232
4.73762 23.6745 278.77313 1 0 0
4.43772 23.6745 278.77313 0 -0.746637 0.665232
4.73762 23.8984 278.57364 0 0.746637 -0.665232
4.73762 23.8984 278.57364 1 0 0
4.43772 23.8984 278.57364 0 0.746637 -0.665232
4.73762 20.4993 275.21811 0 0 1
4.73762 20.4993 275.21811 1 0 0
4.43772 20.4993 275.21811 0 0 1
4.73762 20.4993 274.91821 0 0 -1
4.73762 20.4993 274.91821 1 0 0
4.43772 20.4993 274.91821 0 0 -1
4.73762 36.3649 275.21811 0 0 1
4.73762 36.3649 275.21811 1 0 0
4.43772 36.3649 275.21811 0 0 1
4.73762 36.3649 274.91821 0 0 -1
4.73762 36.3649 274.91821 1 0 0
4.43772 36.3649 274.91821 0 0 -1
4.73762 20.6549 275.10583 0 0.77474 0.632279
4.73762 20.6549 275.10583 1 0 0
4.43772 20.6549 275.10583 0 0.77474 0.632279
4.73762 20.431 274.90631 0 -0.774738 -0.632282
4.73762 20.431 274.90631 1 0 0
4.43772 20.431 274.90631 0 -0.774738 -0.632282
4.73762 23.8984 271.13153 0 0.77474 0.632279
4.73762 23.8984 271.13153 1 0 0
4.43772 23.8984 271.13153 0 0.77474 0.632279
4.73762 23.6745 270.93204 0 -0.774738 -0.632282
4.73762 23.6745 270.93204 1 0 0
4.43772 23.6745 270.93204 0 -0.774738 -0.632282
4.73762 20.431 271.17352 0 -0.77474 0.632279
4.73762 20.431 271.17352 1 0 0
4.43772 20.431 271.17352 0 -0.77474 0.632279
4.73762 20.6549 270.97403 0 0.77474 -0.632279
4.73762 20.6549 270.97403 1 0 0
4.43772 20.6549 270.97403 0 0.77474 -0.632279
4.73762 23.6745 275.14783 0 -0.77474 0.632279
4.73762 23.6745 275.14783 1 0 0
4.43772 23.6745 275.14783 0 -0.77474 0.632279
4.73762 23.8984 274.94833 0 0.77474 -0.632279
4.73762 23.8984 274.94833 1 0 0
4.43772 23.8984 274.94833 0 0.77474 -0.632279
4.73762 20.4993 271.15283 0 0 1
4.73762 20.4993 271.15283 1 0 0
4.43772 20.4993 271.15283 0 0 1
4.73762 20.4993 270.85294 0 0 -1
4.73762 20.4993 270.85294 1 0 0
4.43772 20.4993 270.85294 0 0 -1
4.73762 36.3649 271.15283 0 0 1
4.73762 36.3649 271.15283 1 0 0
4.43772 36.3649 271.15283 0 0 1
4.73762 36.3649 270.85294 0 0 -1
4.73762 36.3649 270.85294 1 0 0
4.43772 36.3649 270.85294 0 0 -1
4.73762 23.565 271.17352 0 -0.77474 0.632279
4.73762 23.565 271.17352 1 0 0
4.43772 23.565 271.17352 0 -0.77474 0.632279
4.73762 23.7889 270.97403 0 0.77474 -0.632279
4.73762 23.7889 270.97403 1 0 0
4.43772 23.7889 270.97403 0 0.77474 -0.632279
4.73762 26.8085 275.14783 0 -0.77474 0.632279
4.73762 26.8085 275.14783 1 0 0
4.43772 26.8085 275.14783 0 -0.77474 0.632279
4.73762 27.0324 274.94833 0 0.77474 -0.632279
4.73762 27.0324 274.94833 1 0 0
4.43772 27.0324 274.94833 0 0.77474 -0.632279
4.73762 23.7889 275.10583 0 0.77474 0.632279
4.73762 23.7889 275.10583 1 0 0
4.43772 23.7889 275.10583 0 0.77474 0.632279
4.73762 23.565 274.90631 0 -0.774738 -0.632282
4.73762 23.565 274.90631 1 0 0
4.43772 23.565 274.90631 0 -0.774738 -0.632282
4.73762 27.0324 271.13153 0 0.77474 0.632279
4.73762 27.0324 271.13153 1 0 0
4.43772 27.0324 271.13153 0 0.77474 0.632279
4.73762 26.8085 270.93204 0 -0.774738 -0.632282
4.73762 26.8085 270.93204 1 0 0
4.43772 26.8085 270.93204 0 -0.774738 -0.632282
4.73762 27.0367 275.11041 0 0.747854 0.663864
4.73762 27.0367 275.11041 1 0 0
4.43772 27.0367 275.11041 0 0.747854 0.663864
4.73762 26.8213 274.90173 0 -0.747856 -0.663861
4.73762 26.8213 274.90173 1 0 0
4.43772 26.8213 274.90173 0 -0.747856 -0.663861
4.73762 30.5665 271.13403 0 0.747854 0.663864
4.73762 30.5665 271.13403 1 0 0
4.43772 30.5665 271.13403 0 0.747854 0.663864
4.73762 30.3511 270.92532 0 -0.747856 -0.663861
4.73762 30.3511 270.92532 1 0 0
4.43772 30.3511 270.92532 0 -0.747856 -0.663861
4.73762 26.8189 271.17563 0 -0.762548 0.646931
4.73762 26.8189 271.17563 1 0 0
4.43772 26.8189 271.17563 0 -0.762548 0.646931
4.73762 27.039 270.97192 0 0.762551 -0.646929
4.73762 27.039 270.97192 1 0 0
4.43772 27.039 270.97192 0 0.762551 -0.646929
4.73762 30.198 275.15863 0 -0.762548 0.646931
4.73762 30.198 275.15863 1 0 0
4.43772 30.198 275.15863 0 -0.762548 0.646931
4.73762 30.418 274.95483 0 0.762551 -0.646929
4.73762 30.418 274.95483 1 0 0
4.43772 30.418 274.95483 0 0.762551 -0.646929
4.73762 30.4928 278.63132 0 1 0
4.73762 30.4928 278.63132 1 0 0
4.43772 30.4928 278.63132 0 1 0
4.73762 30.1929 278.63132 0 -1 0
4.73762 30.1929 278.63132 1 0 0
4.43772 30.1929 278.63132 0 -1 0
4.73762 30.4928 267.82602 0 1 0
4.73762 30.4928 267.82602 1 0 0
4.43772 30.4928 267.82602 0 1 0
4.73762 30.1929 267.82602 0 -1 0
4.73762 30.1929 267.82602 1 0 0
4.43772 30.1929 267.82602 0 -1 0
4.73762 26.9908 278.63132 0 1 0
4.73762 26.9908 278.63132 1 0 0
4.43772 26.9908 278.63132 0 1 0
4.73762 26.6909 278.63132 0 -1 0
4.73762 26.6909 278.63132 1 0 0
4.43772 26.6909 278.63132 0 -1 0
4.73762 26.9908 267.82602 0 1 0
4.73762 26.9908 267.82602 1 0 0
4.43772 26.9908 267.82602 0 1 0
4.73762 26.6909 267.82602 0 -1 0
4.73762 26.6909 267.82602 1 0 0
4.43772 26.6909 267.82602 0 -1 0
4.73762 23.7889 278.73111 0 0.746645 0.665222
4.73762 23.7889 278.73111 1 0 0
4.43772 23.7889 278.73111 0 0.746645 0.665222
4.73762 23.565 278.53162 0 -0.746645 -0.665222
4.73762 23.565 278.53162 1 0 0
4.43772 23.565 278.53162 0 -0.746645 -0.665222
4.73762 27.0324 275.09061 0 0.746645 0.665222
4.73762 27.0324 275.09061 1 0 0
4.43772 27.0324 275.09061 0 0.746645 0.665222
4.73762 26.8085 274.89111 0 -0.746645 -0.665222
4.73762 26.8085 274.89111 1 0 0
4.43772 26.8085 274.89111 0 -0.746645 -0.665222
4.73762 23.565 275.13272 0 -0.746637 0.665232
4.73762 23.565 275.13272 1 0 0
4.43772 23.565 275.13272 0 -0.746637 0.665232
4.73762 23.7889 274.93323 0 0.746637 -0.665232
4.73762 23.7889 274.93323 1 0 0
4.43772 23.7889 274.93323 0 0.746637 -0.665232
4.73762 26.8085 278.77313 0 -0.746637 0.665232
4.73762 26.8085 278.77313 1 0 0
4.43772 26.8085 278.77313 0 -0.746637 0.665232
4.73762 27.0324 278.57364 0 0.746637 -0.665232
4.73762 27.0324 278.57364 1 0 0
4.43772 27.0324 278.57364 0 0.746637 -0.665232
4.73762 27.0367 278.73572 0 0.718128 0.695911
4.73762 27.0367 278.73572 1 0 0
4.43772 27.0367 278.73572 0 0.718128 0.695911
4.73762 26.8213 278.52701 0 -0.718128 -0.695911
4.73762 26.8213 278.52701 1 0 0
4.43772 26.8213 278.52701 0 -0.718128 -0.695911
4.73762 30.5665 275.09323 0 0.718128 0.695911
4.73762 30.5665 275.09323 1 0 0
4.43772 30.5665 275.09323 0 0.718128 0.695911
4.73762 30.3511 274.88452 0 -0.718128 -0.695911
4.73762 30.3511 274.88452 1 0 0
4.43772 30.3511 274.88452 0 -0.718128 -0.695911
4.73762 26.8189 275.13483 0 -0.73372 0.679452
4.73762 26.8189 275.13483 1 0 0
4.43772 26.8189 275.13483 0 -0.73372 0.679452
4.73762 27.039 274.93103 0 0.73373 -0.679441
4.73762 27.039 274.93103 1 0 0
4.43772 27.039 274.93103 0 0.73373 -0.679441
4.73762 30.198 278.78381 0 -0.73372 0.679452
4.73762 30.198 278.78381 1 0 0
4.43772 30.198 278.78381 0 -0.73372 0.679452
4.73762 30.418 278.58002 0 0.73373 -0.679441
4.73762 30.418 278.58002 1 0 0
4.43772 30.418 278.58002 0 0.73373 -0.679441
4.73762 30.3826 278.73111 0 0.746646 0.665222
4.73762 30.3826 278.73111 1 0 0
4.43772 30.3826 278.73111 0 0.746646 0.665222
4.73762 30.1586 278.53162 0 -0.746645 -0.665222
4.73762 30.1586 278.53162 1 0 0
4.43772 30.1586 278.53162 0 -0.746645 -0.665222
4.73762 33.6261 275.09061 0 0.746646 0.665222
4.73762 33.6261 275.09061 1 0 0
4.43772 33.6261 275.09061 0 0.746646 0.665222
4.73762 33.4021 274.89111 0 -0.746645 -0.665222
4.73762 33.4021 274.89111 1 0 0
4.43772 33.4021 274.89111 0 -0.746645 -0.665222
4.73762 30.1586 275.13272 0 -0.746637 0.665232
4.73762 30.1586 275.13272 1 0 0
4.43772 30.1586 275.13272 0 -0.746637 0.665232
4.73762 30.3826 274.93323 0 0.746637 -0.665231
4.73762 30.3826 274.93323 1 0 0
4.43772 30.3826 274.93323 0 0.746637 -0.665231
4.73762 33.4021 278.77313 0 -0.746637 0.665232
4.73762 33.4021 278.77313 1 0 0
4.43772 33.4021 278.77313 0 -0.746637 0.665232
4.73762 33.6261 278.57364 0 0.746637 -0.665231
4.73762 33.6261 278.57364 1 0 0
4.43772 33.6261 278.57364 0 0.746637 -0.665231
4.73762 33.6219 278.72073 0 0.802817 0.596226
4.73762 33.6219 278.72073 1 0 0
4.43772 33.6219 278.72073 0 0.802817 0.596226
4.73762 33.3811 278.54193 0 -0.802817 -0.596226
4.73762 33.3811 278.54193 1 0 0
4.43772 33.3811 278.54193 0 -0.802817 -0.596226
4.73762 36.3065 275.10593 0 0.802817 0.596226
4.73762 36.3065 275.10593 1 0 0
4.43772 36.3065 275.10593 0 0.802817 0.596226
4.73762 36.0657 274.92712 0 -0.802817 -0.596226
4.73762 36.0657 274.92712 1 0 0
4.43772 36.0657 274.92712 0 -0.802817 -0.596226
4.73762 33.3811 275.12201 0 -0.802817 0.596226
4.73762 33.3811 275.12201 1 0 0
4.43772 33.3811 275.12201 0 -0.802817 0.596226
4.73762 33.6219 274.94321 0 0.802817 -0.596226
4.73762 33.6219 274.94321 1 0 0
4.43772 33.6219 274.94321 0 0.802817 -0.596226
4.73762 36.0657 278.73682 0 -0.802817 0.596226
4.73762 36.0657 278.73682 1 0 0
4.43772 36.0657 278.73682 0 -0.802817 0.596226
4.73762 36.3065 278.55801 0 0.802817 -0.596226
4.73762 36.3065 278.55801 1 0 0
4.43772 36.3065 278.55801 0 0.802817 -0.596226
4.73762 33.6219 275.06693 0 0.826983 0.562227
4.73762 33.6219 275.06693 1 0 0
4.43772 33.6219 275.06693 0 0.826983 0.562227
4.73762 33.3811 274.88803 0 -0.826977 -0.562236
4.73762 33.3811 274.88803 1 0 0
4.43772 33.3811 274.88803 0 -0.826977 -0.562236
4.73762 36.3065 271.11813 0 0.826983 0.562227
4.73762 36.3065 271.11813 1 0 0
4.43772 36.3065 271.11813 0 0.826983 0.562227
4.73762 36.0657 270.93933 0 -0.826977 -0.562236
4.73762 36.0657 270.93933 1 0 0
4.43772 36.0657 270.93933 0 -0.826977 -0.562236
4.73762 33.6514 278.63132 0 1 0
4.73762 33.6514 278.63132 1 0 0
4.43772 33.6514 278.63132 0 1 0
4.73762 33.3515 278.63132 0 -1 0
4.73762 33.3515 278.63132 1 0 0
4.43772 33.3515 278.63132 0 -1 0
4.73762 33.6514 267.82602 0 1 0
4.73762 33.6514 267.82602 1 0 0
4.43772 33.6514 267.82602 0 1 0
4.73762 33.3515 267.82602 0 -1 0
4.73762 33.3515 267.82602 1 0 0
4.43772 33.3515 267.82602 0 -1 0
4.73762 33.3811 271.13422 0 -0.826977 0.562236
4.73762 33.3811 271.13422 1 0 0
4.43772 33.3811 271.13422 0 -0.826977 0.562236
4.73762 33.6219 270.95541 0 0.826977 -0.562236
4.73762 33.6219 270.95541 1 0 0
4.43772 33.6219 270.95541 0 0.826977 -0.562236
4.73762 36.0657 275.08292 0 -0.826977 0.562236
4.73762 36.0657 275.08292 1 0 0
4.43772 36.0657 275.08292 0 -0.826977 0.562236
4.73762 36.3065 274.90411 0 0.826977 -0.562236
4.73762 36.3065 274.90411 1 0 0
4.43772 36.3065 274.90411 0 0.826977 -0.562236
4.73762 30.3826 275.10583 0 0.774741 0.632279
4.73762 30.3826 275.10583 1 0 0
4.43772 30.3826 275.10583 0 0.774741 0.632279
4.73762 30.1586 274.90631 0 -0.774738 -0.632282
4.73762 30.1586 274.90631 1 0 0
4.43772 30.1586 274.90631 0 -0.774738 -0.632282
4.73762 33.6261 271.13153 0 0.774741 0.632279
4.73762 33.6261 271.13153 1 0 0
4.43772 33.6261 271.13153 0 0.774741 0.632279
4.73762 33.4021 270.93204 0 -0.774738 -0.632282
4.73762 33.4021 270.93204 1 0 0
4.43772 33.4021 270.93204 0 -0.774738 -0.632282
4.73762 30.1586 271.17352 0 -0.77474 0.632279
4.73762 30.1586 271.17352 1 0 0
4.43772 30.1586 271.17352 0 -0.77474 0.632279
4.73762 30.3826 270.97403 0 0.774741 -0.632279
4.73762 30.3826 270.97403 1 0 0
4.43772 30.3826 270.97403 0 0.774741 -0.632279
4.73762 33.4021 275.14783 0 -0.77474 0.632279
4.73762 33.4021 275.14783 1 0 0
4.43772 33.4021 275.14783 0 -0.77474 0.632279
4.73762 33.6261 274.94833 0 0.774741 -0.632279
4.73762 33.6261 274.94833 1 0 0
4.43772 33.6261 274.94833 0 0.774741 -0.632279
4.73762 20.4993 278.78131 0 0 1
4.73762 20.4993 278.78131 1 0 0
4.43772 20.4993 278.78131 0 0 1
4.73762 20.4993 278.48141 0 0 -1
4.73762 20.4993 278.48141 1 0 0
4.43772 20.4993 278.48141 0 0 -1
4.73762 36.3649 278.78131 0 0 1
4.73762 36.3649 278.78131 1 0 0
4.43772 36.3649 278.78131 0 0 1
4.73762 36.3649 278.48141 0 0 -1
4.73762 36.3649 278.48141 1 0 0
4.43772 36.3649 278.48141 0 0 -1
6.74632 30.4928 274.93951 0 1 0
6.74632 30.4928 274.93951 0 0 -1
6.74632 30.4928 275.23941 0 1 0
6.74632 30.4928 275.23941 0 0 1
6.74632 30.1929 274.93951 0 -1 0
6.74632 30.1929 274.93951 0 0 -1
6.74632 30.1929 275.23941 0 0 1
6.74632 30.1929 275.23941 0 -1 0
4.43882 30.4928 274.93951 0 1 0
4.43882 30.4928 274.93951 0 0 -1
4.43882 30.4928 275.23941 0 1 0
4.43882 30.4928 275.23941 0 0 1
4.43882 30.1929 274.93951 0 -1 0
4.43882 30.1929 274.93951 0 0 -1
4.43882 30.1929 275.23941 0 0 1
4.43882 30.1929 275.23941 0 -1 0
7.01072 33.5006 275.23941 0 0 1
7.01072 33.5006 275.23941 0.759262 0.650785 0
6.78302 33.3054 275.23941 0 0 1
6.78302 33.3054 275.23941 -0.759274 -0.650771 0
7.01072 33.5006 274.93951 0 0 -1
7.01072 33.5006 274.93951 0.759262 0.650785 0
6.78302 33.3054 274.93951 -0.759274 -0.650771 0
6.78302 33.3054 274.93951 0 0 -1
4.58462 36.3311 275.23941 0 0 1
4.58462 36.3311 275.23941 0.759262 0.650785 0
4.35692 36.136 275.23941 0 0 1
4.35692 36.136 275.23941 -0.759274 -0.650771 0
4.58462 36.3311 274.93951 0 0 -1
4.58462 36.3311 274.93951 0.759262 0.650785 0
4.35692 36.136 274.93951 -0.759274 -0.650771 0
4.35692 36.136 274.93951 0 0 -1
4.61942 33.3054 275.23941 0 0 1
4.61942 33.3054 275.23941 0.759274 -0.650771 0
4.39172 33.5006 275.23941 0 0 1
4.39172 33.5006 275.23941 -0.759262 0.650785 0
4.61942 33.3054 274.93951 0 0 -1
4.61942 33.3054 274.93951 0.759274 -0.650771 0
4.39172 33.5006 274.93951 -0.759262 0.650785 0
4.39172 33.5006 274.93951 0 0 -1
7.04552 36.136 275.23941 0 0 1
7.04552 36.136 275.23941 0.759274 -0.650771 0
6.81782 36.3311 275.23941 0 0 1
6.81782 36.3311 275.23941 -0.759262 0.650785 0
7.04552 36.136 274.93951 0 0 -1
7.04552 36.136 274.93951 0.759274 -0.650771 0
6.81782 36.3311 274.93951 -0.759262 0.650785 0
6.81782 36.3311 274.93951 0 0 -1
6.74632 33.6514 274.93951 0 1 0
6.74632 33.6514 274.93951 0 0 -1
6.74632 33.6514 275.23941 0 1 0
6.74632 33.6514 275.23941 0 0 1
6.74632 33.3515 274.93951 0 -1 0
6.74632 33.3515 274.93951 0 0 -1
6.74632 33.3515 275.23941 0 0 1
6.74632 33.3515 275.23941 0 -1 0
4.43882 33.6514 274.93951 0 1 0
4.43882 33.6514 274.93951 0 0 -1
4.43882 33.6514 275.23941 0 1 0
4.43882 33.6514 275.23941 0 0 1
4.43882 33.3515 274.93951 0 -1 0
4.43882 33.3515 274.93951 0 0 -1
4.43882 33.3515 275.23941 0 0 1
4.43882 33.3515 275.23941 0 -1 0
7.01832 30.4215 275.23941 0 0 1
7.01832 30.4215 275.23941 0.810036 0.58638 0
6.77542 30.2456 275.23941 0 0 1
6.77542 30.2456 275.23941 -0.810044 -0.586368 0
7.01832 30.4215 274.93951 0 0 -1
7.01832 30.4215 274.93951 0.810036 0.58638 0
6.77542 30.2456 274.93951 -0.810044 -0.586368 0
6.77542 30.2456 274.93951 0 0 -1
4.69252 33.6344 275.23941 0 0 1
4.69252 33.6344 275.23941 0.810036 0.58638 0
4.44962 33.4586 275.23941 0 0 1
4.44962 33.4586 275.23941 -0.810044 -0.586368 0
4.69252 33.6344 274.93951 0 0 -1
4.69252 33.6344 274.93951 0.810036 0.58638 0
4.44962 33.4586 274.93951 -0.810044 -0.586368 0
4.44962 33.4586 274.93951 0 0 -1
4.62702 30.2456 275.23941 0 0 1
4.62702 30.2456 275.23941 0.810044 -0.586368 0
4.38412 30.4215 275.23941 0 0 1
4.38412 30.4215 275.23941 -0.810036 0.58638 0
4.62702 30.2456 274.93951 0 0 -1
4.62702 30.2456 274.93951 0.810044 -0.586368 0
4.38412 30.4215 274.93951 -0.810036 0.58638 0
4.38412 30.4215 274.93951 0 0 -1
6.95282 33.4586 275.23941 0 0 1
6.95282 33.4586 275.23941 0.810044 -0.586368 0
6.70992 33.6344 275.23941 0 0 1
6.70992 33.6344 275.23941 -0.810036 0.58638 0
6.95282 33.4586 274.93951 0 0 -1
6.95282 33.4586 274.93951 0.810044 -0.586368 0
6.70992 33.6344 274.93951 -0.810036 0.58638 0
6.70992 33.6344 274.93951 0 0 -1
7.02252 26.8476 275.23941 0 0 1
7.02252 26.8476 275.23941 0.837709 0.546116 0
6.77122 26.6838 275.23941 0 0 1
6.77122 26.6838 275.23941 -0.83772 -0.5461 0
7.02252 26.8476 274.93951 0 0 -1
7.02252 26.8476 274.93951 0.837709 0.546116 0
6.77122 26.6838 274.93951 -0.83772 -0.5461 0
6.77122 26.6838 274.93951 0 0 -1
4.60652 30.5536 275.23941 0 0 1
4.60652 30.5536 275.23941 0.837709 0.546116 0
4.35532 30.3898 275.23941 0 0 1
4.35532 30.3898 275.23941 -0.83772 -0.5461 0
4.60652 30.5536 274.93951 0 0 -1
4.60652 30.5536 274.93951 0.837709 0.546116 0
4.35532 30.3898 274.93951 -0.83772 -0.5461 0
4.35532 30.3898 274.93951 0 0 -1
4.63122 26.6838 275.23941 0 0 1
4.63122 26.6838 275.23941 0.83772 -0.5461 0
4.37992 26.8476 275.23941 0 0 1
4.37992 26.8476 275.23941 -0.837709 0.546116 0
4.63122 26.6838 274.93951 0 0 -1
4.63122 26.6838 274.93951 0.83772 -0.5461 0
4.37992 26.8476 274.93951 -0.837709 0.546116 0
4.37992 26.8476 274.93951 0 0 -1
7.04712 30.3898 275.23941 0 0 1
7.04712 30.3898 275.23941 0.83772 -0.5461 0
6.79592 30.5536 275.23941 0 0 1
6.79592 30.5536 275.23941 -0.837709 0.546116 0
7.04712 30.3898 274.93951 0 0 -1
7.04712 30.3898 274.93951 0.83772 -0.5461 0
6.79592 30.5536 274.93951 -0.837709 0.546116 0
6.79592 30.5536 274.93951 0 0 -1
6.74632 26.9908 274.93951 0 1 0
6.74632 26.9908 274.93951 0 0 -1
6.74632 26.9908 275.23941 0 1 0
6.74632 26.9908 275.23941 0 0 1
6.74632 26.6909 274.93951 0 -1 0
6.74632 26.6909 274.93951 0 0 -1
6.74632 26.6909 275.23941 0 0 1
6.74632 26.6909 275.23941 0 -1 0
4.43882 26.9908 274.93951 0 1 0
4.43882 26.9908 274.93951 0 0 -1
4.43882 26.9908 275.23941 0 1 0
4.43882 26.9908 275.23941 0 0 1
4.43882 26.6909 274.93951 0 -1 0
4.43882 26.6909 274.93951 0 0 -1
4.43882 26.6909 275.23941 0 0 1
4.43882 26.6909 275.23941 0 -1 0
4.62702 23.6105 275.23941 0 0 1
4.62702 23.6105 275.23941 0.810036 -0.58638 0
4.38412 23.7863 275.23941 0 0 1
4.38412 23.7863 275.23941 -0.810044 0.586368 0
4.62702 23.6105 274.93951 0 0 -1
4.62702 23.6105 274.93951 0.810036 -0.58638 0
4.38412 23.7863 274.93951 -0.810044 0.586368 0
4.38412 23.7863 274.93951 0 0 -1
6.95282 26.8234 275.23941 0 0 1
6.95282 26.8234 275.23941 0.810036 -0.58638 0
6.70992 26.9993 275.23941 0 0 1
6.70992 26.9993 275.23941 -0.810044 0.586368 0
6.95282 26.8234 274.93951 0 0 -1
6.95282 26.8234 274.93951 0.810036 -0.58638 0
6.70992 26.9993 274.93951 -0.810044 0.586368 0
6.70992 26.9993 274.93951 0 0 -1
7.01832 23.7863 275.23941 0 0 1
7.01832 23.7863 275.23941 0.810044 0.586369 0
6.77542 23.6105 275.23941 0 0 1
6.77542 23.6105 275.23941 -0.810036 -0.58638 0
7.01832 23.7863 274.93951 0 0 -1
7.01832 23.7863 274.93951 0.810044 0.586369 0
6.77542 23.6105 274.93951 -0.810036 -0.58638 0
6.77542 23.6105 274.93951 0 0 -1
4.69252 26.9993 275.23941 0 0 1
4.69252 26.9993 275.23941 0.810044 0.586369 0
4.44962 26.8234 275.23941 0 0 1
4.44962 26.8234 275.23941 -0.810036 -0.58638 0
4.69252 26.9993 274.93951 0 0 -1
4.69252 26.9993 274.93951 0.810044 0.586369 0
4.44962 26.8234 274.93951 -0.810036 -0.58638 0
4.44962 26.8234 274.93951 0 0 -1
6.74632 23.8788 274.93951 0 1 0
6.74632 23.8788 274.93951 0 0 -1
6.74632 23.8788 275.23941 0 1 0
6.74632 23.8788 275.23941 0 0 1
6.74632 23.5789 274.93951 0 -1 0
6.74632 23.5789 274.93951 0 0 -1
6.74632 23.5789 275.23941 0 0 1
6.74632 23.5789 275.23941 0 -1 0
4.43882 23.8788 274.93951 0 1 0
4.43882 23.8788 274.93951 0 0 -1
4.43882 23.8788 275.23941 0 1 0
4.43882 23.8788 275.23941 0 0 1
4.43882 23.5789 274.93951 0 -1 0
4.43882 23.5789 274.93951 0 0 -1
4.43882 23.5789 275.23941 0 0 1
4.43882 23.5789 275.23941 0 -1 0
4.62702 20.4114 275.23941 0 0 1
4.62702 20.4114 275.23941 0.810036 -0.58638 0
4.38412 20.5872 275.23941 0 0 1
4.38412 20.5872 275.23941 -0.810044 0.586368 0
4.62702 20.4114 274.93951 0 0 -1
4.62702 20.4114 274.93951 0.810036 -0.58638 0
4.38412 20.5872 274.93951 -0.810044 0.586368 0
4.38412 20.5872 274.93951 0 0 -1
6.95282 23.6243 275.23941 0 0 1
6.95282 23.6243 275.23941 0.810036 -0.58638 0
6.70992 23.8002 275.23941 0 0 1
6.70992 23.8002 275.23941 -0.810044 0.586368 0
6.95282 23.6243 274.93951 0 0 -1
6.95282 23.6243 274.93951 0.810036 -0.58638 0
6.70992 23.8002 274.93951 -0.810044 0.586368 0
6.70992 23.8002 274.93951 0 0 -1
7.01832 20.5872 275.23941 0 0 1
7.01832 20.5872 275.23941 0.810044 0.586369 0
6.77542 20.4114 275.23941 0 0 1
6.77542 20.4114 275.23941 -0.810036 -0.58638 0
7.01832 20.5872 274.93951 0 0 -1
7.01832 20.5872 274.93951 0.810044 0.586369 0
6.77542 20.4114 274.93951 -0.810036 -0.58638 0
6.77542 20.4114 274.93951 0 0 -1
4.69252 23.8002 275.23941 0 0 1
4.69252 23.8002 275.23941 0.810044 0.586369 0
4.44962 23.6243 275.23941 0 0 1
4.44962 23.6243 275.23941 -0.810036 -0.58638 0
4.69252 23.8002 274.93951 0 0 -1
4.69252 23.8002 274.93951 0.810044 0.586369 0
4.44962 23.6243 274.93951 -0.810036 -0.58638 0
4.44962 23.6243 274.93951 0 0 -1
6.74632 30.4928 270.86862 0 1 0
6.74632 30.4928 270.86862 0 0 -1
6.74632 30.4928 271.16852 0 1 0
6.74632 30.4928 271.16852 0 0 1
6.74632 30.1929 270.86862 0 -1 0
6.74632 30.1929 270.86862 0 0 -1
6.74632 30.1929 271.16852 0 0 1
6.74632 30.1929 271.16852 0 -1 0
4.43882 30.4928 270.86862 0 1 0
4.43882 30.4928 270.86862 0 0 -1
4.43882 30.4928 271.16852 0 1 0
4.43882 30.4928 271.16852 0 0 1
4.43882 30.1929 270.86862 0 -1 0
4.43882 30.1929 270.86862 0 0 -1
4.43882 30.1929 271.16852 0 0 1
4.43882 30.1929 271.16852 0 -1 0
7.01072 33.5006 271.16852 0 0 1
7.01072 33.5006 271.16852 0.759262 0.650785 0
6.78302 33.3054 271.16852 0 0 1
6.78302 33.3054 271.16852 -0.759274 -0.650771 0
7.01072 33.5006 270.86862 0 0 -1
7.01072 33.5006 270.86862 0.759262 0.650785 0
6.78302 33.3054 270.86862 -0.759274 -0.650771 0
6.78302 33.3054 270.86862 0 0 -1
4.58462 36.3311 271.16852 0 0 1
4.58462 36.3311 271.16852 0.759262 0.650785 0
4.35692 36.136 271.16852 0 0 1
4.35692 36.136 271.16852 -0.759274 -0.650771 0
4.58462 36.3311 270.86862 0 0 -1
4.58462 36.3311 270.86862 0.759262 0.650785 0
4.35692 36.136 270.86862 -0.759274 -0.650771 0
4.35692 36.136 270.86862 0 0 -1
4.61942 33.3054 271.16852 0 0 1
4.61942 33.3054 271.16852 0.759274 -0.650771 0
4.39172 33.5006 271.16852 0 0 1
4.39172 33.5006 271.16852 -0.759262 0.650785 0
4.61942 33.3054 270.86862 0 0 -1
4.61942 33.3054 270.86862 0.759274 -0.650771 0
4.39172 33.5006 270.86862 -0.759262 0.650785 0
4.39172 33.5006 270.86862 0 0 -1
7.04552 36.136 271.16852 0 0 1
7.04552 36.136 271.16852 0.759274 -0.650771 0
6.81782 36.3311 271.16852 0 0 1
6.81782 36.3311 271.16852 -0.759262 0.650785 0
7.04552 36.136 270.86862 0 0 -1
7.04552 36.136 270.86862 0.759274 -0.650771 0
6.81782 36.3311 270.86862 -0.759262 0.650785 0
6.81782 36.3311 270.86862 0 0 -1
6.74632 33.6514 270.86862 0 1 0
6.74632 33.6514 270.86862 0 0 -1
6.74632 33.6514 271.16852 0 1 0
6.74632 33.6514 271.16852 0 0 1
6.74632 33.3515 270.86862 0 -1 0
6.74632 33.3515 270.86862 0 0 -1
6.74632 33.3515 271.16852 0 0 1
6.74632 33.3515 271.16852 0 -1 0
4.43882 33.6514 270.86862 0 1 0
4.43882 33.6514 270.86862 0 0 -1
4.43882 33.6514 271.16852 0 1 0
4.43882 33.6514 271.16852 0 0 1
4.43882 33.3515 270.86862 0 -1 0
4.43882 33.3515 270.86862 0 0 -1
4.43882 33.3515 271.16852 0 0 1
4.43882 33.3515 271.16852 0 -1 0
7.01832 30.4215 271.16852 0 0 1
7.01832 30.4215 271.16852 0.810036 0.58638 0
6.77542 30.2456 271.16852 0 0 1
6.77542 30.2456 271.16852 -0.810044 -0.586368 0
7.01832 30.4215 270.86862 0 0 -1
7.01832 30.4215 270.86862 0.810036 0.58638 0
6.77542 30.2456 270.86862 -0.810044 -0.586368 0
6.77542 30.2456 270.86862 0 0 -1
4.69252 33.6344 271.16852 0 0 1
4.69252 33.6344 271.16852 0.810036 0.58638 0
4.44962 33.4586 271.16852 0 0 1
4.44962 33.4586 271.16852 -0.810044 -0.586368 0
4.69252 33.6344 270.86862 0 0 -1
4.69252 33.6344 270.86862 0.810036 0.58638 0
4.44962 33.4586 270.86862 -0.810044 -0.586368 0
4.44962 33.4586 270.86862 0 0 -1
4.62702 30.2456 271.16852 0 0 1
4.62702 30.2456 271.16852 0.810044 -0.586368 0
4.38412 30.4215 271.16852 0 0 1
4.38412 30.4215 271.16852 -0.810036 0.58638 0
4.62702 30.2456 270.86862 0 0 -1
4.62702 30.2456 270.86862 0.810044 -0.586368 0
4.38412 30.4215 270.86862 -0.810036 0.58638 0
4.38412 30.4215 270.86862 0 0 -1
6.95282 33.4586 271.16852 0 0 1
6.95282 33.4586 271.16852 0.810044 -0.586368 0
6.70992 33.6344 271.16852 0 0 1
6.70992 33.6344 271.16852 -0.810036 0.58638 0
6.95282 33.4586 270.86862 0 0 -1
6.95282 33.4586 270.86862 0.810044 -0.586368 0
6.70992 33.6344 270.86862 -0.810036 0.58638 0
6.70992 33.6344 270.86862 0 0 -1
7.02252 26.8476 271.16852 0 0 1
7.02252 26.8476 271.16852 0.837709 0.546116 0
6.77122 26.6838 271.16852 0 0 1
6.77122 26.6838 271.16852 -0.83772 -0.5461 0
7.02252 26.8476 270.86862 0 0 -1
7.02252 26.8476 270.86862 0.837709 0.546116 0
6.77122 26.6838 270.86862 -0.83772 -0.5461 0
6.77122 26.6838 270.86862 0 0 -1
4.60652 30.5536 271.16852 0 0 1
4.60652 30.5536 271.16852 0.837709 0.546116 0
4.35532 30.3898 271.16852 0 0 1
4.35532 30.3898 271.16852 -0.83772 -0.5461 0
4.60652 30.5536 270.86862 0 0 -1
4.60652 30.5536 270.86862 0.837709 0.546116 0
4.35532 30.3898 270.86862 -0.83772 -0.5461 0
4.35532 30.3898 270.86862 0 0 -1
4.63122 26.6838 271.16852 0 0 1
4.63122 26.6838 271.16852 0.83772 -0.5461 0
4.37992 26.8476 271.16852 0 0 1
4.37992 26.8476 271.16852 -0.837709 0.546116 0
4.63122 26.6838 270.86862 0 0 -1
4.63122 26.6838 270.86862 0.83772 -0.5461 0
4.37992 26.8476 270.86862 -0.837709 0.546116 0
4.37992 26.8476 270.86862 0 0 -1
7.04712 30.3898 271.16852 0 0 1
7.04712 30.3898 271.16852 0.83772 -0.5461 0
6.79592 30.5536 271.16852 0 0 1
6.79592 30.5536 271.16852 -0.837709 0.546116 0
7.04712 30.3898 270.86862 0 0 -1
7.04712 30.3898 270.86862 0.83772 -0.5461 0
6.79592 30.5536 270.86862 -0.837709 0.546116 0
6.79592 30.5536 270.86862 0 0 -1
6.74632 26.9908 270.86862 0 1 0
6.74632 26.9908 270.86862 0 0 -1
6.74632 26.9908 271.16852 0 1 0
6.74632 26.9908 271.16852 0 0 1
6.74632 26.6909 270.86862 0 -1 0
6.74632 26.6909 270.86862 0 0 -1
6.74632 26.6909 271.16852 0 0 1
6.74632 26.6909 271.16852 0 -1 0
4.43882 26.9908 270.86862 0 1 0
4.43882 26.9908 270.86862 0 0 -1
4.43882 26.9908 271.16852 0 1 0
4.43882 26.9908 271.16852 0 0 1
4.43882 26.6909 270.86862 0 -1 0
4.43882 26.6909 270.86862 0 0 -1
4.43882 26.6909 271.16852 0 0 1
4.43882 26.6909 271.16852 0 -1 0
4.62702 23.6105 271.16852 0 0 1
4.62702 23.6105 271.16852 0.810036 -0.58638 0
4.38412 23.7863 271.16852 0 0 1
4.38412 23.7863 271.16852 -0.810044 0.586368 0
4.62702 23.6105 270.86862 0 0 -1
4.62702 23.6105 270.86862 0.810036 -0.58638 0
4.38412 23.7863 270.86862 -0.810044 0.586368 0
4.38412 23.7863 270.86862 0 0 -1
6.95282 26.8234 271.16852 0 0 1
6.95282 26.8234 271.16852 0.810036 -0.58638 0
6.70992 26.9993 271.16852 0 0 1
6.70992 26.9993 271.16852 -0.810044 0.586368 0
6.95282 26.8234 270.86862 0 0 -1
6.95282 26.8234 270.86862 0.810036 -0.58638 0
6.70992 26.9993 270.86862 -0.810044 0.586368 0
6.70992 26.9993 270.86862 0 0 -1
7.01832 23.7863 271.16852 0 0 1
7.01832 23.7863 271.16852 0.810044 0.586369 0
6.77542 23.6105 271.16852 0 0 1
6.77542 23.6105 271.16852 -0.810036 -0.58638 0
7.01832 23.7863 270.86862 0 0 -1
7.01832 23.7863 270.86862 0.810044 0.586369 0
6.77542 23.6105 270.86862 -0.810036 -0.58638 0
6.77542 23.6105 270.86862 0 0 -1
4.69252 26.9993 271.16852 0 0 1
4.69252 26.9993 271.16852 0.810044 0.586369 0
4.44962 26.8234 271.16852 0 0 1
4.44962 26.8234 271.16852 -0.810036 -0.58638 0
4.69252 26.9993 270.86862 0 0 -1
4.69252 26.9993 270.86862 0.810044 0.586369 0
4.44962 26.8234 270.86862 -0.810036 -0.58638 0
4.44962 26.8234 270.86862 0 0 -1
6.74632 23.8788 270.86862 0 1 0
6.74632 23.8788 270.86862 0 0 -1
6.74632 23.8788 271.16852 0 1 0
6.74632 23.8788 271.16852 0 0 1
6.74632 23.5789 270.86862 0 -1 0
6.74632 23.5789 270.86862 0 0 -1
6.74632 23.5789 271.16852 0 0 1
6.74632 23.5789 271.16852 0 -1 0
4.43882 23.8788 270.86862 0 1 0
4.43882 23.8788 270.86862 0 0 -1
4.43882 23.8788 271.16852 0 1 0
4.43882 23.8788 271.16852 0 0 1
4.43882 23.5789 270.86862 0 -1 0
4.43882 23.5789 270.86862 0 0 -1
4.43882 23.5789 271.16852 0 0 1
4.43882 23.5789 271.16852 0 -1 0
4.62702 20.4114 271.16852 0 0 1
4.62702 20.4114 271.16852 0.810036 -0.58638 0
4.38412 20.5872 271.16852 0 0 1
4.38412 20.5872 271.16852 -0.810044 0.586368 0
4.62702 20.4114 270.86862 0 0 -1
4.62702 20.4114 270.86862 0.810036 -0.58638 0
4.38412 20.5872 270.86862 -0.810044 0.586368 0
4.38412 20.5872 270.86862 0 0 -1
6.95282 23.6243 271.16852 0 0 1
6.95282 23.6243 271.16852 0.810036 -0.58638 0
6.70992 23.8002 271.16852 0 0 1
6.70992 23.8002 271.16852 -0.810044 0.586368 0
6.95282 23.6243 270.86862 0 0 -1
6.95282 23.6243 270.86862 0.810036 -0.58638 0
6.70992 23.8002 270.86862 -0.810044 0.586368 0
6.70992 23.8002 270.86862 0 0 -1
7.01832 20.5872 271.16852 0 0 1
7.01832 20.5872 271.16852 0.810044 0.586369 0
6.77542 20.4114 271.16852 0 0 1
6.77542 20.4114 271.16852 -0.810036 -0.58638 0
7.01832 20.5872 270.86862 0 0 -1
7.01832 20.5872 270.86862 0.810044 0.586369 0
6.77542 20.4114 270.86862 -0.810036 -0.58638 0
6.77542 20.4114 270.86862 0 0 -1
4.69252 23.8002 271.16852 0 0 1
4.69252 23.8002 271.16852 0.810044 0.586369 0
4.44962 23.6243 271.16852 0 0 1
4.44962 23.6243 271.16852 -0.810036 -0.58638 0
4.69252 23.8002 270.86862 0 0 -1
4.69252 23.8002 270.86862 0.810044 0.586369 0
4.44962 23.6243 270.86862 -0.810036 -0.58638 0
4.44962 23.6243 270.86862 0 0 -1
-4.7133 50.185 259.31662 0 0 1
-4.714 50.585 259.31662 0 0 1
4.7607 50.2015 259.31662 0 0 1
4.76 50.6015 259.31662 0 0 1
-4.7133 50.185 258.91663 0.00174186 -0.999998 0
4.7607 50.2015 258.91663 0.00174186 -0.999998 0
-4.7133 50.185 259.31662 0.00174186 -0.999998 0
4.7607 50.2015 259.31662 0.00174186 -0.999998 0
0 3 1
3 0 2
5 11 7
11 5 9
6 8 4
8 6 10
12 15 13
15 12 14
17 23 19
23 17 21
18 20 16
20 18 22
24 27 26
27 24 25
28 31 29
31 28 30
33 39 35
39 33 37
34 36 32
36 34 38
40 43 42
43 40 41
44 47 45
47 44 46
49 55 51
55 49 53
50 52 48
52 50 54
56 66 58
66 56 64
59 70 62
70 59 67
63 68 60
68 63 71
61 65 57
65 61 69
72 82 74
82 72 80
75 86 78
86 75 83
79 84 76
84 79 87
77 81 73
81 77 85
88 98 90
98 88 96
91 102 94
102 91 99
95 100 92
100 95 103
93 97 89
97 93 101
104 114 106
114 104 112
107 118 110
118 107 115
111 116 108
116 111 119
109 113 105
113 109 117
120 130 122
130 120 128
123 134 126
134 123 131
127 132 124
132 127 135
125 129 121
129 125 133
136 146 138
146 136 144
139 150 142
150 139 147
143 148 140
148 143 151
141 145 137
145 141 149
152 162 154
162 152 160
155 166 158
166 155 163
159 164 156
164 159 167
157 161 153
161 157 165
168 178 170
178 168 176
171 182 174
182 171 179
175 180 172
180 175 183
173 177 169
177 173 181
184 194 186
194 184 192
187 198 190
198 187 195
191 196 188
196 191 199
189 193 185
193 189 197
200 210 202
210 200 208
203 214 206
214 203 211
207 212 204
212 207 215
205 209 201
209 205 213
216 226 218
226 216 224
219 230 222
230 219 227
223 228 220
228 223 231
221 225 217
225 221 229
232 242 234
242 232 240
235 246 238
246 235 243
239 244 236
244 239 247
237 241 233
241 237 245
248 258 250
258 248 256
251 262 254
262 251 259
255 260 252
260 255 263
253 257 249
257 253 261
264 274 266
274 264 272
267 278 270
278 267 275
271 276 268
276 271 279
269 273 265
273 269 277
280 290 282
290 280 288
283 294 286
294 283 291
287 292 284
292 287 295
285 289 281
289 285 293
296 306 298
306 296 304
299 310 302
310 299 307
303 308 300
308 303 311
301 305 297
305 301 309
312 322 314
322 312 320
315 326 318
326 315 323
319 324 316
324 319 327
317 321 313
321 317 325
328 338 330
338 328 336
331 342 334
342 331 339
335 340 332
340 335 343
333 337 329
337 333 341
344 354 346
354 344 352
347 358 350
358 347 355
351 356 348
356 351 359
349 353 345
353 349 357
360 370 362
370 360 368
363 374 366
374 363 371
367 372 364
372 367 375
365 369 361
369 365 373
376 386 378
386 376 384
379 390 382
390 379 387
383 388 380
388 383 391
381 385 377
385 381 389
392 402 394
402 392 400
395 406 398
406 395 403
399 404 396
404 399 407
397 401 393
401 397 405
408 418 410
418 408 416
411 422 414
422 411 419
415 420 412
420 415 423
413 417 409
417 413 421
424 434 426
434 424 432
427 438 430
438 427 435
431 436 428
436 431 439
429 433 425
433 429 437
440 450 442
450 440 448
443 454 446
454 443 451
447 452 444
452 447 455
445 449 441
449 445 453
456 466 458
466 456 464
459 470 462
470 459 467
463 468 460
468 463 471
461 465 457
465 461 469
472 482 474
482 472 480
475 486 478
486 475 483
479 484 476
484 479 487
477 481 473
481 477 485
488 498 490
498 488 496
491 502 494
502 491 499
495 500 492
500 495 503
493 497 489
497 493 501
504 514 506
514 504 512
507 518 510
518 507 515
511 516 508
516 511 519
509 513 505
513 509 517
520 530 522
530 520 528
523 534 526
534 523 531
527 532 524
532 527 535
525 529 521
529 525 533
536 546 538
546 536 544
539 550 542
550 539 547
543 548 540
548 543 551
541 545 537
545 541 549
552 562 554
562 552 560
555 566 558
566 555 563
559 564 556
564 559 567
557 561 553
561 557 565
568 578 570
578 568 576
571 582 574
582 571 579
575 580 572
580 575 583
573 577 569
577 573 581
584 594 586
594 584 592
587 598 590
598 587 595
591 596 588
596 591 599
589 593 585
593 589 597
600 610 602
610 600 608
603 614 606
614 603 611
607 612 604
612 607 615
605 609 601
609 605 613
616 626 618
626 616 624
619 630 622
630 619 627
623 628 620
628 623 631
621 625 617
625 621 629
632 642 634
642 632 640
635 646 638
646 635 643
639 644 636
644 639 647
637 641 633
641 637 645
648 658 650
658 648 656
651 662 654
662 651 659
655 660 652
660 655 663
653 657 649
657 653 661
664 674 666
674 664 672
667 678 670
678 667 675
671 676 668
676 671 679
669 673 665
673 669 677
680 690 682
690 680 688
683 694 686
694 683 691
687 692 684
692 687 695
685 689 681
689 685 693
696 706 698
706 696 704
699 710 702
710 699 707
703 708 700
708 703 711
701 705 697
705 701 709
712 720 714
720 712 718
717 721 715
721 717 723
716 719 713
719 716 722
724 732 726
732 724 730
729 733 727
733 729 735
728 731 725
731 728 734
736 744 738
744 736 742
741 745 739
745 741 747
740 743 737
743 740 746
748 756 750
756 748 754
753 757 751
757 753 759
752 755 749
755 752 758
760 768 762
768 760 766
765 769 763
769 765 771
764 767 761
767 764 770
772 780 774
780 772 778
777 781 775
781 777 783
776 779 773
779 776 782
784 792 786
792 784 790
789 793 787
793 789 795
788 791 785
791 788 794
796 804 798
804 796 802
801 805 799
805 801 807
800 803 797
803 800 806
808 816 810
816 808 814
813 817 811
817 813 819
812 815 809
815 812 818
820 828 822
828 820 826
825 829 823
829 825 831
824 827 821
827 824 830
832 840 834
840 832 838
837 841 835
841 837 843
836 839 833
839 836 842
844 852 846
852 844 850
849 853 847
853 849 855
848 851 845
851 848 854
856 864 858
864 856 862
861 865 859
865 861 867
860 863 857
863 860 866
868 876 870
876 868 874
873 877 871
877 873 879
872 875 869
875 872 878
880 888 882
888 880 886
885 889 883
889 885 891
884 887 881
887 884 890
892 900 894
900 892 898
897 901 895
901 897 903
896 899 893
899 896 902
904 912 906
912 904 910
909 913 907
913 909 915
908 911 905
911 908 914
916 924 918
924 916 922
921 925 919
925 921 927
920 923 917
923 920 926
928 936 930
936 928 934
933 937 931
937 933 939
932 935 929
935 932 938
940 948 942
948 940 946
945 949 943
949 945 951
944 947 941
947 944 950
952 960 954
960 952 958
957 961 955
961 957 963
956 959 953
959 956 962
964 972 966
972 964 970
969 973 967
973 969 975
968 971 965
971 968 974
976 984 978
984 976 982
981 985 979
985 981 987
980 983 977
983 980 986
988 996 990
996 988 994
993 997 991
997 993 999
992 995 989
995 992 998
1000 1008 1002
1008 1000 1006
1005 1009 1003
1009 1005 1011
1004 1007 1001
1007 1004 1010
1012 1020 1014
1020 1012 1018
1017 1021 1015
1021 1017 1023
1016 1019 1013
1019 1016 1022
1024 1032 1026
1032 1024 1030
1029 1033 1027
1033 1029 1035
1028 1031 1025
1031 1028 1034
1036 1046 1038
1046 1036 1044
1039 1050 1042
1050 1039 1047
1043 1048 1040
1048 1043 1051
1041 1045 1037
1045 1041 1049
1052 1062 1054
1062 1052 1060
1055 1066 1058
1066 1055 1063
1059 1064 1056
1064 1059 1067
1057 1061 1053
1061 1057 1065
1068 1078 1070
1078 1068 1076
1071 1082 1074
1082 1071 1079
1075 1080 1072
1080 1075 1083
1073 1077 1069
1077 1073 1081
1084 1094 1086
1094 1084 1092
1087 1098 1090
1098 1087 1095
1091 1096 1088
1096 1091 1099
1089 1093 1085
1093 1089 1097
1100 1110 1102
1110 1100 1108
1103 1114 1106
1114 1103 1111
1107 1112 1104
1112 1107 1115
1105 1109 1101
1109 1105 1113
1116 1126 1118
1126 1116 1124
1119 1130 1122
1130 1119 1127
1123 1128 1120
1128 1123 1131
1121 1125 1117
1125 1121 1129
1132 1142 1134
1142 1132 1140
1135 1146 1138
1146 1135 1143
1139 1144 1136
1144 1139 1147
1137 1141 1133
1141 1137 1145
1148 1158 1150
1158 1148 1156
1151 1162 1154
1162 1151 1159
1155 1160 1152
1160 1155 1163
1153 1157 1149
1157 1153 1161
1164 1174 1166
1174 1164 1172
1167 1178 1170
1178 1167 1175
1171 1176 1168
1176 1171 1179
1169 1173 1165
1173 1169 1177
1180 1190 1182
1190 1180 1188
1183 1194 1186
1194 1183 1191
1187 1192 1184
1192 1187 1195
1185 1189 1181
1189 1185 1193
1196 1206 1198
1206 1196 1204
1199 1210 1202
1210 1199 1207
1203 1208 1200
1208 1203 1211
1201 1205 1197
1205 1201 1209
1212 1222 1214
1222 1212 1220
1215 1226 1218
1226 1215 1223
1219 1224 1216
1224 1219 1227
1217 1221 1213
1221 1217 1225
1228 1238 1230
1238 1228 1236
1231 1242 1234
1242 1231 1239
1235 1240 1232
1240 1235 1243
1233 1237 1229
1237 1233 1241
1244 1254 1246
1254 1244 1252
1247 1258 1250
1258 1247 1255
1251 1256 1248
1256 1251 1259
1249 1253 1245
1253 1249 1257
1260 1270 1262
1270 1260 1268
1263 1274 1266
1274 1263 1271
1267 1272 1264
1272 1267 1275
1265 1269 1261
1269 1265 1273
1276 1286 1278
1286 1276 1284
1279 1290 1282
1290 1279 1287
1283 1288 1280
1288 1283 1291
1281 1285 1277
1285 1281 1289
1292 1302 1294
1302 1292 1300
1295 1306 1298
1306 1295 1303
1299 1304 1296
1304 1299 1307
1297 1301 1293
1301 1297 1305
1308 1318 1310
1318 1308 1316
1311 1322 1314
1322 1311 1319
1315 1320 1312
1320 1315 1323
1313 1317 1309
1317 1313 1321
1324 1334 1326
1334 1324 1332
1327 1338 1330
1338 1327 1335
1331 1336 1328
1336 1331 1339
1329 1333 1325
1333 1329 1337
1340 1350 1342
1350 1340 1348
1343 1354 1346
1354 1343 1351
1347 1352 1344
1352 1347 1355
1345 1349 1341
1349 1345 1353
1356 1366 1358
1366 1356 1364
1359 1370 1362
1370 1359 1367
1363 1368 1360
1368 1363 1371
1361 1365 1357
1365 1361 1369
1372 1382 1374
1382 1372 1380
1375 1386 1378
1386 1375 1383
1379 1384 1376
1384 1379 1387
1377 1381 1373
1381 1377 1385
1388 1398 1390
1398 1388 1396
1391 1402 1394
1402 1391 1399
1395 1400 1392
1400 1395 1403
1393 1397 1389
1397 1393 1401
1404 1414 1406
1414 1404 1412
1407 1418 1410
1418 1407 1415
1411 1416 1408
1416 1411 1419
1409 1413 1405
1413 1409 1417
1420 1430 1422
1430 1420 1428
1423 1434 1426
1434 1423 1431
1427 1432 1424
1432 1427 1435
1425 1429 1421
1429 1425 1433
1436 1446 1438
1446 1436 1444
1439 1450 1442
1450 1439 1447
1443 1448 1440
1448 1443 1451
1441 1445 1437
1445 1441 1449
1452 1462 1454
1462 1452 1460
1455 1466 1458
1466 1455 1463
1459 1464 1456
1464 1459 1467
1457 1461 1453
1461 1457 1465
1468 1478 1470
1478 1468 1476
1471 1482 1474
1482 1471 1479
1475 1480 1472
1480 1475 1483
1473 1477 1469
1477 1473 1481
1484 1494 1486
1494 1484 1492
1487 1498 1490
1498 1487 1495
1491 1496 1488
1496 1491 1499
1489 1493 1485
1493 1489 1497
1500 1510 1502
1510 1500 1508
1503 1514 1506
1514 1503 1511
1507 1512 1504
1512 1507 1515
1505 1509 1501
1509 1505 1513
1516 1526 1518
1526 1516 1524
1519 1530 1522
1530 1519 1527
1523 1528 1520
1528 1523 1531
1521 1525 1517
1525 1521 1529
1532 1542 1534
1542 1532 1540
1535 1546 1538
1546 1535 1543
1539 1544 1536
1544 1539 1547
1537 1541 1533
1541 1537 1545
1548 1558 1550
1558 1548 1556
1551 1562 1554
1562 1551 1559
1555 1560 1552
1560 1555 1563
1553 1557 1549
1557 1553 1561
1564 1574 1566
1574 1564 1572
1567 1578 1570
1578 1567 1575
1571 1576 1568
1576 1571 1579
1569 1573 1565
1573 1569 1577
1580 1590 1582
1590 1580 1588
1583 1594 1586
1594 1583 1591
1587 1592 1584
1592 1587 1595
1585 1589 1581
1589 1585 1593
1596 1606 1598
1606 1596 1604
1599 1610 1602
1610 1599 1607
1603 1608 1600
1608 1603 1611
1601 1605 1597
1605 1601 1609
1612 1622 1614
1622 1612 1620
1615 1626 1618
1626 1615 1623
1619 1624 1616
1624 1619 1627
1617 1621 1613
1621 1617 1625
1628 1638 1630
1638 1628 1636
1631 1642 1634
1642 1631 1639
1635 1640 1632
1640 1635 1643
1633 1637 1629
1637 1633 1641
1644 1654 1646
1654 1644 1652
1647 1658 1650
1658 1647 1655
1651 1656 1648
1656 1651 1659
1649 1653 1645
1653 1649 1657
1660 1670 1662
1670 1660 1668
1663 1674 1666
1674 1663 1671
1667 1672 1664
1672 1667 1675
1665 1669 1661
1669 1665 1673
1676 1686 1678
1686 1676 1684
1679 1690 1682
1690 1679 1687
1683 1688 1680
1688 1683 1691
1681 1685 1677
1685 1681 1689
1692 1702 1694
1702 1692 1700
1695 1706 1698
1706 1695 1703
1699 1704 1696
1704 1699 1707
1697 1701 1693
1701 1697 1705
1708 1718 1710
1718 1708 1716
1711 1722 1714
1722 1711 1719
1715 1720 1712
1720 1715 1723
1713 1717 1709
1717 1713 1721
1724 1734 1726
1734 1724 1732
1727 1738 1730
1738 1727 1735
1731 1736 1728
1736 1731 1739
1729 1733 1725
1733 1729 1737
1740 1750 1742
1750 1740 1748
1743 1754 1746
1754 1743 1751
1747 1752 1744
1752 1747 1755
1745 1749 1741
1749 1745 1753
1756 1766 1758
1766 1756 1764
1759 1770 1762
1770 1759 1767
1763 1768 1760
1768 1763 1771
1761 1765 1757
1765 1761 1769
1772 1782 1774
1782 1772 1780
1775 1786 1778
1786 1775 1783
1779 1784 1776
1784 1779 1787
1777 1781 1773
1781 1777 1785
1788 1798 1790
1798 1788 1796
1791 1802 1794
1802 1791 1799
1795 1800 1792
1800 1795 1803
1793 1797 1789
1797 1793 1801
1804 1814 1806
1814 1804 1812
1807 1818 1810
1818 1807 1815
1811 1816 1808
1816 1811 1819
1809 1813 1805
1813 1809 1817
1820 1830 1822
1830 1820 1828
1823 1834 1826
1834 1823 1831
1827 1832 1824
1832 1827 1835
1825 1829 1821
1829 1825 1833
1836 1846 1838
1846 1836 1844
1839 1850 1842
1850 1839 1847
1843 1848 1840
1848 1843 1851
1841 1845 1837
1845 1841 1849
1852 1862 1854
1862 1852 1860
1855 1866 1858
1866 1855 1863
1859 1864 1856
1864 1859 1867
1857 1861 1853
1861 1857 1865
1868 1878 1870
1878 1868 1876
1871 1882 1874
1882 1871 1879
1875 1880 1872
1880 1875 1883
1873 1877 1869
1877 1873 1881
1884 1894 1886
1894 1884 1892
1887 1898 1890
1898 1887 1895
1891 1896 1888
1896 1891 1899
1889 1893 1885
1893 1889 1897
1900 1910 1902
1910 1900 1908
1903 1914 1906
1914 1903 1911
1907 1912 1904
1912 1907 1915
1905 1909 1901
1909 1905 1913
1916 1926 1918
1926 1916 1924
1919 1930 1922
1930 1919 1927
1923 1928 1920
1928 1923 1931
1921 1925 1917
1925 1921 1929
1932 1942 1934
1942 1932 1940
1935 1946 1938
1946 1935 1943
1939 1944 1936
1944 1939 1947
1937 1941 1933
1941 1937 1945
1948 1958 1950
1958 1948 1956
1951 1962 1954
1962 1951 1959
1955 1960 1952
1960 1955 1963
1953 1957 1949
1957 1953 1961
1964 1974 1966
1974 1964 1972
1967 1978 1970
1978 1967 1975
1971 1976 1968
1976 1971 1979
1969 1973 1965
1973 1969 1977
1980 1990 1982
1990 1980 1988
1983 1994 1986
1994 1983 1991
1987 1992 1984
1992 1987 1995
1985 1989 1981
1989 1985 1993
1996 2006 1998
2006 1996 2004
1999 2010 2002
2010 1999 2007
2003 2008 2000
2008 2003 2011
2001 2005 1997
2005 2001 2009
2012 2022 2014
2022 2012 2020
2015 2026 2018
2026 2015 2023
2019 2024 2016
2024 2019 2027
2017 2021 2013
2021 2017 2025
2028 2038 2030
2038 2028 2036
2031 2042 2034
2042 2031 2039
2035 2040 2032
2040 2035 2043
2033 2037 2029
2037 2033 2041
2044 2054 2046
2054 2044 2052
2047 2058 2050
2058 2047 2055
2051 2056 2048
2056 2051 2059
2049 2053 2045
2053 2049 2057
2060 2070 2062
2070 2060 2068
2063 2074 2066
2074 2063 2071
2067 2072 2064
2072 2067 2075
2065 2069 2061
2069 2065 2073
2076 2086 2078
2086 2076 2084
2079 2090 2082
2090 2079 2087
2083 2088 2080
2088 2083 2091
2081 2085 2077
2085 2081 2089
2092 2102 2094
2102 2092 2100
2095 2106 2098
2106 2095 2103
2099 2104 2096
2104 2099 2107
2097 2101 2093
2101 2097 2105
2108 2118 2110
2118 2108 2116
2111 2122 2114
2122 2111 2119
2115 2120 2112
2120 2115 2123
2113 2117 2109
2117 2113 2121
2124 2134 2126
2134 2124 2132
2127 2138 2130
2138 2127 2135
2131 2136 2128
2136 2131 2139
2129 2133 2125
2133 2129 2137
2140 2148 2142
2148 2140 2146
2145 2149 2143
2149 2145 2151
2144 2147 2141
2147 2144 2150
2152 2160 2154
2160 2152 2158
2157 2161 2155
2161 2157 2163
2156 2159 2153
2159 2156 2162
2164 2172 2166
2172 2164 2170
2169 2173 2167
2173 2169 2175
2168 2171 2165
2171 2168 2174
2176 2184 2178
2184 2176 2182
2181 2185 2179
2185 2181 2187
2180 2183 2177
2183 2180 2186
2188 2196 2190
2196 2188 2194
2193 2197 2191
2197 2193 2199
2192 2195 2189
2195 2192 2198
2200 2208 2202
2208 2200 2206
2205 2209 2203
2209 2205 2211
2204 2207 2201
2207 2204 2210
2212 2220 2214
2220 2212 2218
2217 2221 2215
2221 2217 2223
2216 2219 2213
2219 2216 2222
2224 2232 2226
2232 2224 2230
2229 2233 2227
2233 2229 2235
2228 2231 2225
2231 2228 2234
2236 2244 2238
2244 2236 2242
2241 2245 2239
2245 2241 2247
2240 2243 2237
2243 2240 2246
2248 2256 2250
2256 2248 2254
2253 2257 2251
2257 2253 2259
2252 2255 2249
2255 2252 2258
2260 2268 2262
2268 2260 2266
2265 2269 2263
2269 2265 2271
2264 2267 2261
2267 2264 2270
2272 2280 2274
2280 2272 2278
2277 2281 2275
2281 2277 2283
2276 2279 2273
2279 2276 2282
2284 2292 2286
2292 2284 2290
2289 2293 2287
2293 2289 2295
2288 2291 2285
2291 2288 2294
2296 2304 2298
2304 2296 2302
2301 2305 2299
2305 2301 2307
2300 2303 2297
2303 2300 2306
2308 2316 2310
2316 2308 2314
2313 2317 2311
2317 2313 2319
2312 2315 2309
2315 2312 2318
2320 2328 2322
2328 2320 2326
2325 2329 2323
2329 2325 2331
2324 2327 2321
2327 2324 2330
2332 2340 2334
2340 2332 2338
2337 2341 2335
2341 2337 2343
2336 2339 2333
2339 2336 2342
2344 2352 2346
2352 2344 2350
2349 2353 2347
2353 2349 2355
2348 2351 2345
2351 2348 2354
2356 2364 2358
2364 2356 2362
2361 2365 2359
2365 2361 2367
2360 2363 2357
2363 2360 2366
2368 2376 2370
2376 2368 2374
2373 2377 2371
2377 2373 2379
2372 2375 2369
2375 2372 2378
2380 2388 2382
2388 2380 2386
2385 2389 2383
2389 2385 2391
2384 2387 2381
2387 2384 2390
2392 2400 2394
2400 2392 2398
2397 2401 2395
2401 2397 2403
2396 2399 2393
2399 2396 2402
2404 2412 2406
2412 2404 2410
2409 2413 2407
2413 2409 2415
2408 2411 2405
2411 2408 2414
2416 2424 2418
2424 2416 2422
2421 2425 2419
2425 2421 2427
2420 2423 2417
2423 2420 2426
2428 2436 2430
2436 2428 2434
2433 2437 2431
2437 2433 2439
2432 2435 2429
2435 2432 2438
2440 2448 2442
2448 2440 2446
2445 2449 2443
2449 2445 2451
2444 2447 2441
2447 2444 2450
2452 2460 2454
2460 2452 2458
2457 2461 2455
2461 2457 2463
2456 2459 2453
2459 2456 2462
2464 2474 2466
2474 2464 2472
2467 2478 2470
2478 2467 2475
2471 2476 2468
2476 2471 2479
2469 2473 2465
2473 2469 2477
2480 2490 2482
2490 2480 2488
2483 2494 2486
2494 2483 2491
2487 2492 2484
2492 2487 2495
2485 2489 2481
2489 2485 2493
2496 2506 2498
2506 2496 2504
2499 2510 2502
2510 2499 2507
2503 2508 2500
2508 2503 2511
2501 2505 2497
2505 2501 2509
2512 2522 2514
2522 2512 2520
2515 2526 2518
2526 2515 2523
2519 2524 2516
2524 2519 2527
2517 2521 2513
2521 2517 2525
2528 2538 2530
2538 2528 2536
2531 2542 2534
2542 2531 2539
2535 2540 2532
2540 2535 2543
2533 2537 2529
2537 2533 2541
2544 2554 2546
2554 2544 2552
2547 2558 2550
2558 2547 2555
2551 2556 2548
2556 2551 2559
2549 2553 2545
2553 2549 2557
2560 2570 2562
2570 2560 2568
2563 2574 2566
2574 2563 2571
2567 2572 2564
2572 2567 2575
2565 2569 2561
2569 2565 2573
2576 2586 2578
2586 2576 2584
2579 2590 2582
2590 2579 2587
2583 2588 2580
2588 2583 2591
2581 2585 2577
2585 2581 2589
2592 2602 2594
2602 2592 2600
2595 2606 2598
2606 2595 2603
2599 2604 2596
2604 2599 2607
2597 2601 2593
2601 2597 2605
2608 2618 2610
2618 2608 2616
2611 2622 2614
2622 2611 2619
2615 2620 2612
2620 2615 2623
2613 2617 2609
2617 2613 2621
2624 2634 2626
2634 2624 2632
2627 2638 2630
2638 2627 2635
2631 2636 2628
2636 2631 2639
2629 2633 2625
2633 2629 2637
2640 2650 2642
2650 2640 2648
2643 2654 2646
2654 2643 2651
2647 2652 2644
2652 2647 2655
2645 2649 2641
2649 2645 2653
2656 2666 2658
2666 2656 2664
2659 2670 2662
2670 2659 2667
2663 2668 2660
2668 2663 2671
2661 2665 2657
2665 2661 2669
2672 2682 2674
2682 2672 2680
2675 2686 2678
2686 2675 2683
2679 2684 2676
2684 2679 2687
2677 2681 2673
2681 2677 2685
2688 2698 2690
2698 2688 2696
2691 2702 2694
2702 2691 2699
2695 2700 2692
2700 2695 2703
2693 2697 2689
2697 2693 2701
2704 2714 2706
2714 2704 2712
2707 2718 2710
2718 2707 2715
2711 2716 2708
2716 2711 2719
2709 2713 2705
2713 2709 2717
2720 2730 2722
2730 2720 2728
2723 2734 2726
2734 2723 2731
2727 2732 2724
2732 2727 2735
2725 2729 2721
2729 2725 2733
2736 2746 2738
2746 2736 2744
2739 2750 2742
2750 2739 2747
2743 2748 2740
2748 2743 2751
2741 2745 2737
2745 2741 2749
2752 2762 2754
2762 2752 2760
2755 2766 2758
2766 2755 2763
2759 2764 2756
2764 2759 2767
2757 2761 2753
2761 2757 2765
2768 2778 2770
2778 2768 2776
2771 2782 2774
2782 2771 2779
2775 2780 2772
2780 2775 2783
2773 2777 2769
2777 2773 2781
2784 2794 2786
2794 2784 2792
2787 2798 2790
2798 2787 2795
2791 2796 2788
2796 2791 2799
2789 2793 2785
2793 2789 2797
2800 2810 2802
2810 2800 2808
2803 2814 2806
2814 2803 2811
2807 2812 2804
2812 2807 2815
2805 2809 2801
2809 2805 2813
2816 2826 2818
2826 2816 2824
2819 2830 2822
2830 2819 2827
2823 2828 2820
2828 2823 2831
2821 2825 2817
2825 2821 2829
2832 2842 2834
2842 2832 2840
2835 2846 2838
2846 2835 2843
2839 2844 2836
2844 2839 2847
2837 2841 2833
2841 2837 2845
2848 2858 2850
2858 2848 2856
2851 2862 2854
2862 2851 2859
2855 2860 2852
2860 2855 2863
2853 2857 2849
2857 2853 2861
2864 2874 2866
2874 2864 2872
2867 2878 2870
2878 2867 2875
2871 2876 2868
2876 2871 2879
2869 2873 2865
2873 2869 2877
2880 2890 2882
2890 2880 2888
2883 2894 2886
2894 2883 2891
2887 2892 2884
2892 2887 2895
2885 2889 2881
2889 2885 2893
2896 2906 2898
2906 2896 2904
2899 2910 2902
2910 2899 2907
2903 2908 2900
2908 2903 2911
2901 2905 2897
2905 2901 2909
2912 2915 2913
2915 2912 2914
2917 2918 2916
2918 2917 2919
LABEL vent_supports
MATERIAL 2
TEXTURE 0
GEOM 3336 1680
-35.0294 6.59871 313.47076 0 1 0
-34.81387 6.59871 313.47076 0 1 0
-34.81387 6.38319 313.47076 0 -1 0
-35.0294 6.38319 313.47076 0 -1 0
-35.0294 6.59871 315.47076 0 1 0
-34.81387 6.59871 315.47076 0 1 0
-34.81387 6.38319 315.47076 0 -1 0
-35.0294 6.38319 315.47076 0 -1 0
-37.0294 6.59871 315.47076 0 1 0
-37.0294 6.38319 315.47076 0 -1 0
-36.81387 6.38319 315.47076 0 -1 0
-36.81387 6.59871 315.47076 0 1 0
-37.0294 6.59871 313.47076 0 1 0
-37.0294 6.38319 313.47076 0 -1 0
-36.81387 6.38319 313.47076 0 -1 0
-36.81387 6.59871 313.47076 0 1 0
-35.0294 7.78249 313.47076 0 1 0
-34.81387 7.78249 313.47076 0 1 0
-34.81387 7.56697 313.47076 0 -1 0
-35.0294 7.56697 313.47076 0 -1 0
-35.0294 7.78249 315.47076 0 1 0
-34.81387 7.78249 315.47076 0 1 0
-34.81387 7.56697 315.47076 0 -1 0
-35.0294 7.56697 315.47076 0 -1 0
-37.0294 7.78249 315.47076 0 1 0
-37.0294 7.56697 315.47076 0 -1 0
-36.81387 7.56697 315.47076 0 -1 0
-36.81387 7.78249 315.47076 0 1 0
-37.0294 7.78249 313.47076 0 1 0
-37.0294 7.56697 313.47076 0 -1 0
-36.81387 7.56697 313.47076 0 -1 0
-36.81387 7.78249 313.47076 0 1 0
-34.92163 6.59871 313.36301 0 1 0
-34.92163 6.59871 313.57852 0 1 0
-34.92163 6.38319 313.57852 0 -1 0
-34.92163 6.38319 313.36301 0 -1 0
-36.92163 6.59871 313.36301 0 1 0
-36.92163 6.59871 313.57852 0 1 0
-36.92163 6.38319 313.57852 0 -1 0
-36.92163 6.38319 313.36301 0 -1 0
-34.92163 6.59871 315.36301 0 1 0
-34.92163 6.59871 315.57852 0 1 0
-34.92163 6.38319 315.57852 0 -1 0
-34.92163 6.38319 315.36301 0 -1 0
-36.92163 6.59871 315.36301 0 1 0
-36.92163 6.59871 315.57852 0 1 0
-36.92163 6.38319 315.57852 0 -1 0
-36.92163 6.38319 315.36301 0 -1 0
-34.92163 7.78249 315.36301 0 1 0
-34.92163 7.78249 315.57852 0 1 0
-34.92163 7.56697 315.57852 0 -1 0
-34.92163 7.56697 315.36301 0 -1 0
-36.92163 7.78249 315.36301 0 1 0
-36.92163 7.78249 315.57852 0 1 0
-36.92163 7.56697 315.57852 0 -1 0
-36.92163 7.56697 315.36301 0 -1 0
-34.92163 7.78249 313.36301 0 1 0
-34.92163 7.78249 313.57852 0 1 0
-34.92163 7.56697 313.57852 0 -1 0
-34.92163 7.56697 313.36301 0 -1 0
-36.92163 7.78249 313.36301 0 1 0
-36.92163 7.78249 313.57852 0 1 0
-36.92163 7.56697 313.57852 0 -1 0
-36.92163 7.56697 313.36301 0 -1 0
-36.95756 7.70564 313.48907 0 0.860557 0.509354
-36.88572 7.70564 313.48907 0 0.860557 0.509354
-36.88571 7.64382 313.45245 0 -0.860557 -0.509354
-36.95755 7.64382 313.45245 0 -0.860557 -0.509354
-36.95756 6.52186 315.48907 0 0.860557 0.509354
-36.88572 6.52186 315.48907 0 0.860557 0.509354
-36.88571 6.46004 315.45245 0 -0.860557 -0.509354
-36.95755 6.46004 315.45245 0 -0.860557 -0.509354
-36.88571 6.51246 313.49954 0 0.598687 0.800983
-36.88572 6.46945 313.44199 0 -0.598687 -0.800983
-36.95756 6.46945 313.44199 0 -0.598687 -0.800983
-36.95755 6.51246 313.49954 0 0.598687 0.800983
-36.88571 3.83666 315.49954 0 0.598687 0.800983
-36.88572 3.79365 315.44199 0 -0.598687 -0.800983
-36.95756 3.79365 315.44199 0 -0.598687 -0.800983
-36.95755 3.83666 315.49954 0 0.598687 0.800983
-36.95755 3.83507 313.50067 0 0.554447 0.832219
-36.88572 3.83507 313.50067 0 0.554447 0.832219
-36.88572 3.79524 313.44086 0 -0.554447 -0.832219
-36.95755 3.79524 313.44086 0 -0.554447 -0.832219
-36.95755 0.833089 315.50067 0 0.554447 0.832219
-36.88572 0.833089 315.50067 0 0.554447 0.832219
-36.88572 0.793256 315.44086 0 -0.554447 -0.832219
-36.95755 0.793256 315.44086 0 -0.554447 -0.832219
-36.88572 0.833237 313.50055 0 0.558584 0.829448
-36.88572 0.793108 313.44098 0 -0.558584 -0.829448
-36.95755 0.793108 313.44098 0 -0.558584 -0.829448
-36.95755 0.833237 313.50055 0 0.558584 0.829448
-36.88572 -2.13658 315.50055 0 0.558584 0.829448
-36.88572 -2.17671 315.44098 0 -0.558584 -0.829448
-36.95755 -2.17671 315.44098 0 -0.558584 -0.829448
-36.95755 -2.13658 315.50055 0 0.558584 0.829448
-36.95755 -2.13453 313.49905 0 0.615855 0.78786
-36.88572 -2.13453 313.49905 0 0.615855 0.78786
-36.88572 -2.17877 313.44247 0 -0.615855 -0.78786
-36.95755 -2.17877 313.44247 0 -0.615855 -0.78786
-36.95755 -4.69312 315.49905 0 0.615855 0.78786
-36.88572 -4.69312 315.49905 0 0.615855 0.78786
-36.88572 -4.73736 315.44247 0 -0.615855 -0.78786
-36.95755 -4.73736 315.44247 0 -0.615855 -0.78786
-36.95755 -4.69007 313.4964 0 0.700763 0.713394
-36.88572 -4.69007 313.4964 0 0.700763 0.713394
-36.88572 -4.74041 313.44513 0 -0.700763 -0.713394
-36.95755 -4.74041 313.44513 0 -0.700763 -0.713394
-36.95755 -6.72612 315.4964 0 0.700763 0.713394
-36.88572 -6.72612 315.4964 0 0.700763 0.713394
-36.88572 -6.77646 315.44513 0 -0.700763 -0.713394
-36.95755 -6.77646 315.44513 0 -0.700763 -0.713394
-36.95755 -8.81506 315.4967 -9.03626e-06 0.691619 0.722262
-36.95755 -8.86474 315.44482 9.18144e-06 -0.691619 -0.722262
-36.88572 -8.86474 315.44482 9.03625e-06 -0.691619 -0.722262
-36.88572 -8.81506 315.4967 -9.18144e-06 0.691619 0.722262
-36.95755 -6.72644 313.4967 0 0.691619 0.722262
-36.95755 -6.77613 313.44482 1.45176e-07 -0.691619 -0.722262
-36.88571 -6.77613 313.44482 0 -0.691619 -0.722262
-36.88572 -6.72644 313.4967 -1.45176e-07 0.691619 0.722262
-36.88571 7.70564 315.45245 0 0.860557 -0.509354
-36.95755 7.70564 315.45245 0 0.860557 -0.509354
-36.95756 7.64382 315.48907 0 -0.860557 0.509354
-36.88572 7.64382 315.48907 0 -0.860557 0.509354
-36.88571 6.52186 313.45245 0 0.860557 -0.509354
-36.95755 6.52186 313.45245 0 0.860557 -0.509354
-36.95756 6.46004 313.48907 0 -0.860557 0.509354
-36.88572 6.46004 313.48907 0 -0.860557 0.509354
-36.95756 6.51246 315.44199 0 0.598687 -0.800983
-36.95755 6.46945 315.49954 0 -0.598687 0.800983
-36.88571 6.46945 315.49954 0 -0.598687 0.800983
-36.88572 6.51246 315.44199 0 0.598687 -0.800983
-36.95756 3.83666 313.44199 0 0.598687 -0.800983
-36.95755 3.79365 313.49954 0 -0.598687 0.800983
-36.88571 3.79365 313.49954 0 -0.598687 0.800983
-36.88572 3.83666 313.44199 0 0.598687 -0.800983
-36.95755 3.83507 315.44086 0 0.554447 -0.832219
-36.95755 3.79524 315.50067 0 -0.554447 0.832219
-36.88572 3.79524 315.50067 0 -0.554447 0.832219
-36.88572 3.83507 315.44086 0 0.554447 -0.832219
-36.95755 0.833089 313.44086 0 0.554447 -0.832219
-36.95755 0.793256 313.50067 0 -0.554447 0.832219
-36.88572 0.793256 313.50067 0 -0.554447 0.832219
-36.88572 0.833089 313.44086 0 0.554447 -0.832219
-36.88572 0.833237 315.44098 0 0.558584 -0.829448
-36.95755 0.833237 315.44098 0 0.558584 -0.829448
-36.95755 0.793108 315.50055 0 -0.558584 0.829448
-36.88572 0.793108 315.50055 0 -0.558584 0.829448
-36.88572 -2.13658 313.44098 0 0.558584 -0.829448
-36.95755 -2.13658 313.44098 0 0.558584 -0.829448
-36.95755 -2.17671 313.50055 0 -0.558584 0.829448
-36.88572 -2.17671 313.50055 0 -0.558584 0.829448
-36.95755 -2.13453 315.44247 0 0.615855 -0.78786
-36.95755 -2.17877 315.49905 0 -0.615855 0.78786
-36.88572 -2.17877 315.49905 0 -0.615855 0.78786
-36.88572 -2.13453 315.44247 0 0.615855 -0.78786
-36.95755 -4.69312 313.44247 0 0.615855 -0.78786
-36.95755 -4.73736 313.49905 0 -0.615855 0.78786
-36.88572 -4.73736 313.49905 0 -0.615855 0.78786
-36.88572 -4.69312 313.44247 0 0.615855 -0.78786
-36.95755 -4.69007 315.44513 0 0.700763 -0.713394
-36.95755 -4.74041 315.4964 0 -0.700763 0.713394
-36.88572 -4.74041 315.4964 0 -0.700763 0.713394
-36.88572 -4.69007 315.44513 0 0.700763 -0.713394
-36.95755 -6.72612 313.44513 0 0.700763 -0.713394
-36.95755 -6.77646 313.4964 0 -0.700763 0.713394
-36.88572 -6.77646 313.4964 0 -0.700763 0.713394
-36.88572 -6.72612 313.44513 0 0.700763 -0.713394
-36.88572 -8.81506 313.44482 0 0.691619 -0.722262
-36.88572 -8.86474 313.4967 0 -0.691619 0.722262
-36.95755 -8.86474 313.4967 0 -0.691619 0.722262
-36.95755 -8.81506 313.44482 0 0.691619 -0.722262
-36.88571 -6.72644 315.44482 0 0.691619 -0.722262
-36.88572 -6.77613 315.4967 0 -0.691619 0.722262
-36.95756 -6.77613 315.4967 0 -0.691619 0.722262
-36.95755 -6.72644 315.44482 0 0.691619 -0.722262
-36.90334 7.70564 315.50668 0.509354 0.860557 0
-36.90334 7.70564 315.43484 0.509354 0.860557 0
-36.93993 7.64382 315.43484 -0.509354 -0.860557 0
-36.93993 7.64382 315.50668 -0.509354 -0.860557 0
-34.90334 6.52186 315.50668 0.509354 0.860557 0
-34.90334 6.52186 315.43484 0.509354 0.860557 0
-34.93993 6.46004 315.43484 -0.509354 -0.860557 0
-34.93993 6.46004 315.50668 -0.509354 -0.860557 0
-36.89286 6.51246 315.43484 0.800983 0.598687 0
-36.95041 6.46945 315.43484 -0.800983 -0.598687 0
-36.95041 6.46945 315.50668 -0.800983 -0.598687 0
-36.89286 6.51246 315.50668 0.800983 0.598687 0
-34.89286 3.83666 315.43484 0.800983 0.598687 0
-34.95041 3.79365 315.43484 -0.800983 -0.598687 0
-34.95041 3.79365 315.50668 -0.800983 -0.598687 0
-34.89286 3.83666 315.50668 0.800983 0.598687 0
-36.89174 3.83507 315.50668 0.832219 0.554447 0
-36.89174 3.83507 315.43484 0.832219 0.554447 0
-36.95153 3.79524 315.43484 -0.832219 -0.554447 0
-36.95153 3.79524 315.50668 -0.832219 -0.554447 0
-34.89174 0.833089 315.50668 0.832219 0.554447 0
-34.89174 0.833089 315.43484 0.832219 0.554447 0
-34.95153 0.793256 315.43484 -0.832219 -0.554447 0
-34.95153 0.793256 315.50668 -0.832219 -0.554447 0
-36.90334 7.70564 313.43484 0.509354 0.860557 0
-36.93993 7.64382 313.43484 -0.509354 -0.860557 0
-36.93993 7.64382 313.50668 -0.509354 -0.860557 0
-36.90334 7.70564 313.50668 0.509354 0.860557 0
-34.90334 6.52186 313.43484 0.509354 0.860557 0
-34.93993 6.46004 313.43484 -0.509354 -0.860557 0
-34.93993 6.46004 313.50668 -0.509354 -0.860557 0
-34.90334 6.52186 313.50668 0.509354 0.860557 0
-36.89286 6.51246 313.43484 0.800983 0.598687 0
-36.95041 6.46945 313.43484 -0.800983 -0.598687 0
-36.95041 6.46945 313.50668 -0.800983 -0.598687 0
-36.89286 6.51246 313.50668 0.800983 0.598687 0
-34.89286 3.83666 313.43484 0.800983 0.598687 0
-34.95041 3.79365 313.43484 -0.800983 -0.598687 0
-34.95041 3.79365 313.50668 -0.800983 -0.598687 0
-34.89286 3.83666 313.50668 0.800983 0.598687 0
-36.89174 3.83507 313.50668 0.832219 0.554447 0
-36.89174 3.83507 313.43484 0.832219 0.554447 0
-36.95153 3.79524 313.43484 -0.832219 -0.554447 0
-36.95153 3.79524 313.50668 -0.832219 -0.554447 0
-34.89174 0.833089 313.50668 0.832219 0.554447 0
-34.89174 0.833089 313.43484 0.832219 0.554447 0
-34.95153 0.793256 313.43484 -0.832219 -0.554447 0
-34.95153 0.793256 313.50668 -0.832219 -0.554447 0
-36.89184 0.833237 315.43484 0.829448 0.558584 -4.34821e-05
-36.95143 0.793108 315.43484 -0.829447 -0.558585 4.40446e-05
-36.95143 0.793108 315.50668 -0.829447 -0.558585 4.34821e-05
-36.89184 0.833237 315.50668 0.829448 0.558584 -4.40446e-05
-34.89184 -2.13658 315.43484 0.829448 0.558584 0
-34.95143 -2.17671 315.43484 -0.829448 -0.558584 5.62509e-07
-34.95143 -2.17671 315.50668 -0.829448 -0.558584 0
-34.89184 -2.13658 315.50668 0.829448 0.558584 -5.6251e-07
-36.89333 -2.13453 315.43484 0.78786 0.615855 0
-36.94994 -2.17877 315.43484 -0.78786 -0.615855 0
-36.94994 -2.17877 315.50668 -0.78786 -0.615855 0
-36.89333 -2.13453 315.50668 0.78786 0.615855 0
-34.89333 -4.69312 315.43484 0.78786 0.615855 0
-34.94994 -4.73736 315.43484 -0.78786 -0.615855 0
-34.94994 -4.73736 315.50668 -0.78786 -0.615855 0
-34.89333 -4.69312 315.50668 0.78786 0.615855 0
-36.89601 -4.69007 315.50668 0.713394 0.700763 0
-36.89601 -4.69007 315.43484 0.713394 0.700763 0
-36.94726 -4.74041 315.43484 -0.713394 -0.700763 0
-36.94726 -4.74041 315.50668 -0.713394 -0.700763 7.45197e-08
-34.89601 -6.72612 315.50668 0.713394 0.700763 0
-34.89601 -6.72612 315.43484 0.713394 0.700763 0
-34.94726 -6.77646 315.43484 -0.713394 -0.700763 4.57689e-06
-34.94726 -6.77646 315.50668 -0.713394 -0.700763 4.65141e-06
-36.89184 0.833237 313.50668 0.829447 0.558585 4.40446e-05
-36.89184 0.833237 313.43484 0.829447 0.558585 4.29196e-05
-36.95143 0.793108 313.43484 -0.829448 -0.558584 -4.40446e-05
-36.95143 0.793108 313.50668 -0.829448 -0.558584 -4.34821e-05
-34.89184 -2.13658 313.50668 0.829448 0.558584 -4.29196e-05
-34.89184 -2.13658 313.43484 0.829448 0.558584 -4.40446e-05
-34.95143 -2.17671 313.43484 -0.829447 -0.558585 -5.62509e-07
-34.95143 -2.17671 313.50668 -0.829447 -0.558585 0
-36.89333 -2.13453 313.50668 0.78786 0.615855 0
-36.89333 -2.13453 313.43484 0.78786 0.615855 0
-36.94994 -2.17877 313.43484 -0.78786 -0.615855 0
-36.94994 -2.17877 313.50668 -0.78786 -0.615855 0
-34.89333 -4.69312 313.50668 0.78786 0.615855 0
-34.89333 -4.69312 313.43484 0.78786 0.615855 0
-34.94994 -4.73736 313.43484 -0.78786 -0.615855 0
-34.94994 -4.73736 313.50668 -0.78786 -0.615855 0
-36.89601 -4.69007 313.50668 0.713394 0.700763 0
-36.89601 -4.69007 313.43484 0.713394 0.700763 0
-36.94726 -4.74041 313.43484 -0.713394 -0.700763 0
-36.94726 -4.74041 313.50668 -0.713394 -0.700763 0
-34.89601 -6.72612 313.50668 0.713394 0.700763 0
-34.89601 -6.72612 313.43484 0.713394 0.700763 0
-34.94726 -6.77646 313.43484 -0.713394 -0.700763 0
-34.94726 -6.77646 313.50668 -0.713394 -0.700763 0
-34.89569 -8.81506 313.50668 0.722262 0.691619 0
-34.94758 -8.86474 313.50668 -0.722262 -0.691619 0
-34.94758 -8.86474 313.43484 -0.722262 -0.691619 0
-34.89569 -8.81506 313.43484 0.722262 0.691619 0
-36.89569 -6.72644 313.50668 0.722262 0.691619 0
-36.94758 -6.77613 313.50668 -0.722262 -0.691619 0
-36.94758 -6.77613 313.43484 -0.722262 -0.691619 0
-36.89569 -6.72644 313.43484 0.722262 0.691619 0
-34.89569 -8.81506 315.50668 0.722262 0.691619 0
-34.94758 -8.86474 315.50668 -0.722262 -0.691619 9.18144e-06
-34.94758 -8.86474 315.43484 -0.722262 -0.691619 9.03626e-06
-34.89569 -8.81506 315.43484 0.722262 0.691619 0
-36.89569 -6.72644 315.50668 0.722262 0.691619 0
-36.94758 -6.77613 315.50668 -0.722262 -0.691619 1.45176e-07
-36.94758 -6.77613 315.43484 -0.722262 -0.691619 0
-36.89569 -6.72644 315.43484 0.722262 0.691619 0
-34.93993 7.70564 315.43484 -0.509354 0.860557 0
-34.93993 7.70564 315.50668 -0.509354 0.860557 0
-34.90334 7.64382 315.50668 0.509354 -0.860557 0
-34.90334 7.64382 315.43484 0.509354 -0.860557 0
-36.93993 6.52186 315.43484 -0.509354 0.860557 0
-36.93993 6.52186 315.50668 -0.509354 0.860557 0
-36.90334 6.46004 315.50668 0.509354 -0.860557 0
-36.90334 6.46004 315.43484 0.509354 -0.860557 0
-34.95041 6.51246 315.43484 -0.800983 0.598687 0
-34.95041 6.51246 315.50668 -0.800983 0.598687 0
-34.89286 6.46945 315.50668 0.800983 -0.598687 0
-34.89286 6.46945 315.43484 0.800983 -0.598687 0
-36.95041 3.83666 315.43484 -0.800983 0.598687 0
-36.95041 3.83666 315.50668 -0.800983 0.598687 0
-36.89286 3.79365 315.50668 0.800983 -0.598687 0
-36.89286 3.79365 315.43484 0.800983 -0.598687 0
-34.95153 3.83507 315.50668 -0.832219 0.554447 0
-34.89174 3.79524 315.50668 0.832219 -0.554447 0
-34.89174 3.79524 315.43484 0.832219 -0.554447 0
-34.95153 3.83507 315.43484 -0.832219 0.554447 0
-36.95153 0.833089 315.50668 -0.832219 0.554447 0
-36.89174 0.793256 315.50668 0.832219 -0.554447 0
-36.89174 0.793256 315.43484 0.832219 -0.554447 0
-36.95153 0.833089 315.43484 -0.832219 0.554447 0
-34.93993 7.70564 313.43484 -0.509354 0.860557 0
-34.93993 7.70564 313.50668 -0.509354 0.860557 0
-34.90334 7.64382 313.50668 0.509354 -0.860557 0
-34.90334 7.64382 313.43484 0.509354 -0.860557 0
-36.93993 6.52186 313.43484 -0.509354 0.860557 0
-36.93993 6.52186 313.50668 -0.509354 0.860557 0
-36.90334 6.46004 313.50668 0.509354 -0.860557 0
-36.90334 6.46004 313.43484 0.509354 -0.860557 0
-34.95041 6.51246 313.50668 -0.800983 0.598687 0
-34.89286 6.46945 313.50668 0.800983 -0.598687 0
-34.89286 6.46945 313.43484 0.800983 -0.598687 0
-34.95041 6.51246 313.43484 -0.800983 0.598687 0
-36.95041 3.83666 313.50668 -0.800983 0.598687 0
-36.89286 3.79365 313.50668 0.800983 -0.598687 0
-36.89286 3.79365 313.43484 0.800983 -0.598687 0
-36.95041 3.83666 313.43484 -0.800983 0.598687 0
-34.95153 3.83507 313.50668 -0.832219 0.554447 0
-34.89174 3.79524 313.50668 0.832219 -0.554447 0
-34.89174 3.79524 313.43484 0.832219 -0.554447 0
-34.95153 3.83507 313.43484 -0.832219 0.554447 0
-36.95153 0.833089 313.50668 -0.832219 0.554447 0
-36.89174 0.793256 313.50668 0.832219 -0.554447 0
-36.89174 0.793256 313.43484 0.832219 -0.554447 0
-36.95153 0.833089 313.43484 -0.832219 0.554447 0
-34.95143 0.833237 315.43484 -0.829448 0.558584 0
-34.95143 0.833237 315.50668 -0.829448 0.558584 0
-34.89184 0.793108 315.50668 0.829448 -0.558584 4.40446e-05
-34.89184 0.793108 315.43484 0.829448 -0.558584 4.34821e-05
-36.95143 -2.13658 315.43484 -0.829448 0.558584 0
-36.95143 -2.13658 315.50668 -0.829448 0.558584 0
-36.89184 -2.17671 315.50668 0.829447 -0.558585 5.62509e-07
-36.89184 -2.17671 315.43484 0.829447 -0.558585 0
-34.94994 -2.13453 315.50668 -0.78786 0.615855 0
-34.89333 -2.17877 315.50668 0.78786 -0.615855 0
-34.89333 -2.17877 315.43484 0.78786 -0.615855 0
-34.94994 -2.13453 315.43484 -0.78786 0.615855 0
-36.94994 -4.69312 315.50668 -0.78786 0.615855 0
-36.89333 -4.73736 315.50668 0.78786 -0.615855 0
-36.89333 -4.73736 315.43484 0.78786 -0.615855 0
-36.94994 -4.69312 315.43484 -0.78786 0.615855 0
-34.94726 -4.69007 315.50668 -0.713394 0.700763 7.45197e-08
-34.89601 -4.74041 315.50668 0.713394 -0.700763 0
-34.89601 -4.74041 315.43484 0.713394 -0.700763 0
-34.94726 -4.69007 315.43484 -0.713394 0.700763 0
-36.94726 -6.72612 315.50668 -0.713394 0.700763 4.65141e-06
-36.89601 -6.77646 315.50668 0.713394 -0.700763 0
-36.89601 -6.77646 315.43484 0.713394 -0.700763 0
-36.94726 -6.72612 315.43484 -0.713394 0.700763 4.57689e-06
-34.95143 0.833237 313.50668 -0.829448 0.558584 4.34821e-05
-34.89184 0.793108 313.50668 0.829447 -0.558585 -4.40446e-05
-34.89184 0.793108 313.43484 0.829447 -0.558585 -4.34821e-05
-34.95143 0.833237 313.43484 -0.829448 0.558584 4.40446e-05
-36.95143 -2.13658 313.50668 -0.829448 0.558584 0
-36.89184 -2.17671 313.50668 0.829448 -0.558584 -5.62509e-07
-36.89184 -2.17671 313.43484 0.829448 -0.558584 0
-36.95143 -2.13658 313.43484 -0.829448 0.558584 5.6251e-07
-34.94994 -2.13453 313.43484 -0.78786 0.615855 0
-34.94994 -2.13453 313.50668 -0.78786 0.615855 0
-34.89333 -2.17877 313.50668 0.78786 -0.615855 0
-34.89333 -2.17877 313.43484 0.78786 -0.615855 0
-36.94994 -4.69312 313.43484 -0.78786 0.615855 0
-36.94994 -4.69312 313.50668 -0.78786 0.615855 0
-36.89333 -4.73736 313.50668 0.78786 -0.615855 0
-36.89333 -4.73736 313.43484 0.78786 -0.615855 0
-34.94726 -4.69007 313.50668 -0.713394 0.700763 0
-34.89601 -4.74041 313.50668 0.713394 -0.700763 0
-34.89601 -4.74041 313.43484 0.713394 -0.700763 0
-34.94726 -4.69007 313.43484 -0.713394 0.700763 0
-36.94726 -6.72612 313.50668 -0.713394 0.700763 0
-36.89601 -6.77646 313.50668 0.713394 -0.700763 0
-36.89601 -6.77646 313.43484 0.713394 -0.700763 0
-36.94726 -6.72612 313.43484 -0.713394 0.700763 0
-36.94758 -8.81506 313.50668 -0.722262 0.691619 -9.18144e-06
-36.94758 -8.81506 313.43484 -0.722262 0.691619 -9.03626e-06
-36.89569 -8.86474 313.43484 0.722262 -0.691619 0
-36.89569 -8.86474 313.50668 0.722262 -0.691619 0
-34.94758 -6.72644 313.50668 -0.722262 0.691619 -1.45176e-07
-34.94758 -6.72644 313.43484 -0.722262 0.691619 0
-34.89569 -6.77613 313.43484 0.722262 -0.691619 0
-34.89569 -6.77613 313.50668 0.722262 -0.691619 0
-36.94758 -8.81506 315.43484 -0.722262 0.691619 0
-36.89569 -8.86474 315.43484 0.722262 -0.691619 0
-36.89569 -8.86474 315.50668 0.722262 -0.691619 0
-36.94758 -8.81506 315.50668 -0.722262 0.691619 0
-34.94758 -6.72644 315.43484 -0.722262 0.691619 0
-34.89569 -6.77613 315.43484 0.722262 -0.691619 0
-34.89569 -6.77613 315.50668 0.722262 -0.691619 0
-34.94758 -6.72644 315.50668 -0.722262 0.691619 0
-34.92163 -6.71537 315.50668 0 1 0
-34.92163 -6.78721 315.50668 0 -1 0
-34.92163 -6.78721 315.43484 0 -1 0
-34.92163 -6.71537 315.43484 0 1 0
-36.92163 -6.71537 315.50668 0 1 0
-36.92163 -6.78721 315.50668 0 -1 0
-36.92163 -6.78721 315.43484 0 -1 0
-36.92163 -6.71537 315.43484 0 1 0
-34.92163 -6.71537 313.50668 0 1 0
-34.92163 -6.78721 313.50668 0 -1 0
-34.92163 -6.78721 313.43484 0 -1 0
-34.92163 -6.71537 313.43484 0 1 0
-36.92163 -6.71537 313.50668 0 1 0
-36.92163 -6.78721 313.50668 0 -1 0
-36.92163 -6.78721 313.43484 0 -1 0
-36.92163 -6.71537 313.43484 0 1 0
-34.92163 -4.67932 313.50668 0 1 0
-34.92163 -4.75116 313.50668 0 -1 0
-34.92163 -4.75116 313.43484 0 -1 0
-34.92163 -4.67932 313.43484 0 1 0
-36.92163 -4.67932 313.50668 0 1 0
-36.92163 -4.75116 313.50668 0 -1 0
-36.92163 -4.75116 313.43484 0 -1 0
-36.92163 -4.67932 313.43484 0 1 0
-34.92163 -4.67932 315.50668 0 1 0
-34.92163 -4.75116 315.50668 0 -1 0
-34.92163 -4.75116 315.43484 0 -1 0
-34.92163 -4.67932 315.43484 0 1 0
-36.92163 -4.67932 315.50668 0 1 0
-36.92163 -4.75116 315.50668 0 -1 0
-36.92163 -4.75116 315.43484 0 -1 0
-36.92163 -4.67932 315.43484 0 1 0
-34.92163 -2.12073 315.50668 0 1 6.63764e-06
-34.92163 -2.19257 315.50668 0 -1 0
-34.92163 -2.19257 315.43484 0 -1 0
-34.92163 -2.12073 315.43484 0 1 6.63764e-06
-36.92163 -2.12073 315.50668 0 1 6.63764e-06
-36.92163 -2.19257 315.50668 0 -1 0
-36.92163 -2.19257 315.43484 0 -1 0
-36.92163 -2.12073 315.43484 0 1 6.63764e-06
-34.92163 -2.12073 313.50668 0 1 6.63764e-06
-34.92163 -2.19257 313.50668 0 -1 0
-34.92163 -2.19257 313.43484 0 -1 0
-34.92163 -2.12073 313.43484 0 1 6.63764e-06
-36.92163 -2.12073 313.50668 0 1 6.63764e-06
-36.92163 -2.19257 313.50668 0 -1 0
-36.92163 -2.19257 313.43484 0 -1 0
-36.92163 -2.12073 313.43484 0 1 6.63764e-06
-34.92163 0.849093 315.50668 0 1 0
-34.92163 0.777251 315.50668 0 -1 0
-34.92163 0.777251 315.43484 0 -1 0
-34.92163 0.849093 315.43484 0 1 0
-36.92163 0.849093 315.50668 0 1 0
-36.92163 0.777251 315.50668 0 -1 0
-36.92163 0.777251 315.43484 0 -1 0
-36.92163 0.849093 315.43484 0 1 0
-34.92163 0.849093 313.50668 0 1 0
-34.92163 0.777251 313.50668 0 -1 0
-34.92163 0.777251 313.43484 0 -1 0
-34.92163 0.849093 313.43484 0 1 0
-36.92163 0.849093 313.50668 0 1 0
-36.92163 0.777251 313.50668 0 -1 0
-36.92163 0.777251 313.43484 0 -1 0
-36.92163 0.849093 313.43484 0 1 0
-34.92163 3.85107 315.50668 0 1 0
-34.92163 3.77923 315.50668 0 -1 0
-34.92163 3.77923 315.43484 0 -1 0
-34.92163 3.85107 315.43484 0 1 0
-36.92163 3.85107 315.50668 0 1 0
-36.92163 3.77923 315.50668 0 -1 0
-36.92163 3.77923 315.43484 0 -1 0
-36.92163 3.85107 315.43484 0 1 0
-34.92163 3.85107 313.50668 0 1 0
-34.92163 3.77923 313.50668 0 -1 0
-34.92163 3.77923 313.43484 0 -1 0
-34.92163 3.85107 313.43484 0 1 0
-36.92163 3.85107 313.50668 0 1 0
-36.92163 3.77923 313.50668 0 -1 0
-36.92163 3.77923 313.43484 0 -1 0
-36.92163 3.85107 313.43484 0 1 0
-36.95756 -6.71537 315.47076 0 1 0
-36.95755 -6.78721 315.47076 0 -1 0
-36.88571 -6.78721 315.47076 0 -1 0
-36.88572 -6.71537 315.47076 0 1 0
-36.95756 -6.71537 313.47076 0 1 0
-36.95755 -6.78721 313.47076 0 -1 0
-36.88571 -6.78721 313.47076 0 -1 0
-36.88572 -6.71537 313.47076 0 1 0
-36.95755 -4.67932 315.47076 0 1 0
-36.95755 -4.75116 315.47076 0 -1 0
-36.88572 -4.75116 315.47076 0 -1 0
-36.88572 -4.67932 315.47076 0 1 0
-36.95755 -4.67932 313.47076 0 1 0
-36.95755 -4.75116 313.47076 0 -1 0
-36.88572 -4.75116 313.47076 0 -1 0
-36.88572 -4.67932 313.47076 0 1 0
-36.95756 -2.12073 315.47076 -6.63729e-06 1 0
-36.95756 -2.19257 315.47076 0 -1 0
-36.88572 -2.19257 315.47076 0 -1 0
-36.88572 -2.12073 315.47076 -6.63729e-06 1 0
-36.95756 -2.12073 313.47076 -6.63729e-06 1 0
-36.95756 -2.19257 313.47076 0 -1 0
-36.88572 -2.19257 313.47076 0 -1 0
-36.88572 -2.12073 313.47076 -6.63729e-06 1 0
-36.95756 0.849093 315.47076 0 1 0
-36.95755 0.777251 315.47076 0 -1 0
-36.88571 0.777251 315.47076 0 -1 0
-36.88572 0.849093 315.47076 0 1 0
-36.95756 0.849093 313.47076 0 1 0
-36.95755 0.777251 313.47076 0 -1 0
-36.88571 0.777251 313.47076 0 -1 0
-36.88572 0.849093 313.47076 0 1 0
-36.95756 3.85107 315.47076 0 1 0
-36.95755 3.77923 315.47076 0 -1 0
-36.88571 3.77923 315.47076 0 -1 0
-36.88572 3.85107 315.47076 0 1 0
-36.95756 3.85107 313.47076 0 1 0
-36.95755 3.77923 313.47076 0 -1 0
-36.88571 3.77923 313.47076 0 -1 0
-36.88572 3.85107 313.47076 0 1 0
-36.81387 -8.8399 313.57852 1 0 0
-37.0294 -8.8399 313.57852 -1 0 0
-37.0294 -8.8399 313.36301 -1 0 0
-36.81387 -8.8399 313.36301 1 0 0
-36.81387 7.78249 313.57852 1 0 0
-37.0294 7.78249 313.57852 -1 0 0
-37.0294 7.78249 313.36301 -1 0 0
-36.81387 7.78249 313.36301 1 0 0
-34.81387 -8.8399 313.57852 0.707107 0 0.707107
-35.0294 -8.8399 313.57852 0 0 1
-35.0294 -8.8399 313.36301 0 0 -1
-34.81387 -8.8399 313.36301 0.707107 0 -0.707107
-34.81387 7.78249 313.57852 0.707107 0 0.707107
-35.0294 7.78249 313.57852 0 0 1
-35.0294 7.78249 313.36301 0 0 -1
-34.81387 7.78249 313.36301 0.707107 0 -0.707107
-36.81387 -8.8399 315.57852 1 0 0
-37.0294 -8.8399 315.57852 -1 0 0
-37.0294 -8.8399 315.36301 -1 0 0
-36.81387 -8.8399 315.36301 1 0 0
-36.81387 7.78249 315.57852 1 0 0
-37.0294 7.78249 315.57852 -1 0 0
-37.0294 7.78249 315.36301 -1 0 0
-36.81387 7.78249 315.36301 1 0 0
-34.81387 -8.8399 315.57852 0.707107 0 0.707107
-35.0294 -8.8399 315.57852 0 0 1
-35.0294 -8.8399 315.36301 0 0 -1
-34.81387 -8.8399 315.36301 0.707107 0 -0.707107
-34.81387 7.78249 315.57852 0.707107 0 0.707107
-35.0294 7.78249 315.57852 0 0 1
-35.0294 7.78249 315.36301 0 0 -1
-34.81387 7.78249 315.36301 0.707107 0 -0.707107
-35.0294 6.59871 313.47076 -1 0 0
-34.81387 6.59871 313.47076 1 0 0
-34.81387 6.38319 313.47076 1 0 0
-35.0294 6.38319 313.47076 -1 0 0
-35.0294 6.59871 315.47076 -1 0 0
-34.81387 6.59871 315.47076 1 0 0
-34.81387 6.38319 315.47076 1 0 0
-35.0294 6.38319 315.47076 -1 0 0
-37.0294 6.59871 315.47076 -1 0 0
-37.0294 6.38319 315.47076 -1 0 0
-36.81387 6.38319 315.47076 1 0 0
-36.81387 6.59871 315.47076 1 0 0
-37.0294 6.59871 313.47076 -1 0 0
-37.0294 6.38319 313.47076 -1 0 0
-36.81387 6.38319 313.47076 1 0 0
-36.81387 6.59871 313.47076 1 0 0
-35.0294 7.78249 313.47076 -1 -1.76994e-05 0
-34.81387 7.78249 313.47076 1 1.76994e-05 0
-34.81387 7.56697 313.47076 1 1.76994e-05 0
-35.0294 7.56697 313.47076 -1 -1.76994e-05 0
-35.0294 7.78249 315.47076 -1 -1.76994e-05 0
-34.81387 7.78249 315.47076 1 1.76994e-05 0
-34.81387 7.56697 315.47076 1 1.76994e-05 0
-35.0294 7.56697 315.47076 -1 -1.76994e-05 0
-37.0294 7.78249 315.47076 -1 -1.76994e-05 0
-37.0294 7.56697 315.47076 -1 -1.76994e-05 0
-36.81387 7.56697 315.47076 1 1.76994e-05 0
-36.81387 7.78249 315.47076 1 1.76994e-05 0
-37.0294 7.78249 313.47076 -1 -1.76994e-05 0
-37.0294 7.56697 313.47076 -1 -1.76994e-05 0
-36.81387 7.56697 313.47076 1 1.76994e-05 0
-36.81387 7.78249 313.47076 1 1.76994e-05 0
-34.92163 6.59871 313.36301 0 0 -1
-34.92163 6.59871 313.57852 0 0 1
-34.92163 6.38319 313.57852 0 0 1
-34.92163 6.38319 313.36301 0 0 -1
-36.92163 6.59871 313.36301 0 0 -1
-36.92163 6.59871 313.57852 0 0 1
-36.92163 6.38319 313.57852 0 0 1
-36.92163 6.38319 313.36301 0 0 -1
-34.92163 6.59871 315.36301 0 0 -1
-34.92163 6.59871 315.57852 0 0 1
-34.92163 6.38319 315.57852 0 0 1
-34.92163 6.38319 315.36301 0 0 -1
-36.92163 6.59871 315.36301 0 0 -1
-36.92163 6.59871 315.57852 0 0 1
-36.92163 6.38319 315.57852 0 0 1
-36.92163 6.38319 315.36301 0 0 -1
-34.92163 7.78249 315.36301 0 0 -1
-34.92163 7.78249 315.57852 0 0 1
-34.92163 7.56697 315.57852 0 0 1
-34.92163 7.56697 315.36301 0 0 -1
-36.92163 7.78249 315.36301 0 0 -1
-36.92163 7.78249 315.57852 0 0 1
-36.92163 7.56697 315.57852 0 0 1
-36.92163 7.56697 315.36301 0 0 -1
-34.92163 7.78249 313.36301 0 0 -1
-34.92163 7.78249 313.57852 0 0 1
-34.92163 7.56697 313.57852 0 0 1
-34.92163 7.56697 313.36301 0 0 -1
-36.92163 7.78249 313.36301 0 0 -1
-36.92163 7.78249 313.57852 0 0 1
-36.92163 7.56697 313.57852 0 0 1
-36.92163 7.56697 313.36301 0 0 -1
-36.95756 7.70564 313.48907 -1 -4.56848e-05 -2.70403e-05
-36.88572 7.70564 313.48907 1 4.56848e-05 2.70403e-05
-36.88571 7.64382 313.45245 1 4.56848e-05 2.70403e-05
-36.95755 7.64382 313.45245 -1 -4.56848e-05 -2.70403e-05
-36.95756 6.52186 315.48907 -1 -4.56848e-05 -2.70403e-05
-36.88572 6.52186 315.48907 1 4.56848e-05 2.70403e-05
-36.88571 6.46004 315.45245 1 4.56848e-05 2.70403e-05
-36.95755 6.46004 315.45245 -1 -4.56848e-05 -2.70403e-05
-36.88571 6.51246 313.49954 1 -3.17852e-05 -4.25253e-05
-36.88572 6.46945 313.44199 1 -3.17852e-05 -4.25253e-05
-36.95756 6.46945 313.44199 -1 3.17852e-05 4.25253e-05
-36.95755 6.51246 313.49954 -1 3.17852e-05 4.25253e-05
-36.88571 3.83666 315.49954 1 -3.17852e-05 -4.25253e-05
-36.88572 3.79365 315.44199 1 -3.17852e-05 -4.25253e-05
-36.95756 3.79365 315.44199 -1 3.17852e-05 4.25253e-05
-36.95755 3.83666 315.49954 -1 3.17852e-05 4.25253e-05
-36.95755 3.83507 313.50067 -1 0 0
-36.88572 3.83507 313.50067 1 0 0
-36.88572 3.79524 313.44086 1 0 0
-36.95755 3.79524 313.44086 -1 0 0
-36.95755 0.833089 315.50067 -1 0 0
-36.88572 0.833089 315.50067 1 0 0
-36.88572 0.793256 315.44086 1 0 0
-36.95755 0.793256 315.44086 -1 0 0
-36.88572 0.833237 313.50055 1 0 0
-36.88572 0.793108 313.44098 1 0 0
-36.95755 0.793108 313.44098 -1 0 0
-36.95755 0.833237 313.50055 -1 0 0
-36.88572 -2.13658 315.50055 1 0 0
-36.88572 -2.17671 315.44098 1 0 0
-36.95755 -2.17671 315.44098 -1 0 0
-36.95755 -2.13658 315.50055 -1 0 0
-36.95755 -2.13453 313.49905 -1 0 0
-36.88572 -2.13453 313.49905 1 0 0
-36.88572 -2.17877 313.44247 1 0 0
-36.95755 -2.17877 313.44247 -1 0 0
-36.95755 -4.69312 315.49905 -1 0 0
-36.88572 -4.69312 315.49905 1 0 0
-36.88572 -4.73736 315.44247 1 0 0
-36.95755 -4.73736 315.44247 -1 0 0
-36.95755 -4.69007 313.4964 -1 0 0
-36.88572 -4.69007 313.4964 1 0 0
-36.88572 -4.74041 313.44513 1 0 0
-36.95755 -4.74041 313.44513 -1 0 0
-36.95755 -6.72612 315.4964 -1 0 0
-36.88572 -6.72612 315.4964 1 0 0
-36.88572 -6.77646 315.44513 1 0 0
-36.95755 -6.77646 315.44513 -1 0 0
-36.95755 -8.81506 315.4967 -1 0 0
-36.95755 -8.86474 315.44482 -1 0 0
-36.88572 -8.86474 315.44482 1 -9.527e-07 9.12438e-07
-36.88572 -8.81506 315.4967 1 -3.56964e-07 1.50441e-06
-36.95755 -6.72644 313.4967 -1 0 0
-36.95755 -6.77613 313.44482 -1 0 0
-36.88571 -6.77613 313.44482 1 3.61314e-05 3.77624e-05
-36.88572 -6.72644 313.4967 1 3.67272e-05 3.83544e-05
-36.88571 7.70564 315.45245 1 -4.56848e-05 2.70403e-05
-36.95755 7.70564 315.45245 -1 4.56848e-05 -2.70403e-05
-36.95756 7.64382 315.48907 -1 4.56848e-05 -2.70403e-05
-36.88572 7.64382 315.48907 1 -4.56848e-05 2.70403e-05
-36.88571 6.52186 313.45245 1 -4.56848e-05 2.70403e-05
-36.95755 6.52186 313.45245 -1 4.56848e-05 -2.70403e-05
-36.95756 6.46004 313.48907 -1 4.56848e-05 -2.70403e-05
-36.88572 6.46004 313.48907 1 -4.56848e-05 2.70403e-05
-36.95756 6.51246 315.44199 -1 -3.17852e-05 4.25253e-05
-36.95755 6.46945 315.49954 -1 -3.17852e-05 4.25253e-05
-36.88571 6.46945 315.49954 1 3.17852e-05 -4.25253e-05
-36.88572 6.51246 315.44199 1 3.17852e-05 -4.25253e-05
-36.95756 3.83666 313.44199 -1 -3.17852e-05 4.25253e-05
-36.95755 3.79365 313.49954 -1 -3.17852e-05 4.25253e-05
-36.88571 3.79365 313.49954 1 3.17852e-05 -4.25253e-05
-36.88572 3.83666 313.44199 1 3.17852e-05 -4.25253e-05
-36.95755 3.83507 315.44086 -1 0 0
-36.95755 3.79524 315.50067 -1 0 0
-36.88572 3.79524 315.50067 1 0 0
-36.88572 3.83507 315.44086 1 0 0
-36.95755 0.833089 313.44086 -1 0 0
-36.95755 0.793256 313.50067 -1 0 0
-36.88572 0.793256 313.50067 1 0 0
-36.88572 0.833089 313.44086 1 0 0
-36.88572 0.833237 315.44098 1 0 0
-36.95755 0.833237 315.44098 -1 0 0
-36.95755 0.793108 315.50055 -1 0 0
-36.88572 0.793108 315.50055 1 0 0
-36.88572 -2.13658 313.44098 1 0 0
-36.95755 -2.13658 313.44098 -1 0 0
-36.95755 -2.17671 313.50055 -1 0 0
-36.88572 -2.17671 313.50055 1 0 0
-36.95755 -2.13453 315.44247 -1 0 0
-36.95755 -2.17877 315.49905 -1 0 0
-36.88572 -2.17877 315.49905 1 0 0
-36.88572 -2.13453 315.44247 1 0 0
-36.95755 -4.69312 313.44247 -1 0 0
-36.95755 -4.73736 313.49905 -1 0 0
-36.88572 -4.73736 313.49905 1 0 0
-36.88572 -4.69312 313.44247 1 0 0
-36.95755 -4.69007 315.44513 -1 0 0
-36.95755 -4.74041 315.4964 -1 0 0
-36.88572 -4.74041 315.4964 1 0 0
-36.88572 -4.69007 315.44513 1 0 0
-36.95755 -6.72612 313.44513 -1 0 0
-36.95755 -6.77646 313.4964 -1 0 0
-36.88572 -6.77646 313.4964 1 0 0
-36.88572 -6.72612 313.44513 1 0 0
-36.88572 -8.81506 313.44482 1 -9.52709e-07 -9.12429e-07
-36.88572 -8.86474 313.4967 1 -1.51838e-06 -2.9154e-07
-36.95755 -8.86474 313.4967 -1 -9.52709e-07 -9.12429e-07
-36.95755 -8.81506 313.44482 -1 -3.56969e-07 -1.50441e-06
-36.88571 -6.72644 315.44482 1 -3.61615e-05 3.77335e-05
-36.88572 -6.77613 315.4967 1 -3.67272e-05 3.83544e-05
-36.95756 -6.77613 315.4967 -1 3.61314e-05 -3.77624e-05
-36.95755 -6.72644 315.44482 -1 3.67271e-05 -3.83544e-05
-36.90334 7.70564 315.50668 0 0 1
-36.90334 7.70564 315.43484 0 0 -1
-36.93993 7.64382 315.43484 0 0 -1
-36.93993 7.64382 315.50668 0 0 1
-34.90334 6.52186 315.50668 0 0 1
-34.90334 6.52186 315.43484 0 0 -1
-34.93993 6.46004 315.43484 0 0 -1
-34.93993 6.46004 315.50668 0 0 1
-36.89286 6.51246 315.43484 0 0 -1
-36.95041 6.46945 315.43484 0 0 -1
-36.95041 6.46945 315.50668 0 0 1
-36.89286 6.51246 315.50668 0 0 1
-34.89286 3.83666 315.43484 0 0 -1
-34.95041 3.79365 315.43484 0 0 -1
-34.95041 3.79365 315.50668 0 0 1
-34.89286 3.83666 315.50668 0 0 1
-36.89174 3.83507 315.50668 0 0 1
-36.89174 3.83507 315.43484 0 0 -1
-36.95153 3.79524 315.43484 0 0 -1
-36.95153 3.79524 315.50668 0 0 1
-34.89174 0.833089 315.50668 0 0 1
-34.89174 0.833089 315.43484 0 0 -1
-34.95153 0.793256 315.43484 0 0 -1
-34.95153 0.793256 315.50668 0 0 1
-36.90334 7.70564 313.43484 0 0 -1
-36.93993 7.64382 313.43484 0 0 -1
-36.93993 7.64382 313.50668 0 0 1
-36.90334 7.70564 313.50668 0 0 1
-34.90334 6.52186 313.43484 0 0 -1
-34.93993 6.46004 313.43484 0 0 -1
-34.93993 6.46004 313.50668 0 0 1
-34.90334 6.52186 313.50668 0 0 1
-36.89286 6.51246 313.43484 0 0 -1
-36.95041 6.46945 313.43484 0 0 -1
-36.95041 6.46945 313.50668 0 0 1
-36.89286 6.51246 313.50668 0 0 1
-34.89286 3.83666 313.43484 0 0 -1
-34.95041 3.79365 313.43484 0 0 -1
-34.95041 3.79365 313.50668 0 0 1
-34.89286 3.83666 313.50668 0 0 1
-36.89174 3.83507 313.50668 0 0 1
-36.89174 3.83507 313.43484 0 0 -1
-36.95153 3.79524 313.43484 0 0 -1
-36.95153 3.79524 313.50668 0 0 1
-34.89174 0.833089 313.50668 0 0 1
-34.89174 0.833089 313.43484 0 0 -1
-34.95153 0.793256 313.43484 0 0 -1
-34.95153 0.793256 313.50668 0 0 1
-36.89184 0.833237 315.43484 0 0 -1
-36.95143 0.793108 315.43484 0 0 -1
-36.95143 0.793108 315.50668 0 0 1
-36.89184 0.833237 315.50668 0 0 1
-34.89184 -2.13658 315.43484 0 0 -1
-34.95143 -2.17671 315.43484 0 0 -1
-34.95143 -2.17671 315.50668 0 0 1
-34.89184 -2.13658 315.50668 0 0 1
-36.89333 -2.13453 315.43484 0 0 -1
-36.94994 -2.17877 315.43484 0 0 -1
-36.94994 -2.17877 315.50668 0 0 1
-36.89333 -2.13453 315.50668 0 0 1
-34.89333 -4.69312 315.43484 0 0 -1
-34.94994 -4.73736 315.43484 0 0 -1
-34.94994 -4.73736 315.50668 0 0 1
-34.89333 -4.69312 315.50668 0 0 1
-36.89601 -4.69007 315.50668 0 0 1
-36.89601 -4.69007 315.43484 0 0 -1
-36.94726 -4.74041 315.43484 0 0 -1
-36.94726 -4.74041 315.50668 0 0 1
-34.89601 -6.72612 315.50668 0 0 1
-34.89601 -6.72612 315.43484 0 0 -1
-34.94726 -6.77646 315.43484 0 0 -1
-34.94726 -6.77646 315.50668 0 0 1
-36.89184 0.833237 313.50668 0 0 1
-36.89184 0.833237 313.43484 0 0 -1
-36.95143 0.793108 313.43484 0 0 -1
-36.95143 0.793108 313.50668 0 0 1
-34.89184 -2.13658 313.50668 0 0 1
-34.89184 -2.13658 313.43484 0 0 -1
-34.95143 -2.17671 313.43484 0 0 -1
-34.95143 -2.17671 313.50668 0 0 1
-36.89333 -2.13453 313.50668 0 0 1
-36.89333 -2.13453 313.43484 0 0 -1
-36.94994 -2.17877 313.43484 0 0 -1
-36.94994 -2.17877 313.50668 0 0 1
-34.89333 -4.69312 313.50668 0 0 1
-34.89333 -4.69312 313.43484 0 0 -1
-34.94994 -4.73736 313.43484 0 0 -1
-34.94994 -4.73736 313.50668 0 0 1
-36.89601 -4.69007 313.50668 0 0 1
-36.89601 -4.69007 313.43484 0 0 -1
-36.94726 -4.74041 313.43484 0 0 -1
-36.94726 -4.74041 313.50668 0 0 1
-34.89601 -6.72612 313.50668 0 0 1
-34.89601 -6.72612 313.43484 0 0 -1
-34.94726 -6.77646 313.43484 0 0 -1
-34.94726 -6.77646 313.50668 0 0 1
-34.89569 -8.81506 313.50668 0 0 1
-34.94758 -8.86474 313.50668 0 0 1
-34.94758 -8.86474 313.43484 0 0 -1
-34.89569 -8.81506 313.43484 0 0 -1
-36.89569 -6.72644 313.50668 0 0 1
-36.94758 -6.77613 313.50668 0 0 1
-36.94758 -6.77613 313.43484 0 0 -1
-36.89569 -6.72644 313.43484 0 0 -1
-34.89569 -8.81506 315.50668 0 0 1
-34.94758 -8.86474 315.50668 0 0 1
-34.94758 -8.86474 315.43484 0 0 -1
-34.89569 -8.81506 315.43484 0 0 -1
-36.89569 -6.72644 315.50668 0 0 1
-36.94758 -6.77613 315.50668 0 0 1
-36.94758 -6.77613 315.43484 0 0 -1
-36.89569 -6.72644 315.43484 0 0 -1
-34.93993 7.70564 315.43484 0 0 -1
-34.93993 7.70564 315.50668 0 0 1
-34.90334 7.64382 315.50668 0 0 1
-34.90334 7.64382 315.43484 0 0 -1
-36.93993 6.52186 315.43484 0 0 -1
-36.93993 6.52186 315.50668 0 0 1
-36.90334 6.46004 315.50668 0 0 1
-36.90334 6.46004 315.43484 0 0 -1
-34.95041 6.51246 315.43484 0 0 -1
-34.95041 6.51246 315.50668 0 0 1
-34.89286 6.46945 315.50668 0 0 1
-34.89286 6.46945 315.43484 0 0 -1
-36.95041 3.83666 315.43484 0 0 -1
-36.95041 3.83666 315.50668 0 0 1
-36.89286 3.79365 315.50668 0 0 1
-36.89286 3.79365 315.43484 0 0 -1
-34.95153 3.83507 315.50668 0 0 1
-34.89174 3.79524 315.50668 0 0 1
-34.89174 3.79524 315.43484 0 0 -1
-34.95153 3.83507 315.43484 0 0 -1
-36.95153 0.833089 315.50668 0 0 1
-36.89174 0.793256 315.50668 0 0 1
-36.89174 0.793256 315.43484 0 0 -1
-36.95153 0.833089 315.43484 0 0 -1
-34.93993 7.70564 313.43484 0 0 -1
-34.93993 7.70564 313.50668 0 0 1
-34.90334 7.64382 313.50668 0 0 1
-34.90334 7.64382 313.43484 0 0 -1
-36.93993 6.52186 313.43484 0 0 -1
-36.93993 6.52186 313.50668 0 0 1
-36.90334 6.46004 313.50668 0 0 1
-36.90334 6.46004 313.43484 0 0 -1
-34.95041 6.51246 313.50668 0 0 1
-34.89286 6.46945 313.50668 0 0 1
-34.89286 6.46945 313.43484 0 0 -1
-34.95041 6.51246 313.43484 0 0 -1
-36.95041 3.83666 313.50668 0 0 1
-36.89286 3.79365 313.50668 0 0 1
-36.89286 3.79365 313.43484 0 0 -1
-36.95041 3.83666 313.43484 0 0 -1
-34.95153 3.83507 313.50668 0 0 1
-34.89174 3.79524 313.50668 0 0 1
-34.89174 3.79524 313.43484 0 0 -1
-34.95153 3.83507 313.43484 0 0 -1
-36.95153 0.833089 313.50668 0 0 1
-36.89174 0.793256 313.50668 0 0 1
-36.89174 0.793256 313.43484 0 0 -1
-36.95153 0.833089 313.43484 0 0 -1
-34.95143 0.833237 315.43484 0 0 -1
-34.95143 0.833237 315.50668 0 0 1
-34.89184 0.793108 315.50668 0 0 1
-34.89184 0.793108 315.43484 0 0 -1
-36.95143 -2.13658 315.43484 0 0 -1
-36.95143 -2.13658 315.50668 0 0 1
-36.89184 -2.17671 315.50668 0 0 1
-36.89184 -2.17671 315.43484 0 0 -1
-34.94994 -2.13453 315.50668 0 0 1
-34.89333 -2.17877 315.50668 0 0 1
-34.89333 -2.17877 315.43484 0 0 -1
-34.94994 -2.13453 315.43484 0 0 -1
-36.94994 -4.69312 315.50668 0 0 1
-36.89333 -4.73736 315.50668 0 0 1
-36.89333 -4.73736 315.43484 0 0 -1
-36.94994 -4.69312 315.43484 0 0 -1
-34.94726 -4.69007 315.50668 0 0 1
-34.89601 -4.74041 315.50668 0 0 1
-34.89601 -4.74041 315.43484 0 0 -1
-34.94726 -4.69007 315.43484 0 0 -1
-36.94726 -6.72612 315.50668 0 0 1
-36.89601 -6.77646 315.50668 0 0 1
-36.89601 -6.77646 315.43484 0 0 -1
-36.94726 -6.72612 315.43484 0 0 -1
-34.95143 0.833237 313.50668 0 0 1
-34.89184 0.793108 313.50668 0 0 1
-34.89184 0.793108 313.43484 0 0 -1
-34.95143 0.833237 313.43484 0 0 -1
-36.95143 -2.13658 313.50668 0 0 1
-36.89184 -2.17671 313.50668 0 0 1
-36.89184 -2.17671 313.43484 0 0 -1
-36.95143 -2.13658 313.43484 0 0 -1
-34.94994 -2.13453 313.43484 0 0 -1
-34.94994 -2.13453 313.50668 0 0 1
-34.89333 -2.17877 313.50668 0 0 1
-34.89333 -2.17877 313.43484 0 0 -1
-36.94994 -4.69312 313.43484 0 0 -1
-36.94994 -4.69312 313.50668 0 0 1
-36.89333 -4.73736 313.50668 0 0 1
-36.89333 -4.73736 313.43484 0 0 -1
-34.94726 -4.69007 313.50668 0 0 1
-34.89601 -4.74041 313.50668 0 0 1
-34.89601 -4.74041 313.43484 0 0 -1
-34.94726 -4.69007 313.43484 0 0 -1
-36.94726 -6.72612 313.50668 0 0 1
-36.89601 -6.77646 313.50668 0 0 1
-36.89601 -6.77646 313.43484 0 0 -1
-36.94726 -6.72612 313.43484 0 0 -1
-36.94758 -8.81506 313.50668 0 0 1
-36.94758 -8.81506 313.43484 0 0 -1
-36.89569 -8.86474 313.43484 0 0 -1
-36.89569 -8.86474 313.50668 0 0 1
-34.94758 -6.72644 313.50668 0 0 1
-34.94758 -6.72644 313.43484 0 0 -1
-34.89569 -6.77613 313.43484 0 0 -1
-34.89569 -6.77613 313.50668 0 0 1
-36.94758 -8.81506 315.43484 0 0 -1
-36.89569 -8.86474 315.43484 0 0 -1
-36.89569 -8.86474 315.50668 0 0 1
-36.94758 -8.81506 315.50668 0 0 1
-34.94758 -6.72644 315.43484 0 0 -1
-34.89569 -6.77613 315.43484 0 0 -1
-34.89569 -6.77613 315.50668 0 0 1
-34.94758 -6.72644 315.50668 0 0 1
-34.92163 -6.71537 315.50668 0 0 1
-34.92163 -6.78721 315.50668 0 0 1
-34.92163 -6.78721 315.43484 0 0 -1
-34.92163 -6.71537 315.43484 0 0 -1
-36.92163 -6.71537 315.50668 0 0 1
-36.92163 -6.78721 315.50668 0 0 1
-36.92163 -6.78721 315.43484 0 0 -1
-36.92163 -6.71537 315.43484 0 0 -1
-34.92163 -6.71537 313.50668 0 0 1
-34.92163 -6.78721 313.50668 0 0 1
-34.92163 -6.78721 313.43484 0 0 -1
-34.92163 -6.71537 313.43484 0 0 -1
-36.92163 -6.71537 313.50668 0 0 1
-36.92163 -6.78721 313.50668 0 0 1
-36.92163 -6.78721 313.43484 0 0 -1
-36.92163 -6.71537 313.43484 0 0 -1
-34.92163 -4.67932 313.50668 0 0 1
-34.92163 -4.75116 313.50668 0 0 1
-34.92163 -4.75116 313.43484 0 0 -1
-34.92163 -4.67932 313.43484 0 0 -1
-36.92163 -4.67932 313.50668 0 0 1
-36.92163 -4.75116 313.50668 0 0 1
-36.92163 -4.75116 313.43484 0 0 -1
-36.92163 -4.67932 313.43484 0 0 -1
-34.92163 -4.67932 315.50668 0 0 1
-34.92163 -4.75116 315.50668 0 0 1
-34.92163 -4.75116 315.43484 0 0 -1
-34.92163 -4.67932 315.43484 0 0 -1
-36.92163 -4.67932 315.50668 0 0 1
-36.92163 -4.75116 315.50668 0 0 1
-36.92163 -4.75116 315.43484 0 0 -1
-36.92163 -4.67932 315.43484 0 0 -1
-34.92163 -2.12073 315.50668 0 0 1
-34.92163 -2.19257 315.50668 0 0 1
-34.92163 -2.19257 315.43484 0 0 -1
-34.92163 -2.12073 315.43484 0 0 -1
-36.92163 -2.12073 315.50668 0 0 1
-36.92163 -2.19257 315.50668 0 0 1
-36.92163 -2.19257 315.43484 0 0 -1
-36.92163 -2.12073 315.43484 0 0 -1
-34.92163 -2.12073 313.50668 0 0 1
-34.92163 -2.19257 313.50668 0 0 1
-34.92163 -2.19257 313.43484 0 0 -1
-34.92163 -2.12073 313.43484 0 0 -1
-36.92163 -2.12073 313.50668 0 0 1
-36.92163 -2.19257 313.50668 0 0 1
-36.92163 -2.19257 313.43484 0 0 -1
-36.92163 -2.12073 313.43484 0 0 -1
-34.92163 0.849093 315.50668 0 0 1
-34.92163 0.777251 315.50668 0 0 1
-34.92163 0.777251 315.43484 0 0 -1
-34.92163 0.849093 315.43484 0 0 -1
-36.92163 0.849093 315.50668 0 0 1
-36.92163 0.777251 315.50668 0 0 1
-36.92163 0.777251 315.43484 0 0 -1
-36.92163 0.849093 315.43484 0 0 -1
-34.92163 0.849093 313.50668 0 0 1
-34.92163 0.777251 313.50668 0 0 1
-34.92163 0.777251 313.43484 0 0 -1
-34.92163 0.849093 313.43484 0 0 -1
-36.92163 0.849093 313.50668 0 0 1
-36.92163 0.777251 313.50668 0 0 1
-36.92163 0.777251 313.43484 0 0 -1
-36.92163 0.849093 313.43484 0 0 -1
-34.92163 3.85107 315.50668 0 0 1
-34.92163 3.77923 315.50668 0 0 1
-34.92163 3.77923 315.43484 0 0 -1
-34.92163 3.85107 315.43484 0 0 -1
-36.92163 3.85107 315.50668 0 0 1
-36.92163 3.77923 315.50668 0 0 1
-36.92163 3.77923 315.43484 0 0 -1
-36.92163 3.85107 315.43484 0 0 -1
-34.92163 3.85107 313.50668 0 0 1
-34.92163 3.77923 313.50668 0 0 1
-34.92163 3.77923 313.43484 0 0 -1
-34.92163 3.85107 313.43484 0 0 -1
-36.92163 3.85107 313.50668 0 0 1
-36.92163 3.77923 313.50668 0 0 1
-36.92163 3.77923 313.43484 0 0 -1
-36.92163 3.85107 313.43484 0 0 -1
-36.95756 -6.71537 315.47076 -1 -5.30983e-05 0
-36.95755 -6.78721 315.47076 -1 -5.30983e-05 0
-36.88571 -6.78721 315.47076 1 5.30983e-05 0
-36.88572 -6.71537 315.47076 1 5.30983e-05 0
-36.95756 -6.71537 313.47076 -1 -5.30983e-05 0
-36.95755 -6.78721 313.47076 -1 -5.30983e-05 0
-36.88571 -6.78721 313.47076 1 5.30983e-05 0
-36.88572 -6.71537 313.47076 1 5.30983e-05 0
-36.95755 -4.67932 315.47076 -1 0 0
-36.95755 -4.75116 315.47076 -1 0 0
-36.88572 -4.75116 315.47076 1 0 0
-36.88572 -4.67932 315.47076 1 0 0
-36.95755 -4.67932 313.47076 -1 0 0
-36.95755 -4.75116 313.47076 -1 0 0
-36.88572 -4.75116 313.47076 1 0 0
-36.88572 -4.67932 313.47076 1 0 0
-36.95756 -2.12073 315.47076 -1 0 0
-36.95756 -2.19257 315.47076 -1 0 0
-36.88572 -2.19257 315.47076 1 0 0
-36.88572 -2.12073 315.47076 1 0 0
-36.95756 -2.12073 313.47076 -1 0 0
-36.95756 -2.19257 313.47076 -1 0 0
-36.88572 -2.19257 313.47076 1 0 0
-36.88572 -2.12073 313.47076 1 0 0
-36.95756 0.849093 315.47076 -1 -5.30983e-05 0
-36.95755 0.777251 315.47076 -1 -5.30983e-05 0
-36.88571 0.777251 315.47076 1 5.30983e-05 0
-36.88572 0.849093 315.47076 1 5.30983e-05 0
-36.95756 0.849093 313.47076 -1 -5.30983e-05 0
-36.95755 0.777251 313.47076 -1 -5.30983e-05 0
-36.88571 0.777251 313.47076 1 5.30983e-05 0
-36.88572 0.849093 313.47076 1 5.30983e-05 0
-36.95756 3.85107 315.47076 -1 -5.30983e-05 0
-36.95755 3.77923 315.47076 -1 -5.30983e-05 0
-36.88571 3.77923 315.47076 1 5.30983e-05 0
-36.88572 3.85107 315.47076 1 5.30983e-05 0
-36.95756 3.85107 313.47076 -1 -5.30983e-05 0
-36.95755 3.77923 313.47076 -1 -5.30983e-05 0
-36.88571 3.77923 313.47076 1 5.30983e-05 0
-36.88572 3.85107 313.47076 1 5.30983e-05 0
-36.81387 7.78249 313.57852 0 1 0
-37.0294 7.78249 313.57852 0 1 0
-37.0294 7.78249 313.36301 0 1 0
-36.81387 7.78249 313.36301 0 1 0
-34.81387 7.78249 313.57852 0 1 0
-35.0294 7.78249 313.57852 0 1 0
-35.0294 7.78249 313.36301 0 1 0
-34.81387 7.78249 313.36301 0 1 0
-36.81387 7.78249 315.57852 0 1 0
-37.0294 7.78249 315.57852 0 1 0
-37.0294 7.78249 315.36301 0 1 0
-36.81387 7.78249 315.36301 0 1 0
-34.81387 7.78249 315.57852 0 1 0
-35.0294 7.78249 315.57852 0 1 0
-35.0294 7.78249 315.36301 0 1 0
-34.81387 7.78249 315.36301 0 1 0
-36.81387 -8.8399 313.57852 0 0 1
-37.0294 -8.8399 313.57852 0 0 1
-37.0294 -8.8399 313.36301 0 0 -1
-36.81387 -8.8399 313.36301 0 0 -1
-36.81387 7.78249 313.57852 0 0 1
-37.0294 7.78249 313.57852 0 0 1
-37.0294 7.78249 313.36301 0 0 -1
-36.81387 7.78249 313.36301 0 0 -1
-35.0294 -8.8399 313.57852 -1 0 0
-35.0294 -8.8399 313.36301 -1 0 0
-35.0294 7.78249 313.57852 -1 0 0
-35.0294 7.78249 313.36301 -1 0 0
-36.81387 -8.8399 315.57852 0 0 1
-37.0294 -8.8399 315.57852 0 0 1
-37.0294 -8.8399 315.36301 0 0 -1
-36.81387 -8.8399 315.36301 0 0 -1
-36.81387 7.78249 315.57852 0 0 1
-37.0294 7.78249 315.57852 0 0 1
-37.0294 7.78249 315.36301 0 0 -1
-36.81387 7.78249 315.36301 0 0 -1
-35.0294 -8.8399 315.57852 -1 0 0
-35.0294 -8.8399 315.36301 -1 0 0
-35.0294 7.78249 315.57852 -1 0 0
-35.0294 7.78249 315.36301 -1 0 0
-35.0294 6.59871 296.47076 0 1 0
-34.81387 6.59871 296.47076 0 1 0
-34.81387 6.38319 296.47076 0 -1 0
-35.0294 6.38319 296.47076 0 -1 0
-35.0294 6.59871 298.47076 0 1 0
-34.81387 6.59871 298.47076 0 1 0
-34.81387 6.38319 298.47076 0 -1 0
-35.0294 6.38319 298.47076 0 -1 0
-37.0294 6.59871 298.47076 0 1 0
-37.0294 6.38319 298.47076 0 -1 0
-36.81387 6.38319 298.47076 0 -1 0
-36.81387 6.59871 298.47076 0 1 0
-37.0294 6.59871 296.47076 0 1 0
-37.0294 6.38319 296.47076 0 -1 0
-36.81387 6.38319 296.47076 0 -1 0
-36.81387 6.59871 296.47076 0 1 0
-35.0294 7.78249 296.47076 0 1 0
-34.81387 7.78249 296.47076 0 1 0
-34.81387 7.56697 296.47076 0 -1 0
-35.0294 7.56697 296.47076 0 -1 0
-35.0294 7.78249 298.47076 0 1 0
-34.81387 7.78249 298.47076 0 1 0
-34.81387 7.56697 298.47076 0 -1 0
-35.0294 7.56697 298.47076 0 -1 0
-37.0294 7.78249 298.47076 0 1 0
-37.0294 7.56697 298.47076 0 -1 0
-36.81387 7.56697 298.47076 0 -1 0
-36.81387 7.78249 298.47076 0 1 0
-37.0294 7.78249 296.47076 0 1 0
-37.0294 7.56697 296.47076 0 -1 0
-36.81387 7.56697 296.47076 0 -1 0
-36.81387 7.78249 296.47076 0 1 0
-34.92163 6.59871 296.36301 0 1 0
-34.92163 6.59871 296.57852 0 1 0
-34.92163 6.38319 296.57852 0 -1 0
-34.92163 6.38319 296.36301 0 -1 0
-36.92163 6.59871 296.36301 0 1 0
-36.92163 6.59871 296.57852 0 1 0
-36.92163 6.38319 296.57852 0 -1 0
-36.92163 6.38319 296.36301 0 -1 0
-34.92163 6.59871 298.36301 0 1 0
-34.92163 6.59871 298.57852 0 1 0
-34.92163 6.38319 298.57852 0 -1 0
-34.92163 6.38319 298.36301 0 -1 0
-36.92163 6.59871 298.36301 0 1 0
-36.92163 6.59871 298.57852 0 1 0
-36.92163 6.38319 298.57852 0 -1 0
-36.92163 6.38319 298.36301 0 -1 0
-34.92163 7.78249 298.36301 0 1 0
-34.92163 7.78249 298.57852 0 1 0
-34.92163 7.56697 298.57852 0 -1 0
-34.92163 7.56697 298.36301 0 -1 0
-36.92163 7.78249 298.36301 0 1 0
-36.92163 7.78249 298.57852 0 1 0
-36.92163 7.56697 298.57852 0 -1 0
-36.92163 7.56697 298.36301 0 -1 0
-34.92163 7.78249 296.36301 0 1 0
-34.92163 7.78249 296.57852 0 1 0
-34.92163 7.56697 296.57852 0 -1 0
-34.92163 7.56697 296.36301 0 -1 0
-36.92163 7.78249 296.36301 0 1 0
-36.92163 7.78249 296.57852 0 1 0
-36.92163 7.56697 296.57852 0 -1 0
-36.92163 7.56697 296.36301 0 -1 0
-36.95756 7.70564 296.48907 0 0.860557 0.509354
-36.88572 7.70564 296.48907 0 0.860557 0.509354
-36.88571 7.64382 296.45245 0 -0.860557 -0.509354
-36.95755 7.64382 296.45245 0 -0.860557 -0.509354
-36.95756 6.52186 298.48907 0 0.860557 0.509354
-36.88572 6.52186 298.48907 0 0.860557 0.509354
-36.88571 6.46004 298.45245 0 -0.860557 -0.509354
-36.95755 6.46004 298.45245 0 -0.860557 -0.509354
-36.88571 6.51246 296.49954 0 0.598687 0.800983
-36.88572 6.46945 296.44199 0 -0.598687 -0.800983
-36.95756 6.46945 296.44199 0 -0.598687 -0.800983
-36.95755 6.51246 296.49954 0 0.598687 0.800983
-36.88571 3.83666 298.49954 0 0.598687 0.800983
-36.88572 3.79365 298.44199 0 -0.598687 -0.800983
-36.95756 3.79365 298.44199 0 -0.598687 -0.800983
-36.95755 3.83666 298.49954 0 0.598687 0.800983
-36.95755 3.83507 296.50067 0 0.554447 0.832219
-36.88572 3.83507 296.50067 0 0.554447 0.832219
-36.88572 3.79524 296.44086 0 -0.554447 -0.832219
-36.95755 3.79524 296.44086 0 -0.554447 -0.832219
-36.95755 0.833089 298.50067 0 0.554447 0.832219
-36.88572 0.833089 298.50067 0 0.554447 0.832219
-36.88572 0.793256 298.44086 0 -0.554447 -0.832219
-36.95755 0.793256 298.44086 0 -0.554447 -0.832219
-36.88572 0.833237 296.50055 0 0.558584 0.829448
-36.88572 0.793108 296.44098 0 -0.558584 -0.829448
-36.95755 0.793108 296.44098 0 -0.558584 -0.829448
-36.95755 0.833237 296.50055 0 0.558584 0.829448
-36.88572 -2.13658 298.50055 0 0.558584 0.829448
-36.88572 -2.17671 298.44098 0 -0.558584 -0.829448
-36.95755 -2.17671 298.44098 0 -0.558584 -0.829448
-36.95755 -2.13658 298.50055 0 0.558584 0.829448
-36.95755 -2.13453 296.49905 0 0.615855 0.78786
-36.88572 -2.13453 296.49905 0 0.615855 0.78786
-36.88572 -2.17877 296.44247 0 -0.615855 -0.78786
-36.95755 -2.17877 296.44247 0 -0.615855 -0.78786
-36.95755 -4.69312 298.49905 0 0.615855 0.78786
-36.88572 -4.69312 298.49905 0 0.615855 0.78786
-36.88572 -4.73736 298.44247 0 -0.615855 -0.78786
-36.95755 -4.73736 298.44247 0 -0.615855 -0.78786
-36.95755 -4.69007 296.4964 0 0.700763 0.713394
-36.88572 -4.69007 296.4964 0 0.700763 0.713394
-36.88572 -4.74041 296.44513 0 -0.700763 -0.713394
-36.95755 -4.74041 296.44513 0 -0.700763 -0.713394
-36.95755 -6.72612 298.4964 0 0.700763 0.713394
-36.88572 -6.72612 298.4964 0 0.700763 0.713394
-36.88572 -6.77646 298.44513 0 -0.700763 -0.713394
-36.95755 -6.77646 298.44513 0 -0.700763 -0.713394
-36.95755 -8.81506 298.4967 -9.03626e-06 0.691619 0.722262
-36.95755 -8.86474 298.44482 9.18144e-06 -0.691619 -0.722262
-36.88572 -8.86474 298.44482 9.03625e-06 -0.691619 -0.722262
-36.88572 -8.81506 298.4967 -9.18144e-06 0.691619 0.722262
-36.95755 -6.72644 296.4967 0 0.691619 0.722262
-36.95755 -6.77613 296.44482 1.45176e-07 -0.691619 -0.722262
-36.88571 -6.77613 296.44482 0 -0.691619 -0.722262
-36.88572 -6.72644 296.4967 -1.45176e-07 0.691619 0.722262
-36.88571 7.70564 298.45245 0 0.860557 -0.509354
-36.95755 7.70564 298.45245 0 0.860557 -0.509354
-36.95756 7.64382 298.48907 0 -0.860557 0.509354
-36.88572 7.64382 298.48907 0 -0.860557 0.509354
-36.88571 6.52186 296.45245 0 0.860557 -0.509354
-36.95755 6.52186 296.45245 0 0.860557 -0.509354
-36.95756 6.46004 296.48907 0 -0.860557 0.509354
-36.88572 6.46004 296.48907 0 -0.860557 0.509354
-36.95756 6.51246 298.44199 0 0.598687 -0.800983
-36.95755 6.46945 298.49954 0 -0.598687 0.800983
-36.88571 6.46945 298.49954 0 -0.598687 0.800983
-36.88572 6.51246 298.44199 0 0.598687 -0.800983
-36.95756 3.83666 296.44199 0 0.598687 -0.800983
-36.95755 3.79365 296.49954 0 -0.598687 0.800983
-36.88571 3.79365 296.49954 0 -0.598687 0.800983
-36.88572 3.83666 296.44199 0 0.598687 -0.800983
-36.95755 3.83507 298.44086 0 0.554447 -0.832219
-36.95755 3.79524 298.50067 0 -0.554447 0.832219
-36.88572 3.79524 298.50067 0 -0.554447 0.832219
-36.88572 3.83507 298.44086 0 0.554447 -0.832219
-36.95755 0.833089 296.44086 0 0.554447 -0.832219
-36.95755 0.793256 296.50067 0 -0.554447 0.832219
-36.88572 0.793256 296.50067 0 -0.554447 0.832219
-36.88572 0.833089 296.44086 0 0.554447 -0.832219
-36.88572 0.833237 298.44098 0 0.558584 -0.829448
-36.95755 0.833237 298.44098 0 0.558584 -0.829448
-36.95755 0.793108 298.50055 0 -0.558584 0.829448
-36.88572 0.793108 298.50055 0 -0.558584 0.829448
-36.88572 -2.13658 296.44098 0 0.558584 -0.829448
-36.95755 -2.13658 296.44098 0 0.558584 -0.829448
-36.95755 -2.17671 296.50055 0 -0.558584 0.829448
-36.88572 -2.17671 296.50055 0 -0.558584 0.829448
-36.95755 -2.13453 298.44247 0 0.615855 -0.78786
-36.95755 -2.17877 298.49905 0 -0.615855 0.78786
-36.88572 -2.17877 298.49905 0 -0.615855 0.78786
-36.88572 -2.13453 298.44247 0 0.615855 -0.78786
-36.95755 -4.69312 296.44247 0 0.615855 -0.78786
-36.95755 -4.73736 296.49905 0 -0.615855 0.78786
-36.88572 -4.73736 296.49905 0 -0.615855 0.78786
-36.88572 -4.69312 296.44247 0 0.615855 -0.78786
-36.95755 -4.69007 298.44513 0 0.700763 -0.713394
-36.95755 -4.74041 298.4964 0 -0.700763 0.713394
-36.88572 -4.74041 298.4964 0 -0.700763 0.713394
-36.88572 -4.69007 298.44513 0 0.700763 -0.713394
-36.95755 -6.72612 296.44513 0 0.700763 -0.713394
-36.95755 -6.77646 296.4964 0 -0.700763 0.713394
-36.88572 -6.77646 296.4964 0 -0.700763 0.713394
-36.88572 -6.72612 296.44513 0 0.700763 -0.713394
-36.88572 -8.81506 296.44482 0 0.691619 -0.722262
-36.88572 -8.86474 296.4967 0 -0.691619 0.722262
-36.95755 -8.86474 296.4967 0 -0.691619 0.722262
-36.95755 -8.81506 296.44482 0 0.691619 -0.722262
-36.88571 -6.72644 298.44482 0 0.691619 -0.722262
-36.88572 -6.77613 298.4967 0 -0.691619 0.722262
-36.95756 -6.77613 298.4967 0 -0.691619 0.722262
-36.95755 -6.72644 298.44482 0 0.691619 -0.722262
-36.90334 7.70564 298.50668 0.509354 0.860557 0
-36.90334 7.70564 298.43484 0.509354 0.860557 0
-36.93993 7.64382 298.43484 -0.509354 -0.860557 0
-36.93993 7.64382 298.50668 -0.509354 -0.860557 0
-34.90334 6.52186 298.50668 0.509354 0.860557 0
-34.90334 6.52186 298.43484 0.509354 0.860557 0
-34.93993 6.46004 298.43484 -0.509354 -0.860557 0
-34.93993 6.46004 298.50668 -0.509354 -0.860557 0
-36.89286 6.51246 298.43484 0.800983 0.598687 0
-36.95041 6.46945 298.43484 -0.800983 -0.598687 0
-36.95041 6.46945 298.50668 -0.800983 -0.598687 0
-36.89286 6.51246 298.50668 0.800983 0.598687 0
-34.89286 3.83666 298.43484 0.800983 0.598687 0
-34.95041 3.79365 298.43484 -0.800983 -0.598687 0
-34.95041 3.79365 298.50668 -0.800983 -0.598687 0
-34.89286 3.83666 298.50668 0.800983 0.598687 0
-36.89174 3.83507 298.50668 0.832219 0.554447 0
-36.89174 3.83507 298.43484 0.832219 0.554447 0
-36.95153 3.79524 298.43484 -0.832219 -0.554447 0
-36.95153 3.79524 298.50668 -0.832219 -0.554447 0
-34.89174 0.833089 298.50668 0.832219 0.554447 0
-34.89174 0.833089 298.43484 0.832219 0.554447 0
-34.95153 0.793256 298.43484 -0.832219 -0.554447 0
-34.95153 0.793256 298.50668 -0.832219 -0.554447 0
-36.90334 7.70564 296.43484 0.509354 0.860557 0
-36.93993 7.64382 296.43484 -0.509354 -0.860557 0
-36.93993 7.64382 296.50668 -0.509354 -0.860557 0
-36.90334 7.70564 296.50668 0.509354 0.860557 0
-34.90334 6.52186 296.43484 0.509354 0.860557 0
-34.93993 6.46004 296.43484 -0.509354 -0.860557 0
-34.93993 6.46004 296.50668 -0.509354 -0.860557 0
-34.90334 6.52186 296.50668 0.509354 0.860557 0
-36.89286 6.51246 296.43484 0.800983 0.598687 0
-36.95041 6.46945 296.43484 -0.800983 -0.598687 0
-36.95041 6.46945 296.50668 -0.800983 -0.598687 0
-36.89286 6.51246 296.50668 0.800983 0.598687 0
-34.89286 3.83666 296.43484 0.800983 0.598687 0
-34.95041 3.79365 296.43484 -0.800983 -0.598687 0
-34.95041 3.79365 296.50668 -0.800983 -0.598687 0
-34.89286 3.83666 296.50668 0.800983 0.598687 0
-36.89174 3.83507 296.50668 0.832219 0.554447 0
-36.89174 3.83507 296.43484 0.832219 0.554447 0
-36.95153 3.79524 296.43484 -0.832219 -0.554447 0
-36.95153 3.79524 296.50668 -0.832219 -0.554447 0
-34.89174 0.833089 296.50668 0.832219 0.554447 0
-34.89174 0.833089 296.43484 0.832219 0.554447 0
-34.95153 0.793256 296.43484 -0.832219 -0.554447 0
-34.95153 0.793256 296.50668 -0.832219 -0.554447 0
-36.89184 0.833237 298.43484 0.829448 0.558584 -4.34821e-05
-36.95143 0.793108 298.43484 -0.829447 -0.558585 4.40446e-05
-36.95143 0.793108 298.50668 -0.829447 -0.558585 4.34821e-05
-36.89184 0.833237 298.50668 0.829448 0.558584 -4.40446e-05
-34.89184 -2.13658 298.43484 0.829448 0.558584 0
-34.95143 -2.17671 298.43484 -0.829448 -0.558584 5.62509e-07
-34.95143 -2.17671 298.50668 -0.829448 -0.558584 0
-34.89184 -2.13658 298.50668 0.829448 0.558584 -5.6251e-07
-36.89333 -2.13453 298.43484 0.78786 0.615855 0
-36.94994 -2.17877 298.43484 -0.78786 -0.615855 0
-36.94994 -2.17877 298.50668 -0.78786 -0.615855 0
-36.89333 -2.13453 298.50668 0.78786 0.615855 0
-34.89333 -4.69312 298.43484 0.78786 0.615855 0
-34.94994 -4.73736 298.43484 -0.78786 -0.615855 0
-34.94994 -4.73736 298.50668 -0.78786 -0.615855 0
-34.89333 -4.69312 298.50668 0.78786 0.615855 0
-36.89601 -4.69007 298.50668 0.713394 0.700763 0
-36.89601 -4.69007 298.43484 0.713394 0.700763 0
-36.94726 -4.74041 298.43484 -0.713394 -0.700763 0
-36.94726 -4.74041 298.50668 -0.713394 -0.700763 7.45197e-08
-34.89601 -6.72612 298.50668 0.713394 0.700763 0
-34.89601 -6.72612 298.43484 0.713394 0.700763 0
-34.94726 -6.77646 298.43484 -0.713394 -0.700763 4.57689e-06
-34.94726 -6.77646 298.50668 -0.713394 -0.700763 4.65141e-06
-36.89184 0.833237 296.50668 0.829447 0.558585 4.40446e-05
-36.89184 0.833237 296.43484 0.829447 0.558585 4.29196e-05
-36.95143 0.793108 296.43484 -0.829448 -0.558584 -4.40446e-05
-36.95143 0.793108 296.50668 -0.829448 -0.558584 -4.34821e-05
-34.89184 -2.13658 296.50668 0.829448 0.558584 -4.29196e-05
-34.89184 -2.13658 296.43484 0.829448 0.558584 -4.40446e-05
-34.95143 -2.17671 296.43484 -0.829447 -0.558585 -5.62509e-07
-34.95143 -2.17671 296.50668 -0.829447 -0.558585 0
-36.89333 -2.13453 296.50668 0.78786 0.615855 0
-36.89333 -2.13453 296.43484 0.78786 0.615855 0
-36.94994 -2.17877 296.43484 -0.78786 -0.615855 0
-36.94994 -2.17877 296.50668 -0.78786 -0.615855 0
-34.89333 -4.69312 296.50668 0.78786 0.615855 0
-34.89333 -4.69312 296.43484 0.78786 0.615855 0
-34.94994 -4.73736 296.43484 -0.78786 -0.615855 0
-34.94994 -4.73736 296.50668 -0.78786 -0.615855 0
-36.89601 -4.69007 296.50668 0.713394 0.700763 0
-36.89601 -4.69007 296.43484 0.713394 0.700763 0
-36.94726 -4.74041 296.43484 -0.713394 -0.700763 0
-36.94726 -4.74041 296.50668 -0.713394 -0.700763 0
-34.89601 -6.72612 296.50668 0.713394 0.700763 0
-34.89601 -6.72612 296.43484 0.713394 0.700763 0
-34.94726 -6.77646 296.43484 -0.713394 -0.700763 0
-34.94726 -6.77646 296.50668 -0.713394 -0.700763 0
-34.89569 -8.81506 296.50668 0.722262 0.691619 0
-34.94758 -8.86474 296.50668 -0.722262 -0.691619 0
-34.94758 -8.86474 296.43484 -0.722262 -0.691619 0
-34.89569 -8.81506 296.43484 0.722262 0.691619 0
-36.89569 -6.72644 296.50668 0.722262 0.691619 0
-36.94758 -6.77613 296.50668 -0.722262 -0.691619 0
-36.94758 -6.77613 296.43484 -0.722262 -0.691619 0
-36.89569 -6.72644 296.43484 0.722262 0.691619 0
-34.89569 -8.81506 298.50668 0.722262 0.691619 0
-34.94758 -8.86474 298.50668 -0.722262 -0.691619 9.18144e-06
-34.94758 -8.86474 298.43484 -0.722262 -0.691619 9.03626e-06
-34.89569 -8.81506 298.43484 0.722262 0.691619 0
-36.89569 -6.72644 298.50668 0.722262 0.691619 0
-36.94758 -6.77613 298.50668 -0.722262 -0.691619 1.45176e-07
-36.94758 -6.77613 298.43484 -0.722262 -0.691619 0
-36.89569 -6.72644 298.43484 0.722262 0.691619 0
-34.93993 7.70564 298.43484 -0.509354 0.860557 0
-34.93993 7.70564 298.50668 -0.509354 0.860557 0
-34.90334 7.64382 298.50668 0.509354 -0.860557 0
-34.90334 7.64382 298.43484 0.509354 -0.860557 0
-36.93993 6.52186 298.43484 -0.509354 0.860557 0
-36.93993 6.52186 298.50668 -0.509354 0.860557 0
-36.90334 6.46004 298.50668 0.509354 -0.860557 0
-36.90334 6.46004 298.43484 0.509354 -0.860557 0
-34.95041 6.51246 298.43484 -0.800983 0.598687 0
-34.95041 6.51246 298.50668 -0.800983 0.598687 0
-34.89286 6.46945 298.50668 0.800983 -0.598687 0
-34.89286 6.46945 298.43484 0.800983 -0.598687 0
-36.95041 3.83666 298.43484 -0.800983 0.598687 0
-36.95041 3.83666 298.50668 -0.800983 0.598687 0
-36.89286 3.79365 298.50668 0.800983 -0.598687 0
-36.89286 3.79365 298.43484 0.800983 -0.598687 0
-34.95153 3.83507 298.50668 -0.832219 0.554447 0
-34.89174 3.79524 298.50668 0.832219 -0.554447 0
-34.89174 3.79524 298.43484 0.832219 -0.554447 0
-34.95153 3.83507 298.43484 -0.832219 0.554447 0
-36.95153 0.833089 298.50668 -0.832219 0.554447 0
-36.89174 0.793256 298.50668 0.832219 -0.554447 0
-36.89174 0.793256 298.43484 0.832219 -0.554447 0
-36.95153 0.833089 298.43484 -0.832219 0.554447 0
-34.93993 7.70564 296.43484 -0.509354 0.860557 0
-34.93993 7.70564 296.50668 -0.509354 0.860557 0
-34.90334 7.64382 296.50668 0.509354 -0.860557 0
-34.90334 7.64382 296.43484 0.509354 -0.860557 0
-36.93993 6.52186 296.43484 -0.509354 0.860557 0
-36.93993 6.52186 296.50668 -0.509354 0.860557 0
-36.90334 6.46004 296.50668 0.509354 -0.860557 0
-36.90334 6.46004 296.43484 0.509354 -0.860557 0
-34.95041 6.51246 296.50668 -0.800983 0.598687 0
-34.89286 6.46945 296.50668 0.800983 -0.598687 0
-34.89286 6.46945 296.43484 0.800983 -0.598687 0
-34.95041 6.51246 296.43484 -0.800983 0.598687 0
-36.95041 3.83666 296.50668 -0.800983 0.598687 0
-36.89286 3.79365 296.50668 0.800983 -0.598687 0
-36.89286 3.79365 296.43484 0.800983 -0.598687 0
-36.95041 3.83666 296.43484 -0.800983 0.598687 0
-34.95153 3.83507 296.50668 -0.832219 0.554447 0
-34.89174 3.79524 296.50668 0.832219 -0.554447 0
-34.89174 3.79524 296.43484 0.832219 -0.554447 0
-34.95153 3.83507 296.43484 -0.832219 0.554447 0
-36.95153 0.833089 296.50668 -0.832219 0.554447 0
-36.89174 0.793256 296.50668 0.832219 -0.554447 0
-36.89174 0.793256 296.43484 0.832219 -0.554447 0
-36.95153 0.833089 296.43484 -0.832219 0.554447 0
-34.95143 0.833237 298.43484 -0.829448 0.558584 0
-34.95143 0.833237 298.50668 -0.829448 0.558584 0
-34.89184 0.793108 298.50668 0.829448 -0.558584 4.40446e-05
-34.89184 0.793108 298.43484 0.829448 -0.558584 4.34821e-05
-36.95143 -2.13658 298.43484 -0.829448 0.558584 0
-36.95143 -2.13658 298.50668 -0.829448 0.558584 0
-36.89184 -2.17671 298.50668 0.829447 -0.558585 5.62509e-07
-36.89184 -2.17671 298.43484 0.829447 -0.558585 0
-34.94994 -2.13453 298.50668 -0.78786 0.615855 0
-34.89333 -2.17877 298.50668 0.78786 -0.615855 0
-34.89333 -2.17877 298.43484 0.78786 -0.615855 0
-34.94994 -2.13453 298.43484 -0.78786 0.615855 0
-36.94994 -4.69312 298.50668 -0.78786 0.615855 0
-36.89333 -4.73736 298.50668 0.78786 -0.615855 0
-36.89333 -4.73736 298.43484 0.78786 -0.615855 0
-36.94994 -4.69312 298.43484 -0.78786 0.615855 0
-34.94726 -4.69007 298.50668 -0.713394 0.700763 7.45197e-08
-34.89601 -4.74041 298.50668 0.713394 -0.700763 0
-34.89601 -4.74041 298.43484 0.713394 -0.700763 0
-34.94726 -4.69007 298.43484 -0.713394 0.700763 0
-36.94726 -6.72612 298.50668 -0.713394 0.700763 4.65141e-06
-36.89601 -6.77646 298.50668 0.713394 -0.700763 0
-36.89601 -6.77646 298.43484 0.713394 -0.700763 0
-36.94726 -6.72612 298.43484 -0.713394 0.700763 4.57689e-06
-34.95143 0.833237 296.50668 -0.829448 0.558584 4.34821e-05
-34.89184 0.793108 296.50668 0.829447 -0.558585 -4.40446e-05
-34.89184 0.793108 296.43484 0.829447 -0.558585 -4.34821e-05
-34.95143 0.833237 296.43484 -0.829448 0.558584 4.40446e-05
-36.95143 -2.13658 296.50668 -0.829448 0.558584 0
-36.89184 -2.17671 296.50668 0.829448 -0.558584 -5.62509e-07
-36.89184 -2.17671 296.43484 0.829448 -0.558584 0
-36.95143 -2.13658 296.43484 -0.829448 0.558584 5.6251e-07
-34.94994 -2.13453 296.43484 -0.78786 0.615855 0
-34.94994 -2.13453 296.50668 -0.78786 0.615855 0
-34.89333 -2.17877 296.50668 0.78786 -0.615855 0
-34.89333 -2.17877 296.43484 0.78786 -0.615855 0
-36.94994 -4.69312 296.43484 -0.78786 0.615855 0
-36.94994 -4.69312 296.50668 -0.78786 0.615855 0
-36.89333 -4.73736 296.50668 0.78786 -0.615855 0
-36.89333 -4.73736 296.43484 0.78786 -0.615855 0
-34.94726 -4.69007 296.50668 -0.713394 0.700763 0
-34.89601 -4.74041 296.50668 0.713394 -0.700763 0
-34.89601 -4.74041 296.43484 0.713394 -0.700763 0
-34.94726 -4.69007 296.43484 -0.713394 0.700763 0
-36.94726 -6.72612 296.50668 -0.713394 0.700763 0
-36.89601 -6.77646 296.50668 0.713394 -0.700763 0
-36.89601 -6.77646 296.43484 0.713394 -0.700763 0
-36.94726 -6.72612 296.43484 -0.713394 0.700763 0
-36.94758 -8.81506 296.50668 -0.722262 0.691619 -9.18144e-06
-36.94758 -8.81506 296.43484 -0.722262 0.691619 -9.03626e-06
-36.89569 -8.86474 296.43484 0.722262 -0.691619 0
-36.89569 -8.86474 296.50668 0.722262 -0.691619 0
-34.94758 -6.72644 296.50668 -0.722262 0.691619 -1.45176e-07
-34.94758 -6.72644 296.43484 -0.722262 0.691619 0
-34.89569 -6.77613 296.43484 0.722262 -0.691619 0
-34.89569 -6.77613 296.50668 0.722262 -0.691619 0
-36.94758 -8.81506 298.43484 -0.722262 0.691619 0
-36.89569 -8.86474 298.43484 0.722262 -0.691619 0
-36.89569 -8.86474 298.50668 0.722262 -0.691619 0
-36.94758 -8.81506 298.50668 -0.722262 0.691619 0
-34.94758 -6.72644 298.43484 -0.722262 0.691619 0
-34.89569 -6.77613 298.43484 0.722262 -0.691619 0
-34.89569 -6.77613 298.50668 0.722262 -0.691619 0
-34.94758 -6.72644 298.50668 -0.722262 0.691619 0
-34.92163 -6.71537 298.50668 0 1 0
-34.92163 -6.78721 298.50668 0 -1 0
-34.92163 -6.78721 298.43484 0 -1 0
-34.92163 -6.71537 298.43484 0 1 0
-36.92163 -6.71537 298.50668 0 1 0
-36.92163 -6.78721 298.50668 0 -1 0
-36.92163 -6.78721 298.43484 0 -1 0
-36.92163 -6.71537 298.43484 0 1 0
-34.92163 -6.71537 296.50668 0 1 0
-34.92163 -6.78721 296.50668 0 -1 0
-34.92163 -6.78721 296.43484 0 -1 0
-34.92163 -6.71537 296.43484 0 1 0
-36.92163 -6.71537 296.50668 0 1 0
-36.92163 -6.78721 296.50668 0 -1 0
-36.92163 -6.78721 296.43484 0 -1 0
-36.92163 -6.71537 296.43484 0 1 0
-34.92163 -4.67932 296.50668 0 1 0
-34.92163 -4.75116 296.50668 0 -1 0
-34.92163 -4.75116 296.43484 0 -1 0
-34.92163 -4.67932 296.43484 0 1 0
-36.92163 -4.67932 296.50668 0 1 0
-36.92163 -4.75116 296.50668 0 -1 0
-36.92163 -4.75116 296.43484 0 -1 0
-36.92163 -4.67932 296.43484 0 1 0
-34.92163 -4.67932 298.50668 0 1 0
-34.92163 -4.75116 298.50668 0 -1 0
-34.92163 -4.75116 298.43484 0 -1 0
-34.92163 -4.67932 298.43484 0 1 0
-36.92163 -4.67932 298.50668 0 1 0
-36.92163 -4.75116 298.50668 0 -1 0
-36.92163 -4.75116 298.43484 0 -1 0
-36.92163 -4.67932 298.43484 0 1 0
-34.92163 -2.12073 298.50668 0 1 6.63764e-06
-34.92163 -2.19257 298.50668 0 -1 0
-34.92163 -2.19257 298.43484 0 -1 0
-34.92163 -2.12073 298.43484 0 1 6.63764e-06
-36.92163 -2.12073 298.50668 0 1 6.63764e-06
-36.92163 -2.19257 298.50668 0 -1 0
-36.92163 -2.19257 298.43484 0 -1 0
-36.92163 -2.12073 298.43484 0 1 6.63764e-06
-34.92163 -2.12073 296.50668 0 1 6.63764e-06
-34.92163 -2.19257 296.50668 0 -1 0
-34.92163 -2.19257 296.43484 0 -1 0
-34.92163 -2.12073 296.43484 0 1 6.63764e-06
-36.92163 -2.12073 296.50668 0 1 6.63764e-06
-36.92163 -2.19257 296.50668 0 -1 0
-36.92163 -2.19257 296.43484 0 -1 0
-36.92163 -2.12073 296.43484 0 1 6.63764e-06
-34.92163 0.849093 298.50668 0 1 0
-34.92163 0.777251 298.50668 0 -1 0
-34.92163 0.777251 298.43484 0 -1 0
-34.92163 0.849093 298.43484 0 1 0
-36.92163 0.849093 298.50668 0 1 0
-36.92163 0.777251 298.50668 0 -1 0
-36.92163 0.777251 298.43484 0 -1 0
-36.92163 0.849093 298.43484 0 1 0
-34.92163 0.849093 296.50668 0 1 0
-34.92163 0.777251 296.50668 0 -1 0
-34.92163 0.777251 296.43484 0 -1 0
-34.92163 0.849093 296.43484 0 1 0
-36.92163 0.849093 296.50668 0 1 0
-36.92163 0.777251 296.50668 0 -1 0
-36.92163 0.777251 296.43484 0 -1 0
-36.92163 0.849093 296.43484 0 1 0
-34.92163 3.85107 298.50668 0 1 0
-34.92163 3.77923 298.50668 0 -1 0
-34.92163 3.77923 298.43484 0 -1 0
-34.92163 3.85107 298.43484 0 1 0
-36.92163 3.85107 298.50668 0 1 0
-36.92163 3.77923 298.50668 0 -1 0
-36.92163 3.77923 298.43484 0 -1 0
-36.92163 3.85107 298.43484 0 1 0
-34.92163 3.85107 296.50668 0 1 0
-34.92163 3.77923 296.50668 0 -1 0
-34.92163 3.77923 296.43484 0 -1 0
-34.92163 3.85107 296.43484 0 1 0
-36.92163 3.85107 296.50668 0 1 0
-36.92163 3.77923 296.50668 0 -1 0
-36.92163 3.77923 296.43484 0 -1 0
-36.92163 3.85107 296.43484 0 1 0
-36.95756 -6.71537 298.47076 0 1 0
-36.95755 -6.78721 298.47076 0 -1 0
-36.88571 -6.78721 298.47076 0 -1 0
-36.88572 -6.71537 298.47076 0 1 0
-36.95756 -6.71537 296.47076 0 1 0
-36.95755 -6.78721 296.47076 0 -1 0
-36.88571 -6.78721 296.47076 0 -1 0
-36.88572 -6.71537 296.47076 0 1 0
-36.95755 -4.67932 298.47076 0 1 0
-36.95755 -4.75116 298.47076 0 -1 0
-36.88572 -4.75116 298.47076 0 -1 0
-36.88572 -4.67932 298.47076 0 1 0
-36.95755 -4.67932 296.47076 0 1 0
-36.95755 -4.75116 296.47076 0 -1 0
-36.88572 -4.75116 296.47076 0 -1 0
-36.88572 -4.67932 296.47076 0 1 0
-36.95756 -2.12073 298.47076 -6.63729e-06 1 0
-36.95756 -2.19257 298.47076 0 -1 0
-36.88572 -2.19257 298.47076 0 -1 0
-36.88572 -2.12073 298.47076 -6.63729e-06 1 0
-36.95756 -2.12073 296.47076 -6.63729e-06 1 0
-36.95756 -2.19257 296.47076 0 -1 0
-36.88572 -2.19257 296.47076 0 -1 0
-36.88572 -2.12073 296.47076 -6.63729e-06 1 0
-36.95756 0.849093 298.47076 0 1 0
-36.95755 0.777251 298.47076 0 -1 0
-36.88571 0.777251 298.47076 0 -1 0
-36.88572 0.849093 298.47076 0 1 0
-36.95756 0.849093 296.47076 0 1 0
-36.95755 0.777251 296.47076 0 -1 0
-36.88571 0.777251 296.47076 0 -1 0
-36.88572 0.849093 296.47076 0 1 0
-36.95756 3.85107 298.47076 0 1 0
-36.95755 3.77923 298.47076 0 -1 0
-36.88571 3.77923 298.47076 0 -1 0
-36.88572 3.85107 298.47076 0 1 0
-36.95756 3.85107 296.47076 0 1 0
-36.95755 3.77923 296.47076 0 -1 0
-36.88571 3.77923 296.47076 0 -1 0
-36.88572 3.85107 296.47076 0 1 0
-36.81387 -8.8399 296.57852 1 0 0
-37.0294 -8.8399 296.57852 -1 0 0
-37.0294 -8.8399 296.36301 -1 0 0
-36.81387 -8.8399 296.36301 1 0 0
-36.81387 7.78249 296.57852 1 0 0
-37.0294 7.78249 296.57852 -1 0 0
-37.0294 7.78249 296.36301 -1 0 0
-36.81387 7.78249 296.36301 1 0 0
-34.81387 -8.8399 296.57852 0.707107 0 0.707107
-35.0294 -8.8399 296.57852 0 0 1
-35.0294 -8.8399 296.36301 0 0 -1
-34.81387 -8.8399 296.36301 0.707107 0 -0.707107
-34.81387 7.78249 296.57852 0.707107 0 0.707107
-35.0294 7.78249 296.57852 0 0 1
-35.0294 7.78249 296.36301 0 0 -1
-34.81387 7.78249 296.36301 0.707107 0 -0.707107
-36.81387 -8.8399 298.57852 1 0 0
-37.0294 -8.8399 298.57852 -1 0 0
-37.0294 -8.8399 298.36301 -1 0 0
-36.81387 -8.8399 298.36301 1 0 0
-36.81387 7.78249 298.57852 1 0 0
-37.0294 7.78249 298.57852 -1 0 0
-37.0294 7.78249 298.36301 -1 0 0
-36.81387 7.78249 298.36301 1 0 0
-34.81387 -8.8399 298.57852 0.707107 0 0.707107
-35.0294 -8.8399 298.57852 0 0 1
-35.0294 -8.8399 298.36301 0 0 -1
-34.81387 -8.8399 298.36301 0.707107 0 -0.707107
-34.81387 7.78249 298.57852 0.707107 0 0.707107
-35.0294 7.78249 298.57852 0 0 1
-35.0294 7.78249 298.36301 0 0 -1
-34.81387 7.78249 298.36301 0.707107 0 -0.707107
-35.0294 6.59871 296.47076 -1 0 0
-34.81387 6.59871 296.47076 1 0 0
-34.81387 6.38319 296.47076 1 0 0
-35.0294 6.38319 296.47076 -1 0 0
-35.0294 6.59871 298.47076 -1 0 0
-34.81387 6.59871 298.47076 1 0 0
-34.81387 6.38319 298.47076 1 0 0
-35.0294 6.38319 298.47076 -1 0 0
-37.0294 6.59871 298.47076 -1 0 0
-37.0294 6.38319 298.47076 -1 0 0
-36.81387 6.38319 298.47076 1 0 0
-36.81387 6.59871 298.47076 1 0 0
-37.0294 6.59871 296.47076 -1 0 0
-37.0294 6.38319 296.47076 -1 0 0
-36.81387 6.38319 296.47076 1 0 0
-36.81387 6.59871 296.47076 1 0 0
-35.0294 7.78249 296.47076 -1 -1.76994e-05 0
-34.81387 7.78249 296.47076 1 1.76994e-05 0
-34.81387 7.56697 296.47076 1 1.76994e-05 0
-35.0294 7.56697 296.47076 -1 -1.76994e-05 0
-35.0294 7.78249 298.47076 -1 -1.76994e-05 0
-34.81387 7.78249 298.47076 1 1.76994e-05 0
-34.81387 7.56697 298.47076 1 1.76994e-05 0
-35.0294 7.56697 298.47076 -1 -1.76994e-05 0
-37.0294 7.78249 298.47076 -1 -1.76994e-05 0
-37.0294 7.56697 298.47076 -1 -1.76994e-05 0
-36.81387 7.56697 298.47076 1 1.76994e-05 0
-36.81387 7.78249 298.47076 1 1.76994e-05 0
-37.0294 7.78249 296.47076 -1 -1.76994e-05 0
-37.0294 7.56697 296.47076 -1 -1.76994e-05 0
-36.81387 7.56697 296.47076 1 1.76994e-05 0
-36.81387 7.78249 296.47076 1 1.76994e-05 0
-34.92163 6.59871 296.36301 0 0 -1
-34.92163 6.59871 296.57852 0 0 1
-34.92163 6.38319 296.57852 0 0 1
-34.92163 6.38319 296.36301 0 0 -1
-36.92163 6.59871 296.36301 0 0 -1
-36.92163 6.59871 296.57852 0 0 1
-36.92163 6.38319 296.57852 0 0 1
-36.92163 6.38319 296.36301 0 0 -1
-34.92163 6.59871 298.36301 0 0 -1
-34.92163 6.59871 298.57852 0 0 1
-34.92163 6.38319 298.57852 0 0 1
-34.92163 6.38319 298.36301 0 0 -1
-36.92163 6.59871 298.36301 0 0 -1
-36.92163 6.59871 298.57852 0 0 1
-36.92163 6.38319 298.57852 0 0 1
-36.92163 6.38319 298.36301 0 0 -1
-34.92163 7.78249 298.36301 0 0 -1
-34.92163 7.78249 298.57852 0 0 1
-34.92163 7.56697 298.57852 0 0 1
-34.92163 7.56697 298.36301 0 0 -1
-36.92163 7.78249 298.36301 0 0 -1
-36.92163 7.78249 298.57852 0 0 1
-36.92163 7.56697 298.57852 0 0 1
-36.92163 7.56697 298.36301 0 0 -1
-34.92163 7.78249 296.36301 0 0 -1
-34.92163 7.78249 296.57852 0 0 1
-34.92163 7.56697 296.57852 0 0 1
-34.92163 7.56697 296.36301 0 0 -1
-36.92163 7.78249 296.36301 0 0 -1
-36.92163 7.78249 296.57852 0 0 1
-36.92163 7.56697 296.57852 0 0 1
-36.92163 7.56697 296.36301 0 0 -1
-36.95756 7.70564 296.48907 -1 -4.56848e-05 -2.70403e-05
-36.88572 7.70564 296.48907 1 4.56848e-05 2.70403e-05
-36.88571 7.64382 296.45245 1 4.56848e-05 2.70403e-05
-36.95755 7.64382 296.45245 -1 -4.56848e-05 -2.70403e-05
-36.95756 6.52186 298.48907 -1 -4.56848e-05 -2.70403e-05
-36.88572 6.52186 298.48907 1 4.56848e-05 2.70403e-05
-36.88571 6.46004 298.45245 1 4.56848e-05 2.70403e-05
-36.95755 6.46004 298.45245 -1 -4.56848e-05 -2.70403e-05
-36.88571 6.51246 296.49954 1 -3.17852e-05 -4.25253e-05
-36.88572 6.46945 296.44199 1 -3.17852e-05 -4.25253e-05
-36.95756 6.46945 296.44199 -1 3.17852e-05 4.25253e-05
-36.95755 6.51246 296.49954 -1 3.17852e-05 4.25253e-05
-36.88571 3.83666 298.49954 1 -3.17852e-05 -4.25253e-05
-36.88572 3.79365 298.44199 1 -3.17852e-05 -4.25253e-05
-36.95756 3.79365 298.44199 -1 3.17852e-05 4.25253e-05
-36.95755 3.83666 298.49954 -1 3.17852e-05 4.25253e-05
-36.95755 3.83507 296.50067 -1 0 0
-36.88572 3.83507 296.50067 1 0 0
-36.88572 3.79524 296.44086 1 0 0
-36.95755 3.79524 296.44086 -1 0 0
-36.95755 0.833089 298.50067 -1 0 0
-36.88572 0.833089 298.50067 1 0 0
-36.88572 0.793256 298.44086 1 0 0
-36.95755 0.793256 298.44086 -1 0 0
-36.88572 0.833237 296.50055 1 0 0
-36.88572 0.793108 296.44098 1 0 0
-36.95755 0.793108 296.44098 -1 0 0
-36.95755 0.833237 296.50055 -1 0 0
-36.88572 -2.13658 298.50055 1 0 0
-36.88572 -2.17671 298.44098 1 0 0
-36.95755 -2.17671 298.44098 -1 0 0
-36.95755 -2.13658 298.50055 -1 0 0
-36.95755 -2.13453 296.49905 -1 0 0
-36.88572 -2.13453 296.49905 1 0 0
-36.88572 -2.17877 296.44247 1 0 0
-36.95755 -2.17877 296.44247 -1 0 0
-36.95755 -4.69312 298.49905 -1 0 0
-36.88572 -4.69312 298.49905 1 0 0
-36.88572 -4.73736 298.44247 1 0 0
-36.95755 -4.73736 298.44247 -1 0 0
-36.95755 -4.69007 296.4964 -1 0 0
-36.88572 -4.69007 296.4964 1 0 0
-36.88572 -4.74041 296.44513 1 0 0
-36.95755 -4.74041 296.44513 -1 0 0
-36.95755 -6.72612 298.4964 -1 0 0
-36.88572 -6.72612 298.4964 1 0 0
-36.88572 -6.77646 298.44513 1 0 0
-36.95755 -6.77646 298.44513 -1 0 0
-36.95755 -8.81506 298.4967 -1 0 0
-36.95755 -8.86474 298.44482 -1 0 0
-36.88572 -8.86474 298.44482 1 -9.527e-07 9.12438e-07
-36.88572 -8.81506 298.4967 1 -3.56964e-07 1.50441e-06
-36.95755 -6.72644 296.4967 -1 0 0
-36.95755 -6.77613 296.44482 -1 0 0
-36.88571 -6.77613 296.44482 1 3.61314e-05 3.77624e-05
-36.88572 -6.72644 296.4967 1 3.67272e-05 3.83544e-05
-36.88571 7.70564 298.45245 1 -4.56848e-05 2.70403e-05
-36.95755 7.70564 298.45245 -1 4.56848e-05 -2.70403e-05
-36.95756 7.64382 298.48907 -1 4.56848e-05 -2.70403e-05
-36.88572 7.64382 298.48907 1 -4.56848e-05 2.70403e-05
-36.88571 6.52186 296.45245 1 -4.56848e-05 2.70403e-05
-36.95755 6.52186 296.45245 -1 4.56848e-05 -2.70403e-05
-36.95756 6.46004 296.48907 -1 4.56848e-05 -2.70403e-05
-36.88572 6.46004 296.48907 1 -4.56848e-05 2.70403e-05
-36.95756 6.51246 298.44199 -1 -3.17852e-05 4.25253e-05
-36.95755 6.46945 298.49954 -1 -3.17852e-05 4.25253e-05
-36.88571 6.46945 298.49954 1 3.17852e-05 -4.25253e-05
-36.88572 6.51246 298.44199 1 3.17852e-05 -4.25253e-05
-36.95756 3.83666 296.44199 -1 -3.17852e-05 4.25253e-05
-36.95755 3.79365 296.49954 -1 -3.17852e-05 4.25253e-05
-36.88571 3.79365 296.49954 1 3.17852e-05 -4.25253e-05
-36.88572 3.83666 296.44199 1 3.17852e-05 -4.25253e-05
-36.95755 3.83507 298.44086 -1 0 0
-36.95755 3.79524 298.50067 -1 0 0
-36.88572 3.79524 298.50067 1 0 0
-36.88572 3.83507 298.44086 1 0 0
-36.95755 0.833089 296.44086 -1 0 0
-36.95755 0.793256 296.50067 -1 0 0
-36.88572 0.793256 296.50067 1 0 0
-36.88572 0.833089 296.44086 1 0 0
-36.88572 0.833237 298.44098 1 0 0
-36.95755 0.833237 298.44098 -1 0 0
-36.95755 0.793108 298.50055 -1 0 0
-36.88572 0.793108 298.50055 1 0 0
-36.88572 -2.13658 296.44098 1 0 0
-36.95755 -2.13658 296.44098 -1 0 0
-36.95755 -2.17671 296.50055 -1 0 0
-36.88572 -2.17671 296.50055 1 0 0
-36.95755 -2.13453 298.44247 -1 0 0
-36.95755 -2.17877 298.49905 -1 0 0
-36.88572 -2.17877 298.49905 1 0 0
-36.88572 -2.13453 298.44247 1 0 0
-36.95755 -4.69312 296.44247 -1 0 0
-36.95755 -4.73736 296.49905 -1 0 0
-36.88572 -4.73736 296.49905 1 0 0
-36.88572 -4.69312 296.44247 1 0 0
-36.95755 -4.69007 298.44513 -1 0 0
-36.95755 -4.74041 298.4964 -1 0 0
-36.88572 -4.74041 298.4964 1 0 0
-36.88572 -4.69007 298.44513 1 0 0
-36.95755 -6.72612 296.44513 -1 0 0
-36.95755 -6.77646 296.4964 -1 0 0
-36.88572 -6.77646 296.4964 1 0 0
-36.88572 -6.72612 296.44513 1 0 0
-36.88572 -8.81506 296.44482 1 -9.52709e-07 -9.12429e-07
-36.88572 -8.86474 296.4967 1 -1.51838e-06 -2.9154e-07
-36.95755 -8.86474 296.4967 -1 -9.52709e-07 -9.12429e-07
-36.95755 -8.81506 296.44482 -1 -3.56969e-07 -1.50441e-06
-36.88571 -6.72644 298.44482 1 -3.61615e-05 3.77335e-05
-36.88572 -6.77613 298.4967 1 -3.67272e-05 3.83544e-05
-36.95756 -6.77613 298.4967 -1 3.61314e-05 -3.77624e-05
-36.95755 -6.72644 298.44482 -1 3.67271e-05 -3.83544e-05
-36.90334 7.70564 298.50668 0 0 1
-36.90334 7.70564 298.43484 0 0 -1
-36.93993 7.64382 298.43484 0 0 -1
-36.93993 7.64382 298.50668 0 0 1
-34.90334 6.52186 298.50668 0 0 1
-34.90334 6.52186 298.43484 0 0 -1
-34.93993 6.46004 298.43484 0 0 -1
-34.93993 6.46004 298.50668 0 0 1
-36.89286 6.51246 298.43484 0 0 -1
-36.95041 6.46945 298.43484 0 0 -1
-36.95041 6.46945 298.50668 0 0 1
-36.89286 6.51246 298.50668 0 0 1
-34.89286 3.83666 298.43484 0 0 -1
-34.95041 3.79365 298.43484 0 0 -1
-34.95041 3.79365 298.50668 0 0 1
-34.89286 3.83666 298.50668 0 0 1
-36.89174 3.83507 298.50668 0 0 1
-36.89174 3.83507 298.43484 0 0 -1
-36.95153 3.79524 298.43484 0 0 -1
-36.95153 3.79524 298.50668 0 0 1
-34.89174 0.833089 298.50668 0 0 1
-34.89174 0.833089 298.43484 0 0 -1
-34.95153 0.793256 298.43484 0 0 -1
-34.95153 0.793256 298.50668 0 0 1
-36.90334 7.70564 296.43484 0 0 -1
-36.93993 7.64382 296.43484 0 0 -1
-36.93993 7.64382 296.50668 0 0 1
-36.90334 7.70564 296.50668 0 0 1
-34.90334 6.52186 296.43484 0 0 -1
-34.93993 6.46004 296.43484 0 0 -1
-34.93993 6.46004 296.50668 0 0 1
-34.90334 6.52186 296.50668 0 0 1
-36.89286 6.51246 296.43484 0 0 -1
-36.95041 6.46945 296.43484 0 0 -1
-36.95041 6.46945 296.50668 0 0 1
-36.89286 6.51246 296.50668 0 0 1
-34.89286 3.83666 296.43484 0 0 -1
-34.95041 3.79365 296.43484 0 0 -1
-34.95041 3.79365 296.50668 0 0 1
-34.89286 3.83666 296.50668 0 0 1
-36.89174 3.83507 296.50668 0 0 1
-36.89174 3.83507 296.43484 0 0 -1
-36.95153 3.79524 296.43484 0 0 -1
-36.95153 3.79524 296.50668 0 0 1
-34.89174 0.833089 296.50668 0 0 1
-34.89174 0.833089 296.43484 0 0 -1
-34.95153 0.793256 296.43484 0 0 -1
-34.95153 0.793256 296.50668 0 0 1
-36.89184 0.833237 298.43484 0 0 -1
-36.95143 0.793108 298.43484 0 0 -1
-36.95143 0.793108 298.50668 0 0 1
-36.89184 0.833237 298.50668 0 0 1
-34.89184 -2.13658 298.43484 0 0 -1
-34.95143 -2.17671 298.43484 0 0 -1
-34.95143 -2.17671 298.50668 0 0 1
-34.89184 -2.13658 298.50668 0 0 1
-36.89333 -2.13453 298.43484 0 0 -1
-36.94994 -2.17877 298.43484 0 0 -1
-36.94994 -2.17877 298.50668 0 0 1
-36.89333 -2.13453 298.50668 0 0 1
-34.89333 -4.69312 298.43484 0 0 -1
-34.94994 -4.73736 298.43484 0 0 -1
-34.94994 -4.73736 298.50668 0 0 1
-34.89333 -4.69312 298.50668 0 0 1
-36.89601 -4.69007 298.50668 0 0 1
-36.89601 -4.69007 298.43484 0 0 -1
-36.94726 -4.74041 298.43484 0 0 -1
-36.94726 -4.74041 298.50668 0 0 1
-34.89601 -6.72612 298.50668 0 0 1
-34.89601 -6.72612 298.43484 0 0 -1
-34.94726 -6.77646 298.43484 0 0 -1
-34.94726 -6.77646 298.50668 0 0 1
-36.89184 0.833237 296.50668 0 0 1
-36.89184 0.833237 296.43484 0 0 -1
-36.95143 0.793108 296.43484 0 0 -1
-36.95143 0.793108 296.50668 0 0 1
-34.89184 -2.13658 296.50668 0 0 1
-34.89184 -2.13658 296.43484 0 0 -1
-34.95143 -2.17671 296.43484 0 0 -1
-34.95143 -2.17671 296.50668 0 0 1
-36.89333 -2.13453 296.50668 0 0 1
-36.89333 -2.13453 296.43484 0 0 -1
-36.94994 -2.17877 296.43484 0 0 -1
-36.94994 -2.17877 296.50668 0 0 1
-34.89333 -4.69312 296.50668 0 0 1
-34.89333 -4.69312 296.43484 0 0 -1
-34.94994 -4.73736 296.43484 0 0 -1
-34.94994 -4.73736 296.50668 0 0 1
-36.89601 -4.69007 296.50668 0 0 1
-36.89601 -4.69007 296.43484 0 0 -1
-36.94726 -4.74041 296.43484 0 0 -1
-36.94726 -4.74041 296.50668 0 0 1
-34.89601 -6.72612 296.50668 0 0 1
-34.89601 -6.72612 296.43484 0 0 -1
-34.94726 -6.77646 296.43484 0 0 -1
-34.94726 -6.77646 296.50668 0 0 1
-34.89569 -8.81506 296.50668 0 0 1
-34.94758 -8.86474 296.50668 0 0 1
-34.94758 -8.86474 296.43484 0 0 -1
-34.89569 -8.81506 296.43484 0 0 -1
-36.89569 -6.72644 296.50668 0 0 1
-36.94758 -6.77613 296.50668 0 0 1
-36.94758 -6.77613 296.43484 0 0 -1
-36.89569 -6.72644 296.43484 0 0 -1
-34.89569 -8.81506 298.50668 0 0 1
-34.94758 -8.86474 298.50668 0 0 1
-34.94758 -8.86474 298.43484 0 0 -1
-34.89569 -8.81506 298.43484 0 0 -1
-36.89569 -6.72644 298.50668 0 0 1
-36.94758 -6.77613 298.50668 0 0 1
-36.94758 -6.77613 298.43484 0 0 -1
-36.89569 -6.72644 298.43484 0 0 -1
-34.93993 7.70564 298.43484 0 0 -1
-34.93993 7.70564 298.50668 0 0 1
-34.90334 7.64382 298.50668 0 0 1
-34.90334 7.64382 298.43484 0 0 -1
-36.93993 6.52186 298.43484 0 0 -1
-36.93993 6.52186 298.50668 0 0 1
-36.90334 6.46004 298.50668 0 0 1
-36.90334 6.46004 298.43484 0 0 -1
-34.95041 6.51246 298.43484 0 0 -1
-34.95041 6.51246 298.50668 0 0 1
-34.89286 6.46945 298.50668 0 0 1
-34.89286 6.46945 298.43484 0 0 -1
-36.95041 3.83666 298.43484 0 0 -1
-36.95041 3.83666 298.50668 0 0 1
-36.89286 3.79365 298.50668 0 0 1
-36.89286 3.79365 298.43484 0 0 -1
-34.95153 3.83507 298.50668 0 0 1
-34.89174 3.79524 298.50668 0 0 1
-34.89174 3.79524 298.43484 0 0 -1
-34.95153 3.83507 298.43484 0 0 -1
-36.95153 0.833089 298.50668 0 0 1
-36.89174 0.793256 298.50668 0 0 1
-36.89174 0.793256 298.43484 0 0 -1
-36.95153 0.833089 298.43484 0 0 -1
-34.93993 7.70564 296.43484 0 0 -1
-34.93993 7.70564 296.50668 0 0 1
-34.90334 7.64382 296.50668 0 0 1
-34.90334 7.64382 296.43484 0 0 -1
-36.93993 6.52186 296.43484 0 0 -1
-36.93993 6.52186 296.50668 0 0 1
-36.90334 6.46004 296.50668 0 0 1
-36.90334 6.46004 296.43484 0 0 -1
-34.95041 6.51246 296.50668 0 0 1
-34.89286 6.46945 296.50668 0 0 1
-34.89286 6.46945 296.43484 0 0 -1
-34.95041 6.51246 296.43484 0 0 -1
-36.95041 3.83666 296.50668 0 0 1
-36.89286 3.79365 296.50668 0 0 1
-36.89286 3.79365 296.43484 0 0 -1
-36.95041 3.83666 296.43484 0 0 -1
-34.95153 3.83507 296.50668 0 0 1
-34.89174 3.79524 296.50668 0 0 1
-34.89174 3.79524 296.43484 0 0 -1
-34.95153 3.83507 296.43484 0 0 -1
-36.95153 0.833089 296.50668 0 0 1
-36.89174 0.793256 296.50668 0 0 1
-36.89174 0.793256 296.43484 0 0 -1
-36.95153 0.833089 296.43484 0 0 -1
-34.95143 0.833237 298.43484 0 0 -1
-34.95143 0.833237 298.50668 0 0 1
-34.89184 0.793108 298.50668 0 0 1
-34.89184 0.793108 298.43484 0 0 -1
-36.95143 -2.13658 298.43484 0 0 -1
-36.95143 -2.13658 298.50668 0 0 1
-36.89184 -2.17671 298.50668 0 0 1
-36.89184 -2.17671 298.43484 0 0 -1
-34.94994 -2.13453 298.50668 0 0 1
-34.89333 -2.17877 298.50668 0 0 1
-34.89333 -2.17877 298.43484 0 0 -1
-34.94994 -2.13453 298.43484 0 0 -1
-36.94994 -4.69312 298.50668 0 0 1
-36.89333 -4.73736 298.50668 0 0 1
-36.89333 -4.73736 298.43484 0 0 -1
-36.94994 -4.69312 298.43484 0 0 -1
-34.94726 -4.69007 298.50668 0 0 1
-34.89601 -4.74041 298.50668 0 0 1
-34.89601 -4.74041 298.43484 0 0 -1
-34.94726 -4.69007 298.43484 0 0 -1
-36.94726 -6.72612 298.50668 0 0 1
-36.89601 -6.77646 298.50668 0 0 1
-36.89601 -6.77646 298.43484 0 0 -1
-36.94726 -6.72612 298.43484 0 0 -1
-34.95143 0.833237 296.50668 0 0 1
-34.89184 0.793108 296.50668 0 0 1
-34.89184 0.793108 296.43484 0 0 -1
-34.95143 0.833237 296.43484 0 0 -1
-36.95143 -2.13658 296.50668 0 0 1
-36.89184 -2.17671 296.50668 0 0 1
-36.89184 -2.17671 296.43484 0 0 -1
-36.95143 -2.13658 296.43484 0 0 -1
-34.94994 -2.13453 296.43484 0 0 -1
-34.94994 -2.13453 296.50668 0 0 1
-34.89333 -2.17877 296.50668 0 0 1
-34.89333 -2.17877 296.43484 0 0 -1
-36.94994 -4.69312 296.43484 0 0 -1
-36.94994 -4.69312 296.50668 0 0 1
-36.89333 -4.73736 296.50668 0 0 1
-36.89333 -4.73736 296.43484 0 0 -1
-34.94726 -4.69007 296.50668 0 0 1
-34.89601 -4.74041 296.50668 0 0 1
-34.89601 -4.74041 296.43484 0 0 -1
-34.94726 -4.69007 296.43484 0 0 -1
-36.94726 -6.72612 296.50668 0 0 1
-36.89601 -6.77646 296.50668 0 0 1
-36.89601 -6.77646 296.43484 0 0 -1
-36.94726 -6.72612 296.43484 0 0 -1
-36.94758 -8.81506 296.50668 0 0 1
-36.94758 -8.81506 296.43484 0 0 -1
-36.89569 -8.86474 296.43484 0 0 -1
-36.89569 -8.86474 296.50668 0 0 1
-34.94758 -6.72644 296.50668 0 0 1
-34.94758 -6.72644 296.43484 0 0 -1
-34.89569 -6.77613 296.43484 0 0 -1
-34.89569 -6.77613 296.50668 0 0 1
-36.94758 -8.81506 298.43484 0 0 -1
-36.89569 -8.86474 298.43484 0 0 -1
-36.89569 -8.86474 298.50668 0 0 1
-36.94758 -8.81506 298.50668 0 0 1
-34.94758 -6.72644 298.43484 0 0 -1
-34.89569 -6.77613 298.43484 0 0 -1
-34.89569 -6.77613 298.50668 0 0 1
-34.94758 -6.72644 298.50668 0 0 1
-34.92163 -6.71537 298.50668 0 0 1
-34.92163 -6.78721 298.50668 0 0 1
-34.92163 -6.78721 298.43484 0 0 -1
-34.92163 -6.71537 298.43484 0 0 -1
-36.92163 -6.71537 298.50668 0 0 1
-36.92163 -6.78721 298.50668 0 0 1
-36.92163 -6.78721 298.43484 0 0 -1
-36.92163 -6.71537 298.43484 0 0 -1
-34.92163 -6.71537 296.50668 0 0 1
-34.92163 -6.78721 296.50668 0 0 1
-34.92163 -6.78721 296.43484 0 0 -1
-34.92163 -6.71537 296.43484 0 0 -1
-36.92163 -6.71537 296.50668 0 0 1
-36.92163 -6.78721 296.50668 0 0 1
-36.92163 -6.78721 296.43484 0 0 -1
-36.92163 -6.71537 296.43484 0 0 -1
-34.92163 -4.67932 296.50668 0 0 1
-34.92163 -4.75116 296.50668 0 0 1
-34.92163 -4.75116 296.43484 0 0 -1
-34.92163 -4.67932 296.43484 0 0 -1
-36.92163 -4.67932 296.50668 0 0 1
-36.92163 -4.75116 296.50668 0 0 1
-36.92163 -4.75116 296.43484 0 0 -1
-36.92163 -4.67932 296.43484 0 0 -1
-34.92163 -4.67932 298.50668 0 0 1
-34.92163 -4.75116 298.50668 0 0 1
-34.92163 -4.75116 298.43484 0 0 -1
-34.92163 -4.67932 298.43484 0 0 -1
-36.92163 -4.67932 298.50668 0 0 1
-36.92163 -4.75116 298.50668 0 0 1
-36.92163 -4.75116 298.43484 0 0 -1
-36.92163 -4.67932 298.43484 0 0 -1
-34.92163 -2.12073 298.50668 0 0 1
-34.92163 -2.19257 298.50668 0 0 1
-34.92163 -2.19257 298.43484 0 0 -1
-34.92163 -2.12073 298.43484 0 0 -1
-36.92163 -2.12073 298.50668 0 0 1
-36.92163 -2.19257 298.50668 0 0 1
-36.92163 -2.19257 298.43484 0 0 -1
-36.92163 -2.12073 298.43484 0 0 -1
-34.92163 -2.12073 296.50668 0 0 1
-34.92163 -2.19257 296.50668 0 0 1
-34.92163 -2.19257 296.43484 0 0 -1
-34.92163 -2.12073 296.43484 0 0 -1
-36.92163 -2.12073 296.50668 0 0 1
-36.92163 -2.19257 296.50668 0 0 1
-36.92163 -2.19257 296.43484 0 0 -1
-36.92163 -2.12073 296.43484 0 0 -1
-34.92163 0.849093 298.50668 0 0 1
-34.92163 0.777251 298.50668 0 0 1
-34.92163 0.777251 298.43484 0 0 -1
-34.92163 0.849093 298.43484 0 0 -1
-36.92163 0.849093 298.50668 0 0 1
-36.92163 0.777251 298.50668 0 0 1
-36.92163 0.777251 298.43484 0 0 -1
-36.92163 0.849093 298.43484 0 0 -1
-34.92163 0.849093 296.50668 0 0 1
-34.92163 0.777251 296.50668 0 0 1
-34.92163 0.777251 296.43484 0 0 -1
-34.92163 0.849093 296.43484 0 0 -1
-36.92163 0.849093 296.50668 0 0 1
-36.92163 0.777251 296.50668 0 0 1
-36.92163 0.777251 296.43484 0 0 -1
-36.92163 0.849093 296.43484 0 0 -1
-34.92163 3.85107 298.50668 0 0 1
-34.92163 3.77923 298.50668 0 0 1
-34.92163 3.77923 298.43484 0 0 -1
-34.92163 3.85107 298.43484 0 0 -1
-36.92163 3.85107 298.50668 0 0 1
-36.92163 3.77923 298.50668 0 0 1
-36.92163 3.77923 298.43484 0 0 -1
-36.92163 3.85107 298.43484 0 0 -1
-34.92163 3.85107 296.50668 0 0 1
-34.92163 3.77923 296.50668 0 0 1
-34.92163 3.77923 296.43484 0 0 -1
-34.92163 3.85107 296.43484 0 0 -1
-36.92163 3.85107 296.50668 0 0 1
-36.92163 3.77923 296.50668 0 0 1
-36.92163 3.77923 296.43484 0 0 -1
-36.92163 3.85107 296.43484 0 0 -1
-36.95756 -6.71537 298.47076 -1 -5.30983e-05 0
-36.95755 -6.78721 298.47076 -1 -5.30983e-05 0
-36.88571 -6.78721 298.47076 1 5.30983e-05 0
-36.88572 -6.71537 298.47076 1 5.30983e-05 0
-36.95756 -6.71537 296.47076 -1 -5.30983e-05 0
-36.95755 -6.78721 296.47076 -1 -5.30983e-05 0
-36.88571 -6.78721 296.47076 1 5.30983e-05 0
-36.88572 -6.71537 296.47076 1 5.30983e-05 0
-36.95755 -4.67932 298.47076 -1 0 0
-36.95755 -4.75116 298.47076 -1 0 0
-36.88572 -4.75116 298.47076 1 0 0
-36.88572 -4.67932 298.47076 1 0 0
-36.95755 -4.67932 296.47076 -1 0 0
-36.95755 -4.75116 296.47076 -1 0 0
-36.88572 -4.75116 296.47076 1 0 0
-36.88572 -4.67932 296.47076 1 0 0
-36.95756 -2.12073 298.47076 -1 0 0
-36.95756 -2.19257 298.47076 -1 0 0
-36.88572 -2.19257 298.47076 1 0 0
-36.88572 -2.12073 298.47076 1 0 0
-36.95756 -2.12073 296.47076 -1 0 0
-36.95756 -2.19257 296.47076 -1 0 0
-36.88572 -2.19257 296.47076 1 0 0
-36.88572 -2.12073 296.47076 1 0 0
-36.95756 0.849093 298.47076 -1 -5.30983e-05 0
-36.95755 0.777251 298.47076 -1 -5.30983e-05 0
-36.88571 0.777251 298.47076 1 5.30983e-05 0
-36.88572 0.849093 298.47076 1 5.30983e-05 0
-36.95756 0.849093 296.47076 -1 -5.30983e-05 0
-36.95755 0.777251 296.47076 -1 -5.30983e-05 0
-36.88571 0.777251 296.47076 1 5.30983e-05 0
-36.88572 0.849093 296.47076 1 5.30983e-05 0
-36.95756 3.85107 298.47076 -1 -5.30983e-05 0
-36.95755 3.77923 298.47076 -1 -5.30983e-05 0
-36.88571 3.77923 298.47076 1 5.30983e-05 0
-36.88572 3.85107 298.47076 1 5.30983e-05 0
-36.95756 3.85107 296.47076 -1 -5.30983e-05 0
-36.95755 3.77923 296.47076 -1 -5.30983e-05 0
-36.88571 3.77923 296.47076 1 5.30983e-05 0
-36.88572 3.85107 296.47076 1 5.30983e-05 0
-36.81387 7.78249 296.57852 0 1 0
-37.0294 7.78249 296.57852 0 1 0
-37.0294 7.78249 296.36301 0 1 0
-36.81387 7.78249 296.36301 0 1 0
-34.81387 7.78249 296.57852 0 1 0
-35.0294 7.78249 296.57852 0 1 0
-35.0294 7.78249 296.36301 0 1 0
-34.81387 7.78249 296.36301 0 1 0
-36.81387 7.78249 298.57852 0 1 0
-37.0294 7.78249 298.57852 0 1 0
-37.0294 7.78249 298.36301 0 1 0
-36.81387 7.78249 298.36301 0 1 0
-34.81387 7.78249 298.57852 0 1 0
-35.0294 7.78249 298.57852 0 1 0
-35.0294 7.78249 298.36301 0 1 0
-34.81387 7.78249 298.36301 0 1 0
-36.81387 -8.8399 296.57852 0 0 1
-37.0294 -8.8399 296.57852 0 0 1
-37.0294 -8.8399 296.36301 0 0 -1
-36.81387 -8.8399 296.36301 0 0 -1
-36.81387 7.78249 296.57852 0 0 1
-37.0294 7.78249 296.57852 0 0 1
-37.0294 7.78249 296.36301 0 0 -1
-36.81387 7.78249 296.36301 0 0 -1
-35.0294 -8.8399 296.57852 -1 0 0
-35.0294 -8.8399 296.36301 -1 0 0
-35.0294 7.78249 296.57852 -1 0 0
-35.0294 7.78249 296.36301 -1 0 0
-36.81387 -8.8399 298.57852 0 0 1
-37.0294 -8.8399 298.57852 0 0 1
-37.0294 -8.8399 298.36301 0 0 -1
-36.81387 -8.8399 298.36301 0 0 -1
-36.81387 7.78249 298.57852 0 0 1
-37.0294 7.78249 298.57852 0 0 1
-37.0294 7.78249 298.36301 0 0 -1
-36.81387 7.78249 298.36301 0 0 -1
-35.0294 -8.8399 298.57852 -1 0 0
-35.0294 -8.8399 298.36301 -1 0 0
-35.0294 7.78249 298.57852 -1 0 0
-35.0294 7.78249 298.36301 -1 0 0
-35.0294 6.59871 279.47076 0 1 0
-34.81387 6.59871 279.47076 0 1 0
-34.81387 6.38319 279.47076 0 -1 0
-35.0294 6.38319 279.47076 0 -1 0
-35.0294 6.59871 281.47076 0 1 0
-34.81387 6.59871 281.47076 0 1 0
-34.81387 6.38319 281.47076 0 -1 0
-35.0294 6.38319 281.47076 0 -1 0
-37.0294 6.59871 281.47076 0 1 0
-37.0294 6.38319 281.47076 0 -1 0
-36.81387 6.38319 281.47076 0 -1 0
-36.81387 6.59871 281.47076 0 1 0
-37.0294 6.59871 279.47076 0 1 0
-37.0294 6.38319 279.47076 0 -1 0
-36.81387 6.38319 279.47076 0 -1 0
-36.81387 6.59871 279.47076 0 1 0
-35.0294 7.78249 279.47076 0 1 0
-34.81387 7.78249 279.47076 0 1 0
-34.81387 7.56697 279.47076 0 -1 0
-35.0294 7.56697 279.47076 0 -1 0
-35.0294 7.78249 281.47076 0 1 0
-34.81387 7.78249 281.47076 0 1 0
-34.81387 7.56697 281.47076 0 -1 0
-35.0294 7.56697 281.47076 0 -1 0
-37.0294 7.78249 281.47076 0 1 0
-37.0294 7.56697 281.47076 0 -1 0
-36.81387 7.56697 281.47076 0 -1 0
-36.81387 7.78249 281.47076 0 1 0
-37.0294 7.78249 279.47076 0 1 0
-37.0294 7.56697 279.47076 0 -1 0
-36.81387 7.56697 279.47076 0 -1 0
-36.81387 7.78249 279.47076 0 1 0
-34.92163 6.59871 279.36301 0 1 0
-34.92163 6.59871 279.57852 0 1 0
-34.92163 6.38319 279.57852 0 -1 0
-34.92163 6.38319 279.36301 0 -1 0
-36.92163 6.59871 279.36301 0 1 0
-36.92163 6.59871 279.57852 0 1 0
-36.92163 6.38319 279.57852 0 -1 0
-36.92163 6.38319 279.36301 0 -1 0
-34.92163 6.59871 281.36301 0 1 0
-34.92163 6.59871 281.57852 0 1 0
-34.92163 6.38319 281.57852 0 -1 0
-34.92163 6.38319 281.36301 0 -1 0
-36.92163 6.59871 281.36301 0 1 0
-36.92163 6.59871 281.57852 0 1 0
-36.92163 6.38319 281.57852 0 -1 0
-36.92163 6.38319 281.36301 0 -1 0
-34.92163 7.78249 281.36301 0 1 0
-34.92163 7.78249 281.57852 0 1 0
-34.92163 7.56697 281.57852 0 -1 0
-34.92163 7.56697 281.36301 0 -1 0
-36.92163 7.78249 281.36301 0 1 0
-36.92163 7.78249 281.57852 0 1 0
-36.92163 7.56697 281.57852 0 -1 0
-36.92163 7.56697 281.36301 0 -1 0
-34.92163 7.78249 279.36301 0 1 0
-34.92163 7.78249 279.57852 0 1 0
-34.92163 7.56697 279.57852 0 -1 0
-34.92163 7.56697 279.36301 0 -1 0
-36.92163 7.78249 279.36301 0 1 0
-36.92163 7.78249 279.57852 0 1 0
-36.92163 7.56697 279.57852 0 -1 0
-36.92163 7.56697 279.36301 0 -1 0
-36.95756 7.70564 279.48907 0 0.860557 0.509354
-36.88572 7.70564 279.48907 0 0.860557 0.509354
-36.88571 7.64382 279.45245 0 -0.860557 -0.509354
-36.95755 7.64382 279.45245 0 -0.860557 -0.509354
-36.95756 6.52186 281.48907 0 0.860557 0.509354
-36.88572 6.52186 281.48907 0 0.860557 0.509354
-36.88571 6.46004 281.45245 0 -0.860557 -0.509354
-36.95755 6.46004 281.45245 0 -0.860557 -0.509354
-36.88571 6.51246 279.49954 0 0.598687 0.800983
-36.88572 6.46945 279.44199 0 -0.598687 -0.800983
-36.95756 6.46945 279.44199 0 -0.598687 -0.800983
-36.95755 6.51246 279.49954 0 0.598687 0.800983
-36.88571 3.83666 281.49954 0 0.598687 0.800983
-36.88572 3.79365 281.44199 0 -0.598687 -0.800983
-36.95756 3.79365 281.44199 0 -0.598687 -0.800983
-36.95755 3.83666 281.49954 0 0.598687 0.800983
-36.95755 3.83507 279.50067 0 0.554447 0.832219
-36.88572 3.83507 279.50067 0 0.554447 0.832219
-36.88572 3.79524 279.44086 0 -0.554447 -0.832219
-36.95755 3.79524 279.44086 0 -0.554447 -0.832219
-36.95755 0.833089 281.50067 0 0.554447 0.832219
-36.88572 0.833089 281.50067 0 0.554447 0.832219
-36.88572 0.793256 281.44086 0 -0.554447 -0.832219
-36.95755 0.793256 281.44086 0 -0.554447 -0.832219
-36.88572 0.833237 279.50055 0 0.558584 0.829448
-36.88572 0.793108 279.44098 0 -0.558584 -0.829448
-36.95755 0.793108 279.44098 0 -0.558584 -0.829448
-36.95755 0.833237 279.50055 0 0.558584 0.829448
-36.88572 -2.13658 281.50055 0 0.558584 0.829448
-36.88572 -2.17671 281.44098 0 -0.558584 -0.829448
-36.95755 -2.17671 281.44098 0 -0.558584 -0.829448
-36.95755 -2.13658 281.50055 0 0.558584 0.829448
-36.95755 -2.13453 279.49905 0 0.615855 0.78786
-36.88572 -2.13453 279.49905 0 0.615855 0.78786
-36.88572 -2.17877 279.44247 0 -0.615855 -0.78786
-36.95755 -2.17877 279.44247 0 -0.615855 -0.78786
-36.95755 -4.69312 281.49905 0 0.615855 0.78786
-36.88572 -4.69312 281.49905 0 0.615855 0.78786
-36.88572 -4.73736 281.44247 0 -0.615855 -0.78786
-36.95755 -4.73736 281.44247 0 -0.615855 -0.78786
-36.95755 -4.69007 279.4964 0 0.700763 0.713394
-36.88572 -4.69007 279.4964 0 0.700763 0.713394
-36.88572 -4.74041 279.44513 0 -0.700763 -0.713394
-36.95755 -4.74041 279.44513 0 -0.700763 -0.713394
-36.95755 -6.72612 281.4964 0 0.700763 0.713394
-36.88572 -6.72612 281.4964 0 0.700763 0.713394
-36.88572 -6.77646 281.44513 0 -0.700763 -0.713394
-36.95755 -6.77646 281.44513 0 -0.700763 -0.713394
-36.95755 -8.81506 281.4967 -9.03626e-06 0.691619 0.722262
-36.95755 -8.86474 281.44482 9.18144e-06 -0.691619 -0.722262
-36.88572 -8.86474 281.44482 9.03625e-06 -0.691619 -0.722262
-36.88572 -8.81506 281.4967 -9.18144e-06 0.691619 0.722262
-36.95755 -6.72644 279.4967 0 0.691619 0.722262
-36.95755 -6.77613 279.44482 1.45176e-07 -0.691619 -0.722262
-36.88571 -6.77613 279.44482 0 -0.691619 -0.722262
-36.88572 -6.72644 279.4967 -1.45176e-07 0.691619 0.722262
-36.88571 7.70564 281.45245 0 0.860557 -0.509354
-36.95755 7.70564 281.45245 0 0.860557 -0.509354
-36.95756 7.64382 281.48907 0 -0.860557 0.509354
-36.88572 7.64382 281.48907 0 -0.860557 0.509354
-36.88571 6.52186 279.45245 0 0.860557 -0.509354
-36.95755 6.52186 279.45245 0 0.860557 -0.509354
-36.95756 6.46004 279.48907 0 -0.860557 0.509354
-36.88572 6.46004 279.48907 0 -0.860557 0.509354
-36.95756 6.51246 281.44199 0 0.598687 -0.800983
-36.95755 6.46945 281.49954 0 -0.598687 0.800983
-36.88571 6.46945 281.49954 0 -0.598687 0.800983
-36.88572 6.51246 281.44199 0 0.598687 -0.800983
-36.95756 3.83666 279.44199 0 0.598687 -0.800983
-36.95755 3.79365 279.49954 0 -0.598687 0.800983
-36.88571 3.79365 279.49954 0 -0.598687 0.800983
-36.88572 3.83666 279.44199 0 0.598687 -0.800983
-36.95755 3.83507 281.44086 0 0.554447 -0.832219
-36.95755 3.79524 281.50067 0 -0.554447 0.832219
-36.88572 3.79524 281.50067 0 -0.554447 0.832219
-36.88572 3.83507 281.44086 0 0.554447 -0.832219
-36.95755 0.833089 279.44086 0 0.554447 -0.832219
-36.95755 0.793256 279.50067 0 -0.554447 0.832219
-36.88572 0.793256 279.50067 0 -0.554447 0.832219
-36.88572 0.833089 279.44086 0 0.554447 -0.832219
-36.88572 0.833237 281.44098 0 0.558584 -0.829448
-36.95755 0.833237 281.44098 0 0.558584 -0.829448
-36.95755 0.793108 281.50055 0 -0.558584 0.829448
-36.88572 0.793108 281.50055 0 -0.558584 0.829448
-36.88572 -2.13658 279.44098 0 0.558584 -0.829448
-36.95755 -2.13658 279.44098 0 0.558584 -0.829448
-36.95755 -2.17671 279.50055 0 -0.558584 0.829448
-36.88572 -2.17671 279.50055 0 -0.558584 0.829448
-36.95755 -2.13453 281.44247 0 0.615855 -0.78786
-36.95755 -2.17877 281.49905 0 -0.615855 0.78786
-36.88572 -2.17877 281.49905 0 -0.615855 0.78786
-36.88572 -2.13453 281.44247 0 0.615855 -0.78786
-36.95755 -4.69312 279.44247 0 0.615855 -0.78786
-36.95755 -4.73736 279.49905 0 -0.615855 0.78786
-36.88572 -4.73736 279.49905 0 -0.615855 0.78786
-36.88572 -4.69312 279.44247 0 0.615855 -0.78786
-36.95755 -4.69007 281.44513 0 0.700763 -0.713394
-36.95755 -4.74041 281.4964 0 -0.700763 0.713394
-36.88572 -4.74041 281.4964 0 -0.700763 0.713394
-36.88572 -4.69007 281.44513 0 0.700763 -0.713394
-36.95755 -6.72612 279.44513 0 0.700763 -0.713394
-36.95755 -6.77646 279.4964 0 -0.700763 0.713394
-36.88572 -6.77646 279.4964 0 -0.700763 0.713394
-36.88572 -6.72612 279.44513 0 0.700763 -0.713394
-36.88572 -8.81506 279.44482 0 0.691619 -0.722262
-36.88572 -8.86474 279.4967 0 -0.691619 0.722262
-36.95755 -8.86474 279.4967 0 -0.691619 0.722262
-36.95755 -8.81506 279.44482 0 0.691619 -0.722262
-36.88571 -6.72644 281.44482 0 0.691619 -0.722262
-36.88572 -6.77613 281.4967 0 -0.691619 0.722262
-36.95756 -6.77613 281.4967 0 -0.691619 0.722262
-36.95755 -6.72644 281.44482 0 0.691619 -0.722262
-36.90334 7.70564 281.50668 0.509354 0.860557 0
-36.90334 7.70564 281.43484 0.509354 0.860557 0
-36.93993 7.64382 281.43484 -0.509354 -0.860557 0
-36.93993 7.64382 281.50668 -0.509354 -0.860557 0
-34.90334 6.52186 281.50668 0.509354 0.860557 0
-34.90334 6.52186 281.43484 0.509354 0.860557 0
-34.93993 6.46004 281.43484 -0.509354 -0.860557 0
-34.93993 6.46004 281.50668 -0.509354 -0.860557 0
-36.89286 6.51246 281.43484 0.800983 0.598687 0
-36.95041 6.46945 281.43484 -0.800983 -0.598687 0
-36.95041 6.46945 281.50668 -0.800983 -0.598687 0
-36.89286 6.51246 281.50668 0.800983 0.598687 0
-34.89286 3.83666 281.43484 0.800983 0.598687 0
-34.95041 3.79365 281.43484 -0.800983 -0.598687 0
-34.95041 3.79365 281.50668 -0.800983 -0.598687 0
-34.89286 3.83666 281.50668 0.800983 0.598687 0
-36.89174 3.83507 281.50668 0.832219 0.554447 0
-36.89174 3.83507 281.43484 0.832219 0.554447 0
-36.95153 3.79524 281.43484 -0.832219 -0.554447 0
-36.95153 3.79524 281.50668 -0.832219 -0.554447 0
-34.89174 0.833089 281.50668 0.832219 0.554447 0
-34.89174 0.833089 281.43484 0.832219 0.554447 0
-34.95153 0.793256 281.43484 -0.832219 -0.554447 0
-34.95153 0.793256 281.50668 -0.832219 -0.554447 0
-36.90334 7.70564 279.43484 0.509354 0.860557 0
-36.93993 7.64382 279.43484 -0.509354 -0.860557 0
-36.93993 7.64382 279.50668 -0.509354 -0.860557 0
-36.90334 7.70564 279.50668 0.509354 0.860557 0
-34.90334 6.52186 279.43484 0.509354 0.860557 0
-34.93993 6.46004 279.43484 -0.509354 -0.860557 0
-34.93993 6.46004 279.50668 -0.509354 -0.860557 0
-34.90334 6.52186 279.50668 0.509354 0.860557 0
-36.89286 6.51246 279.43484 0.800983 0.598687 0
-36.95041 6.46945 279.43484 -0.800983 -0.598687 0
-36.95041 6.46945 279.50668 -0.800983 -0.598687 0
-36.89286 6.51246 279.50668 0.800983 0.598687 0
-34.89286 3.83666 279.43484 0.800983 0.598687 0
-34.95041 3.79365 279.43484 -0.800983 -0.598687 0
-34.95041 3.79365 279.50668 -0.800983 -0.598687 0
-34.89286 3.83666 279.50668 0.800983 0.598687 0
-36.89174 3.83507 279.50668 0.832219 0.554447 0
-36.89174 3.83507 279.43484 0.832219 0.554447 0
-36.95153 3.79524 279.43484 -0.832219 -0.554447 0
-36.95153 3.79524 279.50668 -0.832219 -0.554447 0
-34.89174 0.833089 279.50668 0.832219 0.554447 0
-34.89174 0.833089 279.43484 0.832219 0.554447 0
-34.95153 0.793256 279.43484 -0.832219 -0.554447 0
-34.95153 0.793256 279.50668 -0.832219 -0.554447 0
-36.89184 0.833237 281.43484 0.829448 0.558584 -4.34821e-05
-36.95143 0.793108 281.43484 -0.829447 -0.558585 4.40446e-05
-36.95143 0.793108 281.50668 -0.829447 -0.558585 4.34821e-05
-36.89184 0.833237 281.50668 0.829448 0.558584 -4.40446e-05
-34.89184 -2.13658 281.43484 0.829448 0.558584 0
-34.95143 -2.17671 281.43484 -0.829448 -0.558584 5.62509e-07
-34.95143 -2.17671 281.50668 -0.829448 -0.558584 0
-34.89184 -2.13658 281.50668 0.829448 0.558584 -5.6251e-07
-36.89333 -2.13453 281.43484 0.78786 0.615855 0
-36.94994 -2.17877 281.43484 -0.78786 -0.615855 0
-36.94994 -2.17877 281.50668 -0.78786 -0.615855 0
-36.89333 -2.13453 281.50668 0.78786 0.615855 0
-34.89333 -4.69312 281.43484 0.78786 0.615855 0
-34.94994 -4.73736 281.43484 -0.78786 -0.615855 0
-34.94994 -4.73736 281.50668 -0.78786 -0.615855 0
-34.89333 -4.69312 281.50668 0.78786 0.615855 0
-36.89601 -4.69007 281.50668 0.713394 0.700763 0
-36.89601 -4.69007 281.43484 0.713394 0.700763 0
-36.94726 -4.74041 281.43484 -0.713394 -0.700763 0
-36.94726 -4.74041 281.50668 -0.713394 -0.700763 7.45197e-08
-34.89601 -6.72612 281.50668 0.713394 0.700763 0
-34.89601 -6.72612 281.43484 0.713394 0.700763 0
-34.94726 -6.77646 281.43484 -0.713394 -0.700763 4.57689e-06
-34.94726 -6.77646 281.50668 -0.713394 -0.700763 4.65141e-06
-36.89184 0.833237 279.50668 0.829447 0.558585 4.40446e-05
-36.89184 0.833237 279.43484 0.829447 0.558585 4.29196e-05
-36.95143 0.793108 279.43484 -0.829448 -0.558584 -4.40446e-05
-36.95143 0.793108 279.50668 -0.829448 -0.558584 -4.34821e-05
-34.89184 -2.13658 279.50668 0.829448 0.558584 -4.29196e-05
-34.89184 -2.13658 279.43484 0.829448 0.558584 -4.40446e-05
-34.95143 -2.17671 279.43484 -0.829447 -0.558585 -5.62509e-07
-34.95143 -2.17671 279.50668 -0.829447 -0.558585 0
-36.89333 -2.13453 279.50668 0.78786 0.615855 0
-36.89333 -2.13453 279.43484 0.78786 0.615855 0
-36.94994 -2.17877 279.43484 -0.78786 -0.615855 0
-36.94994 -2.17877 279.50668 -0.78786 -0.615855 0
-34.89333 -4.69312 279.50668 0.78786 0.615855 0
-34.89333 -4.69312 279.43484 0.78786 0.615855 0
-34.94994 -4.73736 279.43484 -0.78786 -0.615855 0
-34.94994 -4.73736 279.50668 -0.78786 -0.615855 0
-36.89601 -4.69007 279.50668 0.713394 0.700763 0
-36.89601 -4.69007 279.43484 0.713394 0.700763 0
-36.94726 -4.74041 279.43484 -0.713394 -0.700763 0
-36.94726 -4.74041 279.50668 -0.713394 -0.700763 0
-34.89601 -6.72612 279.50668 0.713394 0.700763 0
-34.89601 -6.72612 279.43484 0.713394 0.700763 0
-34.94726 -6.77646 279.43484 -0.713394 -0.700763 0
-34.94726 -6.77646 279.50668 -0.713394 -0.700763 0
-34.89569 -8.81506 279.50668 0.722262 0.691619 0
-34.94758 -8.86474 279.50668 -0.722262 -0.691619 0
-34.94758 -8.86474 279.43484 -0.722262 -0.691619 0
-34.89569 -8.81506 279.43484 0.722262 0.691619 0
-36.89569 -6.72644 279.50668 0.722262 0.691619 0
-36.94758 -6.77613 279.50668 -0.722262 -0.691619 0
-36.94758 -6.77613 279.43484 -0.722262 -0.691619 0
-36.89569 -6.72644 279.43484 0.722262 0.691619 0
-34.89569 -8.81506 281.50668 0.722262 0.691619 0
-34.94758 -8.86474 281.50668 -0.722262 -0.691619 9.18144e-06
-34.94758 -8.86474 281.43484 -0.722262 -0.691619 9.03626e-06
-34.89569 -8.81506 281.43484 0.722262 0.691619 0
-36.89569 -6.72644 281.50668 0.722262 0.691619 0
-36.94758 -6.77613 281.50668 -0.722262 -0.691619 1.45176e-07
-36.94758 -6.77613 281.43484 -0.722262 -0.691619 0
-36.89569 -6.72644 281.43484 0.722262 0.691619 0
-34.93993 7.70564 281.43484 -0.509354 0.860557 0
-34.93993 7.70564 281.50668 -0.509354 0.860557 0
-34.90334 7.64382 281.50668 0.509354 -0.860557 0
-34.90334 7.64382 281.43484 0.509354 -0.860557 0
-36.93993 6.52186 281.43484 -0.509354 0.860557 0
-36.93993 6.52186 281.50668 -0.509354 0.860557 0
-36.90334 6.46004 281.50668 0.509354 -0.860557 0
-36.90334 6.46004 281.43484 0.509354 -0.860557 0
-34.95041 6.51246 281.43484 -0.800983 0.598687 0
-34.95041 6.51246 281.50668 -0.800983 0.598687 0
-34.89286 6.46945 281.50668 0.800983 -0.598687 0
-34.89286 6.46945 281.43484 0.800983 -0.598687 0
-36.95041 3.83666 281.43484 -0.800983 0.598687 0
-36.95041 3.83666 281.50668 -0.800983 0.598687 0
-36.89286 3.79365 281.50668 0.800983 -0.598687 0
-36.89286 3.79365 281.43484 0.800983 -0.598687 0
-34.95153 3.83507 281.50668 -0.832219 0.554447 0
-34.89174 3.79524 281.50668 0.832219 -0.554447 0
-34.89174 3.79524 281.43484 0.832219 -0.554447 0
-34.95153 3.83507 281.43484 -0.832219 0.554447 0
-36.95153 0.833089 281.50668 -0.832219 0.554447 0
-36.89174 0.793256 281.50668 0.832219 -0.554447 0
-36.89174 0.793256 281.43484 0.832219 -0.554447 0
-36.95153 0.833089 281.43484 -0.832219 0.554447 0
-34.93993 7.70564 279.43484 -0.509354 0.860557 0
-34.93993 7.70564 279.50668 -0.509354 0.860557 0
-34.90334 7.64382 279.50668 0.509354 -0.860557 0
-34.90334 7.64382 279.43484 0.509354 -0.860557 0
-36.93993 6.52186 279.43484 -0.509354 0.860557 0
-36.93993 6.52186 279.50668 -0.509354 0.860557 0
-36.90334 6.46004 279.50668 0.509354 -0.860557 0
-36.90334 6.46004 279.43484 0.509354 -0.860557 0
-34.95041 6.51246 279.50668 -0.800983 0.598687 0
-34.89286 6.46945 279.50668 0.800983 -0.598687 0
-34.89286 6.46945 279.43484 0.800983 -0.598687 0
-34.95041 6.51246 279.43484 -0.800983 0.598687 0
-36.95041 3.83666 279.50668 -0.800983 0.598687 0
-36.89286 3.79365 279.50668 0.800983 -0.598687 0
-36.89286 3.79365 279.43484 0.800983 -0.598687 0
-36.95041 3.83666 279.43484 -0.800983 0.598687 0
-34.95153 3.83507 279.50668 -0.832219 0.554447 0
-34.89174 3.79524 279.50668 0.832219 -0.554447 0
-34.89174 3.79524 279.43484 0.832219 -0.554447 0
-34.95153 3.83507 279.43484 -0.832219 0.554447 0
-36.95153 0.833089 279.50668 -0.832219 0.554447 0
-36.89174 0.793256 279.50668 0.832219 -0.554447 0
-36.89174 0.793256 279.43484 0.832219 -0.554447 0
-36.95153 0.833089 279.43484 -0.832219 0.554447 0
-34.95143 0.833237 281.43484 -0.829448 0.558584 0
-34.95143 0.833237 281.50668 -0.829448 0.558584 0
-34.89184 0.793108 281.50668 0.829448 -0.558584 4.40446e-05
-34.89184 0.793108 281.43484 0.829448 -0.558584 4.34821e-05
-36.95143 -2.13658 281.43484 -0.829448 0.558584 0
-36.95143 -2.13658 281.50668 -0.829448 0.558584 0
-36.89184 -2.17671 281.50668 0.829447 -0.558585 5.62509e-07
-36.89184 -2.17671 281.43484 0.829447 -0.558585 0
-34.94994 -2.13453 281.50668 -0.78786 0.615855 0
-34.89333 -2.17877 281.50668 0.78786 -0.615855 0
-34.89333 -2.17877 281.43484 0.78786 -0.615855 0
-34.94994 -2.13453 281.43484 -0.78786 0.615855 0
-36.94994 -4.69312 281.50668 -0.78786 0.615855 0
-36.89333 -4.73736 281.50668 0.78786 -0.615855 0
-36.89333 -4.73736 281.43484 0.78786 -0.615855 0
-36.94994 -4.69312 281.43484 -0.78786 0.615855 0
-34.94726 -4.69007 281.50668 -0.713394 0.700763 7.45197e-08
-34.89601 -4.74041 281.50668 0.713394 -0.700763 0
-34.89601 -4.74041 281.43484 0.713394 -0.700763 0
-34.94726 -4.69007 281.43484 -0.713394 0.700763 0
-36.94726 -6.72612 281.50668 -0.713394 0.700763 4.65141e-06
-36.89601 -6.77646 281.50668 0.713394 -0.700763 0
-36.89601 -6.77646 281.43484 0.713394 -0.700763 0
-36.94726 -6.72612 281.43484 -0.713394 0.700763 4.57689e-06
-34.95143 0.833237 279.50668 -0.829448 0.558584 4.34821e-05
-34.89184 0.793108 279.50668 0.829447 -0.558585 -4.40446e-05
-34.89184 0.793108 279.43484 0.829447 -0.558585 -4.34821e-05
-34.95143 0.833237 279.43484 -0.829448 0.558584 4.40446e-05
-36.95143 -2.13658 279.50668 -0.829448 0.558584 0
-36.89184 -2.17671 279.50668 0.829448 -0.558584 -5.62509e-07
-36.89184 -2.17671 279.43484 0.829448 -0.558584 0
-36.95143 -2.13658 279.43484 -0.829448 0.558584 5.6251e-07
-34.94994 -2.13453 279.43484 -0.78786 0.615855 0
-34.94994 -2.13453 279.50668 -0.78786 0.615855 0
-34.89333 -2.17877 279.50668 0.78786 -0.615855 0
-34.89333 -2.17877 279.43484 0.78786 -0.615855 0
-36.94994 -4.69312 279.43484 -0.78786 0.615855 0
-36.94994 -4.69312 279.50668 -0.78786 0.615855 0
-36.89333 -4.73736 279.50668 0.78786 -0.615855 0
-36.89333 -4.73736 279.43484 0.78786 -0.615855 0
-34.94726 -4.69007 279.50668 -0.713394 0.700763 0
-34.89601 -4.74041 279.50668 0.713394 -0.700763 0
-34.89601 -4.74041 279.43484 0.713394 -0.700763 0
-34.94726 -4.69007 279.43484 -0.713394 0.700763 0
-36.94726 -6.72612 279.50668 -0.713394 0.700763 0
-36.89601 -6.77646 279.50668 0.713394 -0.700763 0
-36.89601 -6.77646 279.43484 0.713394 -0.700763 0
-36.94726 -6.72612 279.43484 -0.713394 0.700763 0
-36.94758 -8.81506 279.50668 -0.722262 0.691619 -9.18144e-06
-36.94758 -8.81506 279.43484 -0.722262 0.691619 -9.03626e-06
-36.89569 -8.86474 279.43484 0.722262 -0.691619 0
-36.89569 -8.86474 279.50668 0.722262 -0.691619 0
-34.94758 -6.72644 279.50668 -0.722262 0.691619 -1.45176e-07
-34.94758 -6.72644 279.43484 -0.722262 0.691619 0
-34.89569 -6.77613 279.43484 0.722262 -0.691619 0
-34.89569 -6.77613 279.50668 0.722262 -0.691619 0
-36.94758 -8.81506 281.43484 -0.722262 0.691619 0
-36.89569 -8.86474 281.43484 0.722262 -0.691619 0
-36.89569 -8.86474 281.50668 0.722262 -0.691619 0
-36.94758 -8.81506 281.50668 -0.722262 0.691619 0
-34.94758 -6.72644 281.43484 -0.722262 0.691619 0
-34.89569 -6.77613 281.43484 0.722262 -0.691619 0
-34.89569 -6.77613 281.50668 0.722262 -0.691619 0
-34.94758 -6.72644 281.50668 -0.722262 0.691619 0
-34.92163 -6.71537 281.50668 0 1 0
-34.92163 -6.78721 281.50668 0 -1 0
-34.92163 -6.78721 281.43484 0 -1 0
-34.92163 -6.71537 281.43484 0 1 0
-36.92163 -6.71537 281.50668 0 1 0
-36.92163 -6.78721 281.50668 0 -1 0
-36.92163 -6.78721 281.43484 0 -1 0
-36.92163 -6.71537 281.43484 0 1 0
-34.92163 -6.71537 279.50668 0 1 0
-34.92163 -6.78721 279.50668 0 -1 0
-34.92163 -6.78721 279.43484 0 -1 0
-34.92163 -6.71537 279.43484 0 1 0
-36.92163 -6.71537 279.50668 0 1 0
-36.92163 -6.78721 279.50668 0 -1 0
-36.92163 -6.78721 279.43484 0 -1 0
-36.92163 -6.71537 279.43484 0 1 0
-34.92163 -4.67932 279.50668 0 1 0
-34.92163 -4.75116 279.50668 0 -1 0
-34.92163 -4.75116 279.43484 0 -1 0
-34.92163 -4.67932 279.43484 0 1 0
-36.92163 -4.67932 279.50668 0 1 0
-36.92163 -4.75116 279.50668 0 -1 0
-36.92163 -4.75116 279.43484 0 -1 0
-36.92163 -4.67932 279.43484 0 1 0
-34.92163 -4.67932 281.50668 0 1 0
-34.92163 -4.75116 281.50668 0 -1 0
-34.92163 -4.75116 281.43484 0 -1 0
-34.92163 -4.67932 281.43484 0 1 0
-36.92163 -4.67932 281.50668 0 1 0
-36.92163 -4.75116 281.50668 0 -1 0
-36.92163 -4.75116 281.43484 0 -1 0
-36.92163 -4.67932 281.43484 0 1 0
-34.92163 -2.12073 281.50668 0 1 6.63764e-06
-34.92163 -2.19257 281.50668 0 -1 0
-34.92163 -2.19257 281.43484 0 -1 0
-34.92163 -2.12073 281.43484 0 1 6.63764e-06
-36.92163 -2.12073 281.50668 0 1 6.63764e-06
-36.92163 -2.19257 281.50668 0 -1 0
-36.92163 -2.19257 281.43484 0 -1 0
-36.92163 -2.12073 281.43484 0 1 6.63764e-06
-34.92163 -2.12073 279.50668 0 1 6.63764e-06
-34.92163 -2.19257 279.50668 0 -1 0
-34.92163 -2.19257 279.43484 0 -1 0
-34.92163 -2.12073 279.43484 0 1 6.63764e-06
-36.92163 -2.12073 279.50668 0 1 6.63764e-06
-36.92163 -2.19257 279.50668 0 -1 0
-36.92163 -2.19257 279.43484 0 -1 0
-36.92163 -2.12073 279.43484 0 1 6.63764e-06
-34.92163 0.849093 281.50668 0 1 0
-34.92163 0.777251 281.50668 0 -1 0
-34.92163 0.777251 281.43484 0 -1 0
-34.92163 0.849093 281.43484 0 1 0
-36.92163 0.849093 281.50668 0 1 0
-36.92163 0.777251 281.50668 0 -1 0
-36.92163 0.777251 281.43484 0 -1 0
-36.92163 0.849093 281.43484 0 1 0
-34.92163 0.849093 279.50668 0 1 0
-34.92163 0.777251 279.50668 0 -1 0
-34.92163 0.777251 279.43484 0 -1 0
-34.92163 0.849093 279.43484 0 1 0
-36.92163 0.849093 279.50668 0 1 0
-36.92163 0.777251 279.50668 0 -1 0
-36.92163 0.777251 279.43484 0 -1 0
-36.92163 0.849093 279.43484 0 1 0
-34.92163 3.85107 281.50668 0 1 0
-34.92163 3.77923 281.50668 0 -1 0
-34.92163 3.77923 281.43484 0 -1 0
-34.92163 3.85107 281.43484 0 1 0
-36.92163 3.85107 281.50668 0 1 0
-36.92163 3.77923 281.50668 0 -1 0
-36.92163 3.77923 281.43484 0 -1 0
-36.92163 3.85107 281.43484 0 1 0
-34.92163 3.85107 279.50668 0 1 0
-34.92163 3.77923 279.50668 0 -1 0
-34.92163 3.77923 279.43484 0 -1 0
-34.92163 3.85107 279.43484 0 1 0
-36.92163 3.85107 279.50668 0 1 0
-36.92163 3.77923 279.50668 0 -1 0
-36.92163 3.77923 279.43484 0 -1 0
-36.92163 3.85107 279.43484 0 1 0
-36.95756 -6.71537 281.47076 0 1 0
-36.95755 -6.78721 281.47076 0 -1 0
-36.88571 -6.78721 281.47076 0 -1 0
-36.88572 -6.71537 281.47076 0 1 0
-36.95756 -6.71537 279.47076 0 1 0
-36.95755 -6.78721 279.47076 0 -1 0
-36.88571 -6.78721 279.47076 0 -1 0
-36.88572 -6.71537 279.47076 0 1 0
-36.95755 -4.67932 281.47076 0 1 0
-36.95755 -4.75116 281.47076 0 -1 0
-36.88572 -4.75116 281.47076 0 -1 0
-36.88572 -4.67932 281.47076 0 1 0
-36.95755 -4.67932 279.47076 0 1 0
-36.95755 -4.75116 279.47076 0 -1 0
-36.88572 -4.75116 279.47076 0 -1 0
-36.88572 -4.67932 279.47076 0 1 0
-36.95756 -2.12073 281.47076 -6.63729e-06 1 0
-36.95756 -2.19257 281.47076 0 -1 0
-36.88572 -2.19257 281.47076 0 -1 0
-36.88572 -2.12073 281.47076 -6.63729e-06 1 0
-36.95756 -2.12073 279.47076 -6.63729e-06 1 0
-36.95756 -2.19257 279.47076 0 -1 0
-36.88572 -2.19257 279.47076 0 -1 0
-36.88572 -2.12073 279.47076 -6.63729e-06 1 0
-36.95756 0.849093 281.47076 0 1 0
-36.95755 0.777251 281.47076 0 -1 0
-36.88571 0.777251 281.47076 0 -1 0
-36.88572 0.849093 281.47076 0 1 0
-36.95756 0.849093 279.47076 0 1 0
-36.95755 0.777251 279.47076 0 -1 0
-36.88571 0.777251 279.47076 0 -1 0
-36.88572 0.849093 279.47076 0 1 0
-36.95756 3.85107 281.47076 0 1 0
-36.95755 3.77923 281.47076 0 -1 0
-36.88571 3.77923 281.47076 0 -1 0
-36.88572 3.85107 281.47076 0 1 0
-36.95756 3.85107 279.47076 0 1 0
-36.95755 3.77923 279.47076 0 -1 0
-36.88571 3.77923 279.47076 0 -1 0
-36.88572 3.85107 279.47076 0 1 0
-36.81387 -8.8399 279.57852 1 0 0
-37.0294 -8.8399 279.57852 -1 0 0
-37.0294 -8.8399 279.36301 -1 0 0
-36.81387 -8.8399 279.36301 1 0 0
-36.81387 7.78249 279.57852 1 0 0
-37.0294 7.78249 279.57852 -1 0 0
-37.0294 7.78249 279.36301 -1 0 0
-36.81387 7.78249 279.36301 1 0 0
-34.81387 -8.8399 279.57852 0.707107 0 0.707107
-35.0294 -8.8399 279.57852 0 0 1
-35.0294 -8.8399 279.36301 0 0 -1
-34.81387 -8.8399 279.36301 0.707107 0 -0.707107
-34.81387 7.78249 279.57852 0.707107 0 0.707107
-35.0294 7.78249 279.57852 0 0 1
-35.0294 7.78249 279.36301 0 0 -1
-34.81387 7.78249 279.36301 0.707107 0 -0.707107
-36.81387 -8.8399 281.57852 1 0 0
-37.0294 -8.8399 281.57852 -1 0 0
-37.0294 -8.8399 281.36301 -1 0 0
-36.81387 -8.8399 281.36301 1 0 0
-36.81387 7.78249 281.57852 1 0 0
-37.0294 7.78249 281.57852 -1 0 0
-37.0294 7.78249 281.36301 -1 0 0
-36.81387 7.78249 281.36301 1 0 0
-34.81387 -8.8399 281.57852 0.707107 0 0.707107
-35.0294 -8.8399 281.57852 0 0 1
-35.0294 -8.8399 281.36301 0 0 -1
-34.81387 -8.8399 281.36301 0.707107 0 -0.707107
-34.81387 7.78249 281.57852 0.707107 0 0.707107
-35.0294 7.78249 281.57852 0 0 1
-35.0294 7.78249 281.36301 0 0 -1
-34.81387 7.78249 281.36301 0.707107 0 -0.707107
-35.0294 6.59871 279.47076 -1 0 0
-34.81387 6.59871 279.47076 1 0 0
-34.81387 6.38319 279.47076 1 0 0
-35.0294 6.38319 279.47076 -1 0 0
-35.0294 6.59871 281.47076 -1 0 0
-34.81387 6.59871 281.47076 1 0 0
-34.81387 6.38319 281.47076 1 0 0
-35.0294 6.38319 281.47076 -1 0 0
-37.0294 6.59871 281.47076 -1 0 0
-37.0294 6.38319 281.47076 -1 0 0
-36.81387 6.38319 281.47076 1 0 0
-36.81387 6.59871 281.47076 1 0 0
-37.0294 6.59871 279.47076 -1 0 0
-37.0294 6.38319 279.47076 -1 0 0
-36.81387 6.38319 279.47076 1 0 0
-36.81387 6.59871 279.47076 1 0 0
-35.0294 7.78249 279.47076 -1 -1.76994e-05 0
-34.81387 7.78249 279.47076 1 1.76994e-05 0
-34.81387 7.56697 279.47076 1 1.76994e-05 0
-35.0294 7.56697 279.47076 -1 -1.76994e-05 0
-35.0294 7.78249 281.47076 -1 -1.76994e-05 0
-34.81387 7.78249 281.47076 1 1.76994e-05 0
-34.81387 7.56697 281.47076 1 1.76994e-05 0
-35.0294 7.56697 281.47076 -1 -1.76994e-05 0
-37.0294 7.78249 281.47076 -1 -1.76994e-05 0
-37.0294 7.56697 281.47076 -1 -1.76994e-05 0
-36.81387 7.56697 281.47076 1 1.76994e-05 0
-36.81387 7.78249 281.47076 1 1.76994e-05 0
-37.0294 7.78249 279.47076 -1 -1.76994e-05 0
-37.0294 7.56697 279.47076 -1 -1.76994e-05 0
-36.81387 7.56697 279.47076 1 1.76994e-05 0
-36.81387 7.78249 279.47076 1 1.76994e-05 0
-34.92163 6.59871 279.36301 0 0 -1
-34.92163 6.59871 279.57852 0 0 1
-34.92163 6.38319 279.57852 0 0 1
-34.92163 6.38319 279.36301 0 0 -1
-36.92163 6.59871 279.36301 0 0 -1
-36.92163 6.59871 279.57852 0 0 1
-36.92163 6.38319 279.57852 0 0 1
-36.92163 6.38319 279.36301 0 0 -1
-34.92163 6.59871 281.36301 0 0 -1
-34.92163 6.59871 281.57852 0 0 1
-34.92163 6.38319 281.57852 0 0 1
-34.92163 6.38319 281.36301 0 0 -1
-36.92163 6.59871 281.36301 0 0 -1
-36.92163 6.59871 281.57852 0 0 1
-36.92163 6.38319 281.57852 0 0 1
-36.92163 6.38319 281.36301 0 0 -1
-34.92163 7.78249 281.36301 0 0 -1
-34.92163 7.78249 281.57852 0 0 1
-34.92163 7.56697 281.57852 0 0 1
-34.92163 7.56697 281.36301 0 0 -1
-36.92163 7.78249 281.36301 0 0 -1
-36.92163 7.78249 281.57852 0 0 1
-36.92163 7.56697 281.57852 0 0 1
-36.92163 7.56697 281.36301 0 0 -1
-34.92163 7.78249 279.36301 0 0 -1
-34.92163 7.78249 279.57852 0 0 1
-34.92163 7.56697 279.57852 0 0 1
-34.92163 7.56697 279.36301 0 0 -1
-36.92163 7.78249 279.36301 0 0 -1
-36.92163 7.78249 279.57852 0 0 1
-36.92163 7.56697 279.57852 0 0 1
-36.92163 7.56697 279.36301 0 0 -1
-36.95756 7.70564 279.48907 -1 -4.56848e-05 -2.70403e-05
-36.88572 7.70564 279.48907 1 4.56848e-05 2.70403e-05
-36.88571 7.64382 279.45245 1 4.56848e-05 2.70403e-05
-36.95755 7.64382 279.45245 -1 -4.56848e-05 -2.70403e-05
-36.95756 6.52186 281.48907 -1 -4.56848e-05 -2.70403e-05
-36.88572 6.52186 281.48907 1 4.56848e-05 2.70403e-05
-36.88571 6.46004 281.45245 1 4.56848e-05 2.70403e-05
-36.95755 6.46004 281.45245 -1 -4.56848e-05 -2.70403e-05
-36.88571 6.51246 279.49954 1 -3.17852e-05 -4.25253e-05
-36.88572 6.46945 279.44199 1 -3.17852e-05 -4.25253e-05
-36.95756 6.46945 279.44199 -1 3.17852e-05 4.25253e-05
-36.95755 6.51246 279.49954 -1 3.17852e-05 4.25253e-05
-36.88571 3.83666 281.49954 1 -3.17852e-05 -4.25253e-05
-36.88572 3.79365 281.44199 1 -3.17852e-05 -4.25253e-05
-36.95756 3.79365 281.44199 -1 3.17852e-05 4.25253e-05
-36.95755 3.83666 281.49954 -1 3.17852e-05 4.25253e-05
-36.95755 3.83507 279.50067 -1 0 0
-36.88572 3.83507 279.50067 1 0 0
-36.88572 3.79524 279.44086 1 0 0
-36.95755 3.79524 279.44086 -1 0 0
-36.95755 0.833089 281.50067 -1 0 0
-36.88572 0.833089 281.50067 1 0 0
-36.88572 0.793256 281.44086 1 0 0
-36.95755 0.793256 281.44086 -1 0 0
-36.88572 0.833237 279.50055 1 0 0
-36.88572 0.793108 279.44098 1 0 0
-36.95755 0.793108 279.44098 -1 0 0
-36.95755 0.833237 279.50055 -1 0 0
-36.88572 -2.13658 281.50055 1 0 0
-36.88572 -2.17671 281.44098 1 0 0
-36.95755 -2.17671 281.44098 -1 0 0
-36.95755 -2.13658 281.50055 -1 0 0
-36.95755 -2.13453 279.49905 -1 0 0
-36.88572 -2.13453 279.49905 1 0 0
-36.88572 -2.17877 279.44247 1 0 0
-36.95755 -2.17877 279.44247 -1 0 0
-36.95755 -4.69312 281.49905 -1 0 0
-36.88572 -4.69312 281.49905 1 0 0
-36.88572 -4.73736 281.44247 1 0 0
-36.95755 -4.73736 281.44247 -1 0 0
-36.95755 -4.69007 279.4964 -1 0 0
-36.88572 -4.69007 279.4964 1 0 0
-36.88572 -4.74041 279.44513 1 0 0
-36.95755 -4.74041 279.44513 -1 0 0
-36.95755 -6.72612 281.4964 -1 0 0
-36.88572 -6.72612 281.4964 1 0 0
-36.88572 -6.77646 281.44513 1 0 0
-36.95755 -6.77646 281.44513 -1 0 0
-36.95755 -8.81506 281.4967 -1 0 0
-36.95755 -8.86474 281.44482 -1 0 0
-36.88572 -8.86474 281.44482 1 -9.527e-07 9.12438e-07
-36.88572 -8.81506 281.4967 1 -3.56964e-07 1.50441e-06
-36.95755 -6.72644 279.4967 -1 0 0
-36.95755 -6.77613 279.44482 -1 0 0
-36.88571 -6.77613 279.44482 1 3.61314e-05 3.77624e-05
-36.88572 -6.72644 279.4967 1 3.67272e-05 3.83544e-05
-36.88571 7.70564 281.45245 1 -4.56848e-05 2.70403e-05
-36.95755 7.70564 281.45245 -1 4.56848e-05 -2.70403e-05
-36.95756 7.64382 281.48907 -1 4.56848e-05 -2.70403e-05
-36.88572 7.64382 281.48907 1 -4.56848e-05 2.70403e-05
-36.88571 6.52186 279.45245 1 -4.56848e-05 2.70403e-05
-36.95755 6.52186 279.45245 -1 4.56848e-05 -2.70403e-05
-36.95756 6.46004 279.48907 -1 4.56848e-05 -2.70403e-05
-36.88572 6.46004 279.48907 1 -4.56848e-05 2.70403e-05
-36.95756 6.51246 281.44199 -1 -3.17852e-05 4.25253e-05
-36.95755 6.46945 281.49954 -1 -3.17852e-05 4.25253e-05
-36.88571 6.46945 281.49954 1 3.17852e-05 -4.25253e-05
-36.88572 6.51246 281.44199 1 3.17852e-05 -4.25253e-05
-36.95756 3.83666 279.44199 -1 -3.17852e-05 4.25253e-05
-36.95755 3.79365 279.49954 -1 -3.17852e-05 4.25253e-05
-36.88571 3.79365 279.49954 1 3.17852e-05 -4.25253e-05
-36.88572 3.83666 279.44199 1 3.17852e-05 -4.25253e-05
-36.95755 3.83507 281.44086 -1 0 0
-36.95755 3.79524 281.50067 -1 0 0
-36.88572 3.79524 281.50067 1 0 0
-36.88572 3.83507 281.44086 1 0 0
-36.95755 0.833089 279.44086 -1 0 0
-36.95755 0.793256 279.50067 -1 0 0
-36.88572 0.793256 279.50067 1 0 0
-36.88572 0.833089 279.44086 1 0 0
-36.88572 0.833237 281.44098 1 0 0
-36.95755 0.833237 281.44098 -1 0 0
-36.95755 0.793108 281.50055 -1 0 0
-36.88572 0.793108 281.50055 1 0 0
-36.88572 -2.13658 279.44098 1 0 0
-36.95755 -2.13658 279.44098 -1 0 0
-36.95755 -2.17671 279.50055 -1 0 0
-36.88572 -2.17671 279.50055 1 0 0
-36.95755 -2.13453 281.44247 -1 0 0
-36.95755 -2.17877 281.49905 -1 0 0
-36.88572 -2.17877 281.49905 1 0 0
-36.88572 -2.13453 281.44247 1 0 0
-36.95755 -4.69312 279.44247 -1 0 0
-36.95755 -4.73736 279.49905 -1 0 0
-36.88572 -4.73736 279.49905 1 0 0
-36.88572 -4.69312 279.44247 1 0 0
-36.95755 -4.69007 281.44513 -1 0 0
-36.95755 -4.74041 281.4964 -1 0 0
-36.88572 -4.74041 281.4964 1 0 0
-36.88572 -4.69007 281.44513 1 0 0
-36.95755 -6.72612 279.44513 -1 0 0
-36.95755 -6.77646 279.4964 -1 0 0
-36.88572 -6.77646 279.4964 1 0 0
-36.88572 -6.72612 279.44513 1 0 0
-36.88572 -8.81506 279.44482 1 -9.52709e-07 -9.12429e-07
-36.88572 -8.86474 279.4967 1 -1.51838e-06 -2.9154e-07
-36.95755 -8.86474 279.4967 -1 -9.52709e-07 -9.12429e-07
-36.95755 -8.81506 279.44482 -1 -3.56969e-07 -1.50441e-06
-36.88571 -6.72644 281.44482 1 -3.61615e-05 3.77335e-05
-36.88572 -6.77613 281.4967 1 -3.67272e-05 3.83544e-05
-36.95756 -6.77613 281.4967 -1 3.61314e-05 -3.77624e-05
-36.95755 -6.72644 281.44482 -1 3.67271e-05 -3.83544e-05
-36.90334 7.70564 281.50668 0 0 1
-36.90334 7.70564 281.43484 0 0 -1
-36.93993 7.64382 281.43484 0 0 -1
-36.93993 7.64382 281.50668 0 0 1
-34.90334 6.52186 281.50668 0 0 1
-34.90334 6.52186 281.43484 0 0 -1
-34.93993 6.46004 281.43484 0 0 -1
-34.93993 6.46004 281.50668 0 0 1
-36.89286 6.51246 281.43484 0 0 -1
-36.95041 6.46945 281.43484 0 0 -1
-36.95041 6.46945 281.50668 0 0 1
-36.89286 6.51246 281.50668 0 0 1
-34.89286 3.83666 281.43484 0 0 -1
-34.95041 3.79365 281.43484 0 0 -1
-34.95041 3.79365 281.50668 0 0 1
-34.89286 3.83666 281.50668 0 0 1
-36.89174 3.83507 281.50668 0 0 1
-36.89174 3.83507 281.43484 0 0 -1
-36.95153 3.79524 281.43484 0 0 -1
-36.95153 3.79524 281.50668 0 0 1
-34.89174 0.833089 281.50668 0 0 1
-34.89174 0.833089 281.43484 0 0 -1
-34.95153 0.793256 281.43484 0 0 -1
-34.95153 0.793256 281.50668 0 0 1
-36.90334 7.70564 279.43484 0 0 -1
-36.93993 7.64382 279.43484 0 0 -1
-36.93993 7.64382 279.50668 0 0 1
-36.90334 7.70564 279.50668 0 0 1
-34.90334 6.52186 279.43484 0 0 -1
-34.93993 6.46004 279.43484 0 0 -1
-34.93993 6.46004 279.50668 0 0 1
-34.90334 6.52186 279.50668 0 0 1
-36.89286 6.51246 279.43484 0 0 -1
-36.95041 6.46945 279.43484 0 0 -1
-36.95041 6.46945 279.50668 0 0 1
-36.89286 6.51246 279.50668 0 0 1
-34.89286 3.83666 279.43484 0 0 -1
-34.95041 3.79365 279.43484 0 0 -1
-34.95041 3.79365 279.50668 0 0 1
-34.89286 3.83666 279.50668 0 0 1
-36.89174 3.83507 279.50668 0 0 1
-36.89174 3.83507 279.43484 0 0 -1
-36.95153 3.79524 279.43484 0 0 -1
-36.95153 3.79524 279.50668 0 0 1
-34.89174 0.833089 279.50668 0 0 1
-34.89174 0.833089 279.43484 0 0 -1
-34.95153 0.793256 279.43484 0 0 -1
-34.95153 0.793256 279.50668 0 0 1
-36.89184 0.833237 281.43484 0 0 -1
-36.95143 0.793108 281.43484 0 0 -1
-36.95143 0.793108 281.50668 0 0 1
-36.89184 0.833237 281.50668 0 0 1
-34.89184 -2.13658 281.43484 0 0 -1
-34.95143 -2.17671 281.43484 0 0 -1
-34.95143 -2.17671 281.50668 0 0 1
-34.89184 -2.13658 281.50668 0 0 1
-36.89333 -2.13453 281.43484 0 0 -1
-36.94994 -2.17877 281.43484 0 0 -1
-36.94994 -2.17877 281.50668 0 0 1
-36.89333 -2.13453 281.50668 0 0 1
-34.89333 -4.69312 281.43484 0 0 -1
-34.94994 -4.73736 281.43484 0 0 -1
-34.94994 -4.73736 281.50668 0 0 1
-34.89333 -4.69312 281.50668 0 0 1
-36.89601 -4.69007 281.50668 0 0 1
-36.89601 -4.69007 281.43484 0 0 -1
-36.94726 -4.74041 281.43484 0 0 -1
-36.94726 -4.74041 281.50668 0 0 1
-34.89601 -6.72612 281.50668 0 0 1
-34.89601 -6.72612 281.43484 0 0 -1
-34.94726 -6.77646 281.43484 0 0 -1
-34.94726 -6.77646 281.50668 0 0 1
-36.89184 0.833237 279.50668 0 0 1
-36.89184 0.833237 279.43484 0 0 -1
-36.95143 0.793108 279.43484 0 0 -1
-36.95143 0.793108 279.50668 0 0 1
-34.89184 -2.13658 279.50668 0 0 1
-34.89184 -2.13658 279.43484 0 0 -1
-34.95143 -2.17671 279.43484 0 0 -1
-34.95143 -2.17671 279.50668 0 0 1
-36.89333 -2.13453 279.50668 0 0 1
-36.89333 -2.13453 279.43484 0 0 -1
-36.94994 -2.17877 279.43484 0 0 -1
-36.94994 -2.17877 279.50668 0 0 1
-34.89333 -4.69312 279.50668 0 0 1
-34.89333 -4.69312 279.43484 0 0 -1
-34.94994 -4.73736 279.43484 0 0 -1
-34.94994 -4.73736 279.50668 0 0 1
-36.89601 -4.69007 279.50668 0 0 1
-36.89601 -4.69007 279.43484 0 0 -1
-36.94726 -4.74041 279.43484 0 0 -1
-36.94726 -4.74041 279.50668 0 0 1
-34.89601 -6.72612 279.50668 0 0 1
-34.89601 -6.72612 279.43484 0 0 -1
-34.94726 -6.77646 279.43484 0 0 -1
-34.94726 -6.77646 279.50668 0 0 1
-34.89569 -8.81506 279.50668 0 0 1
-34.94758 -8.86474 279.50668 0 0 1
-34.94758 -8.86474 279.43484 0 0 -1
-34.89569 -8.81506 279.43484 0 0 -1
-36.89569 -6.72644 279.50668 0 0 1
-36.94758 -6.77613 279.50668 0 0 1
-36.94758 -6.77613 279.43484 0 0 -1
-36.89569 -6.72644 279.43484 0 0 -1
-34.89569 -8.81506 281.50668 0 0 1
-34.94758 -8.86474 281.50668 0 0 1
-34.94758 -8.86474 281.43484 0 0 -1
-34.89569 -8.81506 281.43484 0 0 -1
-36.89569 -6.72644 281.50668 0 0 1
-36.94758 -6.77613 281.50668 0 0 1
-36.94758 -6.77613 281.43484 0 0 -1
-36.89569 -6.72644 281.43484 0 0 -1
-34.93993 7.70564 281.43484 0 0 -1
-34.93993 7.70564 281.50668 0 0 1
-34.90334 7.64382 281.50668 0 0 1
-34.90334 7.64382 281.43484 0 0 -1
-36.93993 6.52186 281.43484 0 0 -1
-36.93993 6.52186 281.50668 0 0 1
-36.90334 6.46004 281.50668 0 0 1
-36.90334 6.46004 281.43484 0 0 -1
-34.95041 6.51246 281.43484 0 0 -1
-34.95041 6.51246 281.50668 0 0 1
-34.89286 6.46945 281.50668 0 0 1
-34.89286 6.46945 281.43484 0 0 -1
-36.95041 3.83666 281.43484 0 0 -1
-36.95041 3.83666 281.50668 0 0 1
-36.89286 3.79365 281.50668 0 0 1
-36.89286 3.79365 281.43484 0 0 -1
-34.95153 3.83507 281.50668 0 0 1
-34.89174 3.79524 281.50668 0 0 1
-34.89174 3.79524 281.43484 0 0 -1
-34.95153 3.83507 281.43484 0 0 -1
-36.95153 0.833089 281.50668 0 0 1
-36.89174 0.793256 281.50668 0 0 1
-36.89174 0.793256 281.43484 0 0 -1
-36.95153 0.833089 281.43484 0 0 -1
-34.93993 7.70564 279.43484 0 0 -1
-34.93993 7.70564 279.50668 0 0 1
-34.90334 7.64382 279.50668 0 0 1
-34.90334 7.64382 279.43484 0 0 -1
-36.93993 6.52186 279.43484 0 0 -1
-36.93993 6.52186 279.50668 0 0 1
-36.90334 6.46004 279.50668 0 0 1
-36.90334 6.46004 279.43484 0 0 -1
-34.95041 6.51246 279.50668 0 0 1
-34.89286 6.46945 279.50668 0 0 1
-34.89286 6.46945 279.43484 0 0 -1
-34.95041 6.51246 279.43484 0 0 -1
-36.95041 3.83666 279.50668 0 0 1
-36.89286 3.79365 279.50668 0 0 1
-36.89286 3.79365 279.43484 0 0 -1
-36.95041 3.83666 279.43484 0 0 -1
-34.95153 3.83507 279.50668 0 0 1
-34.89174 3.79524 279.50668 0 0 1
-34.89174 3.79524 279.43484 0 0 -1
-34.95153 3.83507 279.43484 0 0 -1
-36.95153 0.833089 279.50668 0 0 1
-36.89174 0.793256 279.50668 0 0 1
-36.89174 0.793256 279.43484 0 0 -1
-36.95153 0.833089 279.43484 0 0 -1
-34.95143 0.833237 281.43484 0 0 -1
-34.95143 0.833237 281.50668 0 0 1
-34.89184 0.793108 281.50668 0 0 1
-34.89184 0.793108 281.43484 0 0 -1
-36.95143 -2.13658 281.43484 0 0 -1
-36.95143 -2.13658 281.50668 0 0 1
-36.89184 -2.17671 281.50668 0 0 1
-36.89184 -2.17671 281.43484 0 0 -1
-34.94994 -2.13453 281.50668 0 0 1
-34.89333 -2.17877 281.50668 0 0 1
-34.89333 -2.17877 281.43484 0 0 -1
-34.94994 -2.13453 281.43484 0 0 -1
-36.94994 -4.69312 281.50668 0 0 1
-36.89333 -4.73736 281.50668 0 0 1
-36.89333 -4.73736 281.43484 0 0 -1
-36.94994 -4.69312 281.43484 0 0 -1
-34.94726 -4.69007 281.50668 0 0 1
-34.89601 -4.74041 281.50668 0 0 1
-34.89601 -4.74041 281.43484 0 0 -1
-34.94726 -4.69007 281.43484 0 0 -1
-36.94726 -6.72612 281.50668 0 0 1
-36.89601 -6.77646 281.50668 0 0 1
-36.89601 -6.77646 281.43484 0 0 -1
-36.94726 -6.72612 281.43484 0 0 -1
-34.95143 0.833237 279.50668 0 0 1
-34.89184 0.793108 279.50668 0 0 1
-34.89184 0.793108 279.43484 0 0 -1
-34.95143 0.833237 279.43484 0 0 -1
-36.95143 -2.13658 279.50668 0 0 1
-36.89184 -2.17671 279.50668 0 0 1
-36.89184 -2.17671 279.43484 0 0 -1
-36.95143 -2.13658 279.43484 0 0 -1
-34.94994 -2.13453 279.43484 0 0 -1
-34.94994 -2.13453 279.50668 0 0 1
-34.89333 -2.17877 279.50668 0 0 1
-34.89333 -2.17877 279.43484 0 0 -1
-36.94994 -4.69312 279.43484 0 0 -1
-36.94994 -4.69312 279.50668 0 0 1
-36.89333 -4.73736 279.50668 0 0 1
-36.89333 -4.73736 279.43484 0 0 -1
-34.94726 -4.69007 279.50668 0 0 1
-34.89601 -4.74041 279.50668 0 0 1
-34.89601 -4.74041 279.43484 0 0 -1
-34.94726 -4.69007 279.43484 0 0 -1
-36.94726 -6.72612 279.50668 0 0 1
-36.89601 -6.77646 279.50668 0 0 1
-36.89601 -6.77646 279.43484 0 0 -1
-36.94726 -6.72612 279.43484 0 0 -1
-36.94758 -8.81506 279.50668 0 0 1
-36.94758 -8.81506 279.43484 0 0 -1
-36.89569 -8.86474 279.43484 0 0 -1
-36.89569 -8.86474 279.50668 0 0 1
-34.94758 -6.72644 279.50668 0 0 1
-34.94758 -6.72644 279.43484 0 0 -1
-34.89569 -6.77613 279.43484 0 0 -1
-34.89569 -6.77613 279.50668 0 0 1
-36.94758 -8.81506 281.43484 0 0 -1
-36.89569 -8.86474 281.43484 0 0 -1
-36.89569 -8.86474 281.50668 0 0 1
-36.94758 -8.81506 281.50668 0 0 1
-34.94758 -6.72644 281.43484 0 0 -1
-34.89569 -6.77613 281.43484 0 0 -1
-34.89569 -6.77613 281.50668 0 0 1
-34.94758 -6.72644 281.50668 0 0 1
-34.92163 -6.71537 281.50668 0 0 1
-34.92163 -6.78721 281.50668 0 0 1
-34.92163 -6.78721 281.43484 0 0 -1
-34.92163 -6.71537 281.43484 0 0 -1
-36.92163 -6.71537 281.50668 0 0 1
-36.92163 -6.78721 281.50668 0 0 1
-36.92163 -6.78721 281.43484 0 0 -1
-36.92163 -6.71537 281.43484 0 0 -1
-34.92163 -6.71537 279.50668 0 0 1
-34.92163 -6.78721 279.50668 0 0 1
-34.92163 -6.78721 279.43484 0 0 -1
-34.92163 -6.71537 279.43484 0 0 -1
-36.92163 -6.71537 279.50668 0 0 1
-36.92163 -6.78721 279.50668 0 0 1
-36.92163 -6.78721 279.43484 0 0 -1
-36.92163 -6.71537 279.43484 0 0 -1
-34.92163 -4.67932 279.50668 0 0 1
-34.92163 -4.75116 279.50668 0 0 1
-34.92163 -4.75116 279.43484 0 0 -1
-34.92163 -4.67932 279.43484 0 0 -1
-36.92163 -4.67932 279.50668 0 0 1
-36.92163 -4.75116 279.50668 0 0 1
-36.92163 -4.75116 279.43484 0 0 -1
-36.92163 -4.67932 279.43484 0 0 -1
-34.92163 -4.67932 281.50668 0 0 1
-34.92163 -4.75116 281.50668 0 0 1
-34.92163 -4.75116 281.43484 0 0 -1
-34.92163 -4.67932 281.43484 0 0 -1
-36.92163 -4.67932 281.50668 0 0 1
-36.92163 -4.75116 281.50668 0 0 1
-36.92163 -4.75116 281.43484 0 0 -1
-36.92163 -4.67932 281.43484 0 0 -1
-34.92163 -2.12073 281.50668 0 0 1
-34.92163 -2.19257 281.50668 0 0 1
-34.92163 -2.19257 281.43484 0 0 -1
-34.92163 -2.12073 281.43484 0 0 -1
-36.92163 -2.12073 281.50668 0 0 1
-36.92163 -2.19257 281.50668 0 0 1
-36.92163 -2.19257 281.43484 0 0 -1
-36.92163 -2.12073 281.43484 0 0 -1
-34.92163 -2.12073 279.50668 0 0 1
-34.92163 -2.19257 279.50668 0 0 1
-34.92163 -2.19257 279.43484 0 0 -1
-34.92163 -2.12073 279.43484 0 0 -1
-36.92163 -2.12073 279.50668 0 0 1
-36.92163 -2.19257 279.50668 0 0 1
-36.92163 -2.19257 279.43484 0 0 -1
-36.92163 -2.12073 279.43484 0 0 -1
-34.92163 0.849093 281.50668 0 0 1
-34.92163 0.777251 281.50668 0 0 1
-34.92163 0.777251 281.43484 0 0 -1
-34.92163 0.849093 281.43484 0 0 -1
-36.92163 0.849093 281.50668 0 0 1
-36.92163 0.777251 281.50668 0 0 1
-36.92163 0.777251 281.43484 0 0 -1
-36.92163 0.849093 281.43484 0 0 -1
-34.92163 0.849093 279.50668 0 0 1
-34.92163 0.777251 279.50668 0 0 1
-34.92163 0.777251 279.43484 0 0 -1
-34.92163 0.849093 279.43484 0 0 -1
-36.92163 0.849093 279.50668 0 0 1
-36.92163 0.777251 279.50668 0 0 1
-36.92163 0.777251 279.43484 0 0 -1
-36.92163 0.849093 279.43484 0 0 -1
-34.92163 3.85107 281.50668 0 0 1
-34.92163 3.77923 281.50668 0 0 1
-34.92163 3.77923 281.43484 0 0 -1
-34.92163 3.85107 281.43484 0 0 -1
-36.92163 3.85107 281.50668 0 0 1
-36.92163 3.77923 281.50668 0 0 1
-36.92163 3.77923 281.43484 0 0 -1
-36.92163 3.85107 281.43484 0 0 -1
-34.92163 3.85107 279.50668 0 0 1
-34.92163 3.77923 279.50668 0 0 1
-34.92163 3.77923 279.43484 0 0 -1
-34.92163 3.85107 279.43484 0 0 -1
-36.92163 3.85107 279.50668 0 0 1
-36.92163 3.77923 279.50668 0 0 1
-36.92163 3.77923 279.43484 0 0 -1
-36.92163 3.85107 279.43484 0 0 -1
-36.95756 -6.71537 281.47076 -1 -5.30983e-05 0
-36.95755 -6.78721 281.47076 -1 -5.30983e-05 0
-36.88571 -6.78721 281.47076 1 5.30983e-05 0
-36.88572 -6.71537 281.47076 1 5.30983e-05 0
-36.95756 -6.71537 279.47076 -1 -5.30983e-05 0
-36.95755 -6.78721 279.47076 -1 -5.30983e-05 0
-36.88571 -6.78721 279.47076 1 5.30983e-05 0
-36.88572 -6.71537 279.47076 1 5.30983e-05 0
-36.95755 -4.67932 281.47076 -1 0 0
-36.95755 -4.75116 281.47076 -1 0 0
-36.88572 -4.75116 281.47076 1 0 0
-36.88572 -4.67932 281.47076 1 0 0
-36.95755 -4.67932 279.47076 -1 0 0
-36.95755 -4.75116 279.47076 -1 0 0
-36.88572 -4.75116 279.47076 1 0 0
-36.88572 -4.67932 279.47076 1 0 0
-36.95756 -2.12073 281.47076 -1 0 0
-36.95756 -2.19257 281.47076 -1 0 0
-36.88572 -2.19257 281.47076 1 0 0
-36.88572 -2.12073 281.47076 1 0 0
-36.95756 -2.12073 279.47076 -1 0 0
-36.95756 -2.19257 279.47076 -1 0 0
-36.88572 -2.19257 279.47076 1 0 0
-36.88572 -2.12073 279.47076 1 0 0
-36.95756 0.849093 281.47076 -1 -5.30983e-05 0
-36.95755 0.777251 281.47076 -1 -5.30983e-05 0
-36.88571 0.777251 281.47076 1 5.30983e-05 0
-36.88572 0.849093 281.47076 1 5.30983e-05 0
-36.95756 0.849093 279.47076 -1 -5.30983e-05 0
-36.95755 0.777251 279.47076 -1 -5.30983e-05 0
-36.88571 0.777251 279.47076 1 5.30983e-05 0
-36.88572 0.849093 279.47076 1 5.30983e-05 0
-36.95756 3.85107 281.47076 -1 -5.30983e-05 0
-36.95755 3.77923 281.47076 -1 -5.30983e-05 0
-36.88571 3.77923 281.47076 1 5.30983e-05 0
-36.88572 3.85107 281.47076 1 5.30983e-05 0
-36.95756 3.85107 279.47076 -1 -5.30983e-05 0
-36.95755 3.77923 279.47076 -1 -5.30983e-05 0
-36.88571 3.77923 279.47076 1 5.30983e-05 0
-36.88572 3.85107 279.47076 1 5.30983e-05 0
-36.81387 7.78249 279.57852 0 1 0
-37.0294 7.78249 279.57852 0 1 0
-37.0294 7.78249 279.36301 0 1 0
-36.81387 7.78249 279.36301 0 1 0
-34.81387 7.78249 279.57852 0 1 0
-35.0294 7.78249 279.57852 0 1 0
-35.0294 7.78249 279.36301 0 1 0
-34.81387 7.78249 279.36301 0 1 0
-36.81387 7.78249 281.57852 0 1 0
-37.0294 7.78249 281.57852 0 1 0
-37.0294 7.78249 281.36301 0 1 0
-36.81387 7.78249 281.36301 0 1 0
-34.81387 7.78249 281.57852 0 1 0
-35.0294 7.78249 281.57852 0 1 0
-35.0294 7.78249 281.36301 0 1 0
-34.81387 7.78249 281.36301 0 1 0
-36.81387 -8.8399 279.57852 0 0 1
-37.0294 -8.8399 279.57852 0 0 1
-37.0294 -8.8399 279.36301 0 0 -1
-36.81387 -8.8399 279.36301 0 0 -1
-36.81387 7.78249 279.57852 0 0 1
-37.0294 7.78249 279.57852 0 0 1
-37.0294 7.78249 279.36301 0 0 -1
-36.81387 7.78249 279.36301 0 0 -1
-35.0294 -8.8399 279.57852 -1 0 0
-35.0294 -8.8399 279.36301 -1 0 0
-35.0294 7.78249 279.57852 -1 0 0
-35.0294 7.78249 279.36301 -1 0 0
-36.81387 -8.8399 281.57852 0 0 1
-37.0294 -8.8399 281.57852 0 0 1
-37.0294 -8.8399 281.36301 0 0 -1
-36.81387 -8.8399 281.36301 0 0 -1
-36.81387 7.78249 281.57852 0 0 1
-37.0294 7.78249 281.57852 0 0 1
-37.0294 7.78249 281.36301 0 0 -1
-36.81387 7.78249 281.36301 0 0 -1
-35.0294 -8.8399 281.57852 -1 0 0
-35.0294 -8.8399 281.36301 -1 0 0
-35.0294 7.78249 281.57852 -1 0 0
-35.0294 7.78249 281.36301 -1 0 0
4 1 0
1 4 5
3 6 7
6 3 2
8 15 12
15 8 11
10 13 14
13 10 9
17 20 21
20 17 16
19 22 23
22 19 18
24 31 28
31 24 27
26 29 30
29 26 25
33 36 37
36 33 32
35 38 39
38 35 34
41 44 45
44 41 40
43 46 47
46 43 42
49 52 53
52 49 48
51 54 55
54 51 50
57 60 61
60 57 56
59 62 63
62 59 58
65 68 69
68 65 64
67 70 71
70 67 66
72 79 76
79 72 75
74 77 78
77 74 73
81 84 85
84 81 80
83 86 87
86 83 82
88 95 92
95 88 91
90 93 94
93 90 89
97 100 101
100 97 96
99 102 103
102 99 98
105 108 109
108 105 104
107 110 111
110 107 106
112 119 116
119 112 115
114 117 118
117 114 113
121 124 125
124 121 120
123 126 127
126 123 122
128 135 132
135 128 131
130 133 134
133 130 129
136 143 140
143 136 139
138 141 142
141 138 137
145 148 149
148 145 144
147 150 151
150 147 146
152 159 156
159 152 155
154 157 158
157 154 153
160 167 164
167 160 163
162 165 166
165 162 161
168 175 172
175 168 171
170 173 174
173 170 169
177 180 181
180 177 176
179 182 183
182 179 178
184 191 188
191 184 187
186 189 190
189 186 185
193 196 197
196 193 192
195 198 199
198 195 194
200 207 204
207 200 203
202 205 206
205 202 201
208 215 212
215 208 211
210 213 214
213 210 209
217 220 221
220 217 216
219 222 223
222 219 218
224 231 228
231 224 227
226 229 230
229 226 225
232 239 236
239 232 235
234 237 238
237 234 233
241 244 245
244 241 240
243 246 247
246 243 242
249 252 253
252 249 248
251 254 255
254 251 250
257 260 261
260 257 256
259 262 263
262 259 258
265 268 269
268 265 264
267 270 271
270 267 266
272 279 276
279 272 275
274 277 278
277 274 273
280 287 284
287 280 283
282 285 286
285 282 281
289 292 293
292 289 288
291 294 295
294 291 290
297 300 301
300 297 296
299 302 303
302 299 298
304 311 308
311 304 307
306 309 310
309 306 305
313 316 317
316 313 312
315 318 319
318 315 314
320 327 324
327 320 323
322 325 326
325 322 321
328 335 332
335 328 331
330 333 334
333 330 329
337 340 341
340 337 336
339 342 343
342 339 338
344 351 348
351 344 347
346 349 350
349 346 345
352 359 356
359 352 355
354 357 358
357 354 353
360 367 364
367 360 363
362 365 366
365 362 361
369 372 373
372 369 368
371 374 375
374 371 370
376 383 380
383 376 379
378 381 382
381 378 377
385 388 389
388 385 384
387 390 391
390 387 386
392 399 396
399 392 395
394 397 398
397 394 393
400 407 404
407 400 403
402 405 406
405 402 401
408 415 412
415 408 411
410 413 414
413 410 409
416 423 420
423 416 419
418 421 422
421 418 417
424 431 428
431 424 427
426 429 430
429 426 425
432 439 436
439 432 435
434 437 438
437 434 433
440 447 444
447 440 443
442 445 446
445 442 441
448 455 452
455 448 451
450 453 454
453 450 449
456 463 460
463 456 459
458 461 462
461 458 457
464 471 468
471 464 467
466 469 470
469 466 465
472 479 476
479 472 475
474 477 478
477 474 473
480 487 484
487 480 483
482 485 486
485 482 481
488 495 492
495 488 491
490 493 494
493 490 489
496 503 500
503 496 499
498 501 502
501 498 497
504 511 508
511 504 507
506 509 510
509 506 505
512 519 516
519 512 515
514 517 518
517 514 513
520 527 524
527 520 523
522 525 526
525 522 521
528 535 532
535 528 531
529 532 533
532 529 528
531 534 535
534 531 530
536 543 540
543 536 539
538 541 542
541 538 537
544 551 548
551 544 547
545 548 549
548 545 544
547 550 551
550 547 546
1101 1104 1105
1104 1101 1100
1097 1098 1099
1098 1097 1096
1091 1094 1095
1094 1091 1090
1089 1092 1093
1092 1089 1088
552 559 556
559 552 555
554 557 558
557 554 553
561 564 565
564 561 560
563 566 567
566 563 562
568 575 572
575 568 571
570 573 574
573 570 569
577 580 581
580 577 576
579 582 583
582 579 578
584 591 588
591 584 587
586 589 590
589 586 585
592 599 596
599 592 595
594 597 598
597 594 593
600 607 604
607 600 603
602 605 606
605 602 601
608 615 612
615 608 611
610 613 614
613 610 609
616 623 620
623 616 619
618 621 622
621 618 617
625 628 629
628 625 624
627 630 631
630 627 626
632 639 636
639 632 635
634 637 638
637 634 633
641 644 645
644 641 640
643 646 647
646 643 642
648 655 652
655 648 651
650 653 654
653 650 649
656 663 660
663 656 659
658 661 662
661 658 657
665 668 669
668 665 664
667 670 671
670 667 666
672 679 676
679 672 675
674 677 678
677 674 673
681 684 685
684 681 680
683 686 687
686 683 682
689 692 693
692 689 688
691 694 695
694 691 690
696 703 700
703 696 699
698 701 702
701 698 697
705 708 709
708 705 704
707 710 711
710 707 706
713 716 717
716 713 712
715 718 719
718 715 714
721 724 725
724 721 720
723 726 727
726 723 722
728 735 732
735 728 731
730 733 734
733 730 729
737 740 741
740 737 736
739 742 743
742 739 738
744 751 748
751 744 747
746 749 750
749 746 745
753 756 757
756 753 752
755 758 759
758 755 754
761 764 765
764 761 760
763 766 767
766 763 762
768 775 772
775 768 771
770 773 774
773 770 769
777 780 781
780 777 776
779 782 783
782 779 778
785 788 789
788 785 784
787 790 791
790 787 786
792 799 796
799 792 795
794 797 798
797 794 793
800 807 804
807 800 803
802 805 806
805 802 801
808 815 812
815 808 811
810 813 814
813 810 809
816 823 820
823 816 819
818 821 822
821 818 817
825 828 829
828 825 824
827 830 831
830 827 826
833 836 837
836 833 832
835 838 839
838 835 834
840 847 844
847 840 843
842 845 846
845 842 841
848 855 852
855 848 851
850 853 854
853 850 849
857 860 861
860 857 856
859 862 863
862 859 858
864 871 868
871 864 867
866 869 870
869 866 865
873 876 877
876 873 872
875 878 879
878 875 874
881 884 885
884 881 880
883 886 887
886 883 882
888 895 892
895 888 891
890 893 894
893 890 889
897 900 901
900 897 896
899 902 903
902 899 898
905 908 909
908 905 904
907 910 911
910 907 906
913 916 917
916 913 912
915 918 919
918 915 914
920 927 924
927 920 923
922 925 926
925 922 921
929 932 933
932 929 928
931 934 935
934 931 930
936 943 940
943 936 939
938 941 942
941 938 937
945 948 949
948 945 944
947 950 951
950 947 946
953 956 957
956 953 952
955 958 959
958 955 954
961 964 965
964 961 960
963 966 967
966 963 962
969 972 973
972 969 968
971 974 975
974 971 970
977 980 981
980 977 976
979 982 983
982 979 978
985 988 989
988 985 984
987 990 991
990 987 986
993 996 997
996 993 992
995 998 999
998 995 994
1001 1004 1005
1004 1001 1000
1003 1006 1007
1006 1003 1002
1009 1012 1013
1012 1009 1008
1011 1014 1015
1014 1011 1010
1017 1020 1021
1020 1017 1016
1019 1022 1023
1022 1019 1018
1025 1028 1029
1028 1025 1024
1027 1030 1031
1030 1027 1026
1033 1036 1037
1036 1033 1032
1035 1038 1039
1038 1035 1034
1041 1044 1045
1044 1041 1040
1043 1046 1047
1046 1043 1042
1049 1052 1053
1052 1049 1048
1051 1054 1055
1054 1051 1050
1057 1060 1061
1060 1057 1056
1059 1062 1063
1062 1059 1058
1065 1068 1069
1068 1065 1064
1067 1070 1071
1070 1067 1066
1082 1080 1083
1080 1082 1081
1074 1072 1075
1072 1074 1073
1078 1076 1079
1076 1078 1077
1086 1084 1087
1084 1086 1085
1103 1106 1107
1106 1103 1102
1109 1110 1111
1110 1109 1108
1113 1116 1117
1116 1113 1112
1115 1118 1119
1118 1115 1114
1120 1127 1124
1127 1120 1123
1122 1125 1126
1125 1122 1121
1129 1132 1133
1132 1129 1128
1131 1134 1135
1134 1131 1130
1136 1143 1140
1143 1136 1139
1138 1141 1142
1141 1138 1137
1145 1148 1149
1148 1145 1144
1147 1150 1151
1150 1147 1146
1153 1156 1157
1156 1153 1152
1155 1158 1159
1158 1155 1154
1161 1164 1165
1164 1161 1160
1163 1166 1167
1166 1163 1162
1169 1172 1173
1172 1169 1168
1171 1174 1175
1174 1171 1170
1177 1180 1181
1180 1177 1176
1179 1182 1183
1182 1179 1178
1184 1191 1188
1191 1184 1187
1186 1189 1190
1189 1186 1185
1193 1196 1197
1196 1193 1192
1195 1198 1199
1198 1195 1194
1200 1207 1204
1207 1200 1203
1202 1205 1206
1205 1202 1201
1209 1212 1213
1212 1209 1208
1211 1214 1215
1214 1211 1210
1217 1220 1221
1220 1217 1216
1219 1222 1223
1222 1219 1218
1224 1231 1228
1231 1224 1227
1226 1229 1230
1229 1226 1225
1233 1236 1237
1236 1233 1232
1235 1238 1239
1238 1235 1234
1240 1247 1244
1247 1240 1243
1242 1245 1246
1245 1242 1241
1248 1255 1252
1255 1248 1251
1250 1253 1254
1253 1250 1249
1257 1260 1261
1260 1257 1256
1259 1262 1263
1262 1259 1258
1264 1271 1268
1271 1264 1267
1266 1269 1270
1269 1266 1265
1272 1279 1276
1279 1272 1275
1274 1277 1278
1277 1274 1273
1280 1287 1284
1287 1280 1283
1282 1285 1286
1285 1282 1281
1289 1292 1293
1292 1289 1288
1291 1294 1295
1294 1291 1290
1296 1303 1300
1303 1296 1299
1298 1301 1302
1301 1298 1297
1305 1308 1309
1308 1305 1304
1307 1310 1311
1310 1307 1306
1312 1319 1316
1319 1312 1315
1314 1317 1318
1317 1314 1313
1320 1327 1324
1327 1320 1323
1322 1325 1326
1325 1322 1321
1329 1332 1333
1332 1329 1328
1331 1334 1335
1334 1331 1330
1336 1343 1340
1343 1336 1339
1338 1341 1342
1341 1338 1337
1344 1351 1348
1351 1344 1347
1346 1349 1350
1349 1346 1345
1353 1356 1357
1356 1353 1352
1355 1358 1359
1358 1355 1354
1361 1364 1365
1364 1361 1360
1363 1366 1367
1366 1363 1362
1369 1372 1373
1372 1369 1368
1371 1374 1375
1374 1371 1370
1377 1380 1381
1380 1377 1376
1379 1382 1383
1382 1379 1378
1384 1391 1388
1391 1384 1387
1386 1389 1390
1389 1386 1385
1392 1399 1396
1399 1392 1395
1394 1397 1398
1397 1394 1393
1401 1404 1405
1404 1401 1400
1403 1406 1407
1406 1403 1402
1409 1412 1413
1412 1409 1408
1411 1414 1415
1414 1411 1410
1416 1423 1420
1423 1416 1419
1418 1421 1422
1421 1418 1417
1425 1428 1429
1428 1425 1424
1427 1430 1431
1430 1427 1426
1432 1439 1436
1439 1432 1435
1434 1437 1438
1437 1434 1433
1440 1447 1444
1447 1440 1443
1442 1445 1446
1445 1442 1441
1449 1452 1453
1452 1449 1448
1451 1454 1455
1454 1451 1450
1456 1463 1460
1463 1456 1459
1458 1461 1462
1461 1458 1457
1464 1471 1468
1471 1464 1467
1466 1469 1470
1469 1466 1465
1472 1479 1476
1479 1472 1475
1474 1477 1478
1477 1474 1473
1481 1484 1485
1484 1481 1480
1483 1486 1487
1486 1483 1482
1488 1495 1492
1495 1488 1491
1490 1493 1494
1493 1490 1489
1497 1500 1501
1500 1497 1496
1499 1502 1503
1502 1499 1498
1504 1511 1508
1511 1504 1507
1506 1509 1510
1509 1506 1505
1512 1519 1516
1519 1512 1515
1514 1517 1518
1517 1514 1513
1520 1527 1524
1527 1520 1523
1522 1525 1526
1525 1522 1521
1528 1535 1532
1535 1528 1531
1530 1533 1534
1533 1530 1529
1536 1543 1540
1543 1536 1539
1538 1541 1542
1541 1538 1537
1544 1551 1548
1551 1544 1547
1546 1549 1550
1549 1546 1545
1552 1559 1556
1559 1552 1555
1554 1557 1558
1557 1554 1553
1560 1567 1564
1567 1560 1563
1562 1565 1566
1565 1562 1561
1568 1575 1572
1575 1568 1571
1570 1573 1574
1573 1570 1569
1576 1583 1580
1583 1576 1579
1578 1581 1582
1581 1578 1577
1584 1591 1588
1591 1584 1587
1586 1589 1590
1589 1586 1585
1592 1599 1596
1599 1592 1595
1594 1597 1598
1597 1594 1593
1600 1607 1604
1607 1600 1603
1602 1605 1606
1605 1602 1601
1608 1615 1612
1615 1608 1611
1610 1613 1614
1613 1610 1609
1616 1623 1620
1623 1616 1619
1618 1621 1622
1621 1618 1617
1624 1631 1628
1631 1624 1627
1626 1629 1630
1629 1626 1625
1632 1639 1636
1639 1632 1635
1634 1637 1638
1637 1634 1633
1640 1647 1644
1647 1640 1643
1641 1644 1645
1644 1641 1640
1643 1646 1647
1646 1643 1642
1648 1655 1652
1655 1648 1651
1650 1653 1654
1653 1650 1649
1656 1663 1660
1663 1656 1659
1657 1660 1661
1660 1657 1656
1659 1662 1663
1662 1659 1658
2213 2216 2217
2216 2213 2212
2209 2210 2211
2210 2209 2208
2203 2206 2207
2206 2203 2202
2201 2204 2205
2204 2201 2200
1664 1671 1668
1671 1664 1667
1666 1669 1670
1669 1666 1665
1673 1676 1677
1676 1673 1672
1675 1678 1679
1678 1675 1674
1680 1687 1684
1687 1680 1683
1682 1685 1686
1685 1682 1681
1689 1692 1693
1692 1689 1688
1691 1694 1695
1694 1691 1690
1696 1703 1700
1703 1696 1699
1698 1701 1702
1701 1698 1697
1704 1711 1708
1711 1704 1707
1706 1709 1710
1709 1706 1705
1712 1719 1716
1719 1712 1715
1714 1717 1718
1717 1714 1713
1720 1727 1724
1727 1720 1723
1722 1725 1726
1725 1722 1721
1728 1735 1732
1735 1728 1731
1730 1733 1734
1733 1730 1729
1737 1740 1741
1740 1737 1736
1739 1742 1743
1742 1739 1738
1744 1751 1748
1751 1744 1747
1746 1749 1750
1749 1746 1745
1753 1756 1757
1756 1753 1752
1755 1758 1759
1758 1755 1754
1760 1767 1764
1767 1760 1763
1762 1765 1766
1765 1762 1761
1768 1775 1772
1775 1768 1771
1770 1773 1774
1773 1770 1769
1777 1780 1781
1780 1777 1776
1779 1782 1783
1782 1779 1778
1784 1791 1788
1791 1784 1787
1786 1789 1790
1789 1786 1785
1793 1796 1797
1796 1793 1792
1795 1798 1799
1798 1795 1794
1801 1804 1805
1804 1801 1800
1803 1806 1807
1806 1803 1802
1808 1815 1812
1815 1808 1811
1810 1813 1814
1813 1810 1809
1817 1820 1821
1820 1817 1816
1819 1822 1823
1822 1819 1818
1825 1828 1829
1828 1825 1824
1827 1830 1831
1830 1827 1826
1833 1836 1837
1836 1833 1832
1835 1838 1839
1838 1835 1834
1840 1847 1844
1847 1840 1843
1842 1845 1846
1845 1842 1841
1849 1852 1853
1852 1849 1848
1851 1854 1855
1854 1851 1850
1856 1863 1860
1863 1856 1859
1858 1861 1862
1861 1858 1857
1865 1868 1869
1868 1865 1864
1867 1870 1871
1870 1867 1866
1873 1876 1877
1876 1873 1872
1875 1878 1879
1878 1875 1874
1880 1887 1884
1887 1880 1883
1882 1885 1886
1885 1882 1881
1889 1892 1893
1892 1889 1888
1891 1894 1895
1894 1891 1890
1897 1900 1901
1900 1897 1896
1899 1902 1903
1902 1899 1898
1904 1911 1908
1911 1904 1907
1906 1909 1910
1909 1906 1905
1912 1919 1916
1919 1912 1915
1914 1917 1918
1917 1914 1913
1920 1927 1924
1927 1920 1923
1922 1925 1926
1925 1922 1921
1928 1935 1932
1935 1928 1931
1930 1933 1934
1933 1930 1929
1937 1940 1941
1940 1937 1936
1939 1942 1943
1942 1939 1938
1945 1948 1949
1948 1945 1944
1947 1950 1951
1950 1947 1946
1952 1959 1956
1959 1952 1955
1954 1957 1958
1957 1954 1953
1960 1967 1964
1967 1960 1963
1962 1965 1966
1965 1962 1961
1969 1972 1973
1972 1969 1968
1971 1974 1975
1974 1971 1970
1976 1983 1980
1983 1976 1979
1978 1981 1982
1981 1978 1977
1985 1988 1989
1988 1985 1984
1987 1990 1991
1990 1987 1986
1993 1996 1997
1996 1993 1992
1995 1998 1999
1998 1995 1994
2000 2007 2004
2007 2000 2003
2002 2005 2006
2005 2002 2001
2009 2012 2013
2012 2009 2008
2011 2014 2015
2014 2011 2010
2017 2020 2021
2020 2017 2016
2019 2022 2023
2022 2019 2018
2025 2028 2029
2028 2025 2024
2027 2030 2031
2030 2027 2026
2032 2039 2036
2039 2032 2035
2034 2037 2038
2037 2034 2033
2041 2044 2045
2044 2041 2040
2043 2046 2047
2046 2043 2042
2048 2055 2052
2055 2048 2051
2050 2053 2054
2053 2050 2049
2057 2060 2061
2060 2057 2056
2059 2062 2063
2062 2059 2058
2065 2068 2069
2068 2065 2064
2067 2070 2071
2070 2067 2066
2073 2076 2077
2076 2073 2072
2075 2078 2079
2078 2075 2074
2081 2084 2085
2084 2081 2080
2083 2086 2087
2086 2083 2082
2089 2092 2093
2092 2089 2088
2091 2094 2095
2094 2091 2090
2097 2100 2101
2100 2097 2096
2099 2102 2103
2102 2099 2098
2105 2108 2109
2108 2105 2104
2107 2110 2111
2110 2107 2106
2113 2116 2117
2116 2113 2112
2115 2118 2119
2118 2115 2114
2121 2124 2125
2124 2121 2120
2123 2126 2127
2126 2123 2122
2129 2132 2133
2132 2129 2128
2131 2134 2135
2134 2131 2130
2137 2140 2141
2140 2137 2136
2139 2142 2143
2142 2139 2138
2145 2148 2149
2148 2145 2144
2147 2150 2151
2150 2147 2146
2153 2156 2157
2156 2153 2152
2155 2158 2159
2158 2155 2154
2161 2164 2165
2164 2161 2160
2163 2166 2167
2166 2163 2162
2169 2172 2173
2172 2169 2168
2171 2174 2175
2174 2171 2170
2177 2180 2181
2180 2177 2176
2179 2182 2183
2182 2179 2178
2194 2192 2195
2192 2194 2193
2186 2184 2187
2184 2186 2185
2190 2188 2191
2188 2190 2189
2198 2196 2199
2196 2198 2197
2215 2218 2219
2218 2215 2214
2221 2222 2223
2222 2221 2220
2225 2228 2229
2228 2225 2224
2227 2230 2231
2230 2227 2226
2232 2239 2236
2239 2232 2235
2234 2237 2238
2237 2234 2233
2241 2244 2245
2244 2241 2240
2243 2246 2247
2246 2243 2242
2248 2255 2252
2255 2248 2251
2250 2253 2254
2253 2250 2249
2257 2260 2261
2260 2257 2256
2259 2262 2263
2262 2259 2258
2265 2268 2269
2268 2265 2264
2267 2270 2271
2270 2267 2266
2273 2276 2277
2276 2273 2272
2275 2278 2279
2278 2275 2274
2281 2284 2285
2284 2281 2280
2283 2286 2287
2286 2283 2282
2289 2292 2293
2292 2289 2288
2291 2294 2295
2294 2291 2290
2296 2303 2300
2303 2296 2299
2298 2301 2302
2301 2298 2297
2305 2308 2309
2308 2305 2304
2307 2310 2311
2310 2307 2306
2312 2319 2316
2319 2312 2315
2314 2317 2318
2317 2314 2313
2321 2324 2325
2324 2321 2320
2323 2326 2327
2326 2323 2322
2329 2332 2333
2332 2329 2328
2331 2334 2335
2334 2331 2330
2336 2343 2340
2343 2336 2339
2338 2341 2342
2341 2338 2337
2345 2348 2349
2348 2345 2344
2347 2350 2351
2350 2347 2346
2352 2359 2356
2359 2352 2355
2354 2357 2358
2357 2354 2353
2360 2367 2364
2367 2360 2363
2362 2365 2366
2365 2362 2361
2369 2372 2373
2372 2369 2368
2371 2374 2375
2374 2371 2370
2376 2383 2380
2383 2376 2379
2378 2381 2382
2381 2378 2377
2384 2391 2388
2391 2384 2387
2386 2389 2390
2389 2386 2385
2392 2399 2396
2399 2392 2395
2394 2397 2398
2397 2394 2393
2401 2404 2405
2404 2401 2400
2403 2406 2407
2406 2403 2402
2408 2415 2412
2415 2408 2411
2410 2413 2414
2413 2410 2409
2417 2420 2421
2420 2417 2416
2419 2422 2423
2422 2419 2418
2424 2431 2428
2431 2424 2427
2426 2429 2430
2429 2426 2425
2432 2439 2436
2439 2432 2435
2434 2437 2438
2437 2434 2433
2441 2444 2445
2444 2441 2440
2443 2446 2447
2446 2443 2442
2448 2455 2452
2455 2448 2451
2450 2453 2454
2453 2450 2449
2456 2463 2460
2463 2456 2459
2458 2461 2462
2461 2458 2457
2465 2468 2469
2468 2465 2464
2467 2470 2471
2470 2467 2466
2473 2476 2477
2476 2473 2472
2475 2478 2479
2478 2475 2474
2481 2484 2485
2484 2481 2480
2483 2486 2487
2486 2483 2482
2489 2492 2493
2492 2489 2488
2491 2494 2495
2494 2491 2490
2496 2503 2500
2503 2496 2499
2498 2501 2502
2501 2498 2497
2504 2511 2508
2511 2504 2507
2506 2509 2510
2509 2506 2505
2513 2516 2517
2516 2513 2512
2515 2518 2519
2518 2515 2514
2521 2524 2525
2524 2521 2520
2523 2526 2527
2526 2523 2522
2528 2535 2532
2535 2528 2531
2530 2533 2534
2533 2530 2529
2537 2540 2541
2540 2537 2536
2539 2542 2543
2542 2539 2538
2544 2551 2548
2551 2544 2547
2546 2549 2550
2549 2546 2545
2552 2559 2556
2559 2552 2555
2554 2557 2558
2557 2554 2553
2561 2564 2565
2564 2561 2560
2563 2566 2567
2566 2563 2562
2568 2575 2572
2575 2568 2571
2570 2573 2574
2573 2570 2569
2576 2583 2580
2583 2576 2579
2578 2581 2582
2581 2578 2577
2584 2591 2588
2591 2584 2587
2586 2589 2590
2589 2586 2585
2593 2596 2597
2596 2593 2592
2595 2598 2599
2598 2595 2594
2600 2607 2604
2607 2600 2603
2602 2605 2606
2605 2602 2601
2609 2612 2613
2612 2609 2608
2611 2614 2615
2614 2611 2610
2616 2623 2620
2623 2616 2619
2618 2621 2622
2621 2618 2617
2624 2631 2628
2631 2624 2627
2626 2629 2630
2629 2626 2625
2632 2639 2636
2639 2632 2635
2634 2637 2638
2637 2634 2633
2640 2647 2644
2647 2640 2643
2642 2645 2646
2645 2642 2641
2648 2655 2652
2655 2648 2651
2650 2653 2654
2653 2650 2649
2656 2663 2660
2663 2656 2659
2658 2661 2662
2661 2658 2657
2664 2671 2668
2671 2664 2667
2666 2669 2670
2669 2666 2665
2672 2679 2676
2679 2672 2675
2674 2677 2678
2677 2674 2673
2680 2687 2684
2687 2680 2683
2682 2685 2686
2685 2682 2681
2688 2695 2692
2695 2688 2691
2690 2693 2694
2693 2690 2689
2696 2703 2700
2703 2696 2699
2698 2701 2702
2701 2698 2697
2704 2711 2708
2711 2704 2707
2706 2709 2710
2709 2706 2705
2712 2719 2716
2719 2712 2715
2714 2717 2718
2717 2714 2713
2720 2727 2724
2727 2720 2723
2722 2725 2726
2725 2722 2721
2728 2735 2732
2735 2728 2731
2730 2733 2734
2733 2730 2729
2736 2743 2740
2743 2736 2739
2738 2741 2742
2741 2738 2737
2744 2751 2748
2751 2744 2747
2746 2749 2750
2749 2746 2745
2752 2759 2756
2759 2752 2755
2753 2756 2757
2756 2753 2752
2755 2758 2759
2758 2755 2754
2760 2767 2764
2767 2760 2763
2762 2765 2766
2765 2762 2761
2768 2775 2772
2775 2768 2771
2769 2772 2773
2772 2769 2768
2771 2774 2775
2774 2771 2770
3325 3328 3329
3328 3325 3324
3321 3322 3323
3322 3321 3320
3315 3318 3319
3318 3315 3314
3313 3316 3317
3316 3313 3312
2776 2783 2780
2783 2776 2779
2778 2781 2782
2781 2778 2777
2785 2788 2789
2788 2785 2784
2787 2790 2791
2790 2787 2786
2792 2799 2796
2799 2792 2795
2794 2797 2798
2797 2794 2793
2801 2804 2805
2804 2801 2800
2803 2806 2807
2806 2803 2802
2808 2815 2812
2815 2808 2811
2810 2813 2814
2813 2810 2809
2816 2823 2820
2823 2816 2819
2818 2821 2822
2821 2818 2817
2824 2831 2828
2831 2824 2827
2826 2829 2830
2829 2826 2825
2832 2839 2836
2839 2832 2835
2834 2837 2838
2837 2834 2833
2840 2847 2844
2847 2840 2843
2842 2845 2846
2845 2842 2841
2849 2852 2853
2852 2849 2848
2851 2854 2855
2854 2851 2850
2856 2863 2860
2863 2856 2859
2858 2861 2862
2861 2858 2857
2865 2868 2869
2868 2865 2864
2867 2870 2871
2870 2867 2866
2872 2879 2876
2879 2872 2875
2874 2877 2878
2877 2874 2873
2880 2887 2884
2887 2880 2883
2882 2885 2886
2885 2882 2881
2889 2892 2893
2892 2889 2888
2891 2894 2895
2894 2891 2890
2896 2903 2900
2903 2896 2899
2898 2901 2902
2901 2898 2897
2905 2908 2909
2908 2905 2904
2907 2910 2911
2910 2907 2906
2913 2916 2917
2916 2913 2912
2915 2918 2919
2918 2915 2914
2920 2927 2924
2927 2920 2923
2922 2925 2926
2925 2922 2921
2929 2932 2933
2932 2929 2928
2931 2934 2935
2934 2931 2930
2937 2940 2941
2940 2937 2936
2939 2942 2943
2942 2939 2938
2945 2948 2949
2948 2945 2944
2947 2950 2951
2950 2947 2946
2952 2959 2956
2959 2952 2955
2954 2957 2958
2957 2954 2953
2961 2964 2965
2964 2961 2960
2963 2966 2967
2966 2963 2962
2968 2975 2972
2975 2968 2971
2970 2973 2974
2973 2970 2969
2977 2980 2981
2980 2977 2976
2979 2982 2983
2982 2979 2978
2985 2988 2989
2988 2985 2984
2987 2990 2991
2990 2987 2986
2992 2999 2996
2999 2992 2995
2994 2997 2998
2997 2994 2993
3001 3004 3005
3004 3001 3000
3003 3006 3007
3006 3003 3002
3009 3012 3013
3012 3009 3008
3011 3014 3015
3014 3011 3010
3016 3023 3020
3023 3016 3019
3018 3021 3022
3021 3018 3017
3024 3031 3028
3031 3024 3027
3026 3029 3030
3029 3026 3025
3032 3039 3036
3039 3032 3035
3034 3037 3038
3037 3034 3033
3040 3047 3044
3047 3040 3043
3042 3045 3046
3045 3042 3041
3049 3052 3053
3052 3049 3048
3051 3054 3055
3054 3051 3050
3057 3060 3061
3060 3057 3056
3059 3062 3063
3062 3059 3058
3064 3071 3068
3071 3064 3067
3066 3069 3070
3069 3066 3065
3072 3079 3076
3079 3072 3075
3074 3077 3078
3077 3074 3073
3081 3084 3085
3084 3081 3080
3083 3086 3087
3086 3083 3082
3088 3095 3092
3095 3088 3091
3090 3093 3094
3093 3090 3089
3097 3100 3101
3100 3097 3096
3099 3102 3103
3102 3099 3098
3105 3108 3109
3108 3105 3104
3107 3110 3111
3110 3107 3106
3112 3119 3116
3119 3112 3115
3114 3117 3118
3117 3114 3113
3121 3124 3125
3124 3121 3120
3123 3126 3127
3126 3123 3122
3129 3132 3133
3132 3129 3128
3131 3134 3135
3134 3131 3130
3137 3140 3141
3140 3137 3136
3139 3142 3143
3142 3139 3138
3144 3151 3148
3151 3144 3147
3146 3149 3150
3149 3146 3145
3153 3156 3157
3156 3153 3152
3155 3158 3159
3158 3155 3154
3160 3167 3164
3167 3160 3163
3162 3165 3166
3165 3162 3161
3169 3172 3173
3172 3169 3168
3171 3174 3175
3174 3171 3170
3177 3180 3181
3180 3177 3176
3179 3182 3183
3182 3179 3178
3185 3188 3189
3188 3185 3184
3187 3190 3191
3190 3187 3186
3193 3196 3197
3196 3193 3192
3195 3198 3199
3198 3195 3194
3201 3204 3205
3204 3201 3200
3203 3206 3207
3206 3203 3202
3209 3212 3213
3212 3209 3208
3211 3214 3215
3214 3211 3210
3217 3220 3221
3220 3217 3216
3219 3222 3223
3222 3219 3218
3225 3228 3229
3228 3225 3224
3227 3230 3231
3230 3227 3226
3233 3236 3237
3236 3233 3232
3235 3238 3239
3238 3235 3234
3241 3244 3245
3244 3241 3240
3243 3246 3247
3246 3243 3242
3249 3252 3253
3252 3249 3248
3251 3254 3255
3254 3251 3250
3257 3260 3261
3260 3257 3256
3259 3262 3263
3262 3259 3258
3265 3268 3269
3268 3265 3264
3267 3270 3271
3270 3267 3266
3273 3276 3277
3276 3273 3272
3275 3278 3279
3278 3275 3274
3281 3284 3285
3284 3281 3280
3283 3286 3287
3286 3283 3282
3289 3292 3293
3292 3289 3288
3291 3294 3295
3294 3291 3290
3306 3304 3307
3304 3306 3305
3298 3296 3299
3296 3298 3297
3302 3300 3303
3300 3302 3301
3310 3308 3311
3308 3310 3309
3327 3330 3331
3330 3327 3326
3333 3334 3335
3334 3333 3332
MATERIALS 2
white
red
MATERIAL white
1 1 1 1
1 1 1 1
1 1 1 1 0
0 0 0 1
MATERIAL red
0.65098 0 0 1
0.65098 0 0 1
0 0 0 1 0
0 0 0 1
TEXTURES 1
SSV\SLC6\general.dds
